{"coverage_estimated_first_order": [1.5903488005711879, 1.1820863317664787, 0.5670428704578472, 1.0728346929157913, 1.2946443945721884, 0.6774568881569426, 1.2369096918655418, 0.9349969123486371, 1.145448418861395], "coverage_estimated_second_order": [0.7980655040153999, 0.9640709497808001, 1.0000000000188587, 0.6802582465159511, 0.969077025439, 0.9735908289106499, 0.5666392825354, 0.9686054927590999, 0.49062345289219994], "sol": [0.0, 1.0, 1.0, 0.0, 1.0, 1.0, 0.0, 1.0, 0.0], "coverage": [0.8209288194444444, 1.0, 1.0, 0.6802647569444444, 1.0, 1.0, 0.5812630208333334, 1.0, 0.5024001736111111], "coverage_estimated_first_order_diff": [0.7694199811267435, 0.1820863317664787, -0.4329571295421528, 0.3925699359713468, 0.2946443945721884, -0.3225431118430574, 0.6556466710322084, -0.06500308765136287, 0.6430482452502838], "coverage_estimated_second_order_diff": [-0.022863315429044517, -0.0359290502191999, 1.885869238549276e-11, -6.510428493311515e-06, -0.030922974561000016, -0.026409171089350147, -0.014623738297933397, -0.031394507240900094, -0.011776720718911171]}