{"coverage_estimated_first_order": [1.5211175273493196, 1.1797921632199462, 1.0726763322336688, 0.5671869754048193, 1.2991403418032568, 0.81773143853681, 1.3993122014860302, 1.0223174266577315, 0.9575175146140628], "coverage_estimated_second_order": [0.7525203294363, 0.9563632418644, 0.6800954860992786, 1.0000000000188718, 0.9330954394655999, 0.28646836768528, 0.7287865295154, 0.9480752052864, 0.9462213388052999], "sol": [0.0, 1.0, 0.0, 1.0, 1.0, 0.0, 0.0, 1.0, 1.0], "coverage": [0.7542317708333334, 1.0, 0.6800998263888889, 1.0, 1.0, 0.2800824652777778, 0.7441579861111111, 1.0, 1.0], "coverage_estimated_first_order_diff": [0.7668857565159862, 0.17979216321994618, 0.3925765058447799, -0.4328130245951807, 0.29914034180325677, 0.5376489732590322, 0.6551542153749191, 0.02231742665773151, -0.04248248538593724], "coverage_estimated_second_order_diff": [-0.0017114413970333864, -0.04363675813559997, -4.340289610271775e-06, 1.8871793017183336e-11, -0.06690456053440008, 0.0063859024075021975, -0.015371456595711042, -0.05192479471360001, -0.053778661194700095]}