{"coverage_estimated_first_order": [0.5826657001205484, 0.6188139010765337, 0.1417607176144617, 0.6474226908605845, 0.2525182302446926, 0.34887778971939487, 0.4502367320408027, 0.4808756622518131, 0.448686444685393], "coverage_estimated_second_order": [0.452923102486, 0.510214841142, 0.9999999999365877, 0.6800954860691933, 0.9230405152450001, 0.2184485729854, 0.20979519281200001, 0.2848166002802, 0.2505339512614], "sol": [0.0, 0.0, 1.0, 0.0, 1.0, 0.0, 0.0, 0.0, 0.0], "coverage": [0.5012673611111111, 0.5659678819444445, 1.0, 0.6800998263888889, 1.0, 0.23932291666666666, 0.23017361111111112, 0.31180121527777777, 0.27045138888888887], "coverage_estimated_first_order_diff": [0.08139833900943727, 0.052846019132089195, -0.8582392823855383, -0.032677135528304424, -0.7474817697553073, 0.10955487305272821, 0.2200631209296916, 0.16907444697403534, 0.17823505579650412], "coverage_estimated_second_order_diff": [-0.04834425862511116, -0.055753040802444476, -6.341227543060768e-11, -4.340319695539385e-06, -0.07695948475499992, -0.02087434368126667, -0.020378418299111106, -0.02698461499757776, -0.019917437627488876]}