{"coverage_estimated_first_order": [0.8082786999065839, 0.802612258970604, 0.7891548970047451, 0.28354994669922506, 0.9018177557995409, 0.2858090889276399, 0.7579190342231823, 0.41212432146536604, 0.6563732152189954], "coverage_estimated_second_order": [0.4161829962854, 0.36874638659580006, 0.6800954860988034, 0.9999999999835958, 0.513490923775, 0.9811146045010399, 0.44345760334559997, 0.9580273723833, 0.31284300719549996], "sol": [0.0, 0.0, 0.0, 1.0, 0.0, 1.0, 0.0, 1.0, 0.0], "coverage": [0.43319444444444444, 0.3869487847222222, 0.6800998263888889, 1.0, 0.5401388888888888, 1.0, 0.45640625, 1.0, 0.32671875], "coverage_estimated_first_order_diff": [0.3750842554621394, 0.41566347424838174, 0.10905507061585618, -0.7164500533007749, 0.3616788669106521, -0.7141909110723601, 0.3015127842231823, -0.587875678534634, 0.3296544652189954], "coverage_estimated_second_order_diff": [-0.01701144815904443, -0.01820239812642216, -4.340290085447229e-06, -1.6404211322651463e-11, -0.026647965113888783, -0.018885395498960067, -0.012948646654400042, -0.04197262761669995, -0.013875742804500046]}