{"coverage_estimated_first_order": [1.3870935922378538, 1.846840303835582, 1.0726763322336685, 1.0727476109094218, 1.5042578593577516, 0.8521697181281048, 1.0864831835499016, 1.4904010600923119, 1.3760495753424498], "coverage_estimated_second_order": [0.9290192297668001, 0.7735714702433, 1.0000000001163674, 1.000000000116354, 0.9243545101488, 0.9421628310824799, 0.9688043323154001, 0.6457333929894999, 0.5905105511668], "sol": [1.0, 0.0, 1.0, 1.0, 1.0, 1.0, 1.0, 0.0, 0.0], "coverage": [1.0, 0.8321527777777777, 1.0, 1.0, 1.0, 1.0, 1.0, 0.6735286458333334, 0.6145225694444445], "coverage_estimated_first_order_diff": [0.3870935922378538, 1.0146875260578043, 0.07267633223366854, 0.07274761090942183, 0.5042578593577516, -0.14783028187189517, 0.08648318354990159, 0.8168724142589785, 0.7615270058980053], "coverage_estimated_second_order_diff": [-0.07098077023319993, -0.05858130753447777, 1.1636736019227101e-10, 1.163540375159755e-10, -0.07564548985120001, -0.05783716891752011, -0.031195667684599915, -0.02779525284383344, -0.024012018277644542]}