{"coverage_estimated_first_order": [1.3909444000271323, 1.860083306865483, 1.0726763322336685, 1.0727476109094218, 1.5303532542400942, 0.8571711280272558, 1.4418228415355365, 1.132789634442343, 1.3059689899302063], "coverage_estimated_second_order": [0.9184224834378, 0.7672711618798, 1.0000000001163671, 1.000000000116354, 0.9120839094236, 0.9370165074599499, 0.5673424724357999, 0.9570283313532999, 0.45847191999869996], "sol": [1.0, 0.0, 1.0, 1.0, 1.0, 1.0, 0.0, 1.0, 0.0], "coverage": [1.0, 0.8314539930555556, 1.0, 1.0, 1.0, 1.0, 0.5946831597222222, 1.0, 0.48168836805555554], "coverage_estimated_first_order_diff": [0.39094440002713227, 1.0286293138099274, 0.07267633223366854, 0.07274761090942183, 0.5303532542400942, -0.1428288719727442, 0.8471396818133143, 0.13278963444234293, 0.8242806218746508], "coverage_estimated_second_order_diff": [-0.08157751656220003, -0.06418283117575552, 1.1636713814766608e-10, 1.163540375159755e-10, -0.08791609057640004, -0.06298349254005009, -0.02734068728642225, -0.0429716686467001, -0.023216448056855576]}