{"coverage_estimated_first_order": [1.0843086566326399, 1.1109206077970877, 0.5670428704578468, 0.5670998933984501, 1.2769996034584226, 0.42730374115198705, 0.9215416456881503, 0.8632777731680595, 0.8199958266839638], "coverage_estimated_second_order": [0.5350575887594999, 0.5300284757725, -1.8230064044499996e-11, -1.8232126973099997e-11, 0.6978791438517999, 0.9799545401234501, 0.9365748142022, 0.9318950332154001, 0.9370318176685001], "sol": [0.0, 0.0, 0.0, 0.0, 0.0, 1.0, 1.0, 1.0, 1.0], "coverage": [0.561015625, 0.5543012152777778, 0.0, 0.0, 0.7160503472222223, 1.0, 1.0, 1.0, 1.0], "coverage_estimated_first_order_diff": [0.5232930316326398, 0.5566193925193099, 0.5670428704578468, 0.5670998933984501, 0.5609492562362003, -0.5726962588480129, -0.07845835431184967, -0.13672222683194046, -0.18000417331603624], "coverage_estimated_second_order_diff": [-0.025958036240500082, -0.02427273950527775, -1.8230064044499996e-11, -1.8232126973099997e-11, -0.01817120337042233, -0.02004545987654993, -0.06342518579779999, -0.06810496678459987, -0.06296818233149992]}