{"coverage_estimated_first_order": [0.5056132878107464, 0.9863053239254875, 0.4252821528433853, 0.4253249200488375, 1.0037173460994349, 0.5037726901965729, 0.5979693239330535, 0.8938945072887251, 0.5519820839502555], "coverage_estimated_second_order": [0.9789280963575, 0.760858337768, 1.57005623032e-11, 1.5702384843e-11, 0.7563544153120001, 0.24910460463602999, 1.048674541832, 0.669262378998, 1.037000774731], "sol": [1.0, 0.0, 0.0, 0.0, 0.0, 0.0, 1.0, 0.0, 1.0], "coverage": [1.0, 0.777890625, 0.0, 0.0, 0.7729557291666667, 0.2689800347222222, 1.0, 0.6459765625, 1.0], "coverage_estimated_first_order_diff": [-0.49438671218925356, 0.20841469892548758, 0.4252821528433853, 0.4253249200488375, 0.2307616169327682, 0.2347926554743507, -0.40203067606694654, 0.2479179447887251, -0.4480179160497445], "coverage_estimated_second_order_diff": [-0.0210719036425, -0.0170322872319999, 1.57005623032e-11, 1.5702384843e-11, -0.016601313854666566, -0.01987543008619222, 0.04867454183200004, 0.02328581649799999, 0.03700077473099994]}