{"coverage_estimated_first_order": [0.5748445610326149, 0.5500294276600444, 0.28352143522892337, 0.28354994669922506, 0.6232041306725058, 0.1410138904364844, 0.2018997390410135, 0.5667843422544672, 0.5390036581717698], "coverage_estimated_second_order": [0.3859883558642, 0.3145658189369, 3.00490482553e-11, 3.0052565628300004e-11, 0.43635291582799995, 0.9778488761416, 0.957432928734, 0.451758693718, 0.4389872148854], "sol": [0.0, 0.0, 0.0, 0.0, 0.0, 1.0, 1.0, 0.0, 0.0], "coverage": [0.4085286458333333, 0.33801649305555553, 0.0, 0.0, 0.46749565972222223, 1.0, 1.0, 0.4691796875, 0.4594921875], "coverage_estimated_first_order_diff": [0.16631591519928163, 0.21201293460448883, 0.28352143522892337, 0.28354994669922506, 0.15570847095028356, -0.8589861095635156, -0.7981002609589865, 0.09760465475446717, 0.07951147067176978], "coverage_estimated_second_order_diff": [-0.02254028996913332, -0.023450674118655535, 3.00490482553e-11, 3.0052565628300004e-11, -0.03114274389422228, -0.022151123858400013, -0.04256707126600001, -0.017420993782000016, -0.020504972614599992]}