{"coverage_estimated_first_order": [1.1507251629578348, 0.7465992464307951, 0.7891548970047453, 0.789284746216566, 1.1992587871544602, 0.6031652657224058, 0.6307928371911581, 1.0084625688640303, 0.9538119402598522], "coverage_estimated_second_order": [0.6662868242489999, 0.9690289166688001, 1.000000000032348, 1.0000000000323526, 0.6491249241328, 0.16396260159797998, 0.9931985360366, 0.566581838274, 0.5398511612758], "sol": [0.0, 1.0, 1.0, 1.0, 0.0, 0.0, 1.0, 0.0, 0.0], "coverage": [0.6927604166666667, 1.0, 1.0, 1.0, 0.6845486111111111, 0.17815972222222223, 1.0, 0.5867491319444444, 0.5547699652777778], "coverage_estimated_first_order_diff": [0.4579647462911681, -0.2534007535692049, -0.21084510299525472, -0.21071525378343403, 0.5147101760433491, 0.4250055435001836, -0.3692071628088419, 0.42171343691958585, 0.3990419749820744], "coverage_estimated_second_order_diff": [-0.02647359241766678, -0.03097108333119991, 3.234790213468841e-11, 3.2352565071391837e-11, -0.03542368697831111, -0.014197120624242249, -0.0068014639633999785, -0.020167293670444453, -0.014918804001977759]}