{"coverage_estimated_first_order": [0.9211418318731445, 0.9460036469748505, 0.9309156146192071, 0.42541200205520646, 1.322757825105628, 0.6858557265106224, 0.6637802752661761, 1.0453008147283265, 0.9672711278262006], "coverage_estimated_second_order": [1.0256177257433998, 1.0267478461950001, 0.6800954861088322, 1.0000000000110243, 0.7750588172935999, 0.30538771222371, 0.9645336185439999, 0.5956816685174, 0.5494461498973], "sol": [1.0, 1.0, 0.0, 1.0, 0.0, 0.0, 1.0, 0.0, 0.0], "coverage": [1.0, 1.0, 0.6800998263888889, 1.0, 0.7503211805555555, 0.2918532986111111, 1.0, 0.5983550347222222, 0.5601736111111111], "coverage_estimated_first_order_diff": [-0.07885816812685553, -0.05399635302514949, 0.25081578823031825, -0.5745879979447935, 0.5724366445500725, 0.39400242789951134, -0.3362197247338239, 0.4469457800061043, 0.40709751671508954], "coverage_estimated_second_order_diff": [0.025617725743399822, 0.026747846195000147, -4.3402800566916255e-06, 1.102429258992288e-11, 0.02473763673804441, 0.013534413612598883, -0.03546638145600012, -0.0026733662048221696, -0.010727461213811074]}