{"coverage_estimated_first_order": [1.1613610689424418, 1.1820863317664787, 0.4252821528433851, 0.9309726375598095, 0.9018177557995409, 0.49489309005503024, 1.0074761290674512, 0.6900485788563113, 0.917609517444919], "coverage_estimated_second_order": [0.6574895249374, 0.6644687097188, 1.000000000011017, 0.6800954861088271, 1.0205395943350002, 1.01492215633105, 0.5385538251099999, 1.0065403620125, 0.45472415708610003], "sol": [0.0, 0.0, 1.0, 0.0, 1.0, 1.0, 0.0, 1.0, 0.0], "coverage": [0.6448133680555556, 0.6551736111111112, 1.0, 0.6800998263888889, 1.0, 1.0, 0.5377951388888889, 1.0, 0.4567751736111111], "coverage_estimated_first_order_diff": [0.5165477008868863, 0.5269127206553675, -0.5747178471566149, 0.25087281117092064, -0.09818224420045907, -0.5051069099449698, 0.46968099017856235, -0.3099514211436887, 0.46083434383380795], "coverage_estimated_second_order_diff": [0.012676156881844425, 0.009295098607688845, 1.1016965117960353e-11, -4.3402800617986514e-06, 0.02053959433500019, 0.014922156331049985, 0.0007586862211110823, 0.006540362012499967, -0.0020510165250110513]}