{"coverage_estimated_first_order": [0.7714404540422879, 0.7606153303391464, 0.6473941793902833, 0.6474226908605843, 0.8268449032694634, 0.27958757718400906, 0.603259013434081, 0.6150757263262338, 0.5628311891662706], "coverage_estimated_second_order": [0.2985334635078, 0.22662454167440002, 0.999999999960965, 0.9999999999609651, 0.2956210155716, 0.97835699762966, 0.0659733577954, 0.0833315636028, 0.0543605881782], "sol": [0.0, 0.0, 1.0, 1.0, 0.0, 1.0, 0.0, 0.0, 0.0], "coverage": [0.2642230902777778, 0.174140625, 1.0, 1.0, 0.23932291666666666, 1.0, 0.004184027777777778, 0.016957465277777778, 0.0019270833333333334], "coverage_estimated_first_order_diff": [0.5072173637645101, 0.5864747053391464, -0.3526058206097167, -0.35257730913941565, 0.5875219866027968, -0.7204124228159909, 0.5990749856563031, 0.598118261048456, 0.5609041058329373], "coverage_estimated_second_order_diff": [0.03431037323002223, 0.05248391667440003, -3.9034997456610654e-11, -3.903488643430819e-11, 0.056298098904933314, -0.021643002370340003, 0.06178933001762223, 0.06637409832502222, 0.05243350484486666]}