{"coverage_estimated_first_order": [0.2664215769489863, 0.2812496749057473, 0.14176071761446174, 0.14177497334961256, 0.3274910827747701, 0.14601530033563534, 0.355339657985635, 0.0, 0.280992168512194], "coverage_estimated_second_order": [0.1614798546, 0.19590619501, 2.4815557102e-11, 2.4818401346e-11, 0.28646743251, 0.026257265632, 0.42316082552, 0.94288899933, 0.29689116307], "sol": [0.0, 0.0, 0.0, 0.0, 0.0, 0.0, 0.0, 1.0, 0.0], "coverage": [0.16928385416666666, 0.2129470486111111, 0.0, 0.0, 0.31180121527777777, 0.016957465277777778, 0.4550651041666667, 1.0, 0.32614149305555556], "coverage_estimated_first_order_diff": [0.09713772278231966, 0.06830262629463621, 0.14176071761446174, 0.14177497334961256, 0.01568986749699236, 0.12905783505785756, -0.09972544618103169, -1.0, -0.04514932454336157], "coverage_estimated_second_order_diff": [-0.007803999566666664, -0.0170408536011111, 2.4815557102e-11, 2.4818401346e-11, -0.025333782767777757, 0.009299800354222221, -0.03190427864666667, -0.05711100066999997, -0.029250329985555545]}