{"coverage_estimated_first_order": [0.8452364692802563, 0.8868205729523801, 0.2835214352289234, 0.789197664210197, 0.5539139181371202, 0.48989168015587925, 0.4502367320408027, 0.8384870879017821, 0.7997591986098307], "coverage_estimated_second_order": [0.5369490234834, 0.58994201924, 0.9999999999835935, 0.6800954860988024, 0.9800154664076001, 0.22260116137941, 1.0112319994608001, 0.6172181902266, 0.5961185714485999], "sol": [0.0, 0.0, 1.0, 0.0, 1.0, 0.0, 1.0, 0.0, 0.0], "coverage": [0.567890625, 0.6184157986111111, 1.0, 0.6800998263888889, 1.0, 0.24150607638888888, 1.0, 0.6185026041666667, 0.5935807291666667], "coverage_estimated_first_order_diff": [0.2773458442802563, 0.2684047743412691, -0.7164785647710765, 0.10909783782130811, -0.4460860818628798, 0.24838560376699037, -0.5497632679591973, 0.21998448373511537, 0.20617846944316398], "coverage_estimated_second_order_diff": [-0.03094160151659997, -0.028473779371111063, -1.6406542791003176e-11, -4.34029008644643e-06, -0.019984533592399933, -0.018904915009478884, 0.011231999460800113, -0.001284413940066731, 0.0025378422819332114]}