{"coverage_estimated_first_order": [1.7965530733579307, 1.4198179903726864, 1.0726763322336688, 1.0728346929157913, 1.5459759320532576, 0.8115099267931791, 1.4465519197379426, 1.4344417481230973, 1.0519063928086703], "coverage_estimated_second_order": [0.773617249159, 0.9255507273694001, 1.0000000001163678, 1.0000000001163822, 0.9362079636726, 0.9646891649334, 0.5687066525512, 0.5257503723078001, 0.9537211394567998], "sol": [0.0, 1.0, 1.0, 1.0, 1.0, 1.0, 0.0, 0.0, 1.0], "coverage": [0.8187803819444445, 1.0, 1.0, 1.0, 1.0, 1.0, 0.5993272569444444, 0.5570876736111111, 1.0], "coverage_estimated_first_order_diff": [0.9777726914134862, 0.4198179903726864, 0.07267633223366876, 0.07283469291579125, 0.5459759320532576, -0.18849007320682087, 0.8472246627934982, 0.8773540745119862, 0.051906392808670265], "coverage_estimated_second_order_diff": [-0.04516313278544448, -0.07444927263059986, 1.1636780428148086e-10, 1.1638223718080098e-10, -0.06379203632740005, -0.035310835066600044, -0.030620604393244433, -0.03133730130331103, -0.046278860543200184]}