{"coverage_estimated_first_order": [0.8949394919934557, 0.9009237388671006, 0.7891548970047451, 0.2835499466992252, 0.5743266730247708, 0.34887778971939487, 0.6521364710818165, 0.6900485788563114, 0.636617348932725], "coverage_estimated_second_order": [0.5876709061188, 0.5891235662658, 0.6800954860988034, 0.9999999999835958, 0.9775386514010002, 1.0260164341738, 0.22076537107660002, 0.3012014718037, 0.258408183535], "sol": [0.0, 0.0, 0.0, 1.0, 1.0, 1.0, 0.0, 0.0, 0.0], "coverage": [0.5847612847222222, 0.6004470486111111, 0.6800998263888889, 1.0, 1.0, 1.0, 0.23235677083333334, 0.3177734375, 0.2715668402777778], "coverage_estimated_first_order_diff": [0.31017820727123346, 0.30047669025598955, 0.10905507061585618, -0.7164500533007748, -0.4256733269752292, -0.6511222102806051, 0.41977970024848316, 0.37227514135631146, 0.36505050865494726], "coverage_estimated_second_order_diff": [0.0029096213965777995, -0.011323482345311109, -4.340290085447229e-06, -1.6404211322651463e-11, -0.022461348598999842, 0.026016434173800063, -0.011591399756733317, -0.016571965696299984, -0.013158656742777775]}