{"coverage_estimated_first_order": [0.8412661379816013, 1.2699362493841366, 0.567042870457847, 0.5670998933984499, 1.3267124816431364, 0.5095134401523409, 0.7909064722982002, 0.806573992979631, 1.0209051567097815], "coverage_estimated_second_order": [1.0271310803014, 0.7844575509235001, -1.82300197021e-11, -1.8232085618099995e-11, 0.8232872907240001, 1.0212831030118001, 1.0315661118704, 1.0348918945427998, 0.5892802506571], "sol": [1.0, 0.0, 0.0, 0.0, 0.0, 1.0, 1.0, 1.0, 0.0], "coverage": [1.0, 0.7614236111111111, 0.0, 0.0, 0.7972048611111111, 1.0, 1.0, 1.0, 0.5682769097222222], "coverage_estimated_first_order_diff": [-0.15873386201839867, 0.5085126382730255, 0.567042870457847, 0.5670998933984499, 0.5295076205320253, -0.4904865598476591, -0.2090935277017998, -0.19342600702036905, 0.4526282469875593], "coverage_estimated_second_order_diff": [0.02713108030139999, 0.023033939812388993, -1.82300197021e-11, -1.8232085618099995e-11, 0.02608242961288898, 0.021283103011800142, 0.03156611187040004, 0.03489189454279984, 0.021003340934877768]}