{"coverage_estimated_first_order": [0.8881543937981269, 0.9172497213732936, 0.7891548970047454, 0.7892847462165657, 1.2738803674578931, 0.6846356246661426, 0.8644599124627097, 0.8906407939392251, 0.8036485163612322], "coverage_estimated_second_order": [1.0542826432361998, 1.0487064643568, 1.0000000000323477, 1.0000000000323526, 0.6827299719295999, 0.30215090067366, 0.21349489476939998, 0.2596247020309, 0.1925261931836], "sol": [1.0, 1.0, 1.0, 1.0, 0.0, 0.0, 0.0, 0.0, 0.0], "coverage": [1.0, 1.0, 1.0, 1.0, 0.6328862847222222, 0.2876692708333333, 0.1824609375, 0.22532118055555556, 0.17044270833333333], "coverage_estimated_first_order_diff": [-0.11184560620187312, -0.08275027862670636, -0.2108451029952546, -0.21071525378343425, 0.6409940827356709, 0.39696635383280926, 0.6819989749627097, 0.6653196133836696, 0.6332058080278989], "coverage_estimated_second_order_diff": [0.0542826432361998, 0.04870646435680004, 3.2347680090083486e-11, 3.2352565071391837e-11, 0.04984368720737775, 0.014481629840326693, 0.031033957269399975, 0.034303521475344434, 0.022083484850266677]}