{"coverage_estimated_first_order": [0.5826657001205486, 0.6189009830829029, 0.6473941793902833, 0.14177497334961262, 0.2525182302446926, 0.34887778971939487, 0.45023673204080294, 0.4808756622518132, 0.448686444685393], "coverage_estimated_second_order": [0.452923102486, 0.510377601559, 0.6800954860691928, 0.9999999999365901, 0.9230405152450001, 0.2184485729854, 0.20979519281200001, 0.2848166002802, 0.2505339512614], "sol": [0.0, 0.0, 0.0, 1.0, 1.0, 0.0, 0.0, 0.0, 0.0], "coverage": [0.5012673611111111, 0.5661328125, 0.6800998263888889, 1.0, 1.0, 0.23932291666666666, 0.23017361111111112, 0.31180121527777777, 0.27045138888888887], "coverage_estimated_first_order_diff": [0.08139833900943749, 0.05276817058290284, -0.032705646998605564, -0.8582250266503874, -0.7474817697553073, 0.10955487305272821, 0.22006312092969182, 0.16907444697403545, 0.17823505579650412], "coverage_estimated_second_order_diff": [-0.04834425862511116, -0.055755210941, -4.340319696094497e-06, -6.340994396225597e-11, -0.07695948475499992, -0.02087434368126667, -0.020378418299111106, -0.02698461499757776, -0.019917437627488876]}