{"coverage_estimated_first_order": [1.4171467399068212, 1.0278489213365425, 0.930915614619207, 0.9310597195661785, 1.5267498699292303, 0.7491805660580412, 0.9861324951767931, 1.0084625688640303, 1.234804108772046], "coverage_estimated_second_order": [0.6823812998637999, 0.9713851466556, 1.0000000000841485, 1.0000000000841596, 0.7337393024928, 0.17764105897987, 1.0127026983838, 1.0153378538576, 0.6223830663194], "sol": [0.0, 1.0, 1.0, 1.0, 0.0, 0.0, 1.0, 1.0, 0.0], "coverage": [0.7043663194444445, 1.0, 1.0, 1.0, 0.7622135416666667, 0.19213541666666667, 1.0, 1.0, 0.6176302083333334], "coverage_estimated_first_order_diff": [0.7127804204623767, 0.027848921336542487, -0.06908438538079298, -0.0689402804338215, 0.7645363282625637, 0.5570451493913745, -0.013867504823206867, 0.008462568864030295, 0.6171739004387127], "coverage_estimated_second_order_diff": [-0.021985019580644583, -0.02861485334439995, 8.414846597304404e-11, 8.415956820329029e-11, -0.02847423917386671, -0.01449435768679666, 0.012702698383799893, 0.015337853857599892, 0.0047528579860666165]}