{"coverage_estimated_first_order": [0.6915585007884539, 0.26800667187584654, 0.2835214352289237, 0.28363702870559415, 0.6942223266650749, 0.32357768853839675, 0.22943356279809066, 0.6025597591422949, 0.5789116553409135], "coverage_estimated_second_order": [0.6690190828759999, 0.9755288255180001, 3.0049003310199995e-11, 0.0001627604467046357, 0.64972268938, 0.1602399096211, 1.002119328582, 0.568796740458, 0.542347878388], "sol": [0.0, 1.0, 0.0, 0.0, 0.0, 0.0, 1.0, 0.0, 0.0], "coverage": [0.6927604166666667, 1.0, 0.0, 0.00016493055555555556, 0.6845486111111111, 0.17815972222222223, 1.0, 0.5867491319444444, 0.5547699652777778], "coverage_estimated_first_order_diff": [-0.0012019158782127226, -0.7319933281241535, 0.2835214352289237, 0.2834720981500386, 0.009673715553963791, 0.1454179663161745, -0.7705664372019093, 0.015810627197850424, 0.024141690063135712], "coverage_estimated_second_order_diff": [-0.023741333790666785, -0.02447117448199987, 3.0049003310199995e-11, -2.170108850919856e-06, -0.0348259217311111, -0.017919812601122243, 0.002119328582000035, -0.017952391486444452, -0.01242208688977775]}