{"coverage_estimated_first_order": [0.6585710627134365, 0.6779098930926347, 0.2835214352289238, 0.7892847462165657, 1.0213621372132005, 0.544841836074138, 0.6637802752661759, 0.6876893890783573, 0.6161983739017629], "coverage_estimated_second_order": [1.0706031463419998, 1.064352496624, 0.9999999999835933, 0.680258246515465, 0.6922204556289999, 0.3072481755634, 0.21167485434319996, 0.2585214683291, 0.18858571964809998], "sol": [1.0, 1.0, 1.0, 0.0, 0.0, 0.0, 0.0, 0.0, 0.0], "coverage": [1.0, 1.0, 1.0, 0.6802647569444444, 0.6328862847222222, 0.2876692708333333, 0.1824609375, 0.22532118055555556, 0.17044270833333333], "coverage_estimated_first_order_diff": [-0.34142893728656354, -0.3220901069073653, -0.7164785647710762, 0.10901998927212131, 0.38847585249097827, 0.25717256524080473, 0.48131933776617586, 0.46236820852280175, 0.4457556655684296], "coverage_estimated_second_order_diff": [0.07060314634199982, 0.06435249662400011, -1.6406653813305638e-11, -6.510428979478178e-06, 0.05933417090677773, 0.019578904730066682, 0.02921391684319996, 0.033200287773544446, 0.018143011314766644]}