{"coverage_estimated_first_order": [1.4044035875934804, 1.4617278369977746, 0.5670428704578468, 1.072747610909422, 1.2281221458106875, 0.6351676404348976, 1.371778377728953, 0.9865420097699037, 0.917609517444919], "coverage_estimated_second_order": [0.6682849467034999, 0.6932947282058002, 1.0000000000188587, 0.6800954860992676, 0.9772485276594002, 1.00689261985979, 0.7114063266952, 0.9818979400851001, 0.9872308376735], "sol": [0.0, 0.0, 1.0, 0.0, 1.0, 1.0, 0.0, 1.0, 1.0], "coverage": [0.6697265625, 0.7007986111111111, 1.0, 0.6800998263888889, 1.0, 1.0, 0.708828125, 1.0, 1.0], "coverage_estimated_first_order_diff": [0.7346770250934804, 0.7609292258866636, -0.43295712954215315, 0.39264778452053317, 0.22812214581068746, -0.3648323595651024, 0.6629502527289529, -0.013457990230096306, -0.08239048255508097], "coverage_estimated_second_order_diff": [-0.0014416157965000398, -0.007503882905310899, 1.885869238549276e-11, -4.340289621262983e-06, -0.02275147234059982, 0.006892619859790061, 0.0025782016951999553, -0.018102059914899882, -0.01276916232650005]}