{"coverage_estimated_first_order": [1.0921297957205733, 1.618362228031922, 0.567042870457847, 1.0727476109094218, 1.2823309712264699, 0.8576518898151186, 1.4035457139594913, 1.0171587438905694, 0.9305879432234048], "coverage_estimated_second_order": [1.0029104018783002, 0.8334409488954001, 1.0000000000188587, 0.6800954860992675, 0.9807481353496, 0.34237920562748997, 0.7571930522885999, 0.9712052614021001, 0.9821977455712001], "sol": [1.0, 0.0, 1.0, 0.0, 1.0, 0.0, 0.0, 1.0, 1.0], "coverage": [1.0, 0.8344835069444444, 1.0, 0.6800998263888889, 1.0, 0.32926215277777776, 0.7603602430555556, 1.0, 1.0], "coverage_estimated_first_order_diff": [0.09212979572057334, 0.7838787210874777, -0.43295712954215304, 0.39264778452053295, 0.2823309712264699, 0.5283897370373409, 0.6431854709039357, 0.017158743890569372, -0.06941205677659523], "coverage_estimated_second_order_diff": [0.0029104018783001617, -0.0010425580490442954, 1.885869238549276e-11, -4.340289621374005e-06, -0.019251864650399964, 0.013117052849712207, -0.0031671907669557076, -0.028794738597899938, -0.017802254428799902]}