{"coverage_estimated_first_order": [1.6233362386462056, 1.6494974041863806, 0.8505643056867707, 0.8507369221040442, 1.7195391204157837, 0.9011612393816436, 1.26989712994056, 1.3294465838629022, 1.509980360352181], "coverage_estimated_second_order": [0.5657803704334001, 0.5585524758435, -1.448373607481e-10, 0.00016276027184011142, 0.5600601587440001, 0.8267424763831, 0.8493751760652, 0.8028159972571999, 0.6185657878038999], "sol": [1.0, 1.0, 0.0, 0.0, 1.0, 1.0, 1.0, 1.0, 0.0], "coverage": [1.0, 1.0, 0.0, 0.00016493055555555556, 1.0, 1.0, 1.0, 1.0, 0.6715364583333333], "coverage_estimated_first_order_diff": [0.6233362386462056, 0.6494974041863806, 0.8505643056867707, 0.8505719915484886, 0.7195391204157837, -0.09883876061835639, 0.2698971299405599, 0.32944658386290215, 0.8384439020188478], "coverage_estimated_second_order_diff": [-0.4342196295665999, -0.4414475241565, -1.448373607481e-10, -2.170283715444138e-06, -0.43993984125599994, -0.17325752361690006, -0.15062482393480003, -0.19718400274280012, -0.052970670529433383]}