{"coverage_estimated_first_order": [0.5786953688218934, 1.0019295775082901, 0.4252821528433852, 0.4253249200488374, 1.0253167937507088, 0.3684995497158564, 0.7909064722982002, 0.448962567329662, 0.6698324027853437], "coverage_estimated_second_order": [1.0276027217052, 0.7712051246286001, 1.5700514323999997e-11, 1.5702376280600004e-11, 0.76387429738, 1.0283481898044, 0.5299105088144, 0.9957422805958001, 0.3530009517767], "sol": [1.0, 0.0, 0.0, 0.0, 0.0, 1.0, 0.0, 1.0, 0.0], "coverage": [1.0, 0.7538237847222222, 0.0, 0.0, 0.7517578125, 1.0, 0.5492361111111111, 1.0, 0.3757855902777778], "coverage_estimated_first_order_diff": [-0.42130463117810657, 0.24810579278606792, 0.4252821528433852, 0.4253249200488374, 0.2735589812507089, -0.6315004502841436, 0.24167036118708907, -0.551037432670338, 0.2940468125075659], "coverage_estimated_second_order_diff": [0.02760272170519995, 0.017381339906377913, 1.5700514323999997e-11, 1.5702376280600004e-11, 0.012116484880000056, 0.028348189804400015, -0.019325602296711097, -0.0042577194041999444, -0.022784638501077814]}