{"coverage_estimated_first_order": [0.9708448545863436, 0.5213625840648567, 0.7891548970047453, 0.2836370287055941, 0.9671533117974183, 0.3223575866939169, 0.6320129390356379, 0.657072654957692, 0.6032199481232772], "coverage_estimated_second_order": [0.7705867246528, 0.9754810266358, 0.6800954860988035, 0.9999999999835922, 0.658120040165, 1.0175457332322, 0.16824522193959998, 0.2254534085251, 0.17087675001049998], "sol": [0.0, 1.0, 0.0, 1.0, 0.0, 1.0, 0.0, 0.0, 0.0], "coverage": [0.7880338541666667, 1.0, 0.6800998263888889, 1.0, 0.6656293402777778, 1.0, 0.1682248263888889, 0.229765625, 0.16695746527777777], "coverage_estimated_first_order_diff": [0.1828110004196769, -0.4786374159351433, 0.1090550706158564, -0.716362971294406, 0.3015239715196405, -0.6776424133060831, 0.463788112646749, 0.427307029957692, 0.4362624828454994], "coverage_estimated_second_order_diff": [-0.017447129513866733, -0.024518973364199947, -4.340290085336207e-06, -1.6407764036330263e-11, -0.007509300112777728, 0.01754573323219999, 2.0395550711094224e-05, -0.004312216474899988, 0.003919284732722211]}