{"coverage_estimated_first_order": [1.3004328001509822, 1.7485288239390853, 1.0726763322336685, 1.0727476109094218, 1.8317489421325217, 0.7891010173363499, 1.1922657466912674, 1.2124768027013664, 1.39580544162872], "coverage_estimated_second_order": [0.9828646597428001, 0.7386708921827001, 1.0000000001163671, 1.000000000116354, 0.7743608605448, 1.00524313891437, 0.994260399773, 0.9947549995326999, 0.5652359072055], "sol": [1.0, 0.0, 1.0, 1.0, 0.0, 1.0, 1.0, 1.0, 0.0], "coverage": [1.0, 0.7615885416666667, 1.0, 1.0, 0.7972048611111111, 1.0, 1.0, 1.0, 0.5682769097222222], "coverage_estimated_first_order_diff": [0.30043280015098217, 0.9869402822724186, 0.07267633223366854, 0.07274761090942183, 1.0345440810214106, -0.21089898266365015, 0.1922657466912674, 0.21247680270136637, 0.8275285319064978], "coverage_estimated_second_order_diff": [-0.01713534025719987, -0.022917649483966573, 1.1636713814766608e-10, 1.163540375159755e-10, -0.022844000566311085, 0.005243138914369894, -0.005739600227000041, -0.005245000467300143, -0.0030410025167222354]}