{"coverage_estimated_first_order": [0.4960049080336768, 0.5205895031864063, 0.6473941793902833, 0.14177497334961256, 0.5800093130194628, 0.2858090889276399, 0.5560192951821687, 0.20295140486086785, 0.46844231097166333], "coverage_estimated_second_order": [0.1822434496834, 0.2189115145364, 0.6800954860691928, 0.9999999999365901, 0.309824678423, 0.03532077744864, 0.4337744664566, 0.9506106675918, 0.3056485466448], "sol": [0.0, 0.0, 0.0, 1.0, 0.0, 0.0, 0.0, 1.0, 0.0], "coverage": [0.16928385416666666, 0.21311197916666666, 0.6800998263888889, 1.0, 0.31180121527777777, 0.016957465277777778, 0.4550651041666667, 1.0, 0.32614149305555556], "coverage_estimated_first_order_diff": [0.3267210538670101, 0.3074775240197396, -0.032705646998605564, -0.8582250266503875, 0.268208097741685, 0.26885162364986215, 0.10095419101550207, -0.7970485951391322, 0.14230081791610777], "coverage_estimated_second_order_diff": [0.012959595516733341, 0.00579953536973335, -4.340319696094497e-06, -6.340994396225597e-11, -0.0019765368547777773, 0.01836331217086222, -0.021290637710066673, -0.04938933240819998, -0.020492946410755553]}