{"coverage_estimated_first_order": [0.22958333108469034, 0.6779098930926347, 0.14176071761446182, 0.6474226908605841, 0.6285354984405531, 0.36227803797222563, 0.43434671246808526, 0.4427410555860315, 0.38835947248528707], "coverage_estimated_second_order": [0.93747546608, 0.626358873548, 0.9999999999365876, 0.6800954860691932, 0.46838017970299994, 0.2430232182296, 0.1493921121222, 0.17269244875689999, 0.0832690119836], "sol": [1.0, 0.0, 1.0, 0.0, 0.0, 0.0, 0.0, 0.0, 0.0], "coverage": [1.0, 0.6743402777777778, 1.0, 0.6800998263888889, 0.5012673611111111, 0.2642230902777778, 0.14430555555555555, 0.16928385416666666, 0.06734375], "coverage_estimated_first_order_diff": [-0.7704166689153097, 0.0035696153148568888, -0.8582392823855381, -0.03267713552830476, 0.12726813732944198, 0.09805494769444784, 0.29004115691252974, 0.2734572014193648, 0.3210157224852871], "coverage_estimated_second_order_diff": [-0.06252453392000001, -0.04798140422977781, -6.341238645291014e-11, -4.3403196956504075e-06, -0.0328871814081112, -0.021199872048177804, 0.005086556566644446, 0.0034085945902333215, 0.015925261983600003]}