{"coverage_estimated_first_order": [0.9016135813644751, 0.9576384803303, 0.9309156146192071, 0.4254120020552065, 1.347666527224347, 0.6851163864540053, 1.028082523927678, 0.9841828199919499, 0.6161983739017629], "coverage_estimated_second_order": [1.0416335726115, 1.0511669865870001, 0.6800954861088321, 1.0000000000110243, 0.8204684460835999, 0.30348069765172, 0.570414851487, 0.49265502554019996, 0.9793746341227001], "sol": [1.0, 1.0, 0.0, 1.0, 0.0, 0.0, 0.0, 0.0, 1.0], "coverage": [1.0, 1.0, 0.6800998263888889, 1.0, 0.7847178819444445, 0.2895963541666667, 0.5721918402777778, 0.4923871527777778, 1.0], "coverage_estimated_first_order_diff": [-0.09838641863552489, -0.04236151966970003, 0.25081578823031825, -0.5745879979447934, 0.5629486452799026, 0.3955200322873386, 0.45589068364990026, 0.4917956672141721, -0.3838016260982371], "coverage_estimated_second_order_diff": [0.041633572611500025, 0.05116698658700014, -4.340280056802648e-06, 1.102429258992288e-11, 0.03575056413915545, 0.013884343485053297, -0.0017769887907778115, 0.0002678727624221833, -0.020625365877299906]}