{"coverage_estimated_first_order": [1.047470410768344, 1.0690107611719992, 0.9309156146192068, 0.42532492004883765, 1.202026750928345, 0.4210822294083562, 0.7668816248990491, 1.0662291780289275, 0.7264538006312391], "coverage_estimated_second_order": [0.43912358425360004, 0.43142796836169994, 0.6800954861088321, 1.0000000000110172, 0.603557332338, 0.9793942884610599, 1.0186786549902, 0.5772086383485, 1.0215429980534], "sol": [0.0, 0.0, 0.0, 1.0, 0.0, 1.0, 1.0, 0.0, 1.0], "coverage": [0.44438802083333334, 0.4340321180555556, 0.6800998263888889, 1.0, 0.6021310763888889, 1.0, 1.0, 0.5429730902777777, 1.0], "coverage_estimated_first_order_diff": [0.6030823899350106, 0.6349786431164437, 0.2508157882303179, -0.5746750799511624, 0.5998956745394562, -0.5789177705916437, -0.2331183751009509, 0.5232560877511497, -0.2735461993687609], "coverage_estimated_second_order_diff": [-0.0052644365797333, -0.0026041496938556397, -4.340280056802648e-06, 1.1017187162565278e-11, 0.001426255949111166, -0.020605711538940086, 0.01867865499020005, 0.034235548070722266, 0.021542998053400098]}