{"coverage_estimated_first_order": [1.7294205317797282, 1.3098716771207404, 1.0726763322336688, 1.072834692915791, 1.8485583127093086, 0.7491805660580412, 1.1880322342178065, 1.2176354854685285, 1.4227350130193783], "coverage_estimated_second_order": [0.7940754473308, 0.9704249840107, 1.0000000001163674, 1.000000000116382, 0.8138426611948, 0.9992664943502699, 0.9897172918774, 0.992068483137, 0.6063165401014999], "sol": [0.0, 1.0, 1.0, 1.0, 0.0, 1.0, 1.0, 1.0, 0.0], "coverage": [0.8178862847222222, 1.0, 1.0, 1.0, 0.8506076388888889, 1.0, 1.0, 1.0, 0.6180251736111111], "coverage_estimated_first_order_diff": [0.911534247057506, 0.3098716771207404, 0.07267633223366876, 0.07283469291579103, 0.9979506738204197, -0.2508194339419588, 0.18803223421780646, 0.2176354854685285, 0.8047098394082672], "coverage_estimated_second_order_diff": [-0.0238108373914222, -0.029575015989300013, 1.1636736019227101e-10, 1.1638201513619606e-10, -0.03676497769408893, -0.0007335056497300707, -0.010282708122600015, -0.007931516862999977, -0.011708633509611155]}