{"coverage_estimated_first_order": [0.0, 0.43865714681834506, 0.14176071761446182, 0.14177497334961234, 0.37601726819586057, 0.2224842493802211, 0.23366707527155164, 0.23978965072516378, 0.20090933002581776], "coverage_estimated_second_order": [0.92899020951, 0.61254918431, 2.4815561766e-11, 2.4818454235e-11, 0.4502633068, 0.24025393135, 0.13406935689, 0.15652674836, 0.068505002971], "sol": [1.0, 0.0, 0.0, 0.0, 0.0, 0.0, 0.0, 0.0, 0.0], "coverage": [1.0, 0.6743402777777778, 0.0, 0.0, 0.5012673611111111, 0.2642230902777778, 0.14430555555555555, 0.16928385416666666, 0.06734375], "coverage_estimated_first_order_diff": [-1.0, -0.23568313095943277, 0.14176071761446182, 0.14177497334961234, -0.12525009291525058, -0.041738840897556695, 0.0893615197159961, 0.07050579655849712, 0.13356558002581775], "coverage_estimated_second_order_diff": [-0.07100979049, -0.06179109346777778, 2.4815561766e-11, 2.4818454235e-11, -0.05100405431111116, -0.02396915892777779, -0.010236198665555557, -0.012757105806666669, 0.0011612529710000041]}