{"coverage_estimated_first_order": [1.1943485070174593, 1.6494974041863806, 0.7088035880723087, 0.7088748667480625, 1.3267124816431364, 0.7185974412797312, 1.0404635671424691, 1.0844982503705762, 1.2821414589357052], "coverage_estimated_second_order": [0.9359744446214, 0.7868162457995, -7.17426992444e-11, -7.17509553696e-11, 0.905555698806, 0.9503675171061999, 0.9673026493728, 0.9587642570367998, 0.6448692367263], "sol": [1.0, 0.0, 0.0, 0.0, 1.0, 1.0, 1.0, 1.0, 0.0], "coverage": [1.0, 0.834375, 0.0, 0.0, 1.0, 1.0, 1.0, 1.0, 0.648203125], "coverage_estimated_first_order_diff": [0.19434850701745932, 0.8151224041863806, 0.7088035880723087, 0.7088748667480625, 0.3267124816431364, -0.28140255872026876, 0.040463567142469126, 0.08449825037057623, 0.6339383339357052], "coverage_estimated_second_order_diff": [-0.0640255553786, -0.04755875420049993, -7.17426992444e-11, -7.17509553696e-11, -0.09444430119400005, -0.04963248289380007, -0.03269735062720003, -0.041235742963200206, -0.0033338882736999587]}