{"coverage_estimated_first_order": [1.3547005648802815, 1.8864559819141378, 1.2144370498481303, 0.7088748667480627, 1.5837266591188974, 0.998665780251603, 1.4035457139594913, 1.3747701695405383, 1.2816606971478426], "coverage_estimated_second_order": [0.9425880139462001, 0.7550338290724, 0.6800954860701433, 1.0000000000071072, 0.8307250441602001, 0.33436487555872, 0.7787730781073999, 0.7712422614484, 0.7973478962684], "sol": [1.0, 0.0, 0.0, 1.0, 1.0, 0.0, 1.0, 1.0, 1.0], "coverage": [1.0, 0.8349435763888889, 0.6800998263888889, 1.0, 1.0, 0.3300998263888889, 1.0, 1.0, 1.0], "coverage_estimated_first_order_diff": [0.35470056488028145, 1.0515124055252487, 0.5343372234592414, -0.29112513325193734, 0.5837266591188974, 0.6685659538627141, 0.40354571395949135, 0.3747701695405383, 0.2816606971478426], "coverage_estimated_second_order_diff": [-0.057411986053799935, -0.07990974731648892, -4.340318745632565e-06, 7.107203714440402e-12, -0.1692749558397999, 0.004265049169831114, -0.22122692189260007, -0.22875773855159998, -0.20265210373160003]}