{"coverage_estimated_first_order": [0.7390474266847153, 1.2388881552360473, 0.9309156146192069, 0.4253249200488375, 1.2823309712264699, 0.6485678886877282, 1.1539886191152222, 0.739234486499624, 0.6693516409974811], "coverage_estimated_second_order": [0.9838995509163, 0.7780745796744, 0.6800954861088321, 1.0000000000110172, 0.7940240093336001, 0.26128388162028, 0.7629211316746001, 1.0409073897708, 1.0296415654078], "sol": [1.0, 0.0, 0.0, 1.0, 0.0, 0.0, 0.0, 1.0, 1.0], "coverage": [1.0, 0.7928428819444444, 0.6800998263888889, 1.0, 0.80984375, 0.2814453125, 0.7405685763888888, 1.0, 1.0], "coverage_estimated_first_order_diff": [-0.26095257331528465, 0.44604527329160293, 0.250815788230318, -0.5746750799511625, 0.4724872212264699, 0.3671225761877282, 0.41342004272633337, -0.260765513500376, -0.3306483590025189], "coverage_estimated_second_order_diff": [-0.016100449083700008, -0.014768302270044442, -4.340280056802648e-06, 1.1017187162565278e-11, -0.015819740666399906, -0.02016143087972, 0.02235255528571123, 0.04090738977080011, 0.02964156540779994]}