{"coverage_estimated_first_order": [1.540645777857989, 1.1681573298644967, 1.0726763322336688, 0.5671869754048192, 1.2742316396845377, 0.818470778593427, 1.0350099528245285, 1.0834354213941082, 1.3085902685385005], "coverage_estimated_second_order": [0.7531545173687999, 0.9695200454484, 0.6800954860992787, 1.000000000018872, 0.9484019489716, 0.28683809002815, 0.9577544652584, 0.9473382396876001, 0.6531404222118999], "sol": [0.0, 1.0, 0.0, 1.0, 1.0, 0.0, 1.0, 1.0, 0.0], "coverage": [0.7653255208333334, 1.0, 0.6800998263888889, 1.0, 1.0, 0.2805295138888889, 1.0, 1.0, 0.6657421875], "coverage_estimated_first_order_diff": [0.7753202570246556, 0.16815732986449672, 0.3925765058447799, -0.4328130245951808, 0.2742316396845377, 0.5379412647045381, 0.035009952824528456, 0.0834354213941082, 0.6428480810385004], "coverage_estimated_second_order_diff": [-0.01217100346453348, -0.03047995455160002, -4.3402896101607524e-06, 1.887201506178826e-11, -0.05159805102839998, 0.006308576139261057, -0.04224553474159998, -0.052661760312399886, -0.012601765288100086]}