{"coverage_estimated_first_order": [0.849087277069535, 0.9001506579886502, 0.7891548970047451, 0.2835499466992252, 0.5800093130194628, 0.49489309005503024, 0.8055763900264379, 0.4808756622518132, 0.729678613197587], "coverage_estimated_second_order": [0.5393816127054, 0.6048495765144, 0.6800954860988034, 0.9999999999835958, 0.995627337575, 0.22808866901464, 0.5422695971426, 1.021017888231, 0.45879024685819997], "sol": [0.0, 0.0, 0.0, 1.0, 1.0, 0.0, 0.0, 1.0, 0.0], "coverage": [0.5613194444444445, 0.6210243055555555, 0.6800998263888889, 1.0, 1.0, 0.24529513888888888, 0.536875, 1.0, 0.45630208333333333], "coverage_estimated_first_order_diff": [0.28776783262509054, 0.2791263524330947, 0.10905507061585618, -0.7164500533007748, -0.4199906869805372, 0.24959795116614136, 0.2687013900264379, -0.5191243377481868, 0.27337652986425365], "coverage_estimated_second_order_diff": [-0.02193783173904451, -0.016174729041155578, -4.340290085447229e-06, -1.6404211322651463e-11, -0.004372662425000007, -0.01720646987424887, 0.005394597142600044, 0.021017888230999926, 0.002488163524866638]}