{"coverage_estimated_first_order": [1.047470410768344, 1.06892367916563, 0.4252821528433851, 0.9309726375598095, 1.202026750928345, 0.4210822294083562, 0.766881624899049, 1.066229178028927, 0.7264538006312391], "coverage_estimated_second_order": [0.4391235842536, 0.43126520794469997, 1.000000000011017, 0.6800954861088273, 0.603557332338, 0.9793942884610599, 1.0186786549902, 0.5772086383485, 1.0215429980534], "sol": [0.0, 0.0, 1.0, 0.0, 0.0, 1.0, 1.0, 0.0, 1.0], "coverage": [0.44438802083333334, 0.4338671875, 1.0, 0.6800998263888889, 0.6021310763888889, 1.0, 1.0, 0.5429730902777777, 1.0], "coverage_estimated_first_order_diff": [0.6030823899350106, 0.63505649166563, -0.5747178471566149, 0.25087281117092064, 0.5998956745394562, -0.5789177705916437, -0.23311837510095101, 0.5232560877511493, -0.2735461993687609], "coverage_estimated_second_order_diff": [-0.005264436579733356, -0.0026019795553000047, 1.1016965117960353e-11, -4.340280061576607e-06, 0.001426255949111166, -0.020605711538940086, 0.01867865499020005, 0.034235548070722266, 0.021542998053400098]}