{"coverage_estimated_first_order": [1.1116580462292427, 1.6067273946764726, 0.567042870457847, 1.0727476109094218, 1.2574222691077508, 0.8583912298717357, 1.0392434652979894, 1.0782767386269458, 1.2816606971478426], "coverage_estimated_second_order": [0.9913463747508001, 0.7974205063854001, 1.0000000000188587, 0.6800954860992674, 0.9689437100696, 0.34274892797045997, 0.9690100413075999, 0.9654459840632998, 0.6448923145458], "sol": [1.0, 0.0, 1.0, 0.0, 1.0, 0.0, 1.0, 1.0, 0.0], "coverage": [1.0, 0.8114453125, 1.0, 0.6800998263888889, 1.0, 0.3297092013888889, 1.0, 1.0, 0.6478125], "coverage_estimated_first_order_diff": [0.11165804622924269, 0.7952820821764727, -0.43295712954215304, 0.39264778452053295, 0.2574222691077508, 0.5286820284828468, 0.03924346529798939, 0.07827673862694584, 0.6338481971478426], "coverage_estimated_second_order_diff": [-0.008653625249199881, -0.014024806114599886, 1.885869238549276e-11, -4.340289621485027e-06, -0.031056289930399994, 0.013039726581571098, -0.030989958692400066, -0.034554015936700155, -0.0029201854542000305]}