{"coverage_estimated_first_order": [1.7836882965090273, 1.4477117530894235, 0.7088035880723089, 1.2146096662654038, 1.6005360296956843, 0.9587453289732943, 1.3993122014860302, 1.3799288523077, 1.3085902685385005], "coverage_estimated_second_order": [0.7105655658582, 0.8626286462594002, 1.0000000000071183, 0.6802582464868179, 0.7718438077042, 0.27915537509263, 0.7539705707962, 0.7385894500228001, 0.7468336805325], "sol": [0.0, 1.0, 1.0, 0.0, 1.0, 0.0, 1.0, 1.0, 1.0], "coverage": [0.7707291666666667, 1.0, 1.0, 0.6802647569444444, 1.0, 0.2809201388888889, 1.0, 1.0, 1.0], "coverage_estimated_first_order_diff": [1.0129591298423606, 0.44771175308942346, -0.2911964119276911, 0.5343449093209593, 0.6005360296956843, 0.6778251900844054, 0.3993122014860302, 0.3799288523077, 0.30859026853850047], "coverage_estimated_second_order_diff": [-0.06016360080846672, -0.13737135374059983, 7.118305944686654e-12, -6.510457626562882e-06, -0.22815619229579998, -0.0017647637962588947, -0.2460294292038, -0.2614105499771999, -0.2531663194675]}