{"coverage_estimated_first_order": [1.590348800571188, 1.182173413772848, 1.0726763322336688, 0.5671869754048192, 1.2946443945721884, 0.6774568881569426, 1.236909691865542, 0.9349969123486374, 1.145448418861395], "coverage_estimated_second_order": [0.7980655040153999, 0.9640709497818, 0.6800954860992786, 1.000000000018872, 0.969077025439, 0.9735908289106399, 0.5666392825354, 0.9686054927590999, 0.49062345289219994], "sol": [0.0, 1.0, 0.0, 1.0, 1.0, 1.0, 0.0, 1.0, 0.0], "coverage": [0.8209288194444444, 1.0, 0.6800998263888889, 1.0, 1.0, 1.0, 0.5812630208333334, 1.0, 0.5024001736111111], "coverage_estimated_first_order_diff": [0.7694199811267437, 0.1821734137728479, 0.3925765058447799, -0.4328130245951808, 0.2946443945721884, -0.3225431118430574, 0.6556466710322086, -0.06500308765136265, 0.6430482452502838], "coverage_estimated_second_order_diff": [-0.022863315429044517, -0.03592905021820003, -4.340289610271775e-06, 1.887201506178826e-11, -0.030922974561000016, -0.02640917108936014, -0.014623738297933397, -0.031394507240900094, -0.011776720718911171]}