{"coverage_estimated_first_order": [1.4998372006950378, 1.5091889956584263, 0.7088035880723089, 1.2146096662654033, 1.9720573506604764, 0.8318710268462578, 1.2210196722928244, 1.2544737313328245, 1.4361942005857267], "coverage_estimated_second_order": [0.866529794185, 0.8540901184557002, 1.000000000007118, 0.6802582464868178, 0.7788002958375999, 0.9580236302313601, 0.9372448833035999, 0.928097296442, 0.6076506070372001], "sol": [1.0, 1.0, 1.0, 0.0, 0.0, 1.0, 1.0, 1.0, 0.0], "coverage": [1.0, 1.0, 1.0, 0.6802647569444444, 0.87015625, 1.0, 1.0, 1.0, 0.6234288194444444], "coverage_estimated_first_order_diff": [0.4998372006950378, 0.5091889956584263, -0.2911964119276911, 0.5343449093209589, 1.1019011006604764, -0.1681289731537422, 0.22101967229282438, 0.25447373133282447, 0.8127653811412823], "coverage_estimated_second_order_diff": [-0.13347020581500002, -0.14590988154429985, 7.118083900081729e-12, -6.5104576266739045e-06, -0.09135595416240005, -0.04197636976863994, -0.0627551166964001, -0.07190270355799999, -0.015778212407244308]}