{"coverage_estimated_first_order": [0.9211418318731444, 0.5072594181501362, 0.2835214352289237, 0.789284746216566, 0.9467405569097675, 0.4633714771304013, 0.4301131999946243, 0.8055111640031625, 0.7663617978003828], "coverage_estimated_second_order": [0.6693618445113999, 0.974325873924, 0.9999999999835932, 0.680258246515465, 0.6516139043256, 0.16259366302111, 0.9991293307938001, 0.5692205745376, 0.5423169285056999], "sol": [0.0, 1.0, 1.0, 0.0, 0.0, 0.0, 1.0, 0.0, 0.0], "coverage": [0.6927604166666667, 1.0, 1.0, 0.6802647569444444, 0.6845486111111111, 0.17815972222222223, 1.0, 0.5867491319444444, 0.5547699652777778], "coverage_estimated_first_order_diff": [0.2283814152064777, -0.4927405818498638, -0.7164785647710763, 0.10901998927212153, 0.26219194579865646, 0.28521175490817907, -0.5698868000053757, 0.21876203205871803, 0.21159183252260505], "coverage_estimated_second_order_diff": [-0.02339857215526675, -0.025674126075999948, -1.64067648356081e-11, -6.510428979478178e-06, -0.032934706785511136, -0.015566059201112231, -0.0008706692061999366, -0.017528557406844447, -0.012453036772077875]}