{"coverage_estimated_first_order": [1.513296388261386, 1.5495777546154326, 0.8505643056867707, 0.8507369221040442, 2.0458435104269306, 0.8323517886341205, 1.3846422837577927, 1.3480157573855491, 1.2487440581262574], "coverage_estimated_second_order": [0.8389865010935, 0.8119317252985, -1.448373247543e-10, 0.00016276027184011468, 0.7897154765957999, 0.9571767167851499, 0.8099181512121999, 0.8087053489825999, 0.8492814263674999], "sol": [1.0, 1.0, 0.0, 0.0, 0.0, 1.0, 1.0, 1.0, 1.0], "coverage": [1.0, 1.0, 0.0, 0.00016493055555555556, 0.9182638888888889, 1.0, 1.0, 1.0, 1.0], "coverage_estimated_first_order_diff": [0.5132963882613859, 0.5495777546154326, 0.8505643056867707, 0.8505719915484886, 1.1275796215380418, -0.16764821136587948, 0.38464228375779275, 0.34801575738554913, 0.24874405812625744], "coverage_estimated_second_order_diff": [-0.16101349890649996, -0.1880682747015, -1.448373247543e-10, -2.1702837154408854e-06, -0.128548412293089, -0.04282328321485007, -0.1900818487878001, -0.19129465101740006, -0.15071857363250007]}