{"coverage_estimated_first_order": [0.9500805391104, 0.9346986512488189, 0.8047061425802211, 0.9009473299791035, 0.8005730186550094, 0.6385402531163902, 1.0080347438237336, 0.7740745490453359, 0.7018192081326604, 0.5903798300338485], "coverage_estimated_second_order": [0.497502865664, 0.39992393794420006, 0.3020882957835, 0.4324199583236, 0.32264782625730004, 0.972951038071, 0.6846946390486, 1.0424861022340999, 1.0544534305481, 0.9917599552742], "sol": [0.0, 0.0, 0.0, 0.0, 0.0, 1.0, 0.0, 1.0, 1.0, 1.0], "coverage": [0.5090798611111111, 0.41749131944444445, 0.318125, 0.4377951388888889, 0.3381987847222222, 1.0, 0.6349956597222223, 1.0, 1.0, 1.0], "coverage_estimated_first_order_diff": [0.4410006779992889, 0.5172073318043744, 0.4865811425802211, 0.46315219109021466, 0.4623742339327872, -0.3614597468836098, 0.3730390841015113, -0.2259254509546641, -0.2981807918673396, -0.40962016996615147], "coverage_estimated_second_order_diff": [-0.01157699544711116, -0.017567381500244394, -0.016036704216499997, -0.005375180565288906, -0.01555095846492216, -0.02704896192899997, 0.04969897932637768, 0.042486102234099876, 0.054453430548099924, -0.008240044725799978]}