{"coverage_estimated_first_order": [1.2893056646297034, 0.9344899026642833, 1.13046384322516, 1.2614610492670133, 0.8001649278283778, 0.8764621465682949, 1.154656622382562, 0.8331517379514786, 1.0640984677087753, 0.8468070393067779], "coverage_estimated_second_order": [0.820091866573, 1.0195120163407, 0.6668629464683, 0.8194768820183, 1.0199726048206998, 1.0366169818204, 0.6581946263358001, 0.9592343209997999, 0.5824520250471, 1.0330888259959], "sol": [0.0, 1.0, 0.0, 0.0, 1.0, 1.0, 0.0, 1.0, 0.0, 1.0], "coverage": [0.8001171875, 1.0, 0.6573914930555556, 0.8143185763888889, 1.0, 1.0, 0.6962326388888889, 1.0, 0.6228038194444444, 1.0], "coverage_estimated_first_order_diff": [0.48918847712970337, -0.06551009733571667, 0.47307235016960436, 0.44714247287812436, -0.19983507217162222, -0.12353785343170509, 0.4584239834936732, -0.16684826204852143, 0.44129464826433085, -0.15319296069322208], "coverage_estimated_second_order_diff": [0.01997467907299999, 0.0195120163407001, 0.009471453412744468, 0.0051583056294111085, 0.019972604820699846, 0.036616981820400074, -0.03803801255308881, -0.04076567900020012, -0.040351794397344376, 0.033088825995899906]}