{"coverage_estimated_first_order": [1.1381357936681114, 1.2397368744320476, 0.7734151699246931, 1.302328693182247, 0.8302584857295615, 1.047629181220051, 0.9567288582337442, 0.9698653027277769, 1.1459018964560017, 0.7721076595115296], "coverage_estimated_second_order": [0.4797260642034, 0.6489286247632001, 0.9577777989878, 0.8765151722252, 1.0311358867076, 0.4735547242364, 1.0587247577081, 1.0468153906003999, 0.697722341712, 1.014520181238], "sol": [0.0, 0.0, 1.0, 0.0, 1.0, 0.0, 1.0, 1.0, 0.0, 1.0], "coverage": [0.5227994791666667, 0.6898871527777778, 1.0, 0.8352951388888888, 1.0, 0.5022178819444445, 1.0, 1.0, 0.6537152777777778, 1.0], "coverage_estimated_first_order_diff": [0.6153363145014447, 0.5498497216542698, -0.22658483007530694, 0.46703355429335824, -0.1697415142704385, 0.5454112992756066, -0.043271141766255794, -0.030134697272223065, 0.4921866186782239, -0.2278923404884704], "coverage_estimated_second_order_diff": [-0.043073414963266665, -0.040958528014577666, -0.04222220101219998, 0.04122003333631119, 0.031135886707599925, -0.028663157708044507, 0.05872475770810004, 0.04681539060039985, 0.04400706393422216, 0.01452018123800003]}