{"coverage_estimated_first_order": [1.4772820322917322, 1.5855568856363993, 1.3510250578340959, 1.297440229043231, 1.523289890576915, 1.5582396222246635, 1.6423904690789313, 1.4182536655650197, 1.2691152943562334, 1.1335094029730397], "coverage_estimated_second_order": [0.9296481458860002, 0.9278359807557, 0.9282040228975998, 0.9948170020631001, 0.7439019412360001, 0.6533659221343, 0.7433302646676, 1.0117405828820998, 1.0092107389526002, 0.9939896490073], "sol": [1.0, 1.0, 1.0, 1.0, 0.0, 0.0, 0.0, 1.0, 1.0, 1.0], "coverage": [1.0, 1.0, 1.0, 1.0, 0.7360850694444444, 0.6673090277777778, 0.7233376736111111, 1.0, 1.0, 1.0], "coverage_estimated_first_order_diff": [0.47728203229173216, 0.5855568856363993, 0.3510250578340959, 0.297440229043231, 0.7872048211324706, 0.8909305944468857, 0.9190527954678201, 0.41825366556501975, 0.2691152943562334, 0.1335094029730397], "coverage_estimated_second_order_diff": [-0.0703518541139998, -0.07216401924430005, -0.07179597710240015, -0.0051829979368999135, 0.007816871791555657, -0.013943105643477782, 0.019992591056488873, 0.011740582882099782, 0.009210738952600162, -0.006010350992699975]}