{"coverage_estimated_first_order": [0.6959993685446463, 1.1360364967378176, 0.6325667820281824, 0.6233260158550413, 0.9153509062035402, 0.8707535438633115, 0.9681032566611334, 0.6439688513655427, 0.9072686145950105, 0.7750101245870983], "coverage_estimated_second_order": [1.0297039200466, 0.9004278567863999, 1.0428978090826, 0.9984196679200001, 0.6268923017023, 0.5110346972858, 0.6768944690529001, 0.9918170295332, 0.6302478947322999, 0.3646446965398], "sol": [1.0, 0.0, 1.0, 1.0, 0.0, 0.0, 0.0, 1.0, 0.0, 0.0], "coverage": [1.0, 0.87109375, 1.0, 1.0, 0.6408420138888888, 0.5091362847222223, 0.69203125, 1.0, 0.6447526041666667, 0.38809027777777777], "coverage_estimated_first_order_diff": [-0.3040006314553537, 0.2649427467378176, -0.3674332179718176, -0.3766739841449587, 0.27450889231465136, 0.3616172591410892, 0.2760720066611334, -0.3560311486344573, 0.2625160104283438, 0.3869198468093205], "coverage_estimated_second_order_diff": [0.029703920046600052, 0.029334106786399916, 0.04289780908259999, -0.0015803320799998577, -0.013949712186588803, 0.0018984125635777005, -0.015136780947099915, -0.008182970466800055, -0.01450470943436677, -0.023445581237977797]}