{"coverage_estimated_first_order": [1.4345776131523351, 1.5067776988932404, 0.9951411569326388, 1.1167156740821365, 1.3749232304055596, 1.0475154348887048, 1.1650004034361299, 1.1900235530015473, 1.3503814024919794, 1.0022807415486028], "coverage_estimated_second_order": [0.6739898512220001, 0.7550434454562001, 0.9997968485346999, 1.0227598803174, 0.7885627256618001, 1.0156670499758, 1.0348044959911, 1.0317738117473998, 0.7139526485965999, 1.0248667647477], "sol": [0.0, 0.0, 1.0, 1.0, 0.0, 1.0, 1.0, 1.0, 0.0, 1.0], "coverage": [0.6771397569444444, 0.7584505208333333, 1.0, 1.0, 0.7604253472222222, 1.0, 1.0, 1.0, 0.6741623263888888, 1.0], "coverage_estimated_first_order_diff": [0.7574378562078907, 0.7483271780599071, -0.004858843067361174, 0.11671567408213646, 0.6144978831833374, 0.0475154348887048, 0.16500040343612987, 0.19002355300154727, 0.6762190761030905, 0.002280741548602805], "coverage_estimated_second_order_diff": [-0.003149905722444335, -0.0034070753771332507, -0.00020315146530014427, 0.02275988031740006, 0.028137378439577865, 0.01566704997580004, 0.034804495991100026, 0.031773811747399794, 0.03979032220771106, 0.02486676474770011]}