{"coverage_estimated_first_order": [1.0535274960051584, 1.1493107596849883, 0.9699868162837706, 0.8485643513786234, 1.1516772675095786, 1.1812158322299413, 1.0293831343302415, 1.0541189336749621, 0.9290270011715219, 0.7887002525855727], "coverage_estimated_second_order": [0.9868011641815, 0.9853359576524001, 0.9775361319939999, 0.9885122077246999, 0.7234334330609, 0.6942319964653999, 0.2722696355213, 0.22586727442980004, 0.1701778010685, 1.0194681693686], "sol": [1.0, 1.0, 1.0, 1.0, 0.0, 0.0, 0.0, 0.0, 0.0, 1.0], "coverage": [1.0, 1.0, 1.0, 1.0, 0.7144140625, 0.6663671875, 0.2616276041666667, 0.2125043402777778, 0.14759548611111112, 1.0], "coverage_estimated_first_order_diff": [0.05352749600515838, 0.1493107596849883, -0.030013183716229408, -0.1514356486213766, 0.4372632050095786, 0.5148486447299413, 0.7677555301635748, 0.8416145933971844, 0.7814315150604108, -0.21129974741442725], "coverage_estimated_second_order_diff": [-0.01319883581850001, -0.014664042347599882, -0.022463868006000087, -0.011487792275300057, 0.009019370560900075, 0.02786480896539989, 0.010642031354633319, 0.013362934152022249, 0.022582314957388883, 0.019468169368600075]}