{"coverage_estimated_first_order": [1.6280266377865398, 1.6683640291087303, 1.7318752447532502, 1.7231356550352448, 1.5539345229315553, 1.7161366836547065, 1.6725882875296618, 1.772785420934464, 1.5319910713642022, 1.3648391654270107], "coverage_estimated_second_order": [0.9794501816792999, 0.9757026041162998, 0.6413777449870999, 0.8414610853958999, 0.8972197758334001, 0.6386181610533002, 0.8078389932712001, 0.8160230236073, 0.8552503182607, 0.9333105637698], "sol": [1.0, 1.0, 0.0, 1.0, 1.0, 0.0, 1.0, 1.0, 1.0, 1.0], "coverage": [1.0, 1.0, 0.6587456597222222, 1.0, 1.0, 0.6615190972222222, 1.0, 1.0, 1.0, 1.0], "coverage_estimated_first_order_diff": [0.6280266377865398, 0.6683640291087303, 1.0731295850310278, 0.7231356550352448, 0.5539345229315553, 1.0546175864324843, 0.6725882875296618, 0.772785420934464, 0.5319910713642022, 0.36483916542701067], "coverage_estimated_second_order_diff": [-0.02054981832070013, -0.024297395883700168, -0.017367914735122336, -0.15853891460410008, -0.10278022416659993, -0.02290093616892208, -0.19216100672879988, -0.18397697639270005, -0.14474968173930003, -0.06668943623019996]}