{"coverage_estimated_first_order": [1.2893003060837618, 0.934573815904947, 1.1305071773962176, 0.8770678402108933, 1.1652469365507594, 0.8763484002369486, 1.1653575411348729, 0.8482372796990291, 1.087653779891018, 0.8314094416974697], "coverage_estimated_second_order": [0.8201201825747001, 1.0195637045639, 0.6669021107265, 1.0338190862929002, 0.7569573901930001, 1.0367569849044, 0.6766705352567001, 0.9893981339586, 0.6288008683223001, 1.0332813442243], "sol": [0.0, 1.0, 0.0, 1.0, 0.0, 1.0, 0.0, 1.0, 0.0, 1.0], "coverage": [0.8001171875, 1.0, 0.6573914930555556, 1.0, 0.7361414930555555, 1.0, 0.6931467013888889, 1.0, 0.6444965277777778, 1.0], "coverage_estimated_first_order_diff": [0.48918311858376173, -0.06542618409505296, 0.4731156843406621, -0.12293215978910665, 0.42910544349520385, -0.1236515997630514, 0.472210839745984, -0.15176272030097093, 0.4431572521132402, -0.16859055830253034], "coverage_estimated_second_order_diff": [0.020002995074700047, 0.01956370456390011, 0.00951061767094441, 0.0338190862929002, 0.020815897137444583, 0.03675698490440005, -0.01647616613218883, -0.01060186604140001, -0.015695659455477684, 0.03328134422430007]}