{"coverage_estimated_first_order": [0.653149282894572, 1.0139257279381315, 0.8345520302211903, 0.6782086044804801, 0.985674426609345, 0.9124436451412741, 0.968046634451622, 0.6436027406299634, 0.9070097831046704, 0.5908269508625599], "coverage_estimated_second_order": [0.961510802309, 0.6322750711365, 0.4125501343854, 1.0377505190514, 0.7588697283604001, 0.6026993779123999, 0.6770255831874, 0.991242945769, 0.6297523906241, 1.0350829174638], "sol": [1.0, 0.0, 0.0, 1.0, 0.0, 0.0, 0.0, 1.0, 0.0, 1.0], "coverage": [1.0, 0.6726519097222222, 0.45364149305555557, 1.0, 0.7358506944444444, 0.6244835069444444, 0.6926822916666666, 1.0, 0.6447526041666667, 1.0], "coverage_estimated_first_order_diff": [-0.34685071710542803, 0.3412738182159093, 0.3809105371656347, -0.32179139551951985, 0.2498237321649006, 0.28796013819682964, 0.27536434278495536, -0.35639725937003663, 0.2622571789380037, -0.4091730491374401], "coverage_estimated_second_order_diff": [-0.03848919769100001, -0.04037683858572216, -0.041091358670155564, 0.03775051905140003, 0.023019033915955722, -0.02178412903204452, -0.01565670847926659, -0.008757054231000039, -0.015000213542566643, 0.0350829174638001]}