{"coverage_estimated_first_order": [0.9746742970543365, 1.0004548886829554, 1.1490398096410879, 0.8457402929516965, 1.094858091714607, 1.0768967972592909, 1.247420281619482, 1.0081533375713245, 0.9072430206774658, 0.9493262292485014], "coverage_estimated_second_order": [1.0494566399354, 1.0496596931104, 0.678665263991, 0.9827577421661001, 0.6273358173697001, 0.5374780435615001, 0.7708591734757, 1.0433931988846, 1.0357931854726998, 0.36696367818049996], "sol": [1.0, 1.0, 0.0, 1.0, 0.0, 0.0, 0.0, 1.0, 1.0, 0.0], "coverage": [1.0, 1.0, 0.6416753472222222, 1.0, 0.6410286458333333, 0.5149869791666667, 0.7218272569444445, 1.0, 1.0, 0.37768663194444446], "coverage_estimated_first_order_diff": [-0.025325702945663497, 0.0004548886829554011, 0.5073644624188657, -0.1542597070483035, 0.4538294458812736, 0.5619098180926242, 0.5255930246750374, 0.008153337571324526, -0.09275697932253424, 0.5716395973040569], "coverage_estimated_second_order_diff": [0.04945663993539995, 0.04965969311040008, 0.03698991676877783, -0.017242257833899877, -0.013692828463633178, 0.022491064394833393, 0.04903191653125549, 0.043393198884599915, 0.03579318547269983, -0.010722953763944498]}