{"coverage_estimated_first_order": [0.8241327493971603, 0.5716311576982676, 0.5164730276129055, 0.6192316245627508, 0.5376154639675701, 0.6457959770833896, 0.6743438346273093, 0.7746509249350565, 0.362105511251563, 0.5426824521104798], "coverage_estimated_second_order": [0.7027193805572001, 1.0325416643994, 1.0478683981758, 0.1589523048826, 0.045390712112000006, 0.3990020932898, 0.3923736855396, 0.593014337665, 0.9486795176592, 0.1555405561316], "sol": [0.0, 1.0, 1.0, 0.0, 0.0, 0.0, 0.0, 0.0, 1.0, 0.0], "coverage": [0.6717144097222222, 1.0, 1.0, 0.14128472222222221, 0.012643229166666667, 0.3877864583333333, 0.41420572916666665, 0.6251692708333333, 1.0, 0.1439453125], "coverage_estimated_first_order_diff": [0.15241833967493812, -0.42836884230173244, -0.4835269723870945, 0.4779469023405286, 0.5249722348009034, 0.25800951875005634, 0.26013810546064264, 0.1494816541017232, -0.637894488748437, 0.39873713961047985], "coverage_estimated_second_order_diff": [0.031004970834977885, 0.032541664399400094, 0.04786839817579991, 0.017667582660377795, 0.03274748294533334, 0.011215634956466713, -0.021832043627066644, -0.03215493316833329, -0.0513204823408, 0.0115952436316]}