{"coverage_estimated_first_order": [0.720753962306201, 0.7037757624619659, 0.6029108880609514, 0.6650157379906019, 0.5814094228208698, 0.37741236401487377, 0.531618073939159, 0.5469087361444627, 0.7837145157218635, 0.590772032988415], "coverage_estimated_second_order": [0.43721439698860004, 0.342952098845, 0.25191468359729996, 0.31074815800919997, 0.1908727595709, 0.934037430176, 1.053412071335, 1.0561973064688, 0.7008982170474001, 0.2751230752136], "sol": [0.0, 0.0, 0.0, 0.0, 0.0, 1.0, 1.0, 1.0, 0.0, 0.0], "coverage": [0.4795920138888889, 0.38440104166666667, 0.28043402777777776, 0.29261284722222225, 0.17901909722222223, 1.0, 1.0, 1.0, 0.6521614583333334, 0.2752604166666667], "coverage_estimated_first_order_diff": [0.24116194841731214, 0.31937472079529927, 0.3224768602831736, 0.3724028907683796, 0.4023903255986476, -0.6225876359851262, -0.46838192606084095, -0.45309126385553733, 0.13155305738853007, 0.3155116163217483], "coverage_estimated_second_order_diff": [-0.04237761690028885, -0.04144894282166667, -0.0285193441804778, 0.01813531078697772, 0.011853662348677768, -0.06596256982399995, 0.05341207133499992, 0.056197306468799946, 0.048736758714066686, -0.0001373414530666528]}