{"coverage_estimated_first_order": [0.7383805453159991, 0.7166738764271162, 0.6142476358424268, 0.6785961096801469, 0.6210883108720343, 0.4500793961025981, 0.7290748565641278, 0.40993981715527816, 0.7018192081326604, 0.4179822292548636], "coverage_estimated_second_order": [0.48396750670500005, 0.3866036759288, 0.2894510725328999, 0.375221631037, 0.31625629352699997, 0.9658114593114, 0.5539861667204, 0.9335259165772, 0.5726121628153, 0.9886468985898], "sol": [0.0, 0.0, 0.0, 0.0, 0.0, 1.0, 0.0, 1.0, 0.0, 1.0], "coverage": [0.5077430555555555, 0.41651475694444445, 0.31708333333333333, 0.41574652777777776, 0.33784288194444445, 1.0, 0.6039453125, 1.0, 0.6214756944444444, 1.0], "coverage_estimated_first_order_diff": [0.23063748976044351, 0.30015911948267177, 0.2971643025090935, 0.2628495819023692, 0.28324542892758986, -0.5499206038974018, 0.1251295440641278, -0.5900601828447218, 0.08034351368821602, -0.5820177707451364], "coverage_estimated_second_order_diff": [-0.023775548850555495, -0.029911081015644436, -0.027632260800433406, -0.04052489674077775, -0.021586588417444486, -0.0341885406886, -0.049959145779600034, -0.06647408342280003, -0.04886353162914436, -0.011353101410199962]}