{"coverage_estimated_first_order": [1.4340253651628734, 1.5062049736032146, 0.9949511632589008, 1.0993560037121513, 1.3447091666056428, 1.0471268608685536, 1.4439602906957354, 1.2123222572733625, 1.0876793738085624, 1.0018885385940366], "coverage_estimated_second_order": [0.6727700595582, 0.7535814980883, 1.0000736769802998, 1.0093215016052002, 0.7520926162307999, 1.0153424898384, 0.7590283976101, 1.0306983640599, 1.025276927682, 1.0253043775696], "sol": [0.0, 0.0, 1.0, 1.0, 0.0, 1.0, 0.0, 1.0, 1.0, 1.0], "coverage": [0.6761414930555556, 0.7570703125, 1.0, 1.0, 0.7363194444444444, 1.0, 0.7216579861111111, 1.0, 1.0, 1.0], "coverage_estimated_first_order_diff": [0.7578838721073178, 0.7491346611032146, -0.0050488367410992385, 0.09935600371215125, 0.6083897221611984, 0.047126860868553555, 0.7223023045846243, 0.2123222572733625, 0.08767937380856239, 0.0018885385940365929], "coverage_estimated_second_order_diff": [-0.0033714334973555804, -0.003488814411700014, 7.367698029980829e-05, 0.009321501605200178, 0.01577317178635551, 0.01534248983840003, 0.0373704114989889, 0.030698364059899896, 0.02527692768199996, 0.025304377569600023]}