{"coverage_estimated_first_order": [0.9929306247604744, 1.4031182433022187, 0.8544629209241851, 1.0444574261100072, 0.90933634121775, 0.8704541549686454, 1.2062216283332923, 0.9801618029184312, 0.8833981953573973, 0.9656528701768152], "coverage_estimated_second_order": [1.0481720197395, 0.9324421705038, 1.0367710935457, 0.2568794356988, 0.1097516212585, 1.0294896996579002, 0.6837590938245, 1.0387433348257997, 1.049430531235, 0.3574653775204], "sol": [1.0, 0.0, 1.0, 0.0, 0.0, 1.0, 0.0, 1.0, 1.0, 0.0], "coverage": [1.0, 0.8840321180555556, 1.0, 0.22781684027777777, 0.08955295138888889, 1.0, 0.6358420138888888, 1.0, 1.0, 0.3246831597222222], "coverage_estimated_first_order_diff": [-0.007069375239525555, 0.5190861252466631, -0.14553707907581492, 0.8166405858322294, 0.8197833898288611, -0.12954584503135458, 0.5703796144444034, -0.019838197081568754, -0.11660180464260272, 0.6409697104545931], "coverage_estimated_second_order_diff": [0.048172019739499916, 0.04841005244824437, 0.03677109354569996, 0.02906259542102224, 0.02019866986961112, 0.02948969965790016, 0.04791707993561112, 0.038743334825799725, 0.049430531235000075, 0.03278221779817775]}