{"coverage_estimated_first_order": [0.7807985855614233, 0.4493955535547097, 0.7182447897467986, 0.45176299288923305, 0.7935362853127815, 0.6877854672560184, 0.6337394671957137, 0.6431645711728088, 0.5666412928525713, 0.4134272124426061], "coverage_estimated_second_order": [0.6393999916548999, 0.9448917696694, 0.5923139843701999, 0.9850776711537, 0.7227892144220001, 0.517005168765, 0.24957980029030002, 0.2037601382766, 0.1523041371219, 1.0284051061362], "sol": [0.0, 1.0, 0.0, 1.0, 0.0, 0.0, 0.0, 0.0, 0.0, 1.0], "coverage": [0.6943055555555555, 1.0, 0.6446137152777778, 1.0, 0.7143446180555556, 0.5570095486111111, 0.25744791666666667, 0.2087282986111111, 0.14514756944444446, 1.0], "coverage_estimated_first_order_diff": [0.08649303000586783, -0.5506044464452903, 0.07363107446902084, -0.548237007110767, 0.07919166725722593, 0.13077591864490734, 0.37629155052904706, 0.4344362725616977, 0.4214937234081268, -0.5865727875573938], "coverage_estimated_second_order_diff": [-0.054905563900655596, -0.05510823033059997, -0.05229973090757789, -0.01492232884629996, 0.008444596366444457, -0.04000437984611105, -0.00786811637636664, -0.0049681603345111125, 0.007156567677455539, 0.028405106136200065]}