{"coverage_estimated_first_order": [0.9497995187623687, 0.9348660516463041, 0.8045180879490503, 1.0761755520395577, 0.6386591671705648, 0.6392398863954157, 0.6227386323602544, 0.9697047918893597, 0.8056722445404715, 0.6610836158248907], "coverage_estimated_second_order": [0.49584760892540003, 0.3997975135404999, 0.3008608957034, 0.8257006480109, 1.0381076140811, 0.9732433127226001, 0.9699051588958001, 0.5883790154462, 0.3761586716228, 1.0302602391765001], "sol": [0.0, 0.0, 0.0, 0.0, 1.0, 1.0, 1.0, 0.0, 0.0, 1.0], "coverage": [0.5064496527777778, 0.41649305555555555, 0.3161762152777778, 0.7959071180555556, 1.0, 1.0, 1.0, 0.6168836805555555, 0.40957465277777777, 1.0], "coverage_estimated_first_order_diff": [0.4433498659845909, 0.5183729960907486, 0.48834187267127255, 0.28026843398400214, -0.3613408328294352, -0.36076011360458426, -0.3772613676397456, 0.3528211113338041, 0.3960975917626937, -0.3389163841751093], "coverage_estimated_second_order_diff": [-0.01060204385237773, -0.01669554201505563, -0.015315319574377761, 0.029793529955344455, 0.03810761408110008, -0.026756687277399882, -0.03009484110419991, -0.028504665109355565, -0.03341598115497779, 0.030260239176500114]}