{"coverage_estimated_first_order": [1.265779737789021, 1.0215994365430032, 0.9088932901583311, 0.8898825572912226, 1.182289196123925, 1.096461260133667, 0.831252872030194, 1.1902338181556886, 1.0104088741205421, 0.7704001899006958], "coverage_estimated_second_order": [0.7480087275205001, 1.0442143455026, 1.0443430913134, 1.0402885779564999, 0.7812795067754998, 0.5901190583006001, 0.9935245759012999, 0.6302891531403999, 0.4458410066881, 1.0262441316993], "sol": [0.0, 1.0, 1.0, 1.0, 0.0, 0.0, 1.0, 0.0, 0.0, 1.0], "coverage": [0.7097048611111111, 1.0, 1.0, 1.0, 0.7458810763888889, 0.5697005208333333, 1.0, 0.6436762152777777, 0.4690842013888889, 1.0], "coverage_estimated_first_order_diff": [0.5560748766779099, 0.021599436543003225, -0.09110670984166891, -0.11011744270877744, 0.4364081197350361, 0.5267607393003336, -0.16874712796980595, 0.5465576028779109, 0.5413246727316532, -0.2295998100993042], "coverage_estimated_second_order_diff": [0.03830386640938899, 0.04421434550260006, 0.044343091313399974, 0.04028857795649987, 0.035398430386610946, 0.02041853746726674, -0.0064754240987000555, -0.013387062137377836, -0.023243194700788894, 0.026244131699300066]}