{"coverage_estimated_first_order": [1.4155655138155825, 1.4929015347455237, 0.9832363671725164, 1.2436441837130754, 1.1129023632701167, 0.9747708880397034, 1.140167283866893, 1.567220123378386, 1.0107256891221599, 1.2449899251640637], "coverage_estimated_second_order": [0.6426429214605001, 0.7291743817967, 0.9955409412716999, 1.0095295600316998, 1.003472743339, 0.9992853390110001, 1.0218832320124, 0.908246238571, 1.0363525002160001, 0.6246739624366], "sol": [0.0, 0.0, 1.0, 1.0, 1.0, 1.0, 1.0, 0.0, 1.0, 0.0], "coverage": [0.663984375, 0.7444704861111111, 1.0, 1.0, 1.0, 1.0, 1.0, 0.8628689236111111, 1.0, 0.6168272569444444], "coverage_estimated_first_order_diff": [0.7515811388155825, 0.7484310486344126, -0.01676363282748361, 0.2436441837130754, 0.11290236327011671, -0.025229111960296646, 0.14016728386689303, 0.7043511997672749, 0.010725689122159876, 0.6281626682196193], "coverage_estimated_second_order_diff": [-0.0213414535394999, -0.015296104314411085, -0.004459058728300103, 0.009529560031699802, 0.0034727433390000506, -0.0007146609889998601, 0.021883232012400056, 0.04537731495988884, 0.036352500216000116, 0.007846705492155603]}