{"coverage_estimated_first_order": [0.8658856028640972, 1.2326480633937322, 1.0254140166918373, 1.1402707154483784, 1.0097758972528303, 1.1009936872805517, 1.008594379673706, 1.116559011274874, 0.964917198696739, 0.7086888205394467], "coverage_estimated_second_order": [0.9627792010494001, 0.6351512621172002, 0.415670375332, 0.5195499301546, 0.4126534067455, 0.6040216475825001, 0.9525492709886002, 0.9634360787976997, 0.9544379319942999, 0.995022236893], "sol": [1.0, 0.0, 0.0, 0.0, 0.0, 0.0, 1.0, 1.0, 1.0, 1.0], "coverage": [1.0, 0.6727994791666667, 0.4536892361111111, 0.5232421875, 0.4280685763888889, 0.6241710069444445, 1.0, 1.0, 1.0, 1.0], "coverage_estimated_first_order_diff": [-0.13411439713590279, 0.5598485842270655, 0.5717247805807262, 0.6170285279483785, 0.5817073208639414, 0.4768226803361072, 0.00859437967370602, 0.116559011274874, -0.035082801303261024, -0.2913111794605533], "coverage_estimated_second_order_diff": [-0.03722079895059993, -0.037648217049466526, -0.0380188607791111, -0.0036922573453999075, -0.015415169643388904, -0.020149359361944397, -0.047450729011399795, -0.03656392120230034, -0.04556206800570006, -0.004977763107000044]}