{"coverage_estimated_first_order": [0.763656080737288, 0.4366222749334314, 0.7071215280244378, 0.6605338414986447, 0.5682600963222105, 0.6148190462736279, 0.47683042979282897, 0.9112537331886615, 0.443741987350426, 0.5312890821194929], "coverage_estimated_second_order": [0.5861443668383, 0.9169689249298001, 0.5620305034228, 0.30509140081799996, 0.15784117828980002, 0.320495714265, 1.030096025106, 0.8828425653672, 1.0466110506416, 0.12441421844159999], "sol": [0.0, 1.0, 0.0, 0.0, 0.0, 0.0, 1.0, 0.0, 1.0, 0.0], "coverage": [0.6595833333333333, 1.0, 0.6277430555555555, 0.3074826388888889, 0.1607421875, 0.37729600694444443, 1.0, 0.8447829861111111, 1.0, 0.12827690972222222], "coverage_estimated_first_order_diff": [0.10407274740395467, -0.5633777250665686, 0.0793784724688823, 0.3530512026097558, 0.4075179088222105, 0.2375230393291835, -0.523169570207171, 0.06647074707755041, -0.556258012649574, 0.40301217239727066], "coverage_estimated_second_order_diff": [-0.07343896649503334, -0.08303107507019991, -0.06571255213275551, -0.0023912380708889236, -0.0029010092101999785, -0.05680029267944442, 0.03009602510600007, 0.03805957925608883, 0.04661105064159998, -0.003862691280622235]}