{"coverage_estimated_first_order": [1.2471221871500402, 1.3542286719570054, 1.1488517550099169, 1.2193771887451983, 1.111998379458414, 1.2974227923820214, 1.0596375749904834, 1.4090167997799856, 1.1921616096698306, 1.204213188764082], "coverage_estimated_second_order": [0.9719053587929001, 0.9777050465528001, 0.9687189045561999, 1.0072015527171, 1.0041651831768, 0.5318688908118001, 0.9629673503422, 0.6381831045786, 0.4429945459194, 0.5088809246870001], "sol": [1.0, 1.0, 1.0, 1.0, 1.0, 0.0, 1.0, 0.0, 0.0, 0.0], "coverage": [1.0, 1.0, 1.0, 1.0, 1.0, 0.5232248263888889, 1.0, 0.6587196180555556, 0.46978732638888887, 0.4900998263888889], "coverage_estimated_first_order_diff": [0.2471221871500402, 0.35422867195700536, 0.14885175500991688, 0.2193771887451983, 0.11199837945841407, 0.7741979659931325, 0.05963757499048339, 0.75029718172443, 0.7223742832809418, 0.714113362375193], "coverage_estimated_second_order_diff": [-0.028094641207099924, -0.022294953447199894, -0.03128109544380009, 0.0072015527171001015, 0.004165183176799925, 0.008644064422911213, -0.037032649657799954, -0.02053651347695562, -0.026792780469488853, 0.0187810982981112]}