{"coverage_estimated_first_order": [0.635168151187002, 1.0008310376649763, 0.8230940543649783, 0.6604547957242408, 0.9333523310567942, 0.8396745370864116, 0.7155022915971745, 1.1447063915092057, 0.6488167975091621, 0.7636028057666142], "coverage_estimated_second_order": [0.9290290888016, 0.5967263402417001, 0.37905277254159997, 1.0132359287836, 0.6532171961852, 0.4251036852029, 1.0666492757148, 0.9161462266349999, 1.0538282595586, 0.33138897141019996], "sol": [1.0, 0.0, 0.0, 1.0, 0.0, 0.0, 1.0, 0.0, 1.0, 0.0], "coverage": [1.0, 0.6579600694444444, 0.4282855902777778, 1.0, 0.6510199652777777, 0.47303385416666666, 1.0, 0.8490928819444444, 1.0, 0.3633984375], "coverage_estimated_first_order_diff": [-0.364831848812998, 0.34287096822053187, 0.3948084640872005, -0.3395452042757592, 0.28233236577901644, 0.36664068291974494, -0.2844977084028255, 0.2956135095647613, -0.3511832024908379, 0.4002043682666142], "coverage_estimated_second_order_diff": [-0.07097091119840004, -0.06123372920274428, -0.049232817736177825, 0.013235928783599915, 0.0021972309074222984, -0.04793016896376667, 0.06664927571480006, 0.06705334469055546, 0.053828259558599933, -0.03200946608980004]}