{"coverage_estimated_first_order": [0.9068660940015543, 1.3536559466669795, 0.8226472404610677, 1.003545787844467, 0.9027076987021538, 1.0595254601359776, 1.1407269197168657, 1.2260325303714394, 0.7484196223194046, 1.017719308202559], "coverage_estimated_second_order": [1.0251393545797, 0.8962235045586, 1.0380940203737, 1.0428235448166001, 1.0338638754667, 0.5106109967359, 0.6033255032911, 0.7167296124476, 0.982401908401, 0.4950599777671999], "sol": [1.0, 0.0, 1.0, 1.0, 1.0, 0.0, 0.0, 0.0, 1.0, 0.0], "coverage": [1.0, 0.8710850694444444, 1.0, 1.0, 1.0, 0.5100954861111111, 0.6133203125, 0.7307682291666666, 1.0, 0.4830078125], "coverage_estimated_first_order_diff": [-0.09313390599844573, 0.4825708772225351, -0.17735275953893226, 0.0035457878444669078, -0.09729230129784616, 0.5494299740248665, 0.5274066072168657, 0.4952643012047728, -0.2515803776805954, 0.534711495702559], "coverage_estimated_second_order_diff": [0.02513935457970007, 0.02513843511415559, 0.03809402037369991, 0.04282354481660011, 0.0338638754667, 0.0005155106247889396, -0.009994809208899946, -0.014038616719066588, -0.017598091599000054, 0.012052165267199877]}