{"coverage_estimated_first_order": [0.6528000927427416, 1.0136452383894627, 0.834387467975396, 1.0584283764699058, 0.6079492103855769, 0.9124553155054822, 0.9022581554698326, 0.9926519307724706, 0.5433661777377163, 0.606210599642371], "coverage_estimated_second_order": [0.9608003425824999, 0.631339797982, 0.41174911807810005, 0.8032121260830001, 1.0076517749734, 0.6024977532769, 0.5135738688845001, 0.6509624832393, 0.9552076931775999, 1.035056215704], "sol": [1.0, 0.0, 0.0, 0.0, 1.0, 0.0, 0.0, 0.0, 1.0, 1.0], "coverage": [1.0, 0.6719574652777778, 0.45265625, 0.8041493055555555, 1.0, 0.6243446180555555, 0.5643446180555556, 0.6987673611111112, 1.0, 1.0], "coverage_estimated_first_order_diff": [-0.34719990725725836, 0.34168777311168497, 0.381731217975396, 0.2542790709143503, -0.3920507896144231, 0.2881106974499267, 0.337913537414277, 0.29388456966135945, -0.45663382226228366, -0.393789400357629], "coverage_estimated_second_order_diff": [-0.03919965741750009, -0.04061766729577776, -0.04090713192189993, -0.0009371794725554494, 0.007651774973399972, -0.021846864778655495, -0.05077074917105551, -0.0478048778718112, -0.044792306822400096, 0.03505621570399997]}