{"coverage_estimated_first_order": [1.20331327203172, 1.6206128578875088, 1.044329893297956, 1.2023259778004765, 1.0822904346557702, 1.0595254601359776, 1.3382975461669404, 1.4311052388976595, 0.9293438161731398, 1.2632899878489405], "coverage_estimated_second_order": [1.0292727808871, 0.9138311856774, 1.0202671571301, 1.0336466324427, 1.0274337666223001, 1.0142509521749001, 0.5982278458597, 0.7112023633500001, 0.9780646529707, 0.6549508892434], "sol": [1.0, 0.0, 1.0, 1.0, 1.0, 1.0, 0.0, 0.0, 1.0, 0.0], "coverage": [1.0, 0.8841449652777778, 1.0, 1.0, 1.0, 1.0, 0.6144661458333334, 0.7310329861111111, 1.0, 0.6292664930555556], "coverage_estimated_first_order_diff": [0.2033132720317199, 0.736467892609731, 0.04432989329795589, 0.20232597780047645, 0.08229043465577024, 0.05952546013597759, 0.723831400333607, 0.7000722527865484, -0.07065618382686023, 0.6340234947933849], "coverage_estimated_second_order_diff": [0.02927278088710006, 0.02968622039962221, 0.020267157130100077, 0.03364663244270005, 0.027433766622300126, 0.014250952174900133, -0.016238299973633352, -0.019830622761111028, -0.0219353470293, 0.02568439618784435]}