{"coverage_estimated_first_order": [1.7552693589746067, 1.8392103579992374, 1.5609929145845993, 1.6405085990001642, 1.4710658231950056, 1.4858836493958134, 1.5361680887001636, 1.9782242401962638, 1.3730858035235658, 1.6221814691894483], "coverage_estimated_second_order": [0.8041544910783, 0.7959792107366002, 0.8186420668966999, 0.9702792030634001, 0.9778467420550999, 0.8482575839531002, 0.975323816734, 0.8663787506068, 1.0034432132210998, 0.6218349736986], "sol": [1.0, 1.0, 1.0, 1.0, 1.0, 1.0, 1.0, 0.0, 1.0, 0.0], "coverage": [1.0, 1.0, 1.0, 1.0, 1.0, 1.0, 1.0, 0.863671875, 1.0, 0.6336762152777777], "coverage_estimated_first_order_diff": [0.7552693589746067, 0.8392103579992374, 0.5609929145845993, 0.6405085990001642, 0.47106582319500556, 0.4858836493958134, 0.5361680887001636, 1.1145523651962637, 0.3730858035235658, 0.9885052539116705], "coverage_estimated_second_order_diff": [-0.19584550892170005, -0.20402078926339984, -0.18135793310330006, -0.029720796936599903, -0.022153257944900084, -0.15174241604689975, -0.024676183265999962, 0.002706875606800052, 0.00344321322109975, -0.011841241579177764]}