{"coverage_estimated_first_order": [1.7550716596829168, 1.492525385763503, 1.309182122448626, 1.4289296809405312, 1.2744081239279297, 1.2119931482125823, 1.6720852738892007, 1.430667069440505, 1.2691519122904635, 1.4307133486459507], "coverage_estimated_second_order": [0.8016777164425001, 0.9943903252180001, 0.9900285705889997, 1.0018025013252, 1.0140860920013002, 0.9778711296288003, 0.777222971474, 1.008634646373, 1.0094393467355998, 0.6383707034663], "sol": [0.0, 1.0, 1.0, 1.0, 1.0, 1.0, 0.0, 1.0, 1.0, 0.0], "coverage": [0.8043229166666667, 1.0, 1.0, 1.0, 1.0, 1.0, 0.7471961805555556, 1.0, 1.0, 0.6303776041666667], "coverage_estimated_first_order_diff": [0.9507487430162501, 0.492525385763503, 0.309182122448626, 0.4289296809405312, 0.2744081239279297, 0.2119931482125823, 0.9248890933336451, 0.43066706944050503, 0.26915191229046354, 0.800335744479284], "coverage_estimated_second_order_diff": [-0.0026452002241665884, -0.005609674781999918, -0.009971429411000265, 0.001802501325200101, 0.014086092001300177, -0.022128870371199705, 0.0300267909184444, 0.008634646373000043, 0.009439346735599763, 0.007993099299633322]}