{"coverage_estimated_first_order": [1.0353540235518404, 0.7894471839354347, 0.7066747141205273, 1.003624833618871, 0.5376154639675701, 0.8346699693231941, 0.9020550579125202, 0.9925798720508955, 0.5433448121606685, 0.7854055845554376], "coverage_estimated_second_order": [0.7074614547986, 1.0360404092786002, 1.0495469213405, 0.7100982225557999, 0.9681239284769001, 0.4065530279818, 0.512586980834, 0.6508113936218001, 0.9552329317183998, 0.3815506726186], "sol": [0.0, 1.0, 1.0, 0.0, 1.0, 0.0, 0.0, 0.0, 1.0, 0.0], "coverage": [0.6725303819444445, 1.0, 1.0, 0.7482421875, 1.0, 0.3918055555555556, 0.562578125, 0.6981076388888889, 1.0, 0.39685763888888886], "coverage_estimated_first_order_diff": [0.3628236416073959, -0.21055281606456533, -0.2933252858794727, 0.25538264611887085, -0.4623845360324299, 0.4428644137676386, 0.3394769329125201, 0.29447223316200655, -0.45665518783933146, 0.38854794566654877], "coverage_estimated_second_order_diff": [0.03493107285415553, 0.036040409278600194, 0.04954692134049998, -0.03814396494420014, -0.0318760715230999, 0.014747472426244412, -0.049991144166000034, -0.047296245267088866, -0.04476706828160015, -0.01530696627028888]}