{"coverage_estimated_first_order": [1.3727154281655078, 1.7170995891995515, 1.4369636419024965, 1.496919457094857, 1.362312726644467, 1.2900649924478838, 1.3382409239574289, 1.7725751557803227, 1.1917870133662167, 1.2518966178579536], "coverage_estimated_second_order": [0.9752411080926, 0.6912790092414001, 0.46433005165209995, 0.9368656419490999, 0.9367648848649, 0.9886043922331, 1.0011894994973, 0.8906258200198999, 1.0223695348644999, 0.9440933679221002], "sol": [1.0, 0.0, 0.0, 1.0, 1.0, 1.0, 1.0, 0.0, 1.0, 1.0], "coverage": [1.0, 0.7097178819444444, 0.48582465277777775, 1.0, 1.0, 1.0, 1.0, 0.8635633680555556, 1.0, 1.0], "coverage_estimated_first_order_diff": [0.37271542816550784, 1.007381707255107, 0.9511389891247187, 0.49691945709485696, 0.362312726644467, 0.29006499244788375, 0.3382409239574289, 0.9090117877247671, 0.19178701336621673, 0.2518966178579536], "coverage_estimated_second_order_diff": [-0.024758891907399994, -0.01843887270304434, -0.021494601125677804, -0.06313435805090006, -0.06323511513510005, -0.011395607766899962, 0.0011894994973000728, 0.027062451964344314, 0.022369534864499885, -0.05590663207789981]}