{"coverage_estimated_first_order": [0.781637212444858, 0.7960257884603008, 0.9703215304176217, 0.8766803350112266, 0.7996690348433068, 0.9611921574587083, 0.9275050349473237, 0.6158712254469353, 0.8832551286803313, 0.549603093633867], "coverage_estimated_second_order": [1.0625280460132, 1.0566879620059002, 0.7040649232273999, 0.3819945711096, 0.3202112080518, 0.6984409584534, 0.5658789844008, 0.9428009370584, 0.5802268318835, 0.9966703789203001], "sol": [1.0, 1.0, 0.0, 0.0, 0.0, 0.0, 0.0, 1.0, 0.0, 1.0], "coverage": [1.0, 1.0, 0.6581727430555555, 0.4160026041666667, 0.33765625, 0.6606987847222222, 0.6062239583333333, 1.0, 0.6227560763888889, 1.0], "coverage_estimated_first_order_diff": [-0.21836278755514205, -0.2039742115396992, 0.3121487873620662, 0.4606777308445599, 0.46201278484330677, 0.30049337273648613, 0.3212810766139904, -0.3841287745530647, 0.26049905229144243, -0.45039690636613305], "coverage_estimated_second_order_diff": [0.06252804601320006, 0.056687962005900205, 0.04589218017184438, -0.03400803305706668, -0.017445041948200013, 0.03774217373117783, -0.040344973932533335, -0.05719906294160004, -0.042529244505388863, -0.003329621079699918]}