{"coverage_estimated_first_order": [0.9269145195134314, 1.3682296714485944, 0.834955509954043, 1.1163281688824696, 1.009345328698107, 1.1323591921104645, 0.9271478972485806, 0.9576574987494537, 1.1459827512812928, 0.7204743934850001], "coverage_estimated_second_order": [1.0460396466722, 0.9181580770373001, 1.0404854110686, 0.493402494663, 0.4123356688542, 0.678188497816, 1.0479323171591, 1.0504398615958, 0.6975302432604, 0.9978138836382999], "sol": [1.0, 0.0, 1.0, 0.0, 0.0, 0.0, 1.0, 1.0, 0.0, 1.0], "coverage": [1.0, 0.8777083333333333, 1.0, 0.5030772569444445, 0.4279340277777778, 0.6560677083333334, 1.0, 1.0, 0.6537326388888889, 1.0], "coverage_estimated_first_order_diff": [-0.0730854804865686, 0.4905213381152611, -0.165044490045957, 0.6132509119380251, 0.5814113009203291, 0.47629148377713115, -0.0728521027514194, -0.04234250125054628, 0.4922501123924039, -0.2795256065149999], "coverage_estimated_second_order_diff": [0.04603964667219995, 0.04044974370396681, 0.04048541106859993, -0.009674762281444482, -0.015598358923577804, 0.022120789482666603, 0.04793231715909996, 0.05043986159579994, 0.043797604371511145, -0.0021861163617000745]}