{"coverage_estimated_first_order": [0.7814283302577631, 0.8391607942088228, 0.41233115324842057, 0.6368997543579988, 0.56833564676476, 0.4086757928776486, 0.39508403128455505, 0.7521419555091, 0.6246917751217058, 0.6025436571044713], "coverage_estimated_second_order": [0.6439340337064, 0.7322844866447, 1.0015643250972, 0.235125987225, 0.15837224816890003, 1.0046892319398, 0.9317720371532, 0.5509004728829998, 0.36994646084919997, 0.3140872699571], "sol": [0.0, 0.0, 1.0, 0.0, 0.0, 1.0, 1.0, 0.0, 0.0, 0.0], "coverage": [0.6629296875, 0.7439105902777777, 1.0, 0.2524175347222222, 0.16377604166666668, 1.0, 1.0, 0.602734375, 0.41106770833333334, 0.31267361111111114], "coverage_estimated_first_order_diff": [0.11849864275776312, 0.09525020393104511, -0.5876688467515794, 0.3844822196357766, 0.4045596050980933, -0.5913242071223515, -0.604915968715445, 0.14940758050909997, 0.21362406678837248, 0.2898700459933602], "coverage_estimated_second_order_diff": [-0.01899565379360002, -0.0116261036330777, 0.0015643250971999478, -0.017291547497222226, -0.005403793497766651, 0.004689231939799976, -0.0682279628468, -0.05183390211700023, -0.04112124748413337, 0.0014136588459888744]}