{"coverage_estimated_first_order": [0.7193630874333047, 0.702881625520063, 0.6023861802533621, 0.42113141025496603, 0.7241494524589731, 0.3772211029222502, 0.714942655747202, 0.8022219292796674, 0.3857188069450834, 0.645293815261016], "coverage_estimated_second_order": [0.4330286483166, 0.33971281421439997, 0.2502237377212, 0.9749996346298, 0.5913155273768, 0.9343414850134001, 0.5358675501274, 0.6756564634728, 0.9783930766274, 0.45563344196059996], "sol": [0.0, 0.0, 0.0, 1.0, 0.0, 1.0, 0.0, 0.0, 1.0, 0.0], "coverage": [0.4764800347222222, 0.38177517361111113, 0.27938368055555557, 1.0, 0.6205164930555556, 1.0, 0.5779123263888889, 0.7055121527777778, 1.0, 0.48528211805555554], "coverage_estimated_first_order_diff": [0.24288305271108246, 0.3211064519089518, 0.32300249969780653, -0.578868589745034, 0.10363295940341755, -0.6227788970777498, 0.13703032935831305, 0.09670977650188961, -0.6142811930549166, 0.1600116972054605], "coverage_estimated_second_order_diff": [-0.04345138640562224, -0.04206235939671116, -0.02915994283435558, -0.025000365370200006, -0.02920096567875552, -0.06565851498659991, -0.04204477626148895, -0.02985568930497784, -0.02160692337259995, -0.029648676094955584]}