{"coverage_estimated_first_order": [0.9928584865995379, 1.013841814697468, 1.1605232169252437, 1.2610735440673466, 0.7996690348433068, 1.150066149698513, 1.1552162582325347, 0.8338001725627743, 1.064494429589437, 0.7923262260788246], "coverage_estimated_second_order": [1.0539396412402, 1.0484921029822998, 0.6983898235627999, 0.8193410729616002, 1.0201862463079, 0.6939268753662, 0.6589509682573, 0.9597627455015999, 0.5832754253877, 1.0304443731147002], "sol": [1.0, 1.0, 0.0, 0.0, 1.0, 0.0, 0.0, 1.0, 0.0, 1.0], "coverage": [1.0, 1.0, 0.6582682291666667, 0.8142274305555556, 1.0, 0.6612152777777778, 0.6964800347222222, 1.0, 0.6231032986111111, 1.0], "coverage_estimated_first_order_diff": [-0.007141513400462096, 0.013841814697467925, 0.502254987758577, 0.44684611351179104, -0.20033096515669324, 0.4888508719207352, 0.4587362235103125, -0.16619982743722572, 0.44139113097832583, -0.20767377392117536], "coverage_estimated_second_order_diff": [0.05393964124020001, 0.04849210298229978, 0.040121594396133164, 0.005113642406044616, 0.02018624630789989, 0.032711597588422237, -0.037529066464922156, -0.0402372544984001, -0.03982787322341108, 0.030444373114700163]}