{"coverage_estimated_first_order": [1.3317958430360641, 1.0564880083966277, 0.9284007011284732, 0.8180118145187603, 1.082280208643568, 0.8345562229918478, 1.1103266031149057, 1.2127381223246663, 0.7478243181966464, 1.015578666592511], "coverage_estimated_second_order": [0.8451365509185, 1.0409427006667, 1.0311594679293998, 0.9787117985363001, 0.5965042470979, 1.0164457878282, 0.5470135228506999, 0.6841651623160001, 0.9821320567277999, 0.5286144479206], "sol": [0.0, 1.0, 1.0, 1.0, 0.0, 1.0, 0.0, 0.0, 1.0, 0.0], "coverage": [0.8034157986111111, 1.0, 1.0, 1.0, 0.6207855902777778, 1.0, 0.5828472222222222, 0.7089496527777778, 1.0, 0.5360243055555556], "coverage_estimated_first_order_diff": [0.528380044424953, 0.05648800839662771, -0.07159929887152683, -0.18198818548123974, 0.4614946183657903, -0.16544377700815216, 0.5274793808926835, 0.5037884695468885, -0.2521756818033536, 0.4795543610369555], "coverage_estimated_second_order_diff": [0.04172075230738892, 0.04094270066670003, 0.03115946792939983, -0.02128820146369992, -0.024281343179877846, 0.016445787828200054, -0.035833699371522254, -0.024784490461777664, -0.017867943272200093, -0.007409857634955608]}