{"coverage_estimated_first_order": [0.6533523407322033, 1.0142179636794886, 0.8345774616491342, 1.0757880468398908, 0.6381632741854939, 0.9128438895256337, 0.6232982682102269, 0.9703532265006553, 0.8060682064211332, 0.6066028025969374], "coverage_estimated_second_order": [0.9615811716356, 0.6325954074285001, 0.41242522393860004, 0.8254878945632, 1.0382992145234, 0.602858906116, 0.9718649740047001, 0.5906892664458, 0.3779841837808, 1.0353256871877], "sol": [1.0, 0.0, 0.0, 0.0, 1.0, 0.0, 1.0, 0.0, 0.0, 1.0], "coverage": [1.0, 0.6727864583333333, 0.45368055555555553, 0.7956553819444444, 1.0, 0.6239149305555556, 1.0, 0.6193315972222222, 0.41223524305555553, 1.0], "coverage_estimated_first_order_diff": [-0.3466476592677967, 0.3414315053461553, 0.3808969060935786, 0.2801326648954464, -0.3618367258145061, 0.2889289589700781, -0.37670173178977306, 0.35102162927843306, 0.39383296336557766, -0.39339719740306256], "coverage_estimated_second_order_diff": [-0.038418828364400026, -0.040191050904833214, -0.04125533161695549, 0.029832512618755636, 0.038299214523400016, -0.021056024439555565, -0.028135025995299934, -0.028642330776422198, -0.034251059274755524, 0.035325687187699906]}