{"coverage_estimated_first_order": [0.6970356947197707, 0.7904252341180015, 0.38122823522406324, 0.6646442217676404, 0.5808808260955051, 0.597238725858579, 0.5315608523235646, 0.5470692469828798, 0.7838558744526822, 0.5293845270665718], "coverage_estimated_second_order": [0.3901126021594, 0.5814622510137001, 0.93127589778, 0.30896561423799995, 0.1885425604688, 0.2490933520198, 1.0530059221493002, 1.0565606809182, 0.7017421607167, 0.10450144789829999], "sol": [0.0, 0.0, 1.0, 0.0, 0.0, 0.0, 1.0, 1.0, 0.0, 0.0], "coverage": [0.4335546875, 0.6310026041666666, 1.0, 0.289921875, 0.17555989583333334, 0.276796875, 1.0, 1.0, 0.6529513888888889, 0.08790364583333334], "coverage_estimated_first_order_diff": [0.2634810072197707, 0.15942262995133483, -0.6187717647759368, 0.3747223467676404, 0.40532093026217175, 0.32044185085857896, -0.46843914767643535, -0.45293075301712016, 0.1309044855637933, 0.4414808812332385], "coverage_estimated_second_order_diff": [-0.043442085340599956, -0.049540353152966565, -0.06872410222000003, 0.019043739237999957, 0.012982664635466656, -0.027703522980199985, 0.05300592214930022, 0.05656068091819999, 0.04879077182781111, 0.016597802064966652]}