{"coverage_estimated_first_order": [1.2045584803939389, 1.2318665895191707, 1.3509817236630381, 1.4834247643663032, 0.9791537426262819, 1.338527006712305, 1.4341761454921402, 1.197934904452832, 1.064494429589437, 0.9647238268578096], "coverage_estimated_second_order": [1.0371253899322999, 1.0322181461775, 0.6858743611516999, 0.8582454877850001, 1.0150816120411998, 0.6819809675913002, 0.7639310006101, 1.0424489746155, 1.0413500727921, 1.0208997891787], "sol": [1.0, 1.0, 0.0, 0.0, 1.0, 0.0, 0.0, 1.0, 1.0, 1.0], "coverage": [1.0, 1.0, 0.6583420138888889, 0.8360850694444445, 1.0, 0.6613194444444445, 0.7274305555555556, 1.0, 1.0, 1.0], "coverage_estimated_first_order_diff": [0.20455848039393887, 0.23186658951917072, 0.6926397097741492, 0.6473396949218587, -0.020846257373718147, 0.6772075622678605, 0.7067455899365847, 0.19793490445283202, 0.06449442958943696, -0.03527617314219045], "coverage_estimated_second_order_diff": [0.03712538993229986, 0.03221814617749996, 0.027532347262810952, 0.0221604183405556, 0.015081612041199843, 0.020661523146855765, 0.03650044505454442, 0.0424489746154999, 0.0413500727920999, 0.020899789178699946]}