{"coverage_estimated_first_order": [1.1623327808942627, 1.4996049746142617, 1.2470966695287258, 1.3390509054043878, 1.1893586332064467, 1.1009936872805517, 1.2061650061237807, 1.3216317198010943, 1.1458413925504742, 0.9542595001858282], "coverage_estimated_second_order": [0.9961944256836001, 0.7113669892822001, 0.48021725530689996, 0.513257153303, 0.41098189214659997, 1.0089300909911, 0.9356963578992001, 0.9463770331688999, 0.9397651077732, 0.9793011135662], "sol": [1.0, 0.0, 0.0, 0.0, 0.0, 1.0, 1.0, 1.0, 1.0, 1.0], "coverage": [1.0, 0.70953125, 0.4856901041666667, 0.5239236111111111, 0.4286935763888889, 1.0, 1.0, 1.0, 1.0, 1.0], "coverage_estimated_first_order_diff": [0.16233278089426273, 0.7900737246142617, 0.7614065653620591, 0.8151272942932767, 0.7606650568175579, 0.10099368728055169, 0.20616500612378075, 0.3216317198010943, 0.14584139255047424, -0.04574049981417183], "coverage_estimated_second_order_diff": [-0.00380557431639994, 0.001835739282200155, -0.005472848859766732, -0.01066645780811104, -0.017711684242288916, 0.008930090991100093, -0.06430364210079986, -0.05362296683110013, -0.06023489222680001, -0.020698886433800023]}