{"coverage_estimated_first_order": [1.120095849241663, 0.8384632335749249, 0.7379421943906789, 0.5956605942198037, 0.902795500860593, 0.6460953659780557, 0.8313667158553, 0.8486033904346084, 0.7478243181966464, 0.843181065813526], "coverage_estimated_second_order": [0.8543494343199, 1.0521868688033, 1.041267523273, 0.9499089281621002, 0.5937284282023, 1.0257162816292, 0.2634596567735, 0.2176707274798, 0.16350777090000002, 0.529870311072], "sol": [0.0, 1.0, 1.0, 1.0, 0.0, 1.0, 0.0, 0.0, 0.0, 0.0], "coverage": [0.8019184027777778, 1.0, 1.0, 1.0, 0.6203689236111111, 1.0, 0.25981336805555555, 0.21100260416666666, 0.14671440972222222, 0.5358810763888889], "coverage_estimated_first_order_diff": [0.31817744646388524, -0.16153676642507508, -0.2620578056093211, -0.40433940578019634, 0.28242657724948195, -0.3539046340219443, 0.5715533477997444, 0.6376007862679418, 0.6011099084744242, 0.3072999894246371], "coverage_estimated_second_order_diff": [0.05243103154212214, 0.052186868803300035, 0.041267523272999984, -0.05009107183789985, -0.026640495408811082, 0.025716281629200033, 0.0036462887179444237, 0.006668123313133351, 0.0167933611777778, -0.006010765316888933]}