{"coverage_estimated_first_order": [0.7143077290317967, 0.8031267717751465, 0.39244375493080225, 0.6740511563904911, 0.6079165066452832, 0.6698036819791651, 0.6739300747190548, 0.7742350598837532, 0.3618722736787677, 0.3565807745035233], "coverage_estimated_second_order": [0.45972655360080006, 0.6305895122114, 0.9467899568908, 0.34099138008679997, 0.2662222956508, 0.4566877452386, 0.3909917830866, 0.5915774736388999, 0.9483248604955999, 0.9721878809720002], "sol": [0.0, 0.0, 1.0, 0.0, 0.0, 0.0, 0.0, 0.0, 1.0, 1.0], "coverage": [0.5171527777777778, 0.6856597222222223, 1.0, 0.35489583333333335, 0.26522135416666665, 0.4988237847222222, 0.41333333333333333, 0.6239887152777778, 1.0, 1.0], "coverage_estimated_first_order_diff": [0.19715495125401894, 0.1174670495529242, -0.6075562450691978, 0.3191553230571577, 0.34269515247861654, 0.17097989725694285, 0.2605967413857214, 0.1502463446059754, -0.6381277263212324, -0.6434192254964767], "coverage_estimated_second_order_diff": [-0.057426224176977736, -0.05507021001082224, -0.05321004310919997, -0.013904453246533388, 0.0010009414841333775, -0.04213603948362221, -0.022341550246733344, -0.032411241638877875, -0.05167513950440006, -0.02781211902799985]}