{"coverage_estimated_first_order": [0.8654015246784346, 1.2325232280498604, 1.0252005306327228, 0.9179194951494217, 1.1953731981922369, 1.1012930761752175, 0.968046634451622, 0.9854387682482059, 1.1697118117880874, 0.7636167545961113], "coverage_estimated_second_order": [0.9633256508301999, 0.6356759871109, 0.4160364959082, 1.0350234779382, 0.7954637782672002, 0.6050613550982, 1.0495858994248002, 1.0455950045578002, 0.7240437993249, 1.0317795508032], "sol": [1.0, 0.0, 0.0, 1.0, 0.0, 0.0, 1.0, 1.0, 0.0, 1.0], "coverage": [1.0, 0.6733637152777778, 0.45413194444444444, 1.0, 0.7601302083333333, 0.6247482638888889, 1.0, 1.0, 0.6743402777777778, 1.0], "coverage_estimated_first_order_diff": [-0.13459847532156544, 0.5591595127720825, 0.5710685861882783, -0.08208050485057827, 0.43524298985890353, 0.4765448122863286, -0.03195336554837802, -0.014561231751794135, 0.49537153401030953, -0.23638324540388866], "coverage_estimated_second_order_diff": [-0.03667434916980006, -0.03768772816687782, -0.038095448536244414, 0.03502347793819993, 0.035333569933866826, -0.019686908790688906, 0.049585899424800184, 0.04559500455780019, 0.04970352154712221, 0.03177955080319994]}