{"coverage_estimated_first_order": [0.9924465465748118, 1.056684584704633, 0.6025074083280986, 0.6237135210547081, 0.9158467991886111, 0.5971495407330936, 0.967543620811161, 0.643320416754247, 0.9068726527143487, 0.8294909378150516], "coverage_estimated_second_order": [0.6505980566828, 0.7379027341252999, 1.0062979400639, 0.9991383873462, 0.6282205599347, 1.0095330437982, 0.6756944500271, 0.9908393199566, 0.6293831259036999, 0.4996203098414], "sol": [0.0, 0.0, 1.0, 1.0, 0.0, 1.0, 0.0, 1.0, 0.0, 0.0], "coverage": [0.6629730902777777, 0.7431467013888889, 1.0, 1.0, 0.6418923611111111, 1.0, 0.6917751736111111, 1.0, 0.6445138888888889, 0.5223307291666667], "coverage_estimated_first_order_diff": [0.32947345629703406, 0.31353788331574395, -0.39749259167190143, -0.3762864789452919, 0.2739544380775, -0.40285045926690644, 0.2757684472000499, -0.356679583245753, 0.26235876382545975, 0.3071602086483849], "coverage_estimated_second_order_diff": [-0.012375033594977713, -0.005243967263589, 0.006297940063900054, -0.0008616126538000257, -0.013671801176411091, 0.00953304379819997, -0.016080723584011025, -0.009160680043399982, -0.015130762985189006, -0.022710419325266684]}