{"coverage_estimated_first_order": [1.2716737230739636, 0.9216757019397969, 1.1191704296147422, 0.8634874685213484, 1.125568048499595, 0.8036813681492243, 0.967900758509904, 0.9852061986882135, 1.1695490874802208, 1.0041992454310211], "coverage_estimated_second_order": [0.8038011206035, 1.0142836695813, 0.6448909465341, 0.9991301116765001, 0.6673967497457001, 1.0301713797682002, 1.0498973068405, 1.0458313366518002, 0.7238987684203001, 0.5065400908661], "sol": [0.0, 1.0, 0.0, 1.0, 0.0, 1.0, 1.0, 1.0, 0.0, 0.0], "coverage": [0.7955598958333333, 1.0, 0.6406163194444444, 1.0, 0.6662152777777778, 1.0, 1.0, 1.0, 0.6740538194444444, 0.5191796875], "coverage_estimated_first_order_diff": [0.47611382724063034, -0.07832429806020313, 0.4785541101702978, -0.1365125314786516, 0.4593527707218171, -0.1963186318507757, -0.03209924149009602, -0.014793801311786536, 0.49549526803577637, 0.48501955793102114], "coverage_estimated_second_order_diff": [0.008241224770166644, 0.014283669581300007, 0.004274627089655536, -0.0008698883234998789, 0.0011814719679222874, 0.03017137976820017, 0.04989730684049998, 0.04583133665180017, 0.049844948975855674, -0.012639596633900019]}