{"coverage_estimated_first_order": [0.3397038451590243, 0.0, 0.3260145208751111, 0.1984717305307464, 0.17907661695634342, 0.23750875822589237, 0.19787054253322336, 0.20528297368036139, 0.18103995866700914, 0.18610167760695653], "coverage_estimated_second_order": [0.53319188297, 0.86807941597, 0.51937725351, 0.026592749721, 0.017196285573, 0.2773404393, 0.034791876354, 0.032784408944, 0.024790172245, 0.093729412114], "sol": [0.0, 1.0, 0.0, 0.0, 0.0, 0.0, 0.0, 0.0, 0.0, 0.0], "coverage": [0.6554557291666666, 1.0, 0.6257899305555555, 0.004505208333333333, 0.004205729166666667, 0.3739279513888889, 0.011436631944444444, 0.010811631944444445, 0.008255208333333333, 0.12352864583333334], "coverage_estimated_first_order_diff": [-0.3157518840076423, -1.0, -0.2997754096804444, 0.19396652219741306, 0.17487088778967674, -0.13641919316299653, 0.18643391058877892, 0.19447134173591693, 0.1727847503336758, 0.0625730317736232], "coverage_estimated_second_order_diff": [-0.12226384619666664, -0.13192058402999995, -0.10641267704555557, 0.02208754138766667, 0.012990556406333334, -0.09658751208888888, 0.02335524440955556, 0.021972776999555552, 0.016534963911666666, -0.029799233719333337]}