{"coverage_estimated_first_order": [1.37306997686328, 1.370987342253843, 1.1853428434402609, 1.3027002094052087, 1.195869091177308, 1.0165630652848041, 1.1951982218868604, 1.202719280752749, 1.3505551508165312, 1.0608207002690224], "coverage_estimated_second_order": [0.4990662499428, 0.40304971934649997, 0.3057159649019, 0.9297323812651002, 0.9304763357733, 0.9679308848582002, 0.9923196070170002, 1.0104851653429998, 0.7123690955383, 0.9672858109361], "sol": [0.0, 0.0, 0.0, 1.0, 1.0, 1.0, 1.0, 1.0, 0.0, 1.0], "coverage": [0.509765625, 0.4190581597222222, 0.31844618055555557, 1.0, 1.0, 1.0, 1.0, 1.0, 0.673359375, 1.0], "coverage_estimated_first_order_diff": [0.8633043518632799, 0.9519291825316207, 0.8668966628847052, 0.3027002094052087, 0.195869091177308, 0.016563065284804113, 0.19519822188686042, 0.20271928075274892, 0.6771957758165312, 0.06082070026902242], "coverage_estimated_second_order_diff": [-0.010699375057199978, -0.016008440375722244, -0.012730215653655563, -0.07026761873489984, -0.06952366422669998, -0.032069115141799776, -0.0076803929829998285, 0.010485165342999814, 0.039009720538299986, -0.0327141890639]}