{"coverage_estimated_first_order": [0.7197229946770183, 0.7029942885874044, 0.6024640741570408, 0.8096980563777803, 0.37171065123797786, 0.37743692522073474, 0.7593292972243699, 0.4230016556420592, 0.7022517879475522, 0.6607053616998214], "coverage_estimated_second_order": [0.43453400765600003, 0.3404951612744, 0.25068131090449997, 0.7228222440097001, 0.9814193899876, 0.934634505883, 0.6476176789892, 0.951221908094, 0.5743538323938001, 0.4941381214450001], "sol": [0.0, 0.0, 0.0, 0.0, 1.0, 1.0, 0.0, 1.0, 0.0, 0.0], "coverage": [0.4786545138888889, 0.3833420138888889, 0.2804774305555556, 0.7580642361111111, 1.0, 1.0, 0.6937369791666667, 1.0, 0.6217447916666666, 0.5238758680555555], "coverage_estimated_first_order_diff": [0.24106848078812937, 0.31965227469851554, 0.32198664360148527, 0.051633820266669184, -0.6282893487620221, -0.6225630747792652, 0.06559231805770327, -0.5769983443579407, 0.08050699628088553, 0.1368294936442659], "coverage_estimated_second_order_diff": [-0.04412050623288888, -0.042846852614488895, -0.029796119651055608, -0.03524199210141099, -0.018580610012399967, -0.06536549411699999, -0.04611930017746668, -0.04877809190600002, -0.04739095927286652, -0.02973774661055545]}