{"coverage_estimated_first_order": [1.4345829716982768, 1.5066937856525768, 0.9950978227615811, 1.5011088831382564, 1.0098412216831778, 1.047629181220051, 1.154299484683819, 1.1749380112539969, 1.3268260903097366, 1.0176783391579112], "coverage_estimated_second_order": [0.6739810925978, 0.7549342472998, 0.9997633113950999, 0.8670393022037002, 1.0234702976807, 1.0155294742334, 1.0464329443419, 1.03557014786, 0.690016776091, 1.0248717280638], "sol": [0.0, 0.0, 1.0, 0.0, 1.0, 1.0, 1.0, 1.0, 0.0, 1.0], "coverage": [0.6771310763888889, 0.7583767361111111, 1.0, 0.8354383680555556, 1.0, 1.0, 1.0, 1.0, 0.6538498263888889, 1.0], "coverage_estimated_first_order_diff": [0.7574518953093878, 0.7483170495414657, -0.004902177238418903, 0.6656705150827008, 0.009841221683177803, 0.04762918122005111, 0.15429948468381904, 0.17493801125399688, 0.6729762639208478, 0.01767833915791117], "coverage_estimated_second_order_diff": [-0.003149983791088884, -0.0034424888113111507, -0.0002366886049001149, 0.03160093414814458, 0.02347029768069997, 0.015529474233400009, 0.04643294434190004, 0.0355701478599999, 0.036166949702111095, 0.024871728063800003]}