{"coverage_estimated_first_order": [0.7634583814455982, 0.7825549492051247, 0.9587947889624081, 0.8457402929516965, 0.7297760829922254, 0.8881365513508327, 1.0090081395819606, 0.775138848707935, 0.7024484075861175, 0.7220006944128519], "coverage_estimated_second_order": [1.0551752381619, 1.0552371609437001, 0.6828575861863999, 0.2520256948222, 0.1032151469747, 0.5386853446099, 0.6858104999754, 1.0433259772781998, 1.0547870876460999, 0.18723961092209998], "sol": [1.0, 1.0, 0.0, 0.0, 0.0, 0.0, 0.0, 1.0, 1.0, 0.0], "coverage": [1.0, 1.0, 0.6414887152777777, 0.22512152777777777, 0.086171875, 0.5121788194444444, 0.63484375, 1.0, 1.0, 0.16476128472222223], "coverage_estimated_first_order_diff": [-0.2365416185544018, -0.2174450507948753, 0.3173060736846304, 0.6206187651739188, 0.6436042079922254, 0.37595773190638826, 0.3741643895819605, -0.22486115129206496, -0.2975515924138825, 0.5572394096906297], "coverage_estimated_second_order_diff": [0.05517523816189995, 0.055237160943700125, 0.04136887090862218, 0.026904167044422223, 0.0170432719747, 0.026506525165455597, 0.05096674997539996, 0.043325977278199757, 0.05478708764609985, 0.022478326199877746]}