{"coverage_estimated_first_order": [0.4239522355782636, 0.4366222749334314, 0.38110700714932677, 0.4620621109678983, 0.38918347936586706, 0.3773102880477356, 0.27895988725960563, 0.7059707595083002, 0.2627020286834169, 0.3451874045125364], "coverage_estimated_second_order": [0.09026165555250001, 0.0880252152154, 0.07371233660860001, 0.29315597657, 0.1483797462566, 0.071016632767, 1.02234194579, 0.87524585813, 1.0427473587499998, 0.043231470228599994], "sol": [0.0, 0.0, 0.0, 0.0, 0.0, 0.0, 1.0, 0.0, 1.0, 0.0], "coverage": [0.01697048611111111, 0.014366319444444444, 0.011354166666666667, 0.30376736111111113, 0.15707899305555556, 0.007026909722222223, 1.0, 0.8439756944444444, 1.0, 0.004978298611111111], "coverage_estimated_first_order_diff": [0.4069817494671525, 0.422255955488987, 0.3697528404826601, 0.15829474985678715, 0.2321044863103115, 0.3702833783255134, -0.7210401127403944, -0.13800493493614419, -0.737297971316583, 0.3402091059014253], "coverage_estimated_second_order_diff": [0.0732911694413889, 0.07365889577095555, 0.06235816994193334, -0.010611384541111157, -0.008699246798955562, 0.06398972304477778, 0.02234194579000004, 0.031270163685555574, 0.0427473587499998, 0.03825317161748888]}