{"coverage_estimated_first_order": [1.502036626053287, 1.1532961513605475, 1.321369163866865, 1.3391299511787917, 1.1893484071942448, 1.064898442376226, 1.205905286356957, 1.3211935503439398, 1.1455611954830864, 0.9492713113743564], "coverage_estimated_second_order": [0.8080501960555, 1.0061669934449, 0.6576265517215, 0.5135566191372, 0.4110552217198, 1.0235752280616002, 0.9365089953460001, 0.9470473180134998, 0.9402008315045, 0.9898143596665001], "sol": [0.0, 1.0, 0.0, 0.0, 0.0, 1.0, 1.0, 1.0, 1.0, 1.0], "coverage": [0.8008159722222222, 1.0, 0.65796875, 0.5241579861111111, 0.42875434027777776, 1.0, 1.0, 1.0, 1.0, 1.0], "coverage_estimated_first_order_diff": [0.7012206538310647, 0.15329615136054753, 0.663400413866865, 0.8149719650676807, 0.760594066916467, 0.064898442376226, 0.20590528635695704, 0.3211935503439398, 0.14556119548308644, -0.050728688625643614], "coverage_estimated_second_order_diff": [0.007234223833277764, 0.006166993444900015, -0.0003421982785000166, -0.01060136697391112, -0.017699118557977733, 0.023575228061600173, -0.06349100465399993, -0.05295268198650016, -0.059799168495500044, -0.01018564033349989]}