{"coverage_estimated_first_order": [0.6360067780704365, 1.0011524493168533, 0.8234287684988294, 0.8869794530898917, 0.7603982376187739, 0.8394772241588838, 0.8111375970487372, 0.911691902645816, 0.7841104776025252, 0.7086888205394467], "coverage_estimated_second_order": [0.9282257312532, 0.5961669530202001, 0.3787243487952, 0.3432175342638, 0.1944278216493, 0.42320500808670003, 0.9633532756562001, 0.9753274012059999, 0.9651794645067999, 0.1517397989302], "sol": [1.0, 0.0, 0.0, 0.0, 0.0, 0.0, 1.0, 1.0, 1.0, 0.0], "coverage": [1.0, 0.6570572916666667, 0.4275173611111111, 0.31112413194444444, 0.17675347222222224, 0.4700217013888889, 1.0, 1.0, 1.0, 0.1513498263888889], "coverage_estimated_first_order_diff": [-0.3639932219295635, 0.3440951576501866, 0.3959114073877183, 0.5758553211454472, 0.5836447653965516, 0.36945552276999494, -0.18886240295126278, -0.08830809735418399, -0.21588952239747483, 0.5573389941505578], "coverage_estimated_second_order_diff": [-0.07177426874680004, -0.060890338646466646, -0.0487930123159111, 0.032093402319355535, 0.017674349427077768, -0.04681669330218885, -0.0366467243437999, -0.024672598794000078, -0.03482053549320008, 0.00038997254131112324]}