{"coverage_estimated_first_order": [0.7629743032599355, 0.7824301138612527, 0.9585813029032935, 0.6233890726527399, 0.9153733839316319, 0.8884359402454988, 0.9684603943598764, 0.6440186056812668, 0.9072430206774658, 0.7769286284695165], "coverage_estimated_second_order": [1.0558461116999, 1.0558275362740002, 0.6832481330724, 0.9984775547765, 0.6269601400946001, 0.5405138642366001, 0.6773594242963, 0.9916160837634, 0.6302082542529, 0.3671899095783], "sol": [1.0, 1.0, 0.0, 1.0, 0.0, 0.0, 0.0, 1.0, 0.0, 0.0], "coverage": [1.0, 1.0, 0.6416015625, 1.0, 0.6408463541666667, 0.5148480902777778, 0.6922569444444444, 1.0, 0.6447222222222222, 0.3776085069444444], "coverage_estimated_first_order_diff": [-0.23702569674006446, -0.21756988613874728, 0.31697974040329346, -0.3766109273472601, 0.27452702976496524, 0.373587849967721, 0.276203449915432, -0.3559813943187332, 0.26252079845524356, 0.39932012152507207], "coverage_estimated_second_order_diff": [0.05584611169990006, 0.05582753627400017, 0.041646570572399955, -0.0015224452234999797, -0.013886214072066583, 0.025665773958822302, -0.014897520148144383, -0.008383916236599953, -0.01451396796932225, -0.010418597366144422]}