{"coverage_estimated_first_order": [1.205182866544337, 1.2754069201602336, 0.7933693947987457, 1.0857756320226064, 0.9399482698320966, 0.7856995828723711, 1.008091366033245, 1.1162766873991576, 0.9647800683064173, 0.9473528074919383], "coverage_estimated_second_order": [0.6518466121981001, 0.7382387898027001, 1.0038501768592998, 0.3444094342504, 0.19888628156420002, 1.0067687532976002, 0.9523111071829001, 0.9635076005485999, 0.9545127868662999, 0.32473851105789997], "sol": [0.0, 0.0, 1.0, 0.0, 0.0, 1.0, 1.0, 1.0, 1.0, 0.0], "coverage": [0.6645963541666666, 0.7445789930555555, 1.0, 0.31459635416666665, 0.18057291666666667, 1.0, 1.0, 1.0, 1.0, 0.3131814236111111], "coverage_estimated_first_order_diff": [0.5405865123776703, 0.5308279271046781, -0.2066306052012543, 0.7711792778559398, 0.7593753531654299, -0.21430041712762893, 0.008091366033244896, 0.11627668739915764, -0.03521993169358273, 0.6341713838808272], "coverage_estimated_second_order_diff": [-0.012749741968566486, -0.0063402032528554475, 0.003850176859299781, 0.029813080083733345, 0.018313364897533352, 0.006768753297600183, -0.04768889281709987, -0.03649239945140015, -0.04548721313370008, 0.01155708744678885]}