{"coverage_estimated_first_order": [0.9748773548919679, 1.0007471244243125, 1.1490652410690316, 1.2433197353111072, 0.7473469392907559, 1.0772970416436503, 0.9026719153780871, 1.3349038234420165, 0.8063014439939287, 0.965102080982879], "coverage_estimated_second_order": [1.049761928396, 1.0495538050553002, 0.6791507758720999, 0.7996351118044001, 0.9984653394306999, 0.5385602259067, 1.0566943324847, 0.9101009765076, 1.0420412390315998, 0.40674854949569994], "sol": [1.0, 1.0, 0.0, 0.0, 1.0, 0.0, 1.0, 0.0, 1.0, 0.0], "coverage": [1.0, 1.0, 0.6420182291666666, 0.7978081597222222, 1.0, 0.5163758680555556, 1.0, 0.8611197916666666, 1.0, 0.41789930555555554], "coverage_estimated_first_order_diff": [-0.025122645108032082, 0.000747124424312462, 0.507047011902365, 0.445511575588885, -0.2526530607092441, 0.5609211735880947, -0.09732808462191289, 0.4737840317753499, -0.19369855600607133, 0.5472027754273234], "coverage_estimated_second_order_diff": [0.04976192839600002, 0.04955380505530016, 0.03713254670543331, 0.0018269520821778684, -0.0015346605693000726, 0.022184357851144476, 0.056694332484700016, 0.04898118484093339, 0.04204123903159984, -0.011150756059855604]}