{"coverage_estimated_first_order": [1.1858955712090165, 0.8719620916664088, 1.087499469611738, 1.031740817251474, 0.9157712487460616, 0.9921667863688775, 1.2770012426046455, 1.0203611415496476, 0.9071621658521746, 1.000959495275031], "coverage_estimated_second_order": [0.6025614983231, 0.9324630137433001, 0.5756199288056999, 1.0315124762609, 1.0320596577556, 0.33769399738460004, 0.8077625157365, 1.041992853742, 1.0354076462536999, 0.4438908921125], "sol": [0.0, 1.0, 0.0, 1.0, 1.0, 0.0, 0.0, 1.0, 1.0, 0.0], "coverage": [0.6598090277777777, 1.0, 0.6277387152777778, 1.0, 1.0, 0.38022569444444443, 0.7448307291666667, 1.0, 1.0, 0.4348914930555556], "coverage_estimated_first_order_diff": [0.5260865434312387, -0.1280379083335912, 0.45976075433396013, 0.03174081725147393, -0.08422875125393836, 0.611941091924433, 0.5321705134379788, 0.020361141549647632, -0.09283783414782543, 0.5660680022194753], "coverage_estimated_second_order_diff": [-0.057247529454677704, -0.0675369862566999, -0.052118786472077905, 0.031512476260900035, 0.032059657755600046, -0.04253169705984439, 0.06293178656983334, 0.041992853742000014, 0.035407646253699854, 0.008999399056944413]}