{"coverage_estimated_first_order": [0.7138290093920757, 1.1492268464443247, 0.6439289612376017, 1.034485829903997, 0.6075186418308535, 0.9438208203353953, 0.8208116730447073, 0.8337504182470503, 0.7244317303222702, 0.6179961725879245], "coverage_estimated_second_order": [1.0511630817976, 0.9226762025250002, 1.0461723871572, 0.7138025033650002, 1.00629035335, 0.6816545102336, 0.2121946692217, 0.1461637410894, 0.0759288782586, 1.0390003724906], "sol": [1.0, 0.0, 1.0, 0.0, 1.0, 0.0, 0.0, 0.0, 0.0, 1.0], "coverage": [1.0, 0.8769097222222222, 1.0, 0.6759331597222222, 1.0, 0.6554427083333333, 0.17233072916666667, 0.09556423611111112, 0.01919704861111111, 1.0], "coverage_estimated_first_order_diff": [-0.2861709906079243, 0.2723171242221025, -0.3560710387623983, 0.3585526701817747, -0.39248135816914653, 0.288378112002062, 0.6484809438780406, 0.7381861821359392, 0.705234681711159, -0.3820038274120755], "coverage_estimated_second_order_diff": [0.051163081797600096, 0.04576648030277797, 0.04617238715719996, 0.03786934364277794, 0.006290353350000055, 0.02621180190026673, 0.039863940055033326, 0.050599504978288884, 0.05673182964748888, 0.039000372490600066]}