{"coverage_estimated_first_order": [0.29644717803016546, 0.6132657344742432, 0.47342467937386, 0.39717287471235196, 0.3586695789221618, 0.2736040031302179, 0.39570088875012205, 0.41079385166373605, 0.362244349588132, 0.43666054606480986], "coverage_estimated_second_order": [1.00086951275, 0.6921998934860001, 0.44663612313, 0.0500978376026, 0.033766858035, 1.0229163027000001, 0.06290447884299999, 0.0599487195142, 0.0454522196813, 0.313873976942], "sol": [1.0, 0.0, 0.0, 0.0, 0.0, 1.0, 0.0, 0.0, 0.0, 0.0], "coverage": [1.0, 0.6989626736111111, 0.4632118055555556, 0.00765625, 0.0082421875, 1.0, 0.01463107638888889, 0.014201388888888888, 0.010920138888888889, 0.30193142361111114], "coverage_estimated_first_order_diff": [-0.7035528219698346, -0.08569693913686793, 0.010212873818304435, 0.389516624712352, 0.3504273914221618, -0.7263959968697822, 0.38106981236123316, 0.39659246277484717, 0.35132421069924313, 0.13472912245369872], "coverage_estimated_second_order_diff": [0.0008695127500000233, -0.006762780125111001, -0.01657568242555557, 0.0424415876026, 0.025524670535000002, 0.022916302700000113, 0.0482734024541111, 0.04574733062531111, 0.03453208079241111, 0.011942553330888839]}