{"coverage_estimated_first_order": [0.2120545424921729, 0.218221351129708, 0.19057973481253082, 0.2265246573656509, 0.19212791528436146, 0.1885629329809303, 0.33404744748908427, 0.0, 0.34008829318471145, 0.17241154960848204], "coverage_estimated_second_order": [0.049954241975, 0.048189866243, 0.040819945445, 0.15954210658, 0.070866950114, 0.038374278891, 0.51957760586, 0.90481993701, 0.55073118194, 0.022865667524], "sol": [0.0, 0.0, 0.0, 0.0, 0.0, 0.0, 0.0, 1.0, 0.0, 0.0], "coverage": [0.013046875, 0.010811631944444445, 0.009401041666666667, 0.19777777777777777, 0.08068142361111111, 0.0038107638888888887, 0.5992795138888889, 1.0, 0.6207378472222222, 0.002191840277777778], "coverage_estimated_first_order_diff": [0.1990076674921729, 0.20740971918526355, 0.18117869314586416, 0.028746879587873114, 0.11144649167325035, 0.1847521690920414, -0.2652320663998046, -1.0, -0.2806495540375108, 0.17021970933070427], "coverage_estimated_second_order_diff": [0.036907366975, 0.03737823429855555, 0.03141890377833333, -0.038235671197777765, -0.009814473497111106, 0.03456351500211111, -0.07970190802888888, -0.09518006299000004, -0.07000666528222221, 0.020673827246222222]}