{"coverage_estimated_first_order": [1.1209344761250977, 1.1850934684805159, 0.9900189350615021, 1.020577936341797, 0.9089282503911184, 0.9195020561807458, 1.12513228360691, 0.8213100447087348, 1.0644381540244066, 0.9793569470047868], "coverage_estimated_second_order": [0.9153485573036, 0.9079488018271001, 0.9144001355700999, 0.20896596053299998, 0.1081075081408, 0.9378795824538001, 0.5683098657599001, 0.9441820417324, 0.5812802311809001, 0.35858969781469996], "sol": [1.0, 1.0, 1.0, 0.0, 0.0, 1.0, 0.0, 1.0, 0.0, 0.0], "coverage": [1.0, 1.0, 1.0, 0.20569010416666667, 0.0890625, 1.0, 0.6053819444444445, 1.0, 0.6225954861111112, 0.3285329861111111], "coverage_estimated_first_order_diff": [0.12093447612509767, 0.1850934684805159, -0.00998106493849793, 0.8148878321751304, 0.8198657503911183, -0.08049794381925424, 0.5197503391624655, -0.1786899552912652, 0.4418426679132954, 0.6508239608936757], "coverage_estimated_second_order_diff": [-0.08465144269640001, -0.09205119817289986, -0.08559986442990009, 0.0032758563663333184, 0.0190450081408, -0.0621204175461999, -0.03707207868454443, -0.055817958267600054, -0.04131525493021104, 0.030056711703588868]}