{"coverage_estimated_first_order": [0.8660298479828505, 0.8447613485511221, 1.0014244484419792, 0.848935867601585, 0.7871238555125617, 0.7726292244777782, 0.7910282139083142, 0.8209439339731555, 0.724091029349355, 0.6227622236717665], "coverage_estimated_second_order": [1.016360673622, 1.0249352488280001, 0.710021210851, 0.26037271418780006, 0.2711394286712, 0.9976810886260001, 0.1022691871754, 0.09664945004719999, 0.0736871339798, 0.9712318950480001], "sol": [1.0, 1.0, 0.0, 0.0, 0.0, 1.0, 0.0, 0.0, 0.0, 1.0], "coverage": [1.0, 1.0, 0.6634895833333333, 0.22059461805555555, 0.2591059027777778, 1.0, 0.018797743055555555, 0.016692708333333334, 0.012799479166666667, 1.0], "coverage_estimated_first_order_diff": [-0.13397015201714946, -0.15523865144887794, 0.3379348651086459, 0.6283412495460294, 0.5280179527347839, -0.22737077552222185, 0.7722304708527586, 0.8042512256398221, 0.7112915501826883, -0.3772377763282335], "coverage_estimated_second_order_diff": [0.01636067362200011, 0.024935248828000134, 0.04653162751766671, 0.039778096132244506, 0.012033525893422214, -0.0023189113739998657, 0.08347144411984445, 0.07995674171386666, 0.06088765481313334, -0.028768104951999884]}