{"coverage_estimated_first_order": [1.0535274960051584, 0.8030019364312746, 0.7182447897467986, 0.6501716666222809, 0.9725904245410331, 0.9076118290997235, 0.831252872030194, 0.8483977905374462, 0.7477068454371251, 0.5976103861671445], "coverage_estimated_second_order": [0.7509882287119, 1.0498709233229, 1.050137461978, 0.9889042007805, 0.7245110364369001, 0.5925645438630001, 0.26287540464610004, 0.21694341957080002, 0.16308826147049998, 1.0304161414448], "sol": [0.0, 1.0, 1.0, 1.0, 0.0, 0.0, 0.0, 0.0, 0.0, 1.0], "coverage": [0.7070529513888889, 1.0, 1.0, 1.0, 0.7144010416666666, 0.5683897569444445, 0.25897569444444446, 0.21013888888888888, 0.14609375, 1.0], "coverage_estimated_first_order_diff": [0.3464745446162695, -0.1969980635687254, -0.2817552102532014, -0.3498283333777191, 0.25818938287436644, 0.339222072155279, 0.5722771775857496, 0.6382589016485574, 0.601613095437125, -0.40238961383285554], "coverage_estimated_second_order_diff": [0.04393527732301106, 0.049870923322899996, 0.05013746197799995, -0.011095799219499991, 0.010109994770233444, 0.02417478691855557, 0.003899710201655582, 0.006804530681911142, 0.01699451147049999, 0.030416141444800093]}