{"coverage_estimated_first_order": [0.0, 0.34630882325371387, 0.2517420265369719, 0.19839268475634259, 0.1790868429685454, 0.2736040031302179, 0.1981302623000473, 0.20572114313751588, 0.18132015573439686, 0.19108986641842832], "coverage_estimated_second_order": [0.86774154084, 0.5331929318, 0.32464136064, 0.026326044497, 0.01727714556, 0.36987995188, 0.036118855506, 0.034549833505, 0.025994079107, 0.11332487034], "sol": [1.0, 0.0, 0.0, 0.0, 0.0, 0.0, 0.0, 0.0, 0.0, 0.0], "coverage": [1.0, 0.6554557291666666, 0.42550347222222223, 0.004231770833333333, 0.004370659722222222, 0.46741319444444446, 0.01318576388888889, 0.013046875, 0.009874131944444444, 0.14647569444444444], "coverage_estimated_first_order_diff": [-1.0, -0.30914690591295274, -0.17376144568525032, 0.19416091392300924, 0.17471618324632318, -0.19380919131422658, 0.1849444984111584, 0.19267426813751587, 0.1714460237899524, 0.044614171973983874], "coverage_estimated_second_order_diff": [-0.13225845916, -0.12226279736666656, -0.10086211158222225, 0.022094273663666668, 0.012906485837777776, -0.09753324256444446, 0.022933091617111108, 0.021502958505000003, 0.016119947162555555, -0.03315082410444445]}