{"coverage_estimated_first_order": [0.21122127415467992, 0.564124849490881, 0.4419437130445938, 0.5827858938124626, 0.1790868429685454, 0.4624779953700223, 0.42584148558525814, 0.42365009025335487, 0.3625594566435025, 0.4338129988633861], "coverage_estimated_second_order": [0.894982279483, 0.5611268291226, 0.3485185032848, 0.5982445099038001, 0.9562646872184, 0.395930973485, 0.17727730136910003, 0.11198432282580001, 0.0478761834402, 0.352773439687], "sol": [1.0, 0.0, 0.0, 0.0, 1.0, 0.0, 0.0, 0.0, 0.0, 0.0], "coverage": [1.0, 0.6561892361111111, 0.42617621527777777, 0.6190451388888889, 1.0, 0.47128472222222223, 0.16874565972222222, 0.0934765625, 0.01802951388888889, 0.4004079861111111], "coverage_estimated_first_order_diff": [-0.78877872584532, -0.09206438662023009, 0.01576749776681602, -0.036259245076426305, -0.8209131570314546, -0.008806726852199909, 0.2570958258630359, 0.33017352775335485, 0.34452994275461357, 0.033405012752274976], "coverage_estimated_second_order_diff": [-0.10501772051699998, -0.0950624069885111, -0.07765771199297777, -0.02080062898508883, -0.04373531278160003, -0.07535374873722223, 0.008531641646877808, 0.01850776032580001, 0.029846669551311107, -0.047634546424111135]}