{"coverage_estimated_first_order": [0.4237545362865739, 0.7825549492051247, 0.632780268087297, 0.6472685624209501, 0.5506994660358819, 0.6506277931249402, 0.8111375970487372, 0.5698558750275736, 0.5214084489191083, 0.5358990168058952], "coverage_estimated_second_order": [0.9166099727092999, 0.5830148260942002, 0.36778847573100004, 0.24400308329200002, 0.0957516182343, 0.41138226368770003, 0.6824646813704001, 1.0431312167723998, 1.0563941303488, 0.1418940085712], "sol": [1.0, 0.0, 0.0, 0.0, 0.0, 0.0, 0.0, 1.0, 1.0, 0.0], "coverage": [1.0, 0.6562109375, 0.42692274305555555, 0.22399305555555554, 0.08544704861111112, 0.4687326388888889, 0.6339973958333334, 1.0, 1.0, 0.14899305555555556], "coverage_estimated_first_order_diff": [-0.5762454637134261, 0.12634401170512466, 0.20585752503174148, 0.42327550686539456, 0.4652524174247708, 0.18189515423605135, 0.17714020121540386, -0.4301441249724264, -0.4785915510808917, 0.3869059612503397], "coverage_estimated_second_order_diff": [-0.08339002729070011, -0.07319611140579985, -0.05913426732455551, 0.020010027736444475, 0.010304569623188889, -0.05735037520118885, 0.048467285537066696, 0.04313121677239984, 0.05639413034880003, -0.007099046984355567]}