{"coverage_estimated_first_order": [1.5001670315406699, 1.152193265834109, 1.320587635829103, 1.2572876122003191, 1.152603729049373, 1.065120316509615, 1.3379812041906052, 1.4303009587049256, 0.9288047876154121, 1.0741186253129305], "coverage_estimated_second_order": [0.8058955828065, 1.0055659465092, 0.6563176004635001, 0.9812705922034, 0.9748183879651, 1.0226284397312002, 0.5968999531209, 0.7093518132598999, 0.9774467852540998, 0.9711969039226002], "sol": [0.0, 1.0, 0.0, 1.0, 1.0, 1.0, 0.0, 0.0, 1.0, 1.0], "coverage": [0.79953125, 1.0, 0.6569487847222222, 1.0, 1.0, 1.0, 0.6135850694444445, 0.7297135416666667, 1.0, 1.0], "coverage_estimated_first_order_diff": [0.7006357815406699, 0.15219326583410897, 0.6636388511068809, 0.25728761220031915, 0.15260372904937292, 0.06512031650961503, 0.7243961347461607, 0.7005874170382589, -0.07119521238458792, 0.07411862531293045], "coverage_estimated_second_order_diff": [0.0063643328064999505, 0.005565946509199948, -0.0006311842587221062, -0.01872940779660004, -0.02518161203489999, 0.02262843973120021, -0.016685116323544413, -0.020361728406766755, -0.02255321474590022, -0.028803096077399837]}