{"coverage_estimated_first_order": [1.2479608140334748, 1.0082412603551687, 0.8974444426067962, 1.2475091613545068, 0.7599574430518484, 1.023621476324276, 0.9571426181419989, 0.9702811677790801, 1.146135134028797, 0.9582093371184862], "coverage_estimated_second_order": [0.7067799525366, 1.0322578008995, 1.0442976120351999, 0.7860315774383999, 0.9942002780593, 0.40724086138660004, 1.0586980527019, 1.0467232849883998, 0.6978168676418, 0.3840303504111], "sol": [0.0, 1.0, 1.0, 0.0, 1.0, 0.0, 1.0, 1.0, 0.0, 0.0], "coverage": [0.6747265625, 1.0, 1.0, 0.7794791666666666, 1.0, 0.3942013888888889, 1.0, 1.0, 0.6537456597222222, 0.3985546875], "coverage_estimated_first_order_diff": [0.5732342515334748, 0.0082412603551687, -0.10255555739320377, 0.46802999468784023, -0.24004255694815158, 0.629420087435387, -0.04285738185800114, -0.029718832220919866, 0.49238947430657487, 0.5596546496184862], "coverage_estimated_second_order_diff": [0.032053390036600016, 0.03225780089950003, 0.044297612035199885, 0.006552410771733297, -0.005799721940699998, 0.013039472497711146, 0.058698052701900094, 0.04672328498839984, 0.04407120791957775, -0.014524337088899997]}