{"coverage_estimated_first_order": [0.6527947341968, 0.6674203283764125, 0.5826887756094818, 0.47564248265744324, 0.7939443761394132, 0.6387375660439181, 0.714828811922096, 0.8020163293825052, 0.3856013341855621, 0.3997231356146345], "coverage_estimated_second_order": [0.200541950734, 0.18068152501200002, 0.1433219869982, 1.0157583612416001, 0.7240661074654, 0.31213580958740006, 0.5347683020571999, 0.6749961468301, 0.9780976131143999, 0.9980972914686002], "sol": [0.0, 0.0, 0.0, 1.0, 0.0, 0.0, 0.0, 0.0, 1.0, 1.0], "coverage": [0.15777777777777777, 0.13384114583333334, 0.09322916666666667, 1.0, 0.7143923611111112, 0.27631510416666666, 0.5755902777777778, 0.7044487847222223, 1.0, 1.0], "coverage_estimated_first_order_diff": [0.4950169564190222, 0.5335791825430791, 0.48945960894281515, -0.5243575173425568, 0.079552015028302, 0.3624224618772514, 0.1392385341443182, 0.09756754466028295, -0.6143986658144379, -0.6002768643853655], "coverage_estimated_second_order_diff": [0.04276417295622223, 0.04684037917866668, 0.05009282033153334, 0.015758361241600127, 0.009673746354288859, 0.0358207054207334, -0.040821975720577885, -0.02945263789212227, -0.02190238688560009, -0.0019027085313998437]}