{"coverage_estimated_first_order": [1.2225284292061038, 1.2884724345228689, 0.8045180879490503, 1.2745842257726054, 0.8177133063988165, 0.8590662482391209, 0.8202520371947347, 1.1749380112539969, 0.9867377971250254, 0.845266789549429], "coverage_estimated_second_order": [0.6834404981200001, 0.7654365233536, 1.0096106038702, 0.8240754227801, 1.0347159076383, 1.0264275305812, 0.970963931746, 0.5915765712057999, 0.379917549737, 1.0331696523408], "sol": [0.0, 0.0, 1.0, 0.0, 1.0, 1.0, 1.0, 0.0, 0.0, 1.0], "coverage": [0.6758116319444445, 0.7578298611111111, 1.0, 0.7961067708333334, 1.0, 1.0, 1.0, 0.6189539930555555, 0.4121875, 1.0], "coverage_estimated_first_order_diff": [0.5467167972616593, 0.5306425734117578, -0.19548191205094967, 0.4784774549392721, -0.18228669360118355, -0.14093375176087908, -0.17974796280526528, 0.5559840181984413, 0.5745502971250254, -0.15473321045057098], "coverage_estimated_second_order_diff": [0.007628866175555582, 0.00760666224248896, 0.009610603870199963, 0.027968651946766676, 0.0347159076382999, 0.026427530581200065, -0.029036068253999958, -0.027377421849755668, -0.032269950263, 0.03316965234080005]}