{"coverage_estimated_first_order": [1.3331867179089603, 1.0573821453385308, 0.9289254089360626, 1.0618961422543962, 0.9395401790054648, 0.8347474840844713, 0.9270020213068626, 0.9574249291894614, 1.1458200269734267, 0.96105688431991], "coverage_estimated_second_order": [0.8465309927264001, 1.0411281194094002, 1.0309269375729, 0.317945383427, 0.19839495003130003, 1.0161107559772, 1.0475847066957, 1.0504231821459997, 0.6972104590664, 0.3528084941196], "sol": [0.0, 1.0, 1.0, 0.0, 0.0, 1.0, 1.0, 1.0, 0.0, 0.0], "coverage": [0.8042621527777778, 1.0, 1.0, 0.2938454861111111, 0.18008680555555556, 1.0, 1.0, 1.0, 0.6532682291666667, 0.3267057291666667], "coverage_estimated_first_order_diff": [0.5289245651311825, 0.05738214533853081, -0.07107459106393743, 0.7680506561432852, 0.7594533734499093, -0.1652525159155287, -0.0729979786931374, -0.04257507081053857, 0.49255179780675995, 0.6343511551532433], "coverage_estimated_second_order_diff": [0.042268839948622294, 0.0411281194094002, 0.030926937572899993, 0.024099897315888907, 0.01830814447574447, 0.01611075597720002, 0.04758470669570003, 0.05042318214599972, 0.04394222989973329, 0.026102764952933344]}