{"coverage_estimated_first_order": [0.9757106232294609, 0.6548436260631394, 0.8977012628369686, 0.8870584988642956, 0.760388011606572, 0.8033819792545582, 0.8108778772819133, 0.9112537331886615, 0.7838302805351375, 0.7037006317279749], "coverage_estimated_second_order": [0.5989450925370999, 0.9284887187149, 0.5722047603098, 0.3434675136658, 0.1943539871553, 0.3314864506872, 0.9635543403426001, 0.9758328488649999, 0.9655570760104999, 0.1330355219685], "sol": [0.0, 1.0, 0.0, 0.0, 0.0, 0.0, 1.0, 1.0, 1.0, 0.0], "coverage": [0.6601519097222223, 1.0, 0.6278298611111112, 0.3113020833333333, 0.17651041666666667, 0.3775824652777778, 1.0, 1.0, 1.0, 0.12842447916666666], "coverage_estimated_first_order_diff": [0.31555871350723863, -0.3451563739368606, 0.26987140172585744, 0.5757564155309622, 0.5838775949399053, 0.42579951397678045, -0.1891221227180867, -0.08874626681133846, -0.21616971946486252, 0.5752761525613083], "coverage_estimated_second_order_diff": [-0.06120681718512233, -0.07151128128509998, -0.05562510080131111, 0.03216543033246666, 0.01784357048863333, -0.04609601459057777, -0.036445659657399876, -0.02416715113500012, -0.03444292398950011, 0.004611042801833332]}