{"coverage_estimated_first_order": [1.0766227988331145, 1.1040304310333136, 0.9636601906033727, 1.1039200194491992, 1.0162863552236916, 1.0165630652848041, 0.9976275954367855, 0.997646572226529, 1.169630956962796, 0.8152500206226408], "coverage_estimated_second_order": [0.23659964679120002, 0.2161147320235, 0.17289464665100002, 0.9473275693666001, 0.9434335943800001, 0.33916025848099995, 1.0086531557018001, 1.0252781488464, 0.7221203740497001, 0.9514095775403], "sol": [0.0, 0.0, 0.0, 1.0, 1.0, 0.0, 1.0, 1.0, 0.0, 1.0], "coverage": [0.16425347222222222, 0.13911458333333335, 0.09560763888888889, 1.0, 1.0, 0.2795225694444444, 1.0, 1.0, 0.6730598958333334, 1.0], "coverage_estimated_first_order_diff": [0.9123693266108923, 0.9649158476999802, 0.8680525517144838, 0.10392001944919915, 0.016286355223691595, 0.7370404958403597, -0.002372404563214525, -0.0023534277734710285, 0.4965710611294627, -0.18474997937735915], "coverage_estimated_second_order_diff": [0.0723461745689778, 0.07700014869016666, 0.07728700776211113, -0.05267243063339988, -0.05656640561999993, 0.05963768903655553, 0.008653155701800141, 0.025278148846400006, 0.04906047821636672, -0.04859042245970002]}