{"coverage_estimated_first_order": [1.2038655200211814, 1.6211855831775346, 1.044519886971694, 1.2196856481704614, 1.112504498455687, 1.059914034156129, 1.059337658907335, 1.4088065346258443, 1.1920458448565567, 1.263682190803507], "coverage_estimated_second_order": [1.0293191746462, 0.9147031788846001, 1.0204620864212, 1.0071089778643, 1.0041051659546, 1.0138599566046, 0.9636417785240999, 0.6391808324757999, 0.44378877559330004, 0.6553294009342], "sol": [1.0, 0.0, 1.0, 1.0, 1.0, 1.0, 1.0, 0.0, 0.0, 0.0], "coverage": [1.0, 0.8845355902777777, 1.0, 1.0, 1.0, 1.0, 1.0, 0.6595746527777778, 0.4706119791666667, 0.6295616319444445], "coverage_estimated_first_order_diff": [0.2038655200211814, 0.7366499928997569, 0.04451988697169407, 0.21968564817046143, 0.11250449845568711, 0.05991403415612906, 0.05933765890733489, 0.7492318818480664, 0.72143386568989, 0.6341205588590625], "coverage_estimated_second_order_diff": [0.02931917464620004, 0.030167588606822338, 0.020462086421199954, 0.007108977864300092, 0.004105165954600087, 0.013859956604600043, -0.036358221475900065, -0.020393820301977894, -0.02682320357336665, 0.025767768989755524]}