{"coverage_estimated_first_order": [1.373548696503001, 1.3711960908383785, 1.1855996636704331, 1.1406582206480451, 1.375353798960283, 1.016149930058792, 1.246446885861255, 1.3489250655269678, 1.1693158499074257, 0.9904951686030495], "coverage_estimated_second_order": [0.5001191778709001, 0.4037354369308, 0.3064180835731, 0.9850207187078, 0.7876812912734001, 0.9688001241322001, 0.9124679081396, 0.8975672846964999, 0.9026635113749, 1.0200715227196], "sol": [0.0, 0.0, 0.0, 1.0, 0.0, 1.0, 1.0, 1.0, 1.0, 1.0], "coverage": [0.5109548611111111, 0.4199045138888889, 0.31934461805555553, 1.0, 0.7605208333333333, 1.0, 1.0, 1.0, 1.0, 1.0], "coverage_estimated_first_order_diff": [0.8625938353918899, 0.9512915769494896, 0.8662550456148777, 0.14065822064804512, 0.6148329656269498, 0.01614993005879195, 0.24644688586125496, 0.3489250655269678, 0.16931584990742565, -0.009504831396950464], "coverage_estimated_second_order_diff": [-0.010835683240211003, -0.01616907695808889, -0.01292653448245551, -0.014979281292200053, 0.02716045794006683, -0.03119987586779993, -0.08753209186040001, -0.10243271530350007, -0.09733648862510003, 0.0200715227196]}