{"coverage_estimated_first_order": [1.3735540550489427, 1.3711121775977149, 1.1855563294993754, 1.5250514297041653, 1.0102717902379013, 1.0162636763901383, 1.2357459671089444, 1.3338395237794174, 1.145760537725183, 1.0058927662123578], "coverage_estimated_second_order": [0.5001123799861, 0.4035025027851, 0.30627409778579995, 0.8899497545381, 1.0225167918376, 0.9686186697044001, 0.9444067624970002, 0.9411159965394998, 0.9394156300063, 1.0201300922735002], "sol": [0.0, 0.0, 0.0, 0.0, 1.0, 1.0, 1.0, 1.0, 1.0, 1.0], "coverage": [0.5109201388888889, 0.4196961805555556, 0.3192144097222222, 0.8557161458333333, 1.0, 1.0, 1.0, 1.0, 1.0, 1.0], "coverage_estimated_first_order_diff": [0.8626339161600538, 0.9514159970421593, 0.8663419197771531, 0.669335283870832, 0.010271790237901257, 0.01626367639013826, 0.23574596710894435, 0.3338395237794174, 0.14576053772518294, 0.005892766212357792], "coverage_estimated_second_order_diff": [-0.010807758902788844, -0.01619367777045555, -0.012940311936422255, 0.03423360870476666, 0.022516791837599914, -0.03138133029559986, -0.055593237502999826, -0.058884003460500156, -0.06058436999369998, 0.020130092273500155]}