{"coverage_estimated_first_order": [0.6960047270905879, 1.135952583497154, 0.6325234478571247, 1.0077192249111613, 0.5502688974811585, 0.8708672901946578, 0.9574023379088228, 0.6288833096179923, 0.8837133024127678, 0.7904077221964065], "coverage_estimated_second_order": [1.0297264238912, 0.9002652452605999, 1.0428304406467999, 0.7271391418830002, 0.9831884654679999, 0.5114289764728001, 0.6563185507514, 0.9592261944833999, 0.5817927175059, 0.40322481357359996], "sol": [1.0, 0.0, 1.0, 0.0, 1.0, 0.0, 0.0, 1.0, 0.0, 0.0], "coverage": [1.0, 0.8709939236111112, 1.0, 0.7579513888888889, 1.0, 0.5097092013888889, 0.6948697916666666, 1.0, 0.6230251736111111, 0.4269661458333333], "coverage_estimated_first_order_diff": [-0.3039952729094121, 0.26495865988604284, -0.36747655214287533, 0.24976783602227237, -0.4497311025188415, 0.36115808880576894, 0.26253254624215616, -0.3711166903820077, 0.2606881288016567, 0.3634415763630732], "coverage_estimated_second_order_diff": [0.02972642389120006, 0.029271321649488757, 0.04283044064679986, -0.030812247005888693, -0.016811534532000127, 0.0017197750839111903, -0.03855124091526663, -0.04077380551660015, -0.04123245610521109, -0.02374133225973335]}