{"coverage_estimated_first_order": [0.8244872980949323, 0.5718277340062728, 0.516594255687642, 0.6234050616294451, 0.5502586714689565, 0.6458980530505278, 0.7294313948567879, 0.41051619304499876, 0.7021938044362744, 0.542696400939977], "coverage_estimated_second_order": [0.7039470804969999, 1.0330969295115, 1.0480988405124, 0.19221265293040002, 0.0941136004938, 0.39941720450440005, 0.5548658437511, 0.9355072283957999, 0.5743620169986, 0.15564917953090002], "sol": [0.0, 1.0, 1.0, 0.0, 0.0, 0.0, 0.0, 1.0, 0.0, 0.0], "coverage": [0.6725911458333333, 1.0, 1.0, 0.20217881944444444, 0.08493489583333333, 0.3881336805555556, 0.6029557291666666, 1.0, 0.6221484375, 0.1443359375], "coverage_estimated_first_order_diff": [0.15189615226159892, -0.42817226599372715, -0.48340574431235805, 0.42122624218500065, 0.4653237756356231, 0.25776437249497225, 0.12647566569012125, -0.5894838069550012, 0.0800453669362744, 0.39836046343997694], "coverage_estimated_second_order_diff": [0.031355934663666596, 0.033096929511500006, 0.0480988405124001, -0.009966166514044417, 0.009178704660466677, 0.011283523948844465, -0.04808988541556658, -0.06449277160420008, -0.04778642050140003, 0.011313242030900006]}