{"coverage_estimated_first_order": [0.9305843615879846, 0.9206976517572301, 0.7925878667609839, 0.805524619311086, 0.7241494524589731, 0.5660950951620547, 0.9426538790324128, 1.0201508763955065, 0.566958107854189, 0.8880169477059738], "coverage_estimated_second_order": [0.4477537920126, 0.3545029863408, 0.2631052263255, 1.0473827923839, 1.0373340494646, 0.9444158051888001, 0.6009685570828001, 0.7141124584408, 0.9816697148048, 0.5930482377098], "sol": [0.0, 0.0, 0.0, 1.0, 1.0, 1.0, 0.0, 0.0, 1.0, 0.0], "coverage": [0.47673611111111114, 0.38202256944444446, 0.2796180555555556, 1.0, 1.0, 1.0, 0.6093359375, 0.7268402777777778, 1.0, 0.5797005208333333], "coverage_estimated_first_order_diff": [0.4538482504768735, 0.5386750823127856, 0.5129698112054284, -0.194475380688914, -0.2758505475410269, -0.4339049048379453, 0.3333179415324128, 0.2933105986177287, -0.433041892145811, 0.3083164268726405], "coverage_estimated_second_order_diff": [-0.028982319098511122, -0.02751958310364444, -0.016512829230055592, 0.047382792383900085, 0.03733404946459995, -0.055584194811199916, -0.008367380417199977, -0.012727819336977864, -0.01833028519519997, 0.013347716876466631]}