{"coverage_estimated_first_order": [0.8246849973866219, 0.5722038829882935, 0.5166630212866435, 0.6365912949327359, 0.567829527767487, 0.646184551103541, 0.39538394736770366, 0.7523522206632411, 0.62480753993498, 0.5430746550650463], "coverage_estimated_second_order": [0.7044163676968, 1.0333568862409002, 1.0479163324221998, 0.23343098981440003, 0.15610944418820002, 0.40039514963080003, 0.932212426368, 0.551380034856, 0.3702355559678, 0.15710315424350002], "sol": [0.0, 1.0, 1.0, 0.0, 0.0, 0.0, 1.0, 0.0, 0.0, 0.0], "coverage": [0.6729383680555555, 1.0, 1.0, 0.24934027777777779, 0.1599609375, 0.3891796875, 1.0, 0.6022092013888889, 0.41043836805555556, 0.14633680555555556], "coverage_estimated_first_order_diff": [0.15174662933106642, -0.4277961170117065, -0.48333697871335646, 0.38725101715495813, 0.40786859026748695, 0.257004863603541, -0.6046160526322963, 0.15014301927435225, 0.2143691718794244, 0.3967378495094907], "coverage_estimated_second_order_diff": [0.031477999641244536, 0.03335688624090016, 0.04791633242219984, -0.01590928796337776, -0.003851493311799986, 0.011215462130800047, -0.06778757363200005, -0.050829166532888936, -0.04020281208775556, 0.01076634868794446]}