{"coverage_estimated_first_order": [0.7990549132675613, 0.852058908173973, 0.42366790102989604, 0.6504801260475439, 0.6080145348159245, 0.48134282496537295, 0.5925408139095238, 0.6151730365199156, 0.5427964675325028, 0.4297538533709199], "coverage_estimated_second_order": [0.679219691698, 0.76212122607, 1.009128773548, 0.24927778475319998, 0.2649251633682, 1.0290145639200001, 0.0826184278624, 0.0781049282104, 0.059921154515800004, 0.9972427027396], "sol": [0.0, 0.0, 1.0, 0.0, 0.0, 1.0, 0.0, 0.0, 0.0, 1.0], "coverage": [0.6719227430555555, 0.7548958333333333, 1.0, 0.22034288194444446, 0.258984375, 1.0, 0.015525173611111111, 0.013550347222222222, 0.010924479166666667, 1.0], "coverage_estimated_first_order_diff": [0.12713217021200574, 0.09716307484063968, -0.576332098970104, 0.43013724410309945, 0.3490301598159245, -0.518657175034627, 0.5770156402984127, 0.6016226892976934, 0.531871988365836, -0.57024614662908], "coverage_estimated_second_order_diff": [0.007296948642444456, 0.007225392736666669, 0.009128773547999902, 0.02893490280875552, 0.005940788368200001, 0.029014563920000125, 0.0670932542512889, 0.06455458098817778, 0.04899667534913334, -0.0027572972603999713]}