{"coverage_estimated_first_order": [1.1614995125567695, 1.152890826468007, 0.9949765946868446, 1.2985267723385143, 0.8181438749535399, 0.8277007434092079, 0.90169851961986, 1.3338395237794174, 0.8056722445404715, 0.8334812166038756], "coverage_estimated_second_order": [0.5022431312009001, 0.40570726539170004, 0.30724331347289996, 0.8900482191997001, 1.0349887198475, 0.9743637924040001, 1.0560638366512, 0.9086430361817, 1.0415038485189998, 1.0271989234499002], "sol": [0.0, 0.0, 0.0, 0.0, 1.0, 1.0, 1.0, 0.0, 1.0, 1.0], "coverage": [0.5098220486111111, 0.41901475694444446, 0.3187890625, 0.8534418402777778, 1.0, 1.0, 1.0, 0.8601909722222222, 1.0, 1.0], "coverage_estimated_first_order_diff": [0.6516774639456584, 0.7338760695235624, 0.6761875321868447, 0.4450849320607365, -0.1818561250464601, -0.17229925659079215, -0.09830148038013997, 0.4736485515571952, -0.19432775545952852, -0.16651878339612436], "coverage_estimated_second_order_diff": [-0.007578917410210995, -0.01330749155274441, -0.011545749027100038, 0.03660637892192231, 0.03498871984750007, -0.025636207595999938, 0.05606383665120007, 0.048452063959477765, 0.0415038485189998, 0.02719892344990016]}