{"coverage_estimated_first_order": [1.3508133009187584, 1.0702802593036809, 0.9402621567175379, 1.0754765139439413, 0.9792190670566293, 0.9074145161721956, 1.1244588039318315, 0.8204560102002769, 1.0639247193842234, 0.7882670805863585], "coverage_estimated_second_order": [0.8530048389010001, 1.0336454914413, 1.0240018695833, 0.38602011736340003, 0.3234614612754, 1.0163118505748003, 0.5690025082425, 0.944704012256, 0.5814413197802001, 0.9893547014862999], "sol": [0.0, 1.0, 1.0, 0.0, 0.0, 1.0, 0.0, 1.0, 0.0, 1.0], "coverage": [0.8071223958333333, 1.0, 1.0, 0.4163628472222222, 0.3381857638888889, 1.0, 0.6064149305555555, 1.0, 0.6226605902777778, 1.0], "coverage_estimated_first_order_diff": [0.5436909050854251, 0.07028025930368087, -0.05973784328246212, 0.659113666721719, 0.6410333031677404, -0.0925854838278044, 0.518043873376276, -0.17954398979972308, 0.44126412910644564, -0.21173291941364147], "coverage_estimated_second_order_diff": [0.045882443067666756, 0.033645491441300024, 0.024001869583299973, -0.030342729858822193, -0.014724302613488893, 0.016311850574800335, -0.03741242231305553, -0.05529598774400002, -0.041219270497577676, -0.010645298513700108]}