{"coverage_estimated_first_order": [1.1189206364937272, 1.5718772977966875, 1.0132269752735987, 1.2300704452101179, 1.0948356139865152, 1.248088393116908, 1.4747743672059501, 1.2260325303714394, 1.088507915504116, 1.190130857811041], "coverage_estimated_second_order": [1.0135104565265, 0.8850077327302, 1.0268437831509, 1.0190133448320002, 1.0246144887842, 0.5031672951587001, 0.7948665486078001, 1.0275969239857998, 1.0239211153711, 0.48978972260899994], "sol": [1.0, 0.0, 1.0, 1.0, 1.0, 0.0, 0.0, 1.0, 1.0, 0.0], "coverage": [1.0, 0.8712022569444444, 1.0, 1.0, 1.0, 0.5103602430555556, 0.7459418402777778, 1.0, 1.0, 0.483203125], "coverage_estimated_first_order_diff": [0.1189206364937272, 0.7006750408522431, 0.013226975273598729, 0.23007044521011788, 0.09483561398651519, 0.7377281500613524, 0.7288325269281724, 0.22603253037143944, 0.08850791550411596, 0.706927732811041], "coverage_estimated_second_order_diff": [0.01351045652650007, 0.013805475785755528, 0.02684378315090008, 0.019013344832000234, 0.024614488784199917, -0.007192947896855539, 0.04892470833002238, 0.027596923985799826, 0.023921115371100088, 0.006586597608999933]}