{"coverage_estimated_first_order": [0.9928584865995379, 0.6675329914437541, 0.9087811903882718, 1.062680859311004, 0.6205821918747614, 0.8764621465682949, 0.9570859959324872, 0.6280790294252584, 0.88317427385504, 0.6012363596603963], "coverage_estimated_second_order": [0.6523548733642, 0.9556740218459, 0.6028387485529999, 0.8206522260104001, 1.0226836032287, 0.5262806034748001, 0.655912634878, 0.9581868019513999, 0.5807314997919001, 1.0294558944745], "sol": [0.0, 1.0, 0.0, 0.0, 1.0, 0.0, 0.0, 1.0, 0.0, 1.0], "coverage": [0.6971875, 1.0, 0.6460503472222222, 0.8142057291666667, 1.0, 0.5582855902777778, 0.6951519097222222, 1.0, 0.6226953125, 1.0], "coverage_estimated_first_order_diff": [0.29567098659953794, -0.3324670085562459, 0.26273084316604955, 0.2484751301443373, -0.3794178081252386, 0.3181765562905171, 0.26193408621026504, -0.3719209705747416, 0.26047896135504, -0.39876364033960365], "coverage_estimated_second_order_diff": [-0.04483262663580001, -0.0443259781541, -0.043211598669222306, 0.00644649684373344, 0.02268360322869989, -0.0320049868029777, -0.03923927484422218, -0.041813198048600064, -0.0419638127080999, 0.029455894474500033]}