{"coverage_estimated_first_order": [1.2708404547364707, 0.921270377047256, 1.1187923813098333, 1.0213560202118175, 0.9334401332152334, 0.8039924274080985, 0.8615645343060305, 1.2031351458040525, 1.0107000952046152, 1.0745108282674969], "coverage_estimated_second_order": [0.8022788410527001, 1.0137706458311, 0.644078972204, 1.018096316691, 1.0126237128318, 1.0299934618436002, 0.9724068231061, 0.6445253412252, 0.44606091742880005, 0.6350159047383], "sol": [0.0, 1.0, 0.0, 1.0, 1.0, 1.0, 1.0, 0.0, 0.0, 0.0], "coverage": [0.7944878472222222, 1.0, 0.6403211805555555, 1.0, 1.0, 1.0, 1.0, 0.6584852430555556, 0.46960069444444447, 0.6133463541666667], "coverage_estimated_first_order_diff": [0.47635260751424846, -0.078729622952744, 0.47847120075427774, 0.021356020211817484, -0.06655986678476655, -0.1960075725919015, -0.13843546569396947, 0.5446499027484969, 0.5410994007601708, 0.46116447410083017], "coverage_estimated_second_order_diff": [0.007790993830477877, 0.013770645831099992, 0.003757791648444475, 0.01809631669099998, 0.012623712831800082, 0.02999346184360019, -0.02759317689389995, -0.013959901830355559, -0.023539777015644414, 0.021669550571633334]}