{"coverage_estimated_first_order": [1.059421481290101, 0.7030782018280681, 0.9285219292032096, 0.6237765778524067, 0.915869276916703, 0.6148319371152808, 0.967900758509904, 0.6433701710699711, 0.906847058796804, 0.8314094416974697], "coverage_estimated_second_order": [0.8055344125721, 1.0173704722189, 0.6461801993597001, 0.9991725359289001, 0.6282773001604001, 1.033818040429, 0.6769306802461, 0.990992506588, 0.6293196710055, 0.5059593634919], "sol": [0.0, 1.0, 0.0, 1.0, 0.0, 1.0, 0.0, 1.0, 0.0, 0.0], "coverage": [0.7952126736111111, 1.0, 0.6401822916666666, 1.0, 0.6418923611111111, 1.0, 0.6928689236111111, 1.0, 0.644453125, 0.5189019097222223], "coverage_estimated_first_order_diff": [0.2642088076789899, -0.29692179817193187, 0.288339637536543, -0.3762234221475933, 0.2739769158055918, -0.38516806288471916, 0.2750318348987929, -0.3566298289300289, 0.2623939337968041, 0.3125075319752474], "coverage_estimated_second_order_diff": [0.010321738960988869, 0.01737047221890009, 0.005997907693033433, -0.0008274640710999037, -0.013615060950711078, 0.03381804042900005, -0.01593824336501104, -0.009007493412000023, -0.015133453994499946, -0.012942546230322316]}