{"coverage_estimated_first_order": [0.9924985793558243, 1.0137291516301263, 1.160445323021565, 0.8725068979445323, 1.152107836064302, 1.1498503274000285, 1.1108296167553666, 1.2130204462003824, 0.7479614485869681, 0.7769146796400194], "coverage_estimated_second_order": [1.0538332685087999, 1.0485753735331, 0.6979594117658, 1.0154395987471, 0.7249942227004, 0.6935991983757002, 0.5478799418647, 0.6847983265422999, 0.9822830295543, 1.0304024226604], "sol": [1.0, 1.0, 0.0, 1.0, 0.0, 0.0, 0.0, 0.0, 1.0, 1.0], "coverage": [1.0, 1.0, 0.6577777777777778, 1.0, 0.7147439236111112, 0.6609678819444444, 0.5829557291666667, 0.7092317708333333, 1.0, 1.0], "coverage_estimated_first_order_diff": [-0.007501420644175694, 0.013729151630126335, 0.5026675452437872, -0.1274931020554677, 0.43736391245319084, 0.488882445455584, 0.5278738875886999, 0.5037886753670491, -0.2520385514130319, -0.22308532035998063], "coverage_estimated_second_order_diff": [0.05383326850879988, 0.04857537353310004, 0.040181633988022214, 0.015439598747100103, 0.010250299089288872, 0.03263131643125572, -0.0350757873019667, -0.024433444291033446, -0.017716970445699975, 0.030402422660400052]}