{"coverage_estimated_first_order": [0.5081471718245665, 0.831290509295946, 0.6638831861116543, 0.6195240950113086, 0.5381542867051369, 0.46206486014400994, 0.6746607760097276, 0.7749285835537938, 0.362244349588132, 0.6090581468437948], "coverage_estimated_second_order": [1.0142868082737, 0.7059302749022001, 0.459367869178, 0.16060980054639998, 0.0477913449204, 1.0320125422155, 0.39336387156880004, 0.5934144099966, 0.9487524380079, 0.3237247441282], "sol": [1.0, 0.0, 0.0, 0.0, 0.0, 1.0, 0.0, 0.0, 1.0, 0.0], "coverage": [1.0, 0.6993663194444445, 0.4638671875, 0.14413628472222223, 0.0163671875, 1.0, 0.415546875, 0.6257465277777777, 1.0, 0.3034157986111111], "coverage_estimated_first_order_diff": [-0.4918528281754335, 0.13192418985150145, 0.2000159986116543, 0.47538781028908633, 0.5217870992051369, -0.5379351398559901, 0.25911390100972764, 0.14918205577601606, -0.637755650411868, 0.30564234823268366], "coverage_estimated_second_order_diff": [0.014286808273699991, 0.006563955457755566, -0.004499318322000012, 0.016473515824177748, 0.0314241574204, 0.032012542215499984, -0.022183003431199944, -0.03233211778117773, -0.05124756199210001, 0.020308945517088894]}