{"coverage_estimated_first_order": [0.7803973626285805, 0.8383793203342613, 0.41188433934450996, 0.7815820727451772, 0.35863687518186804, 0.4087003540835096, 0.6227952545697659, 0.6282348750066966, 0.5432290473473946, 0.6724769858158777], "coverage_estimated_second_order": [0.640220486936, 0.7293096663681999, 1.0005436069792, 0.6124594619325001, 0.9637340360528001, 1.0049461288577999, 0.19486466813939998, 0.12941460073920003, 0.06260266555999999, 0.5328864254416], "sol": [0.0, 0.0, 1.0, 0.0, 1.0, 1.0, 0.0, 0.0, 0.0, 0.0], "coverage": [0.6592447916666667, 0.7412109375, 1.0, 0.6198567708333333, 1.0, 1.0, 0.16792100694444445, 0.0922048611111111, 0.01758246527777778, 0.5602777777777778], "coverage_estimated_first_order_diff": [0.12115257096191379, 0.09716838283426132, -0.58811566065549, 0.16172530191184387, -0.641363124818132, -0.5912996459164904, 0.45487424762532147, 0.5360300138955855, 0.5256465820696169, 0.1121992080380999], "coverage_estimated_second_order_diff": [-0.01902430473066674, -0.011901271131800062, 0.0005436069791999731, -0.007397308900833233, -0.03626596394719994, 0.004946128857799881, 0.02694366119495553, 0.03720973962808892, 0.045020200282222214, -0.027391352336177732]}