{"coverage_estimated_first_order": [1.3328321692111884, 1.4034943922842393, 1.180546207398298, 1.2561153899440445, 1.105983814472624, 1.108249411247551, 1.0700447233774315, 1.527280804217035, 0.987051889523112, 1.152132801908841], "coverage_estimated_second_order": [0.8850323978308, 0.8776335164669002, 0.8886591087375999, 0.31540206472419996, 0.1707563479877, 0.9142797094699001, 1.017610859677, 0.8717858320617999, 1.0325837296117, 0.3540679163149], "sol": [1.0, 1.0, 1.0, 0.0, 0.0, 1.0, 1.0, 0.0, 1.0, 0.0], "coverage": [1.0, 1.0, 1.0, 0.3110590277777778, 0.16501736111111112, 1.0, 1.0, 0.8456163194444445, 1.0, 0.33010850694444444], "coverage_estimated_first_order_diff": [0.3328321692111884, 0.40349439228423933, 0.18054620739829796, 0.9450563621662667, 0.9409664533615129, 0.10824941124755094, 0.0700447233774315, 0.6816644847725905, -0.012948110476888042, 0.8220242949643966], "coverage_estimated_second_order_diff": [-0.11496760216919999, -0.12236648353309976, -0.1113408912624001, 0.004343036946422185, 0.005738986876588886, -0.08572029053009989, 0.017610859676999935, 0.02616951261735545, 0.032583729611699974, 0.023959409370455542]}