{"coverage_estimated_first_order": [1.0359009129953602, 1.1364126457198382, 0.9586500685022952, 0.8349839796890783, 1.111998379458414, 1.108548800142217, 0.8319263517052726, 1.1910878526641466, 1.010922308760725, 0.9614900563191242], "coverage_estimated_second_order": [0.9933393756034999, 0.9996167741267001, 0.9882203564473999, 1.0034076515113, 0.6517732974570999, 0.5460450001554, 0.9932868249879, 0.6311293254956, 0.44636547257820003, 0.3873723267363], "sol": [1.0, 1.0, 1.0, 1.0, 0.0, 0.0, 1.0, 0.0, 0.0, 0.0], "coverage": [1.0, 1.0, 1.0, 1.0, 0.6509331597222222, 0.5222048611111111, 1.0, 0.6444097222222223, 0.46953125, 0.39514322916666667], "coverage_estimated_first_order_diff": [0.035900912995360246, 0.13641264571983824, -0.04134993149770483, -0.16501602031092166, 0.46106521973619186, 0.5863439390311059, -0.16807364829472737, 0.5466781304419244, 0.5413910587607251, 0.5663468271524575], "coverage_estimated_second_order_diff": [-0.006660624396500059, -0.0003832258732998639, -0.011779643552600083, 0.0034076515112999584, 0.0008401377348776773, 0.023840139044288944, -0.006713175012100003, -0.01328039672662229, -0.023165777421799982, -0.007770902430366655]}