{"coverage_estimated_first_order": [1.16130181326508, 1.152514677485986, 0.994907829087843, 1.2853405390352235, 0.8005730186550094, 0.8274142453561946, 1.2357459671089444, 0.9920034961611749, 0.883058509041766, 0.8331029624788063], "coverage_estimated_second_order": [0.5017155277428, 0.40460645639000004, 0.30707236997259996, 0.8657419844077, 1.0200974113170997, 0.9739710949742001, 0.7713011704334001, 1.0523095448621, 1.0498742815764999, 1.027359775561], "sol": [0.0, 0.0, 0.0, 0.0, 1.0, 1.0, 0.0, 1.0, 1.0, 1.0], "coverage": [0.5092708333333333, 0.4177907986111111, 0.31841579861111113, 0.8358463541666666, 1.0, 1.0, 0.7253081597222222, 1.0, 1.0, 1.0], "coverage_estimated_first_order_diff": [0.6520309799317467, 0.7347238788748749, 0.6764920304767319, 0.44949418486855686, -0.1994269813449906, -0.17258575464380543, 0.5104378073867222, -0.007996503838825109, -0.11694149095823403, -0.16689703752119367], "coverage_estimated_second_order_diff": [-0.007555305590533301, -0.01318434222111109, -0.011343428638511177, 0.029895630241033366, 0.020097411317099745, -0.02602890502579991, 0.045993010711177895, 0.052309544862100044, 0.04987428157649987, 0.027359775561]}