{"coverage_estimated_first_order": [1.0359062715413019, 1.1363287324791747, 0.9586067343312373, 1.2193771887451983, 0.7469163707360325, 1.1086625464735633, 0.8212254329529619, 1.176002310916596, 0.9873669965784824, 0.9768876539284324], "coverage_estimated_second_order": [0.9933782196899998, 0.9996949896558002, 0.9882921738538, 0.7332473429496, 0.9979090575885, 0.5465143301916, 0.9712656325013, 0.5926390893826, 0.38056742578200004, 0.42604231307679996], "sol": [1.0, 1.0, 1.0, 0.0, 1.0, 0.0, 1.0, 0.0, 0.0, 0.0], "coverage": [1.0, 1.0, 1.0, 0.7402647569444445, 1.0, 0.5228211805555556, 1.0, 0.619375, 0.4122048611111111, 0.4342578125], "coverage_estimated_first_order_diff": [0.03590627154130188, 0.13632873247917465, -0.04139326566876267, 0.4791124318007538, -0.25308362926396755, 0.5858413659180077, -0.1787745670470381, 0.556627310916596, 0.5751621354673713, 0.5426298414284323], "coverage_estimated_second_order_diff": [-0.006621780310000158, -0.00030501034419982975, -0.011707826146200029, -0.007017413994844457, -0.0020909424114999853, 0.02369314963604441, -0.028734367498699953, -0.026735910617399994, -0.03163743532911106, -0.008215499423200046]}