{"coverage_estimated_first_order": [0.9265599708156594, 1.368033095140589, 0.8348342818793065, 1.1121547318157754, 0.9967021211967205, 1.1322571161433264, 0.872060337019102, 1.3217922306395113, 0.8058944580965814, 0.720460444655503], "coverage_estimated_second_order": [1.0462233591941998, 0.9182061638423002, 1.0407559856287998, 0.4923510562148, 0.3839483411746, 0.6780909977487002, 1.0285566705262, 0.8812565347978998, 1.0417122893592, 0.9978805693169], "sol": [1.0, 0.0, 1.0, 0.0, 0.0, 0.0, 1.0, 0.0, 1.0, 1.0], "coverage": [1.0, 0.8776649305555555, 1.0, 0.52, 0.41258246527777775, 0.6560026041666667, 1.0, 0.8454817708333333, 1.0, 1.0], "coverage_estimated_first_order_diff": [-0.07344002918434056, 0.4903681645850335, -0.16516571812069347, 0.5921547318157754, 0.5841196559189428, 0.4762545119766597, -0.12793966298089798, 0.47631045980617803, -0.19410554190341855, -0.27953955534449704], "coverage_estimated_second_order_diff": [0.04622335919419984, 0.04054123328674475, 0.040755985628799785, -0.027648943785199998, -0.028634124103177727, 0.022088393582033516, 0.028556670526199923, 0.03577476396456647, 0.041712289359199906, -0.0021194306831000542]}