{"coverage_estimated_first_order": [1.4157743960026772, 1.1034577057432877, 1.289484717804746, 1.2850320796099606, 1.165148908380118, 1.2536832494905452, 1.4744580252296144, 1.2252282501787055, 1.0879688869463884, 1.000959495275031], "coverage_estimated_second_order": [0.6492795181828999, 0.9514401589479, 0.6011870695964999, 0.9671908994089, 0.9728451216402001, 0.5236025883638, 0.7946539549670999, 1.0277639748643, 1.0243733735987, 0.9678787372575001], "sol": [0.0, 1.0, 0.0, 1.0, 1.0, 0.0, 0.0, 1.0, 1.0, 1.0], "coverage": [0.6976171875, 1.0, 0.6462890625, 1.0, 1.0, 0.5585069444444445, 0.7459505208333334, 1.0, 1.0, 1.0], "coverage_estimated_first_order_diff": [0.7181572085026772, 0.10345770574328772, 0.643195655304746, 0.2850320796099606, 0.1651489083801181, 0.6951763050461007, 0.7285075043962811, 0.2252282501787055, 0.08796888694638838, 0.0009594952750309194], "coverage_estimated_second_order_diff": [-0.04833766931710015, -0.048559841052099983, -0.04510199290350003, -0.03280910059109998, -0.027154878359799905, -0.03490435608064446, 0.04870343413376654, 0.027763974864299934, 0.024373373598699954, -0.032121262742499934]}