{"coverage_estimated_first_order": [0.8423115803964201, 0.5851019969534437, 0.5279997690681191, 0.6501716666222809, 0.6075084158186514, 0.7188515831912654, 0.5928407299926725, 0.6153833016740567, 0.5429122323457768, 0.3702848513314949], "coverage_estimated_second_order": [0.749107655104, 1.048924753072, 1.04991500282, 0.248395161703, 0.2636847422762, 0.588922213152, 0.0843246362474, 0.07938485263459999, 0.0606239085647, 0.9889256268040001], "sol": [0.0, 1.0, 1.0, 0.0, 0.0, 0.0, 0.0, 0.0, 0.0, 1.0], "coverage": [0.7069704861111111, 1.0, 1.0, 0.22024739583333333, 0.25862413194444445, 0.5680685763888889, 0.01709201388888889, 0.014344618055555555, 0.010933159722222223, 1.0], "coverage_estimated_first_order_diff": [0.13534109428530894, -0.41489800304655633, -0.4720002309318809, 0.42992427078894757, 0.348884283874207, 0.15078300680237655, 0.5757487161037835, 0.6010386836185012, 0.5319790726235546, -0.6297151486685051], "coverage_estimated_second_order_diff": [0.042137168992888885, 0.04892475307200006, 0.04991500281999994, 0.028147765869666663, 0.005060610331755533, 0.02085363676311114, 0.0672326223585111, 0.06504023457904444, 0.049690748842477775, -0.01107437319599991]}