{"coverage_estimated_first_order": [1.351011000210448, 1.4169652315394154, 1.1920729488535116, 1.2870554320035745, 1.1758767663237053, 1.1813050173554267, 0.9885416187427946, 1.3680131809560352, 1.1678586106173259, 0.9797352011298561], "coverage_estimated_second_order": [0.8414164515658, 0.8416245227065, 0.8702240148315998, 0.42425274587600004, 0.38171984656049995, 0.8762936498466002, 0.9378983677649999, 0.5610786224387999, 0.3779966176092, 0.9363028744103], "sol": [1.0, 1.0, 1.0, 0.0, 0.0, 1.0, 1.0, 0.0, 0.0, 1.0], "coverage": [1.0, 1.0, 1.0, 0.4624565972222222, 0.41239583333333335, 1.0, 1.0, 0.6043532986111111, 0.41249565972222224, 1.0], "coverage_estimated_first_order_diff": [0.35101100021044807, 0.41696523153941545, 0.19207294885351156, 0.8245988347813523, 0.763480932990372, 0.1813050173554267, -0.011458381257205441, 0.7636598823449241, 0.7553629508951036, -0.020264798870143874], "coverage_estimated_second_order_diff": [-0.15858354843419997, -0.1583754772935, -0.12977598516840017, -0.03820385134622217, -0.030675986772833397, -0.12370635015339981, -0.06210163223500009, -0.04327467617231118, -0.03449904211302224, -0.06369712558969998]}