{"coverage_estimated_first_order": [1.0772511221375305, 0.7162685515345754, 0.939884108412629, 1.0349363919013626, 0.6080370125440162, 0.6878992135873647, 0.8206091748934777, 0.8331517379514786, 0.7240101745240637, 0.6743954896982959], "coverage_estimated_second_order": [0.822489241662, 1.0237961259192, 0.668477377337, 0.7141377719281, 1.0061466412513, 1.0426973639140003, 0.21057573071340002, 0.1436952427542, 0.0741999303909, 1.0384269234258001], "sol": [0.0, 1.0, 0.0, 0.0, 1.0, 1.0, 0.0, 0.0, 0.0, 1.0], "coverage": [0.7974826388888889, 1.0, 0.6559852430555555, 0.6760980902777778, 1.0, 1.0, 0.17017361111111112, 0.093125, 0.01767795138888889, 1.0], "coverage_estimated_first_order_diff": [0.27976848324864156, -0.28373144846542464, 0.28389886535707354, 0.35883830162358477, -0.3919629874559838, -0.3121007864126353, 0.6504355637823667, 0.7400267379514786, 0.7063322231351747, -0.3256045103017041], "coverage_estimated_second_order_diff": [0.025006602773111064, 0.023796125919200106, 0.012492134281444467, 0.03803968165032223, 0.006146641251300045, 0.04269736391400025, 0.0404021196022889, 0.05057024275420001, 0.05652197900201111, 0.03842692342580012]}