{"coverage_estimated_first_order": [0.7199153354227663, 1.0497631740638027, 0.8543182004640721, 0.6368837653812935, 0.9334503592274355, 0.6512136800726195, 0.6341130307876436, 0.9856443681453679, 0.8297409913628973, 0.8367758846340108], "coverage_estimated_second_order": [1.0185481362128, 0.7122608362361, 0.46526324059639995, 1.0063303673096, 0.6540764975907, 1.0352347248322, 0.9954725090484, 0.6321901465208, 0.44637700442170003, 0.5095596287608], "sol": [1.0, 0.0, 0.0, 1.0, 0.0, 1.0, 1.0, 0.0, 0.0, 0.0], "coverage": [1.0, 0.7005338541666667, 0.4652690972222222, 1.0, 0.6519140625, 1.0, 1.0, 0.6450998263888889, 0.4701953125, 0.5149956597222223], "coverage_estimated_first_order_diff": [-0.2800846645772337, 0.349229319897136, 0.38904910324184994, -0.36311623461870646, 0.2815362967274355, -0.3487863199273805, -0.3658869692123564, 0.3405445417564791, 0.35954567886289723, 0.3217802249117885], "coverage_estimated_second_order_diff": [0.018548136212799937, 0.011726982069433345, -5.856625822253658e-06, 0.006330367309600016, 0.002162435090700021, 0.035234724832200026, -0.004527490951599988, -0.012909679868088886, -0.023818308078299988, -0.005436030961422311]}