{"coverage_estimated_first_order": [1.2713191743761918, 0.9214791256317916, 1.1190492015400058, 0.8593140314546541, 1.1129248409982084, 0.8035792921820861, 0.9128131982804253, 1.349340930578271, 0.8294607942955095, 1.004185296601524], "coverage_estimated_second_order": [0.8037277287766, 1.0144494578666001, 0.6449059015763999, 1.0097563999877, 0.6536346543085, 1.0302505746936002, 1.0589511649575, 0.9086010967818, 1.0473316026224, 0.5065961733224], "sol": [0.0, 1.0, 0.0, 1.0, 0.0, 1.0, 1.0, 0.0, 1.0, 0.0], "coverage": [0.7954427083333333, 1.0, 0.6407074652777778, 1.0, 0.6521657986111111, 1.0, 1.0, 0.8488888888888889, 1.0, 0.5191970486111112], "coverage_estimated_first_order_diff": [0.4758764660428585, -0.07852087436820843, 0.478341736262228, -0.14068596854534587, 0.4607590423870973, -0.19642070781791388, -0.08718680171957471, 0.5004520416893822, -0.17053920570449055, 0.48498824799041274], "coverage_estimated_second_order_diff": [0.008285020443266733, 0.014449457866600124, 0.004198436298622155, 0.009756399987699949, 0.00146885569738886, 0.030250574693600152, 0.05895116495750008, 0.059712207892911096, 0.04733160262239999, -0.012600875288711122]}