{"coverage_estimated_first_order": [0.9265599708156594, 1.021724271886875, 0.5830922553423347, 0.9137620470594328, 0.8176152782281751, 0.8586531130131085, 0.6739300747190548, 1.1160710875019955, 0.6245743023621846, 0.5293705782370747], "coverage_estimated_second_order": [0.47515870778550007, 0.6448447668363001, 0.955992899947, 0.49156145609659996, 0.3824718535002, 0.46843494118500006, 1.0311758471274, 0.8836761604629, 1.0459989248514, 0.9770750060351], "sol": [0.0, 0.0, 1.0, 0.0, 0.0, 0.0, 1.0, 0.0, 1.0, 1.0], "coverage": [0.5222786458333334, 0.6895572916666667, 1.0, 0.5199522569444445, 0.4125564236111111, 0.5015625, 1.0, 0.8446223958333333, 1.0, 1.0], "coverage_estimated_first_order_diff": [0.40428132498232605, 0.3321669802202084, -0.41690774465766534, 0.3938097901149883, 0.40505885461706403, 0.3570906130131085, -0.32606992528094525, 0.27144869166866215, -0.3754256976378154, -0.4706294217629253], "coverage_estimated_second_order_diff": [-0.04711993804783332, -0.044712524830366585, -0.044007100053000014, -0.02839080084784451, -0.03008457011091109, -0.03312755881499996, 0.031175847127399958, 0.03905376462956667, 0.04599892485139989, -0.022924993964899998]}