{"coverage_estimated_first_order": [0.6528000927427416, 0.6673364151357488, 0.5826454414384241, 0.8600356917135632, 0.42886236741703154, 0.6388513123752644, 0.7041278931697853, 0.7869307876349547, 0.3620460220033194, 0.4151207332239427], "coverage_estimated_second_order": [0.2005089947278, 0.1803356522206, 0.1431029258675, 0.7986161307677999, 1.0059901303976, 0.3122275921406, 0.5011855609008, 0.6399583396396998, 0.9485048024421999, 0.9981850088898001], "sol": [0.0, 0.0, 0.0, 0.0, 1.0, 0.0, 0.0, 0.0, 1.0, 1.0], "coverage": [0.15748697916666668, 0.13310763888888888, 0.09269965277777778, 0.8035373263888889, 1.0, 0.2760590277777778, 0.5577647569444445, 0.6942447916666666, 1.0, 1.0], "coverage_estimated_first_order_diff": [0.495313113576075, 0.5342287762468599, 0.4899457886606463, 0.05649836532467434, -0.5711376325829685, 0.3627922845974866, 0.1463631362253408, 0.09268599596828808, -0.6379539779966805, -0.5848792667760573], "coverage_estimated_second_order_diff": [0.04302201556113333, 0.047228013331711116, 0.05040327308972223, -0.004921195621088947, 0.005990130397599991, 0.036168564362822175, -0.056579196043644475, -0.0542864520269668, -0.051495197557800076, -0.0018149911101998928]}