{"coverage_estimated_first_order": [0.8467439740394538, 0.8725348169564348, 0.7616749424103648, 0.8506287570907124, 0.7669086955896351, 0.7550466021631363, 0.8001708128118167, 0.792779463597471, 0.9888242358685823, 0.8152500206226408], "coverage_estimated_second_order": [0.1431386748874, 0.14088867327569998, 0.11769820565599999, 1.0074627817900002, 0.9998877553300001, 0.1177683588342, 1.0207038702220002, 1.0358658276539998, 0.7286869267028, 0.38090746697409994], "sol": [0.0, 0.0, 0.0, 1.0, 1.0, 0.0, 1.0, 1.0, 0.0, 0.0], "coverage": [0.021475694444444443, 0.018828125, 0.014969618055555555, 1.0, 1.0, 0.01513888888888889, 1.0, 1.0, 0.6729904513888889, 0.3156684027777778], "coverage_estimated_first_order_diff": [0.8252682795950094, 0.8537066919564348, 0.7467053243548093, -0.1493712429092876, -0.23309130441036485, 0.7399077132742474, -0.19982918718818332, -0.20722053640252902, 0.31583378447969335, 0.49958161784486305], "coverage_estimated_second_order_diff": [0.12166298044295557, 0.12206054827569998, 0.10272858760044444, 0.00746278179000015, -0.00011224466999992799, 0.10262946994531111, 0.020703870222000154, 0.035865827653999816, 0.05569647531391109, 0.06523906419632214]}