{"coverage_estimated_first_order": [1.0777298417772516, 0.7164773001191109, 0.9401409286428014, 0.8728944031441991, 0.7875217203269913, 0.6874860783613523, 0.8718578388678725, 0.9793575227256973, 0.5427708736149581, 0.604069958032323], "coverage_estimated_second_order": [0.8246785701762, 1.0248673189252, 0.6697499743496, 0.3512320820464, 0.273841553596, 1.0430115145702001, 0.4039697104016, 0.6012540922048999, 0.9535871939373, 0.9999369789218001], "sol": [0.0, 1.0, 0.0, 0.0, 0.0, 1.0, 0.0, 0.0, 1.0, 1.0], "coverage": [0.7994791666666666, 1.0, 0.6568923611111112, 0.3556901041666667, 0.26598090277777775, 1.0, 0.4175173611111111, 0.6257335069444444, 1.0, 1.0], "coverage_estimated_first_order_diff": [0.278250675110585, -0.2835226998808891, 0.28324856753169025, 0.5172042989775324, 0.5215408175492136, -0.31251392163864766, 0.4543404777567614, 0.3536240157812529, -0.4572291263850419, -0.395930041967677], "coverage_estimated_second_order_diff": [0.025199403509533425, 0.0248673189252, 0.012857613238488885, -0.004458022120266691, 0.007860650818222237, 0.04301151457020014, -0.013547650709511083, -0.024479414739544514, -0.04641280606270004, -6.302107819988745e-05]}