{"coverage_estimated_first_order": [0.7138290093920757, 0.8029180231906109, 0.3921869347006298, 0.8360931451476544, 0.4284317988623081, 0.6702168172051775, 0.62268141074466, 0.6280292751095344, 0.5431115745878733, 0.4269063061694961], "coverage_estimated_second_order": [0.45764329075360005, 0.6295245584834, 0.9456813489753999, 0.7071937687706001, 1.0047015805368, 0.45756596665059995, 0.19403501223539998, 0.1285311214808, 0.062096508211599996, 1.01414181217], "sol": [0.0, 0.0, 1.0, 0.0, 1.0, 0.0, 0.0, 0.0, 0.0, 1.0], "coverage": [0.5150998263888888, 0.6849826388888889, 1.0, 0.6756857638888889, 1.0, 0.498515625, 0.16609809027777778, 0.09077690972222222, 0.016853298611111112, 1.0], "coverage_estimated_first_order_diff": [0.19872918300318687, 0.11793538430172201, -0.6078130652993702, 0.16040738125876552, -0.5715682011376919, 0.17170119220517743, 0.4565833204668822, 0.5372523653873122, 0.5262582759767622, -0.5730936938305039], "coverage_estimated_second_order_diff": [-0.0574565356352888, -0.05545808040548883, -0.054318651024600095, 0.03150800488171124, 0.004701580536800032, -0.040949658349400064, 0.027936921957622207, 0.037754211758577794, 0.04524320960048889, 0.014141812170000101]}