{"coverage_estimated_first_order": [0.7143077290317967, 1.1494355950288604, 0.6441857814677742, 0.8724438411468337, 0.7870033496138286, 0.9434076851093829, 0.872060337019102, 0.9799562030212691, 0.5431924294131645, 0.5476706409219516], "coverage_estimated_second_order": [1.0518895463375, 0.9230393020552001, 1.0465349535596, 0.3500878085492, 0.2726386183688, 0.6810472084959001, 0.4049554061896, 0.6029983352403, 0.9542088379553999, 0.9995958286628001], "sol": [1.0, 0.0, 1.0, 0.0, 0.0, 0.0, 0.0, 0.0, 1.0, 1.0], "coverage": [1.0, 0.8770008680555555, 1.0, 0.3552777777777778, 0.2655121527777778, 0.6557248263888888, 0.41845920138888887, 0.6270052083333333, 1.0, 1.0], "coverage_estimated_first_order_diff": [-0.28569227096820327, 0.27243472697330484, -0.35581421853222583, 0.5171660633690559, 0.5214911968360507, 0.28768285872049404, 0.45360113563021315, 0.3529509946879358, -0.4568075705868355, -0.4523293590780484], "coverage_estimated_second_order_diff": [0.05188954633749998, 0.04603843399964458, 0.04653495355960002, -0.005189969228577784, 0.007126465591022202, 0.02532238210701121, -0.013503795199288848, -0.024006873093033287, -0.0457911620446001, -0.00040417133719994336]}