{"coverage_estimated_first_order": [1.136744918795215, 1.2388427374901445, 0.7728904621171037, 1.058444365446611, 0.9729985153676648, 1.0474379201274278, 1.1400534400417872, 1.2251784958629814, 0.7479061876792216, 0.8266294417841307], "coverage_estimated_second_order": [0.47514694357580006, 0.6458426059953, 0.9574836709017, 0.9934219191784001, 0.9844910376681002, 0.471742289439, 0.600268659754, 0.7142343474999, 0.9816568688326001, 0.9649609615818], "sol": [0.0, 0.0, 1.0, 1.0, 1.0, 0.0, 0.0, 0.0, 1.0, 1.0], "coverage": [0.5176736111111111, 0.686328125, 1.0, 1.0, 1.0, 0.49981770833333333, 0.6098697916666667, 0.7282335069444444, 1.0, 1.0], "coverage_estimated_first_order_diff": [0.6190713076841039, 0.5525146124901446, -0.22710953788289634, 0.05844436544661091, -0.027001484632335204, 0.5476202117940945, 0.5301836483751206, 0.496944988918537, -0.25209381232077843, -0.17337055821586933], "coverage_estimated_second_order_diff": [-0.042526667535311036, -0.04048551900469999, -0.042516329098300054, -0.006578080821599941, -0.0155089623318998, -0.028075418894333348, -0.00960113191266665, -0.01399915944454444, -0.01834313116739994, -0.0350390384182]}