{"coverage_estimated_first_order": [0.925044925000814, 1.0208179626684417, 0.5824319553793094, 0.8360931451476544, 0.7935138075846897, 0.8589770631136355, 0.8610935527821816, 0.8610437639729238, 0.7479061876792216, 0.6542318410051458], "coverage_estimated_second_order": [0.46914283247300004, 0.6410115477123001, 0.954305620696, 0.9726603549002002, 0.9900346395555, 0.4676829276626, 0.319374580957, 0.2490224540074, 0.1632684101326, 0.9691626499726], "sol": [0.0, 0.0, 1.0, 1.0, 1.0, 0.0, 0.0, 0.0, 0.0, 1.0], "coverage": [0.5153472222222222, 0.6853211805555556, 1.0, 1.0, 1.0, 0.4988064236111111, 0.28637586805555554, 0.2291059027777778, 0.14546440972222222, 1.0], "coverage_estimated_first_order_diff": [0.40969770277859185, 0.33549678211288614, -0.41756804462069064, -0.16390685485234557, -0.2064861924153103, 0.3601706395025244, 0.574717684726626, 0.6319378611951461, 0.6024417779569994, -0.34576815899485425], "coverage_estimated_second_order_diff": [-0.04620438974922214, -0.04430963284325551, -0.045694379304, -0.027339645099799803, -0.009965360444500027, -0.031123495948511104, 0.03299871290144446, 0.019916551229622215, 0.017804000410377774, -0.030837350027399957]}