{"coverage_estimated_first_order": [0.9082569688744506, 1.3545500836088826, 0.823171948268657, 1.2474301155801029, 0.7599676690640504, 1.0597167212286012, 0.9574023379088228, 0.9707193372362348, 1.1464153310961849, 0.963197525929958], "coverage_estimated_second_order": [1.0259070831208, 0.897233347644, 1.0378774234052, 0.7859578591756, 0.9942970255548, 0.5111303904454001, 1.0587844300404001, 1.0466893371697998, 0.6980522946269, 0.4052811849665999], "sol": [1.0, 0.0, 1.0, 0.0, 1.0, 0.0, 1.0, 1.0, 0.0, 0.0], "coverage": [1.0, 0.8716189236111112, 1.0, 0.7794574652777778, 1.0, 0.5108506944444444, 1.0, 1.0, 0.6539713541666666, 0.428359375], "coverage_estimated_first_order_diff": [-0.09174303112554938, 0.4829311599977715, -0.17682805173134297, 0.46797265030232504, -0.24003233093594956, 0.5488660267841567, -0.04259766209117721, -0.029280662763765175, 0.49244397692951825, 0.534838150929958], "coverage_estimated_second_order_diff": [0.025907083120799923, 0.025614424032888827, 0.03787742340519995, 0.006500393897822199, -0.00570297444519996, 0.00027969600095567593, 0.058784430040400126, 0.04668933716979984, 0.044080940460233364, -0.02307819003340006]}