{"coverage_estimated_first_order": [0.6533523407322033, 0.6679091404257748, 0.5828354351121622, 0.8773953620835482, 0.4590764312169484, 0.6392398863954157, 0.42516800591017967, 0.7646320833631395, 0.6247480506867363, 0.41551293617850915], "coverage_estimated_second_order": [0.20278533280560002, 0.1825047361487, 0.14353078670980002, 0.8228668940070001, 1.0387835533244, 0.3134717845686, 0.9646087429750001, 0.5810761727042, 0.3696749177184, 0.9985139020797], "sol": [0.0, 0.0, 0.0, 0.0, 1.0, 0.0, 1.0, 0.0, 0.0, 1.0], "coverage": [0.1603168402777778, 0.1357595486111111, 0.09266493055555555, 0.7953081597222222, 1.0, 0.2777821180555556, 1.0, 0.6157421875, 0.40848524305555556, 1.0], "coverage_estimated_first_order_diff": [0.49303550045442546, 0.5321495918146637, 0.4901705045566066, 0.08208720236132594, -0.5409235687830516, 0.36145776833986015, -0.5748319940898203, 0.1488898958631395, 0.21626280763118078, -0.5844870638214908], "coverage_estimated_second_order_diff": [0.04246849252782223, 0.046745187537588884, 0.050865856154244465, 0.02755873428477784, 0.03878355332440009, 0.035689666513044394, -0.0353912570249999, -0.034666014795800004, -0.03881032533715556, -0.001486097920299967]}