{"coverage_estimated_first_order": [1.0594268398360427, 1.0493031118411182, 1.1802206215691238, 1.2065624716648693, 0.7298741111628667, 0.8885496865768451, 1.1553301020576405, 0.8340057724599365, 1.0646119023489584, 1.0378969057252063], "coverage_estimated_second_order": [1.0324230971578001, 1.0307983958349, 0.6874484154880999, 0.7290572204975002, 0.9837112861570999, 1.012455984867, 0.6584774232113, 0.9596822693053999, 0.5833027732228, 0.5616161476477], "sol": [1.0, 1.0, 0.0, 0.0, 1.0, 1.0, 0.0, 1.0, 0.0, 0.0], "coverage": [1.0, 1.0, 0.6489887152777778, 0.7585373263888889, 1.0, 1.0, 0.6960894097222222, 1.0, 0.6231380208333334, 0.5622482638888889], "coverage_estimated_first_order_diff": [0.05942683983604269, 0.04930311184111824, 0.531231906291346, 0.44802514527598036, -0.2701258888371333, -0.11145031342315492, 0.4592406923354183, -0.16599422754006354, 0.44147388151562506, 0.4756486418363174], "coverage_estimated_second_order_diff": [0.03242309715780012, 0.030798395834900072, 0.03845970021032208, -0.02948010589138872, -0.016288713842900093, 0.012455984867000058, -0.037611986510922235, -0.040317730694600096, -0.039835247610533364, -0.0006321162411889736]}