{"coverage_estimated_first_order": [0.6361510231891898, 0.2669569112205293, 0.5476971737119992, 0.39725192048675584, 0.3586593529099598, 0.23750875822589237, 0.3954411689832981, 0.4103556822065816, 0.36196415252074426, 0.4316723572533381], "coverage_estimated_second_order": [0.7846774207980001, 0.999331013612, 0.628645998304, 0.050356315160600004, 0.0337478156444, 1.020995151274, 0.062137858591999995, 0.05830963030399999, 0.0442764551904, 0.31024564442], "sol": [0.0, 1.0, 0.0, 0.0, 0.0, 1.0, 0.0, 0.0, 0.0, 0.0], "coverage": [0.7924479166666667, 1.0, 0.6386458333333334, 0.008059895833333334, 0.008411458333333333, 1.0, 0.013849826388888889, 0.012178819444444445, 0.009270833333333334, 0.3062109375], "coverage_estimated_first_order_diff": [-0.15629689347747688, -0.7330430887794708, -0.09094865962133414, 0.3891920246534225, 0.3502478945766265, -0.7624912417741077, 0.38159134259440924, 0.39817686276213715, 0.3526933191874109, 0.12546141975333808], "coverage_estimated_second_order_diff": [-0.007770495868666627, -0.000668986387999948, -0.009999835029333326, 0.042296419327266674, 0.025336357311066666, 0.02099515127400009, 0.048288032203111106, 0.046130810859555546, 0.03500562185706667, 0.00403470692000002]}