{"coverage_estimated_first_order": [0.7629796618058772, 0.4360373773668752, 0.7067959421952639, 0.8093895969525172, 0.3712045322407049, 0.6149456834466271, 0.7596292133075184, 0.4232119207962004, 0.7023675527608262, 0.6012363596603963], "coverage_estimated_second_order": [0.5846856619729999, 0.9163967290496999, 0.561360613241, 0.722046509818, 0.9805389073701, 0.32157951577, 0.6487349802105999, 0.9525955101802, 0.5755220812343, 0.34395362196010004], "sol": [0.0, 1.0, 0.0, 0.0, 1.0, 0.0, 0.0, 1.0, 0.0, 0.0], "coverage": [0.6592578125, 1.0, 0.6274869791666666, 0.7579296875, 1.0, 0.3794921875, 0.6937196180555556, 1.0, 0.6225868055555556, 0.3785590277777778], "coverage_estimated_first_order_diff": [0.10372184930587713, -0.5639626226331248, 0.07930896302859725, 0.051459909452517216, -0.6287954677592951, 0.23545349594662712, 0.06590959525196283, -0.5767880792037996, 0.07978074720527062, 0.22267733188261857], "coverage_estimated_second_order_diff": [-0.07457215052700017, -0.08360327095030007, -0.06612636592566667, -0.035883177682, -0.019461092629900034, -0.05791267173000003, -0.044984637844955655, -0.047404489819800055, -0.047064724321255524, -0.03460540581767774]}