{"coverage_estimated_first_order": [0.7375419184325644, 1.062661288028953, 0.8656549482455476, 0.6504641370708386, 0.9731292472786, 0.7238807121603439, 0.8315698134126124, 0.8486754491561835, 0.7478456837736941, 0.6639860809004594], "coverage_estimated_second_order": [1.0151760246430002, 0.7274078279259, 0.49046493428419996, 0.9888245457186, 0.7248631292909999, 1.0289498371846002, 0.263231990426, 0.2176624832156, 0.1635079458277, 1.0286941411938], "sol": [1.0, 0.0, 0.0, 1.0, 0.0, 1.0, 0.0, 0.0, 0.0, 1.0], "coverage": [1.0, 0.7085763888888889, 0.4840277777777778, 1.0, 0.7146397569444445, 1.0, 0.25962239583333335, 0.21180989583333334, 0.14754340277777778, 1.0], "coverage_estimated_first_order_diff": [-0.26245808156743555, 0.35408489914006414, 0.3816271704677698, -0.3495358629291614, 0.25848949033415547, -0.2761192878396561, 0.571947417579279, 0.6368655533228502, 0.6003022809959163, -0.3360139190995406], "coverage_estimated_second_order_diff": [0.015176024643000163, 0.018831439037011122, 0.006437156506422181, -0.011175454281399988, 0.01022337234655546, 0.028949837184600202, 0.0036095945926666317, 0.005852587382266655, 0.01596454304992223, 0.028694141193799982]}