{"coverage_estimated_first_order": [1.331317123396343, 1.402588083065806, 1.1798859074352726, 1.178446488032266, 1.0818823438291385, 1.108573361348078, 1.2572082014405581, 1.2722534806879635, 1.1103837748401488, 1.276994064676912], "coverage_estimated_second_order": [0.8865568222886999, 0.8790276465370002, 0.8892381665917999, 1.009634887302, 1.026881085728, 0.9145081284104002, 0.3292271068464, 0.25969406365020004, 0.17391604337310002, 0.6534365778325999], "sol": [1.0, 1.0, 1.0, 1.0, 1.0, 1.0, 0.0, 0.0, 0.0, 0.0], "coverage": [1.0, 1.0, 1.0, 1.0, 1.0, 1.0, 0.2928689236111111, 0.23465277777777777, 0.14862413194444443, 0.6332552083333334], "coverage_estimated_first_order_diff": [0.331317123396343, 0.40258808306580596, 0.17988590743527255, 0.17844648803226604, 0.0818823438291385, 0.10857336134807793, 0.9643392778294471, 1.0376007029101857, 0.9617596428957044, 0.6437388563435786], "coverage_estimated_second_order_diff": [-0.11344317771130008, -0.12097235346299984, -0.11076183340820012, 0.009634887302000017, 0.026881085727999965, -0.08549187158959981, 0.03635818323528889, 0.02504128587242227, 0.025291911428655584, 0.02018136949926652]}