{"coverage_estimated_first_order": [0.6527947341968, 1.0137291516301263, 0.8344308021464537, 0.6740351674137859, 0.9730312191079586, 0.9123415691741359, 0.9129590742221433, 1.007737472520021, 0.5669214899199589, 0.5908130020330629], "coverage_estimated_second_order": [0.9608487680143, 0.6316776577413001, 0.41196409403100004, 1.017726463644, 0.7259779118584, 0.6024111959771, 0.545237902439, 0.6836187460737, 0.9827108076302, 1.035038343584], "sol": [1.0, 0.0, 0.0, 1.0, 0.0, 0.0, 0.0, 0.0, 1.0, 1.0], "coverage": [1.0, 0.6724001736111112, 0.4529861111111111, 1.0, 0.7147135416666667, 0.6243967013888889, 0.5820399305555556, 0.7089322916666667, 1.0, 1.0], "coverage_estimated_first_order_diff": [-0.3472052658032, 0.3413289780190152, 0.3814446910353426, -0.3259648325862141, 0.25831767744129197, 0.28794486778524697, 0.3309191436665877, 0.2988051808533543, -0.43307851008004106, -0.40918699796693714], "coverage_estimated_second_order_diff": [-0.03915123198570003, -0.040722515869811016, -0.04102201708011105, 0.01772646364399999, 0.01126437019173332, -0.021985505411788897, -0.03680202811655553, -0.025313545592966724, -0.017289192369799977, 0.03503834358400004]}