{"coverage_estimated_first_order": [1.1377812449703395, 1.5858491213777564, 1.0250359683869286, 1.4965479408718951, 0.9967021211967205, 1.3211311083831307, 1.099771560304313, 1.5397211777553506, 0.9871337590056871, 0.9631835771004609], "coverage_estimated_second_order": [1.0318173926768, 0.9044200136532001, 1.0283444774131, 0.8820278001076001, 1.0291093560222, 0.6688468028293001, 1.0465416366271, 0.9004513669231, 1.0339072578694, 1.0262853840969999], "sol": [1.0, 0.0, 1.0, 0.0, 1.0, 0.0, 1.0, 0.0, 1.0, 1.0], "coverage": [1.0, 0.8777387152777778, 1.0, 0.8535243055555556, 1.0, 0.656484375, 1.0, 0.8611805555555555, 1.0, 1.0], "coverage_estimated_first_order_diff": [0.1377812449703395, 0.7081104060999786, 0.025035968386928564, 0.6430236353163395, -0.003297878803279475, 0.6646467333831307, 0.099771560304313, 0.678540622199795, -0.012866240994312883, -0.036816422899539125], "coverage_estimated_second_order_diff": [0.03181739267679995, 0.026681298375422324, 0.02834447741310009, 0.028503494552044484, 0.029109356022199995, 0.012362427829300082, 0.04654163662710009, 0.03927081136754451, 0.033907257869399965, 0.026285384096999875]}