{"coverage_estimated_first_order": [1.2469244878583505, 1.007543699721271, 0.8970409628739435, 1.007798270685565, 0.9153406801913381, 1.0235322911987903, 1.1955547601795204, 0.8614596290242272, 1.0882277184367282, 1.0127450682205843], "coverage_estimated_second_order": [0.7053962921447, 1.0320675268028001, 1.044658111935, 1.0466240830149, 1.0329131285938, 0.40646987996420003, 0.714362800424, 0.9888935739831999, 0.6294961083777999, 0.4739452322651], "sol": [0.0, 1.0, 1.0, 1.0, 1.0, 0.0, 0.0, 1.0, 0.0, 0.0], "coverage": [0.6735329861111111, 1.0, 1.0, 1.0, 1.0, 0.3927560763888889, 0.7156640625, 1.0, 0.6447048611111111, 0.45338541666666665], "coverage_estimated_first_order_diff": [0.5733915017472394, 0.007543699721271002, -0.10295903712605647, 0.007798270685565045, -0.08465931980866193, 0.6307762148099014, 0.4798906976795204, -0.13854037097577276, 0.443522857325617, 0.5593596515539176], "coverage_estimated_second_order_diff": [0.03186330603358889, 0.03206752680280012, 0.04465811193500002, 0.046624083014900064, 0.03291312859380002, 0.013713803575311156, -0.0013012620760000093, -0.01110642601680012, -0.015208752733311237, 0.02055981559843334]}