{"coverage_estimated_first_order": [0.949247270772907, 0.934293326356278, 0.8043280942753122, 1.0588158816695725, 0.6084451033706479, 0.6388513123752644, 0.90169851961986, 0.9920034961611749, 0.5429702158570545, 0.6606914128703243], "coverage_estimated_second_order": [0.49446292920800006, 0.3979878714430001, 0.3004258465863, 0.8034387189252999, 1.007476831299, 0.9730607965794001, 0.5107248298475999, 0.6481242983642999, 0.9538461909792, 1.0303893498688], "sol": [0.0, 0.0, 0.0, 0.0, 1.0, 1.0, 0.0, 0.0, 1.0, 1.0], "coverage": [0.5057725694444445, 0.415, 0.316171875, 0.8043359375, 1.0, 1.0, 0.5605772569444445, 0.6954600694444445, 1.0, 1.0], "coverage_estimated_first_order_diff": [0.44347470132846256, 0.519293326356278, 0.48815621927531216, 0.25447994416957254, -0.39155489662935206, -0.3611486876247356, 0.34112126267541554, 0.2965434267167304, -0.4570297841429455, -0.3393085871296757], "coverage_estimated_second_order_diff": [-0.01130964023644443, -0.017012128556999906, -0.015746028413699986, -0.0008972185747000427, 0.0074768312989998975, -0.026939203420599855, -0.049852427096844565, -0.04733577108014464, -0.04615380902080002, 0.03038934986879993]}