{"coverage_estimated_first_order": [1.2040744022082763, 0.8854329309215849, 1.0990262110669515, 1.062680859311004, 0.985664200597143, 1.0652223924767532, 1.195498137970009, 0.8610935182886479, 1.0879688869463884, 0.8285618944960459], "coverage_estimated_second_order": [0.6541874636860998, 0.9572176801869, 0.605044996751, 0.9973424490743001, 0.9836359706907001, 0.528158281529, 0.7142679707181001, 0.9882823963099999, 0.6288668361693001, 0.9771087568347], "sol": [0.0, 1.0, 0.0, 1.0, 1.0, 0.0, 0.0, 1.0, 0.0, 1.0], "coverage": [0.6972092013888889, 1.0, 0.6460807291666667, 1.0, 1.0, 0.5583984375, 0.7163498263888889, 1.0, 0.6445529513888889, 1.0], "coverage_estimated_first_order_diff": [0.5068652008193875, -0.11456706907841507, 0.45294548190028483, 0.06268085931100398, -0.014335799402857008, 0.5068239549767533, 0.47914831158112003, -0.13890648171135211, 0.4434159355574995, -0.1714381055039541], "coverage_estimated_second_order_diff": [-0.043021737702789054, -0.04278231981309999, -0.041035732415666715, -0.0026575509256998586, -0.01636402930929992, -0.030240155970999938, -0.002081855670788779, -0.011717603690000078, -0.015686115219588848, -0.0228912431653]}