{"coverage_estimated_first_order": [0.9743932767063053, 1.0006222890804406, 1.1488517550099169, 1.0209685150121506, 0.9329442402301624, 1.0775964305383163, 0.8621241701560031, 1.2037835804153483, 1.011096057085277, 1.0200300150395436], "coverage_estimated_second_order": [1.0497005679612998, 1.0496602262602002, 0.6791149067736, 1.0182503734665, 1.0126799621405, 0.5387772984932, 0.9724521399604001, 0.6454394983962, 0.4469193255362, 0.49731668440410004], "sol": [1.0, 1.0, 0.0, 1.0, 1.0, 0.0, 1.0, 0.0, 0.0, 0.0], "coverage": [1.0, 1.0, 0.6419227430555555, 1.0, 1.0, 0.5158680555555556, 1.0, 0.6585850694444444, 0.46965277777777775, 0.47346354166666665], "coverage_estimated_first_order_diff": [-0.025606723293694733, 0.0006222890804405967, 0.5069290119543614, 0.02096851501215058, -0.06705575976983758, 0.5617283749827607, -0.13787582984399693, 0.5451985109709039, 0.5414432793074992, 0.546566473372877], "coverage_estimated_second_order_diff": [0.049700567961299846, 0.04966022626020017, 0.03719216371804446, 0.018250373466500047, 0.012679962140500045, 0.022909242937644403, -0.02754786003959986, -0.013145571048244431, -0.022733452241577745, 0.023853142737433386]}