{"coverage_estimated_first_order": [0.7990549132675613, 1.1983677314276868, 0.6754099275668679, 0.8488728108038864, 0.7871013777844699, 0.7549468280955909, 0.7906710762095711, 0.8208941796574315, 0.7241166232668996, 0.6208437197893483], "coverage_estimated_second_order": [1.0466509639980002, 0.9468288350560001, 1.043550295672, 0.26023744474739996, 0.27110979614499997, 1.026365127542, 0.10208025836960001, 0.09682167003139999, 0.0737927542959, 0.9866691191152002], "sol": [1.0, 0.0, 1.0, 0.0, 0.0, 1.0, 0.0, 0.0, 0.0, 1.0], "coverage": [1.0, 0.8879470486111111, 1.0, 0.22050347222222222, 0.25908854166666667, 1.0, 0.01939670138888889, 0.017356770833333333, 0.013055555555555556, 1.0], "coverage_estimated_first_order_diff": [-0.20094508673243872, 0.31042068281657575, -0.3245900724331321, 0.6283693385816642, 0.5280128361178031, -0.24505317190440912, 0.7712743748206822, 0.8035374088240982, 0.711061067711344, -0.37915628021065173], "coverage_estimated_second_order_diff": [0.04665096399800017, 0.05888178644488906, 0.04355029567199997, 0.03973397252517774, 0.012021254478333299, 0.026365127542000044, 0.08268355698071111, 0.07946489919806665, 0.060737198740344445, -0.013330880884799834]}