{"coverage_estimated_first_order": [1.2465699391605787, 1.0073471234132656, 0.896919734799207, 1.003624833618871, 0.9026974726899517, 1.0234302152316521, 1.1404671999500418, 1.225594360914285, 0.7481394252520168, 1.0127311193910873], "coverage_estimated_second_order": [0.7043226376169001, 1.0316439129805, 1.0444761363914998, 1.0427061766393, 1.033782414125, 0.4061023498958, 0.6022790488937, 0.715672589567, 0.9821263909551999, 0.4738547732374], "sol": [0.0, 1.0, 1.0, 1.0, 1.0, 0.0, 0.0, 0.0, 1.0, 0.0], "coverage": [0.6726692708333334, 1.0, 1.0, 1.0, 1.0, 0.3923828125, 0.6120572916666667, 0.7297482638888889, 1.0, 0.4532465277777778], "coverage_estimated_first_order_diff": [0.5739006683272453, 0.007347123413265599, -0.10308026520079305, 0.003624833618870893, -0.09730252731004829, 0.6310474027316522, 0.5284099082833751, 0.49584609702539606, -0.2518605747479832, 0.5594845916133095], "coverage_estimated_second_order_diff": [0.03165336678356667, 0.031643912980499955, 0.04447613639149983, 0.042706176639299986, 0.03378241412500005, 0.013719537395800008, -0.009778242772966683, -0.014075674321888942, -0.017873609044800065, 0.0206082454596222]}