{"coverage_estimated_first_order": [1.2713245329221334, 0.921395212391128, 1.119005867368948, 1.243707240510774, 0.7478428322758269, 0.8036930385134324, 0.9021122795281146, 1.3342553888307207, 0.8059054821132667, 1.0195828942108323], "coverage_estimated_second_order": [0.8037800315311, 1.0144619981399001, 0.6449126909613001, 0.8004949667613, 0.9991733216644, 1.0303887681862, 1.0572371423054001, 0.9098580965965999, 1.0422211281645999, 0.5451236729123], "sol": [0.0, 1.0, 0.0, 0.0, 1.0, 1.0, 1.0, 0.0, 1.0, 0.0], "coverage": [0.7954513888888889, 1.0, 0.640703125, 0.7982118055555556, 1.0, 1.0, 1.0, 0.8608376736111111, 1.0, 0.5578819444444445], "coverage_estimated_first_order_diff": [0.47587314403324454, -0.07860478760887202, 0.478302742368948, 0.4454954349552185, -0.25215716772417307, -0.19630696148656757, -0.09788772047188543, 0.4734177152196096, -0.19409451788673326, 0.46170094976638776], "coverage_estimated_second_order_diff": [0.008328642642211115, 0.014461998139900123, 0.004209565961300066, 0.002283161205744455, -0.0008266783356000174, 0.030388768186200066, 0.05723714230540011, 0.04902042298548881, 0.042221128164599886, -0.012758271532144483]}