{"coverage_estimated_first_order": [0.9926442458665015, 1.4033695569403675, 0.8543182004640721, 0.8352924391143415, 1.112504498455687, 0.8710400419163247, 0.8316264356221239, 1.1908775875100053, 1.0108065439474512, 1.0209590583585493], "coverage_estimated_second_order": [1.0485015249756, 0.9335380192835001, 1.0372234460604, 1.0041409243838, 0.6530930544464, 1.0301612805596, 0.9938543345156, 0.6319774673077999, 0.44705017146309994, 0.5348729572833], "sol": [1.0, 0.0, 1.0, 1.0, 0.0, 1.0, 1.0, 0.0, 0.0, 0.0], "coverage": [1.0, 0.8845225694444444, 1.0, 1.0, 0.6519401041666667, 1.0, 1.0, 0.6452647569444444, 0.4703559027777778, 0.5353732638888888], "coverage_estimated_first_order_diff": [-0.007355754133498538, 0.5188469874959231, -0.14568179953592786, -0.16470756088565852, 0.4605643942890204, -0.12895995808367533, -0.1683735643778761, 0.5456128305655609, 0.5404506411696735, 0.48558579446966044], "coverage_estimated_second_order_diff": [0.04850152497560001, 0.0490154498390557, 0.037223446060399956, 0.004140924383799982, 0.001152950279733278, 0.0301612805596001, -0.006145665484399987, -0.013287289636644495, -0.023305731314677836, -0.0005003066055888628]}