{"coverage_estimated_first_order": [1.119118335785417, 1.2259446235249944, 0.7615537143356282, 1.044863993757066, 0.9333196273165003, 0.9747708880397034, 0.9425966574168184, 1.3621474148521662, 0.8298014952684247, 0.999419245517682], "coverage_estimated_second_order": [0.41021067887750007, 0.6010650914201001, 0.9450238971213, 1.0226158750868, 1.0118928119379, 0.2707962470766, 1.0359982487078, 0.9210648188616, 1.0463559202446, 0.4270668695276], "sol": [0.0, 0.0, 1.0, 1.0, 1.0, 0.0, 1.0, 0.0, 1.0, 0.0], "coverage": [0.43441840277777777, 0.6315711805555555, 1.0, 1.0, 1.0, 0.2816753472222222, 1.0, 0.8625303819444444, 1.0, 0.39630208333333333], "coverage_estimated_first_order_diff": [0.6846999330076393, 0.594373442969439, -0.23844628566437176, 0.04486399375706607, -0.06668037268349969, 0.6930955408174811, -0.05740334258318158, 0.49961703290772175, -0.17019850473157527, 0.6031171621843487], "coverage_estimated_second_order_diff": [-0.0242077239002777, -0.030506089135455383, -0.05497610287870003, 0.022615875086799964, 0.011892811937900039, -0.010879100145622211, 0.03599824870780011, 0.05853443691715554, 0.0463559202446, 0.030764786194266647]}