{"coverage_estimated_first_order": [1.0357032137036706, 0.7897276734841037, 0.7068392763663216, 0.6234050616294451, 0.9153406801913381, 0.834658298958986, 0.9678435368943095, 0.6435306819083882, 0.9069884175276227, 0.7700219357756265], "coverage_estimated_second_order": [0.7085768548265, 1.0364825278886, 1.0496949923503998, 0.9983016374539, 0.6267817652105001, 0.40648837276860006, 0.6760818694788, 0.9913182168669998, 0.6297465999862, 0.34306683207169997], "sol": [0.0, 1.0, 1.0, 1.0, 0.0, 0.0, 0.0, 1.0, 0.0, 0.0], "coverage": [0.6733550347222222, 1.0, 1.0, 1.0, 0.6407291666666667, 0.39157118055555556, 0.691328125, 1.0, 0.6445182291666667, 0.3581987847222222], "coverage_estimated_first_order_diff": [0.36234817898144833, -0.21027232651589634, -0.2931607236336784, -0.3765949383705549, 0.2746115135246714, 0.44308711840343046, 0.2765154118943095, -0.35646931809161175, 0.26247018836095604, 0.4118231510534043], "coverage_estimated_second_order_diff": [0.03522182010427777, 0.03648252788860007, 0.04969499235039976, -0.0016983625461000074, -0.013947401456166575, 0.014917192213044494, -0.015246255521199958, -0.008681783133000165, -0.014771629180466705, -0.015131952650522251]}