{"coverage_estimated_first_order": [1.2223253713684725, 1.6344890220352257, 1.0562346830580784, 1.0753974681695373, 1.344311301791213, 1.1322700069849794, 1.363130665736177, 1.0539086685208208, 1.2689995295429592, 1.0205808042334799], "coverage_estimated_second_order": [1.0118871098330002, 0.9131510747506, 1.0146283351657, 1.0254770989266002, 0.7517325810309001, 0.9958849322684, 0.6718329510573, 0.9838253122248, 0.6255374103893, 1.0074448954108002], "sol": [1.0, 0.0, 1.0, 1.0, 0.0, 1.0, 0.0, 1.0, 0.0, 1.0], "coverage": [1.0, 0.8882986111111111, 1.0, 1.0, 0.7361631944444444, 1.0, 0.6934288194444445, 1.0, 0.6449348958333333, 1.0], "coverage_estimated_first_order_diff": [0.22232537136847252, 0.7461904109241146, 0.05623468305807844, 0.0753974681695373, 0.6081481073467685, 0.13227000698497937, 0.6697018462917326, 0.05390866852082077, 0.624064633709626, 0.020580804233479855], "coverage_estimated_second_order_diff": [0.011887109833000231, 0.024852463639488898, 0.014628335165699946, 0.025477098926600217, 0.01556938658645568, -0.004115067731599975, -0.021595868387144446, -0.016174687775200036, -0.019397485444033302, 0.007444895410800179]}