{"coverage_estimated_first_order": [1.1618487027086, 1.1531713160166757, 0.9951411569326388, 0.9183070003490885, 1.195869091177308, 0.8276890730449997, 0.9674869986016493, 0.98479033363691, 1.1693158499074257, 0.8180975678240646], "coverage_estimated_second_order": [0.50278364492, 0.40630460919539996, 0.3074277512765, 1.0349428441952, 0.7957466797871, 0.9745465852116001, 1.0489911567054, 1.0451673201876, 0.7230439895361, 1.0270951591126], "sol": [0.0, 0.0, 0.0, 1.0, 0.0, 1.0, 1.0, 1.0, 0.0, 1.0], "coverage": [0.5097048611111111, 0.41900173611111113, 0.3183767361111111, 1.0, 0.7603559027777778, 1.0, 1.0, 1.0, 0.6731944444444444, 1.0], "coverage_estimated_first_order_diff": [0.6521438415974888, 0.7341695799055645, 0.6767644208215278, -0.08169299965091148, 0.43551318839953024, -0.17231092695500028, -0.03251300139835067, -0.015209666363089958, 0.4961214054629812, -0.18190243217593538], "coverage_estimated_second_order_diff": [-0.006921216191111079, -0.012697126915711177, -0.010948984834611097, 0.034942844195199996, 0.03539077700932225, -0.02545341478839991, 0.048991156705399996, 0.045167320187599946, 0.04984954509165562, 0.027095159112600076]}