{"coverage_estimated_first_order": [1.0590669325923292, 1.0491904487737769, 1.1801427276654453, 0.817995825542055, 1.082312912383862, 0.8883338642783606, 1.1109434605804727, 1.2132260460975446, 0.7480789213464895, 1.022485359286401], "coverage_estimated_second_order": [1.0324322367314, 1.0308651047995, 0.6869347769608, 0.9788351025511, 0.5965695260130001, 1.0124156418797001, 0.5476335760948999, 0.684956508515, 0.9823691424661001, 0.5232430149624], "sol": [1.0, 1.0, 0.0, 1.0, 0.0, 1.0, 0.0, 0.0, 1.0, 0.0], "coverage": [1.0, 1.0, 0.6485199652777778, 1.0, 0.6207899305555555, 1.0, 0.5826866319444445, 0.7092838541666666, 1.0, 0.5237196180555556], "coverage_estimated_first_order_diff": [0.0590669325923292, 0.049190448773776874, 0.5316227623876675, -0.18200417445794503, 0.4615229818283064, -0.11166613572163941, 0.5282568286360282, 0.503942191930878, -0.25192107865351054, 0.4987657412308454], "coverage_estimated_second_order_diff": [0.032432236731400055, 0.03086510479950011, 0.03841481168302219, -0.021164897448900044, -0.024220404542555474, 0.012415641879700123, -0.035053055849544545, -0.02432734565166661, -0.017630857533899924, -0.0004766030931555587]}