{"coverage_estimated_first_order": [1.5448867117033611, 1.2754069201602336, 1.119383915673857, 1.2842473625533528, 1.11902488678844, 1.0232083410982633, 1.2059619085664681, 1.3215596610795193, 1.1458200269734267, 1.133454485098895], "coverage_estimated_second_order": [0.8274512398627001, 1.0208794673842, 1.0129327351577, 0.3395033430772, 0.1984404721982, 0.9999458068842001, 0.9355321781268999, 0.9459299722101998, 0.9393567697481999, 0.34992444257559996], "sol": [0.0, 1.0, 1.0, 0.0, 0.0, 1.0, 1.0, 1.0, 1.0, 0.0], "coverage": [0.8045182291666667, 1.0, 1.0, 0.31480902777777775, 0.18070746527777778, 1.0, 1.0, 1.0, 1.0, 0.3270486111111111], "coverage_estimated_first_order_diff": [0.7403684825366944, 0.2754069201602336, 0.11938391567385698, 0.9694383347755751, 0.9383174215106622, 0.023208341098263308, 0.20596190856646812, 0.3215596610795193, 0.14582002697342666, 0.806405873987784], "coverage_estimated_second_order_diff": [0.022933010696033373, 0.0208794673842001, 0.012932735157699993, 0.02469431529942223, 0.017733006920422206, -5.419311579990538e-05, -0.06446782187310007, -0.05407002778980019, -0.06064323025180007, 0.02287583146448885]}