{"coverage_estimated_first_order": [0.9316153292171673, 0.9214791256317916, 0.7930346806648945, 0.6608423009239076, 0.9338482240418651, 0.5660705339561937, 0.714942655747202, 1.14405795689791, 0.6484208356285004, 0.8180836189945675], "coverage_estimated_second_order": [0.4512903558301, 0.35757033917079994, 0.2649606322626, 1.0139505173312, 0.6544973877449001, 0.9450040746926, 1.0657407596434, 0.9146084879709999, 1.0531166568483998, 0.46264117843119995], "sol": [0.0, 0.0, 0.0, 1.0, 0.0, 1.0, 1.0, 0.0, 1.0, 0.0], "coverage": [0.4805078125, 0.3857248263888889, 0.28198350694444446, 1.0, 0.6519401041666667, 1.0, 1.0, 0.8481944444444445, 1.0, 0.4856987847222222], "coverage_estimated_first_order_diff": [0.45110751671716726, 0.5357542992429027, 0.51105117372045, -0.3391576990760924, 0.28190811987519837, -0.43392946604380633, -0.28505734425279805, 0.2958635124534654, -0.3515791643714996, 0.3323848342723453], "coverage_estimated_second_order_diff": [-0.0292174566699, -0.02815448721808894, -0.017022874681844435, 0.013950517331200007, 0.0025572835782333714, -0.05499592530740005, 0.06574075964340009, 0.06641404352655544, 0.053116656848399835, -0.02305760629102227]}