{"coverage_estimated_first_order": [1.373548696503001, 1.7175049140920924, 1.4373416902074054, 1.3390509054043878, 1.5544406419288284, 1.2897539331890095, 1.4445771481613023, 1.5546462086644834, 1.3506360056418223, 1.1815850350214778], "coverage_estimated_second_order": [0.9744060138011998, 0.6910436913071002, 0.46428765885090006, 0.9663472435008, 0.7775914018578001, 0.9895248969727002, 0.8864482146258001, 0.8716454224206999, 0.8820339077907999, 0.9993363832291999], "sol": [1.0, 0.0, 0.0, 1.0, 0.0, 1.0, 1.0, 1.0, 1.0, 1.0], "coverage": [1.0, 0.7097916666666667, 0.48586805555555557, 1.0, 0.7605772569444444, 1.0, 1.0, 1.0, 1.0, 1.0], "coverage_estimated_first_order_diff": [0.37354869650300104, 1.0077132474254258, 0.9514736346518499, 0.33905090540438776, 0.7938633849843839, 0.28975393318900955, 0.44457714816130234, 0.5546462086644834, 0.3506360056418223, 0.18158503502147783], "coverage_estimated_second_order_diff": [-0.025593986198800156, -0.018747975359566516, -0.021580396704655502, -0.033652756499199965, 0.017014144913355622, -0.010475103027299815, -0.11355178537419985, -0.12835457757930013, -0.11796609220920007, -0.0006636167708000684]}