{"coverage_estimated_first_order": [0.9924519051207534, 1.0566006714639693, 0.6024640741570408, 1.0081067301108282, 0.5507647904662295, 0.5972632870644399, 0.9568427020588501, 0.6282348750066966, 0.8833173405321061, 0.8448885354243597], "coverage_estimated_second_order": [0.650632058456, 0.7377981833329998, 1.0062759922543, 0.7281071227005, 0.9839917023796001, 1.009640065127, 0.6551152955534999, 0.9582433451042, 0.5809275298787001, 0.5380043338868], "sol": [0.0, 0.0, 1.0, 0.0, 1.0, 1.0, 0.0, 1.0, 0.0, 0.0], "coverage": [0.6629644097222223, 0.7430381944444444, 1.0, 0.7584201388888889, 1.0, 1.0, 0.6946267361111111, 1.0, 0.6227864583333333, 0.5607769097222223], "coverage_estimated_first_order_diff": [0.32948749539853117, 0.3135624770195249, -0.39753592584295916, 0.24968659122193926, -0.4492352095337705, -0.4027367129355601, 0.262215965947739, -0.3717651249933034, 0.26053088219877274, 0.28411162570213744], "coverage_estimated_second_order_diff": [-0.01233235126622223, -0.005240011111444565, 0.006275992254300089, -0.030313016188388886, -0.016008297620399903, 0.009640065127000108, -0.039511440557611244, -0.04175665489580005, -0.04185892845463324, -0.02277257583542225]}