{"coverage_estimated_first_order": [1.543371665888516, 1.620809434195514, 1.3704656422478034, 1.404971145397917, 1.2740102591135, 1.2971362943290083, 1.5912556489296423, 1.2722534806879635, 1.4504720680248604, 1.4494056142853942], "coverage_estimated_second_order": [0.8498939180583001, 0.8417113705879, 0.8574909891256999, 1.020950258914, 1.0147502460812, 0.8848693718778001, 0.6952185645717001, 0.9682422166987998, 0.6172017187835, 0.6394934497056999], "sol": [1.0, 1.0, 1.0, 1.0, 1.0, 1.0, 0.0, 1.0, 0.0, 0.0], "coverage": [1.0, 1.0, 1.0, 1.0, 1.0, 1.0, 0.7179340277777778, 1.0, 0.6451171875, 0.6334505208333333], "coverage_estimated_first_order_diff": [0.5433716658885159, 0.6208094341955139, 0.37046564224780343, 0.404971145397917, 0.2740102591135001, 0.29713629432900834, 0.8733216211518645, 0.2722534806879635, 0.8053548805248604, 0.8159550934520609], "coverage_estimated_second_order_diff": [-0.15010608194169994, -0.15828862941209998, -0.14250901087430012, 0.02095025891400004, 0.014750246081199903, -0.11513062812219987, -0.022715463206077757, -0.03175778330120016, -0.02791546871649997, 0.006042928872366571]}