{"coverage_estimated_first_order": [1.290336632258886, 0.9352713765388448, 1.1309106571290706, 1.116778730879835, 1.0098636994112697, 0.876437585362434, 0.9269453990973512, 0.9570588184538821, 1.1455611954830864, 0.7768737105953715], "coverage_estimated_second_order": [0.8212123590482001, 1.0198614576447, 0.6676380068731, 0.49442404051380007, 0.41342863977450006, 1.0366431778584002, 1.0481651518742001, 1.050873925769, 0.6972578704289, 0.9968602146553001], "sol": [0.0, 1.0, 0.0, 0.0, 0.0, 1.0, 1.0, 1.0, 0.0, 1.0], "coverage": [0.8004383680555556, 1.0, 0.6577907986111111, 0.5034939236111111, 0.4284027777777778, 1.0, 1.0, 1.0, 0.6534331597222223, 1.0], "coverage_estimated_first_order_diff": [0.4898982642033305, -0.06472862346115515, 0.47311985851795946, 0.6132848072687238, 0.581460921633492, -0.12356241463756601, -0.07305460090264881, -0.042941181546117924, 0.49212803576086417, -0.22312628940462853], "coverage_estimated_second_order_diff": [0.020773990992644542, 0.019861457644700042, 0.009847208261988927, -0.009069883097311049, -0.014974138003277737, 0.03664317785840021, 0.04816515187420012, 0.05087392576900007, 0.043824710706677705, -0.0031397853446999413]}