{"coverage_estimated_first_order": [1.1608177350794173, 1.498698665395828, 1.2464363695657004, 1.2613820034926095, 1.1652571625629613, 1.1013176373810787, 1.3933284841869076, 1.0666043962720224, 1.269173277867511, 1.0791207629538992], "coverage_estimated_second_order": [0.9967080793992, 0.7108320752785, 0.47962440008829993, 0.9835317377279001, 0.9726136809385999, 1.008523534907, 0.7076479295911, 0.9812550084434, 0.6253336468656, 0.9605964396194001], "sol": [1.0, 0.0, 0.0, 1.0, 1.0, 1.0, 0.0, 1.0, 0.0, 1.0], "coverage": [1.0, 0.70921875, 0.4853472222222222, 1.0, 1.0, 1.0, 0.7172178819444445, 1.0, 0.6450173611111111, 1.0], "coverage_estimated_first_order_diff": [0.16081773507941732, 0.7894799153958281, 0.7610891473434782, 0.26138200349260954, 0.1652571625629613, 0.10131763738107868, 0.6761106022424631, 0.06660439627202241, 0.6241559167564, 0.07912076295389925], "coverage_estimated_second_order_diff": [-0.003291920600799969, 0.0016133252784999996, -0.0057228221339222785, -0.016468262272099854, -0.0273863190614001, 0.008523534907000085, -0.009569952353344457, -0.018744991556600032, -0.019683714245511075, -0.03940356038059989]}