{"coverage_estimated_first_order": [0.6355226998847738, 1.0010276139729815, 0.8232152824397148, 0.6646282327909351, 0.9459955385581805, 0.8397766130535498, 0.7705898518266532, 0.7805716596191479, 0.9889050906938736, 0.7636167545961113], "coverage_estimated_second_order": [0.9288740277322, 0.5967657804703, 0.379121101517, 1.004127544803, 0.668210830273, 0.4252205974928, 1.0592012641536002, 1.0548678122672, 0.7304499968243999, 0.33134677780699995], "sol": [1.0, 0.0, 0.0, 1.0, 0.0, 0.0, 1.0, 1.0, 0.0, 0.0], "coverage": [1.0, 0.6580078125, 0.42828993055555553, 1.0, 0.6650737847222222, 0.4731076388888889, 1.0, 1.0, 0.6742621527777778, 0.3633897569444444], "coverage_estimated_first_order_diff": [-0.36447730011522617, 0.3430198014729815, 0.3949253518841592, -0.3353717672090649, 0.2809217538359583, 0.3666689741646609, -0.22941014817334682, -0.21942834038085213, 0.31464293791609577, 0.4002269976516669], "coverage_estimated_second_order_diff": [-0.07112597226780004, -0.06124203202969991, -0.04916882903855552, 0.004127544803000038, 0.0031370455507777617, -0.0478870413960889, 0.059201264153600164, 0.054867812267199945, 0.05618784404662214, -0.03204297913744447]}