{"coverage_estimated_first_order": [1.4164041406990169, 1.8395317696511146, 1.2353131078433397, 1.668561525835069, 1.119035112800642, 1.2481775782423932, 1.4339328516185033, 1.5399267776525125, 1.3273395249499198, 1.3811658063553245], "coverage_estimated_second_order": [1.000791462579, 0.8871523882908, 0.9958795840884, 0.7889415732635, 0.9810846088332, 0.9916352152799001, 0.9197369664372, 0.916461199447, 0.9200024782059999, 0.5584647295806], "sol": [1.0, 0.0, 1.0, 0.0, 1.0, 1.0, 1.0, 1.0, 1.0, 0.0], "coverage": [1.0, 0.8846180555555555, 1.0, 0.8004513888888889, 1.0, 1.0, 1.0, 1.0, 1.0, 0.5741319444444445], "coverage_estimated_first_order_diff": [0.4164041406990169, 0.9549137140955591, 0.2353131078433397, 0.8681101369461801, 0.11903511280064194, 0.24817757824239317, 0.43393285161850326, 0.5399267776525125, 0.3273395249499198, 0.80703386191088], "coverage_estimated_second_order_diff": [0.0007914625789999796, 0.0025343327352445044, -0.004120415911599951, -0.011509815625388886, -0.018915391166799966, -0.008364784720099938, -0.08026303356279996, -0.083538800553, -0.0799975217940001, -0.01566721486384448]}