{"coverage_estimated_first_order": [1.1436698717093403, 1.4860093000152135, 1.2353564420143974, 1.0857596430459011, 1.305062982294772, 1.0282374700673418, 1.2471203655363334, 1.3497791000354256, 1.1698292845476086, 1.1815850350214778], "coverage_estimated_second_order": [1.0035279632738, 0.6993683940781001, 0.4560977075875, 0.9515838471404, 0.6617377792776, 1.0206173955249, 0.9121505046468001, 0.8968958534235998, 0.9023496210984999, 0.5049832502284], "sol": [1.0, 0.0, 0.0, 1.0, 0.0, 1.0, 1.0, 1.0, 1.0, 0.0], "coverage": [1.0, 0.7007378472222222, 0.4654904513888889, 1.0, 0.66640625, 1.0, 1.0, 1.0, 1.0, 0.5150737847222222], "coverage_estimated_first_order_diff": [0.1436698717093403, 0.7852714527929913, 0.7698659906255085, 0.08575964304590111, 0.6386567322947719, 0.028237470067341786, 0.24712036553633343, 0.34977910003542556, 0.1698292845476086, 0.6665112502992556], "coverage_estimated_second_order_diff": [0.0035279632737998945, -0.001369453144122068, -0.009392743801388881, -0.04841615285959999, -0.004668470722399953, 0.02061739552490005, -0.08784949535319986, -0.10310414657640021, -0.09765037890150008, -0.010090534493822245]}