{"coverage_estimated_first_order": [1.5611959481900037, 1.2877748738889712, 1.1301291290913087, 1.2333450656344103, 1.1521731604946495, 1.0964858213395279, 1.2565347217654799, 1.2713994461795053, 1.1098703401999659, 1.0859041982584838], "coverage_estimated_second_order": [0.8294717454681, 1.0107514602231, 1.0045684985644, 0.9575801843382001, 0.97452884206, 0.9960051921164002, 0.3279327824519, 0.2578711296698, 0.1728503915869, 0.9622126396758001], "sol": [0.0, 1.0, 1.0, 1.0, 1.0, 1.0, 0.0, 0.0, 0.0, 1.0], "coverage": [0.8050434027777778, 1.0, 1.0, 1.0, 1.0, 1.0, 0.2917621527777778, 0.23274305555555555, 0.14723090277777778, 1.0], "coverage_estimated_first_order_diff": [0.756152545412226, 0.28777487388897116, 0.1301291290913087, 0.23334506563441026, 0.15217316049464946, 0.09648582133952788, 0.964772568987702, 1.0386563906239497, 0.962639437422188, 0.08590419825848383], "coverage_estimated_second_order_diff": [0.024428342690322236, 0.010751460223100029, 0.004568498564399892, -0.042419815661799865, -0.02547115793999999, -0.003994807883599849, 0.03617062967412221, 0.025128074114244475, 0.02561948880912221, -0.03778736032419994]}