{"coverage_estimated_first_order": [0.9077047208849889, 1.3539773583188568, 0.822981954594919, 1.2300704452101179, 0.7297536052641336, 1.05932814720845, 1.2363622251684285, 0.9930180415080501, 0.8837133024127678, 0.9628053229753915], "coverage_estimated_second_order": [1.0251888051545, 0.8962408753559998, 1.0379066391689, 0.7748020316964002, 0.9832908674145, 0.5101377106141001, 0.7720798898800001, 1.0531264816494, 1.0500923735336998, 0.40409265002219996], "sol": [1.0, 0.0, 1.0, 0.0, 1.0, 0.0, 0.0, 1.0, 1.0, 0.0], "coverage": [1.0, 0.8710416666666667, 1.0, 0.7798611111111111, 1.0, 0.5098480902777778, 0.7258159722222223, 1.0, 1.0, 0.4270746527777778], "coverage_estimated_first_order_diff": [-0.09229527911501112, 0.4829356916521901, -0.17701804540508104, 0.45020933409900676, -0.2702463947358664, 0.5494800569306721, 0.5105462529462063, -0.0069819584919499356, -0.1162866975872322, 0.5357306701976137], "coverage_estimated_second_order_diff": [0.02518880515449995, 0.02519920868933312, 0.037906639168900025, -0.005059079414710954, -0.016709132585499997, 0.0002896203363222938, 0.04626391765777782, 0.053126481649399926, 0.050092373533699774, -0.022982002755577824]}