{"coverage_estimated_first_order": [0.8236486712114977, 0.9178151456081095, 0.7680015680907627, 0.5952730890201368, 0.9022996078755221, 0.9196993691082735, 0.8319263517052726, 0.8492518250459041, 0.7482202800773081, 0.7887002525855727], "coverage_estimated_second_order": [1.0069130142343, 1.0141904347484, 1.0010597617793997, 0.9492500779185, 0.5923968386165, 0.5538160901174, 0.2645669499525, 0.21922586532760002, 0.1643059126574, 0.38776065171859997], "sol": [1.0, 1.0, 1.0, 1.0, 0.0, 0.0, 0.0, 0.0, 0.0, 0.0], "coverage": [1.0, 1.0, 1.0, 1.0, 0.6193619791666667, 0.5211501736111112, 0.26026041666666666, 0.21201822916666666, 0.14723958333333334, 0.3937760416666667], "coverage_estimated_first_order_diff": [-0.17635132878850235, -0.0821848543918905, -0.2319984319092373, -0.40472691097986324, 0.2829376287088554, 0.3985491954971624, 0.571665935038606, 0.6372335958792374, 0.6009806967439748, 0.39492421091890606], "coverage_estimated_second_order_diff": [0.006913014234299908, 0.014190434748400094, 0.0010597617793997038, -0.050749922081499976, -0.026965140550166633, 0.032665916506288806, 0.004306533285833358, 0.007207636160933367, 0.017066329324066654, -0.006015389948066718]}