{"coverage_estimated_first_order": [0.5026077352373959, 0.9314108202071576, 0.45372727472997987, 0.650092620847877, 0.6075186418308535, 0.7549468280955909, 0.5931004497594964, 0.6158214711312112, 0.5431924294131645, 0.3752730401429667], "coverage_estimated_second_order": [1.0500951074140001, 0.921033105474, 1.04544940572, 0.24825212428639998, 0.26372892491600003, 0.6779461291519999, 0.08564021929599999, 0.0810561598868, 0.0616864003238, 0.9978977117316001], "sol": [1.0, 0.0, 1.0, 0.0, 0.0, 0.0, 0.0, 0.0, 0.0, 1.0], "coverage": [1.0, 0.8768185763888889, 1.0, 0.22013454861111112, 0.2585894097222222, 0.6549435763888889, 0.019049479166666668, 0.016493055555555556, 0.012274305555555556, 1.0], "coverage_estimated_first_order_diff": [-0.4973922647626041, 0.05459224381826866, -0.5462727252700201, 0.42995807223676585, 0.34892923210863125, 0.10000325170670199, 0.5740509705928297, 0.5993284155756556, 0.530918123857609, -0.6247269598570333], "coverage_estimated_second_order_diff": [0.05009510741400014, 0.04421452908511103, 0.04544940571999989, 0.02811757567528886, 0.0051395151937778105, 0.023002552763111028, 0.06659074012933333, 0.06456310433124444, 0.049412094768244444, -0.0021022882683998656]}