{"coverage_estimated_first_order": [1.2037198535105043, 1.2315451778672937, 1.350647009529187, 1.2569001070006522, 1.152107836064302, 1.3387243196398326, 1.3385408400405776, 1.4309493933162214, 0.9292007494960738, 1.0196378120849772], "coverage_estimated_second_order": [1.0374687338474, 1.0325906429093, 0.6856168422976999, 0.9822192430713, 0.9758637607381, 0.6815604515649001, 0.5981588556024, 0.7106936118300999, 0.9777755816965, 0.9690280094564001], "sol": [1.0, 1.0, 0.0, 1.0, 1.0, 0.0, 0.0, 0.0, 1.0, 1.0], "coverage": [1.0, 1.0, 0.6578211805555556, 1.0, 1.0, 0.6612369791666667, 0.6142925347222222, 0.7305295138888889, 1.0, 1.0], "coverage_estimated_first_order_diff": [0.20371985351050426, 0.23154517786729367, 0.6928258289736313, 0.25690010700065224, 0.152107836064302, 0.6774873404731659, 0.7242483053183554, 0.7004198794273325, -0.07079925050392621, 0.01963781208497717], "coverage_estimated_second_order_diff": [0.037468733847400015, 0.032590642909299916, 0.027795661742144318, -0.01778075692869996, -0.024136239261900005, 0.0203234723982334, -0.01613367911982222, -0.019835902058788935, -0.02222441830349997, -0.030971990543599892]}