{"coverage_estimated_first_order": [0.25947758969907414, 0.2741873250736533, 0.2630892111216331, 0.25124401962331655, 0.41436372579966324, 0.45617664930555574, 0.7252158038720539, 1.0364636534617004, 0.6705001394149834, 0.6974448469065659, 0.2533511823968856, 0.30345910932239073, 0.7376144886363636, 0.3889823153409092, 0.26274360269360275, 0.2042956807659933, 0.5823055174137206], "coverage_estimated_second_order": [0.019155815972222223, 0.014522569444444446, 0.013529730902777776, 0.022762586805555554, 0.18132595486111114, 0.22501953125, 0.4221451822916667, 0.6259776475694443, 0.9414854600694444, 0.9414854600694443, 0.03661566840277778, 0.9414854600694442, 0.4867393663194444, 0.19800238715277776, 0.047560763888888885, 0.05995442708333333, 0.37842773437500005], "sol": [0.0, 0.0, 0.0, 0.0, 0.0, 0.0, 0.0, 0.0, 1.0, 1.0, 0.0, 1.0, 0.0, 0.0, 0.0, 0.0, 0.0], "coverage": [0.019618055555555555, 0.014618055555555556, 0.013585069444444445, 0.022395833333333334, 0.19282118055555555, 0.23789930555555555, 0.42929253472222223, 0.6489973958333334, 1.0, 1.0, 0.03780815972222222, 1.0, 0.5198567708333334, 0.20450086805555556, 0.05158420138888889, 0.060004340277777776, 0.379453125], "coverage_estimated_first_order_diff": [0.23985953414351857, 0.2595692695180977, 0.24950414167718865, 0.2288481862899832, 0.22154254524410769, 0.21827734375000019, 0.29592326914983164, 0.38746625762836706, -0.32949986058501657, -0.30255515309343406, 0.21554302267466335, -0.6965408906776093, 0.21775771780303022, 0.18448144728535365, 0.21115940130471386, 0.1442913404882155, 0.2028523924137206], "coverage_estimated_second_order_diff": [-0.00046223958333333273, -9.548611111111042e-05, -5.533854166666838e-05, 0.00036675347222222057, -0.011495225694444416, -0.012879774305555564, -0.007147352430555531, -0.023019748263889084, -0.058514539930555554, -0.058514539930555665, -0.00119249131944444, -0.058514539930555776, -0.03311740451388895, -0.006498480902777798, -0.0040234375000000044, -4.991319444444531e-05, -0.0010253906249999556]}