{"coverage_estimated_first_order": [0.20861194497053867, 0.7518573850484005, 0.6194269373421717, 0.5296103653724747, 0.47757970591329957, 1.0494865714436026, 0.22061247895622899, 0.2367332110164141, 0.23117568786826598, 0.223109413141835, 0.5772290890677609, 0.37039752341119525, 0.4514793087121211, 0.8517614741161617, 0.818245036300505, 0.37459579913720537, 0.1785453900989057], "coverage_estimated_second_order": [0.9985177951388888, 0.6306879340277778, 0.4835904947916666, 0.39176974826388894, 0.9985177951388888, 0.761318359375, 0.016962890624999998, 0.02353407118055556, 0.026901041666666667, 0.04071072048611111, 0.45954644097222225, 0.19491861979166675, 0.28625651041666667, 0.5895225694444446, 0.6484385850694445, 0.9985177951388888, 0.01392578125], "sol": [1.0, 0.0, 0.0, 0.0, 1.0, 0.0, 0.0, 0.0, 0.0, 0.0, 0.0, 0.0, 0.0, 0.0, 0.0, 1.0, 0.0], "coverage": [1.0, 0.6281336805555555, 0.48010416666666667, 0.3899001736111111, 1.0, 0.7595746527777778, 0.016809895833333335, 0.023025173611111113, 0.026458333333333334, 0.0405078125, 0.45849392361111113, 0.194765625, 0.2853862847222222, 0.5888802083333333, 0.6465668402777778, 1.0, 0.013589409722222221], "coverage_estimated_first_order_diff": [-0.7913880550294613, 0.12372370449284498, 0.13932277067550503, 0.13971019176136362, -0.5224202940867004, 0.2899119186658248, 0.20380258312289565, 0.21370803740530298, 0.20471735453493264, 0.182601600641835, 0.1187351654566498, 0.17563189841119525, 0.1660930239898989, 0.26288126578282833, 0.17167819602272727, -0.6254042008627947, 0.16495598037668346], "coverage_estimated_second_order_diff": [-0.0014822048611111693, 0.0025542534722222676, 0.003486328124999938, 0.0018695746527778168, -0.0014822048611111693, 0.0017437065972222276, 0.00015299479166666283, 0.0005088975694444477, 0.00044270833333333315, 0.0002029079861111116, 0.001052517361111116, 0.00015299479166674956, 0.0008702256944444486, 0.000642361111111267, 0.0018717447916667407, -0.0014822048611111693, 0.0003363715277777783]}