{"coverage_estimated_first_order": [1.0944186671401515, 0.7200437815656564, 0.712034769570707, 1.0605423413825759, 0.4468969355008418, 0.473225194654882, 0.29615382996633, 0.24794796269991576, 0.264013769202441, 0.28578835095749155, 0.9396211082175926, 0.6065992542613637, 0.13993349116161613, 0.42442022306397303, 0.5778196890782827, 0.2164127498947811, 0.26816831202651514], "coverage_estimated_second_order": [0.6347254774305555, 0.996408420138889, 0.9964084201388888, 0.609189453125, 0.2597667100694444, 0.30180989583333323, 0.10230143229166666, 0.03387044270833333, 0.06448242187499999, 0.11287760416666669, 0.5830360243055556, 0.4977387152777778, 0.9964084201388889, 0.25783854166666653, 0.3597157118055555, 0.07589301215277777, 0.112724609375], "sol": [0.0, 1.0, 1.0, 0.0, 0.0, 0.0, 0.0, 0.0, 0.0, 0.0, 0.0, 0.0, 1.0, 0.0, 0.0, 0.0, 0.0], "coverage": [0.6365711805555555, 1.0, 1.0, 0.6107378472222222, 0.2620269097222222, 0.30421875, 0.10246527777777778, 0.03411458333333333, 0.06462239583333333, 0.11372395833333333, 0.5855034722222222, 0.4984635416666667, 1.0, 0.2604123263888889, 0.36223958333333334, 0.07584635416666667, 0.11277777777777778], "coverage_estimated_first_order_diff": [0.45784748658459595, -0.2799562184343436, -0.287965230429293, 0.4498044941603536, 0.1848700257786196, 0.16900644465488202, 0.19368855218855222, 0.21383337936658242, 0.19939137336910767, 0.17206439262415824, 0.3541176359953704, 0.10813571259469706, -0.8600665088383839, 0.16400789667508414, 0.2155801057449494, 0.1405663957281144, 0.15539053424873736], "coverage_estimated_second_order_diff": [-0.0018457031249999867, -0.0035915798611110272, -0.0035915798611112493, -0.0015483940972222943, -0.0022601996527777946, -0.002408854166666752, -0.00016384548611111938, -0.000244140625, -0.0001399739583333448, -0.0008463541666666463, -0.002467447916666643, -0.0007248263888888773, -0.0035915798611111382, -0.002573784722222361, -0.0025238715277778323, 4.665798611110106e-05, -5.316840277777568e-05]}