{"coverage_estimated_first_order": [0.6553621257172705, 0.5727438039841344, 0.6683046991630086, 0.6327335006252459, 0.5018017530917925, 0.5690678647716436, 0.6241826173925163, 0.6458320328090961, 0.34987445549525586, 0.4910395109396861, 0.49257520940345567], "coverage_estimated_second_order": [0.26535999970420004, 0.15715984938119998, 0.329678302173, 0.35709843845739997, 0.207777001445, 0.2994027952376, 0.3535851475399, 0.34543398765100003, 0.9231022342783001, 1.0046391435254, 1.0040359037507], "sol": [0.0, 0.0, 0.0, 0.0, 0.0, 0.0, 0.0, 0.0, 1.0, 1.0, 1.0], "coverage": [0.15250868055555555, 0.02606770833333333, 0.247421875, 0.334453125, 0.2090451388888889, 0.30831163194444444, 0.3013324652777778, 0.28280381944444444, 1.0, 1.0, 1.0], "coverage_estimated_first_order_diff": [0.5028534451617149, 0.546676095650801, 0.4208828241630086, 0.2982803756252459, 0.29275661420290366, 0.2607562328271992, 0.32285015211473855, 0.36302821336465163, -0.6501255445047441, -0.5089604890603139, -0.5074247905965443], "coverage_estimated_second_order_diff": [0.11285131914864449, 0.13109214104786665, 0.08225642717299997, 0.02264531345739995, -0.0012681374438889004, -0.008908836706844447, 0.05225268226212221, 0.06263016820655559, -0.07689776572169993, 0.004639143525400069, 0.004035903750700065]}