{"coverage_estimated_first_order": [1.0031344772964332, 0.6064761505686022, 0.9463297925135479, 0.8478177555144681, 0.7934579850330401, 0.507608264785815, 0.8387370271732337, 0.6441931232522174, 0.7696496057302151, 0.807135678743505, 0.48336689824752055], "coverage_estimated_second_order": [0.776032879989, 0.9841820387629999, 0.6444937879234001, 0.4612811279305, 0.62179484764912, 1.0027275657152002, 0.47825454546199997, 0.9705287900418, 0.42429375747899994, 0.63941665565956, 1.00366842422228], "sol": [0.0, 1.0, 0.0, 0.0, 0.0, 1.0, 0.0, 1.0, 0.0, 0.0, 1.0], "coverage": [0.7938541666666666, 1.0, 0.7009809027777778, 0.5004427083333334, 0.6228038194444444, 1.0, 0.5141623263888889, 1.0, 0.441328125, 0.6405598958333333, 1.0], "coverage_estimated_first_order_diff": [0.2092803106297666, -0.39352384943139784, 0.24534888973577007, 0.34737504718113477, 0.1706541655885957, -0.492391735214185, 0.3245747007843448, -0.35580687674778255, 0.3283214807302151, 0.16657578291017172, -0.5166331017524795], "coverage_estimated_second_order_diff": [-0.017821286677666692, -0.015817961237000078, -0.05648711485437774, -0.03916158040283335, -0.0010089717953244426, 0.0027275657152001642, -0.035907780926888955, -0.029471209958199962, -0.01703436752100007, -0.0011432401737733189, 0.0036684242222799757]}