{"coverage_estimated_first_order": [0.6553621257172706, 0.5727438039841344, 0.6683046991630086, 0.6327335006252458, 0.33103968332930367, 0.7157712363112321, 0.6233355649430629, 0.6453345365883852, 0.3459522439022856, 0.6637045572081394, 0.3403035463979764], "coverage_estimated_second_order": [0.26535999970420004, 0.15715984938119998, 0.329678302173, 0.35709843845739997, 1.0076840381276, 0.7166034989682001, 0.35225864773579996, 0.34441787008869995, 0.9251957586621999, 0.6530022173103001, 1.010169287825], "sol": [0.0, 0.0, 0.0, 0.0, 1.0, 0.0, 0.0, 0.0, 1.0, 0.0, 1.0], "coverage": [0.15250868055555555, 0.02606770833333333, 0.247421875, 0.334453125, 1.0, 0.7196137152777777, 0.3007638888888889, 0.2822309027777778, 1.0, 0.6485199652777778, 1.0], "coverage_estimated_first_order_diff": [0.502853445161715, 0.546676095650801, 0.4208828241630086, 0.2982803756252458, -0.6689603166706963, -0.0038424789665456593, 0.322571676054174, 0.36310363381060745, -0.6540477560977144, 0.01518459193036159, -0.6596964536020236], "coverage_estimated_second_order_diff": [0.11285131914864449, 0.13109214104786665, 0.08225642717299997, 0.02264531345739995, 0.00768403812759999, -0.0030102163095776513, 0.05149475884691107, 0.06218696731092216, -0.07480424133780006, 0.0044822520325222825, 0.010169287824999929]}