{"coverage_estimated_first_order": [1.117066821257966, 1.2790693498664178, 1.3909589397919098, 1.247784764206368, 0.9642200547955292, 1.0113743154160488, 1.2293507051884687, 1.062532321428804, 1.1305833503056868, 0.9798007250119581, 1.0030159942368608], "coverage_estimated_second_order": [0.995446502198, 0.6756627968291999, 0.7050558539284001, 0.4905804649273, 0.9752693058115199, 0.9764644485761901, 0.4964753086878, 1.0033853569742, 0.4983275903592, 0.97764891267616, 0.9777234795992702], "sol": [1.0, 0.0, 0.0, 0.0, 1.0, 1.0, 0.0, 1.0, 0.0, 1.0, 1.0], "coverage": [1.0, 0.6720269097222222, 0.7376519097222223, 0.5084809027777778, 1.0, 1.0, 0.5036979166666666, 1.0, 0.5024131944444444, 1.0, 1.0], "coverage_estimated_first_order_diff": [0.11706682125796597, 0.6070424401441956, 0.6533070300696875, 0.7393038614285902, -0.03577994520447081, 0.01137431541604883, 0.725652788521802, 0.06253232142880405, 0.6281701558612424, -0.02019927498804186, 0.0030159942368608306], "coverage_estimated_second_order_diff": [-0.004553497801999984, 0.0036358871069777088, -0.03259605579382219, -0.01790043785047779, -0.024730694188480062, -0.02353555142380992, -0.007222607978866646, 0.003385356974199949, -0.004085604085244443, -0.022351087323839947, -0.022276520400729805]}