{"coverage_estimated_first_order": [0.742832321000244, 0.3815562513459361, 0.6868198355126893, 0.6235804836893044, 0.6340167282311532, 0.3414845644246394, 0.6322874439585588, 0.6434479979451508, 0.5654889097758592, 0.3203572399410076, 0.6636260940265266], "coverage_estimated_second_order": [0.612034821095, 0.8888800878337999, 0.41826509657140004, 0.2995022140054, 0.5927457288782, 0.9983091940054001, 0.3773205902543, 0.37335050353419996, 0.2745806210588, 0.9987895259882, 0.6441406965376001], "sol": [0.0, 1.0, 0.0, 0.0, 0.0, 1.0, 0.0, 0.0, 0.0, 1.0, 0.0], "coverage": [0.6635590277777778, 1.0, 0.40258680555555554, 0.2377387152777778, 0.5983333333333334, 1.0, 0.35973090277777775, 0.35344184027777775, 0.1935329861111111, 1.0, 0.6499956597222222], "coverage_estimated_first_order_diff": [0.07927329322246623, -0.6184437486540639, 0.2842330299571338, 0.3858417684115266, 0.0356833948978198, -0.6585154355753606, 0.2725565411807811, 0.2900061576673731, 0.37195592366474806, -0.6796427600589924, 0.01363043430430444], "coverage_estimated_second_order_diff": [-0.051524206682777796, -0.1111199121662001, 0.015678291015844503, 0.06176349872762221, -0.005587604455133399, -0.0016908059945999199, 0.01758968747652223, 0.01990866325642221, 0.08104763494768888, -0.0012104740117999668, -0.005854963184622086]}