{"coverage_estimated_first_order": [1.044262636546246, 0.930140439908428, 0.987457951763359, 1.1093704149530113, 0.9147144168632696, 0.6518128995172667, 1.072546503563928, 0.9334435267977108, 0.9658739797599679, 0.778023424074221, 0.7922840226287723], "coverage_estimated_second_order": [0.9955037814904, 0.9844648066943998, 1.019491733317, 0.6514824467757, 0.5361739323039201, 0.9775022715787601, 0.5927134977547001, 1.001902650624, 0.5210886186511, 0.10839767911383001, 0.12048765973474], "sol": [1.0, 1.0, 1.0, 0.0, 0.0, 1.0, 0.0, 1.0, 0.0, 0.0, 0.0], "coverage": [1.0, 1.0, 1.0, 0.6092447916666667, 0.5486154513888889, 1.0, 0.56203125, 1.0, 0.5003472222222223, 0.11642361111111112, 0.12926215277777778], "coverage_estimated_first_order_diff": [0.04426263654624596, -0.06985956009157201, -0.012542048236640957, 0.5001256232863446, 0.3660989654743807, -0.34818710048273327, 0.5105152535639281, -0.06655647320228919, 0.46552675753774564, 0.6615998129631099, 0.6630218698509945], "coverage_estimated_second_order_diff": [-0.004496218509600025, -0.015535193305600159, 0.019491733316999937, 0.04223765510903332, -0.012441519084968822, -0.02249772842123987, 0.030682247754700076, 0.0019026506240000796, 0.020741396428877734, -0.008025931997281105, -0.008774493043037776]}