{"coverage_estimated_first_order": [1.0155164571717157, 0.9120489958655315, 1.2311891610672228, 1.1149386016026699, 0.6019463445261404, 1.0060712902129105, 0.8218955078398045, 0.9031342790534747, 0.9419715769585689, 0.7835678454886192, 0.8029654063801898], "coverage_estimated_second_order": [1.0222672306826, 1.0226152886217998, 0.819915731192, 0.7027050168284, 0.9767959756059099, 0.62558719678478, 1.0139775405173999, 1.0004978051186, 0.4749441011983999, 0.13351063239881, 0.15970966312983997], "sol": [1.0, 1.0, 0.0, 0.0, 1.0, 0.0, 1.0, 1.0, 0.0, 0.0, 0.0], "coverage": [1.0, 1.0, 0.7926128472222222, 0.7017230902777778, 1.0, 0.6451736111111112, 1.0, 1.0, 0.4881857638888889, 0.15073350694444446, 0.17694010416666667], "coverage_estimated_first_order_diff": [0.01551645717171568, -0.08795100413446855, 0.4385763138450005, 0.4132155113248921, -0.3980536554738596, 0.3608976791017994, -0.17810449216019553, -0.09686572094652535, 0.45378581306968, 0.6328343385441748, 0.6260253022135231], "coverage_estimated_second_order_diff": [0.022267230682599948, 0.022615288621799845, 0.027302883969777758, 0.0009819265506222363, -0.023204024394090084, -0.019586414326331125, 0.013977540517399856, 0.000497805118599981, -0.013241662690488987, -0.017222874545634453, -0.017230441036826694]}