{"coverage_estimated_first_order": [1.1487818141127453, 1.3145125232295132, 1.458074994981346, 1.09439262566021, 0.9147144168632698, 1.0064325902884963, 1.0797220589423282, 1.0953953841886304, 1.1893450380537034, 0.9515355227921259, 0.9761725587186806], "coverage_estimated_second_order": [1.0476973992368002, 0.7650922970013999, 0.8618437739293999, 1.0560843016143, 1.0087179570159097, 1.0152152098821101, 1.0476249967776998, 1.055388439024, 0.6556809508904, 0.17421791302530998, 0.20891753003043], "sol": [1.0, 0.0, 0.0, 1.0, 1.0, 1.0, 1.0, 1.0, 0.0, 0.0, 0.0], "coverage": [1.0, 0.7279079861111111, 0.8172699652777777, 1.0, 1.0, 1.0, 1.0, 1.0, 0.6219444444444444, 0.17106770833333335, 0.2051779513888889], "coverage_estimated_first_order_diff": [0.14878181411274527, 0.5866045371184021, 0.6408050297035683, 0.0943926256602099, -0.08528558313673018, 0.006432590288496298, 0.0797220589423282, 0.09539538418863036, 0.567400593609259, 0.7804678144587927, 0.7709946073297917], "coverage_estimated_second_order_diff": [0.047697399236800164, 0.03718431089028884, 0.04457380865162219, 0.0560843016143, 0.008717957015909716, 0.015215209882110114, 0.047624996777699824, 0.055388439024000036, 0.033736506445955605, 0.0031502046919766324, 0.003739578641541119]}