{"coverage_estimated_first_order": [0.7839604802500567, 0.41418359273388233, 0.46875567080444136, 0.6650294942831263, 0.6137412446001993, 0.3259064497586335, 0.6571074361047218, 0.6843962940170516, 0.574842546456226, 0.47274680257850854, 0.4821242767197427], "coverage_estimated_second_order": [0.7566862157742, 0.9709082434117999, 0.918619084493, 0.4990910774898, 0.5290243661883199, 0.9707700596082001, 0.4957859918644, 0.5580143315974, 0.34440682487819996, 0.09941020895305, 0.10921884046024], "sol": [0.0, 1.0, 1.0, 0.0, 0.0, 1.0, 0.0, 0.0, 0.0, 0.0, 0.0], "coverage": [0.8172829861111112, 1.0, 1.0, 0.5844704861111111, 0.5486154513888889, 1.0, 0.5574001736111112, 0.6495269097222223, 0.39523871527777776, 0.11411458333333334, 0.12454861111111111], "coverage_estimated_first_order_diff": [-0.03332250586105445, -0.5858164072661176, -0.5312443291955586, 0.08055900817201522, 0.0651257932113104, -0.6740935502413665, 0.09970726249361062, 0.03486938429482933, 0.17960383117844825, 0.3586322192451752, 0.3575756656086316], "coverage_estimated_second_order_diff": [-0.06059677033691113, -0.02909175658820007, -0.081380915507, -0.0853794086213111, -0.01959108520056896, -0.029229940391799936, -0.06161418174671118, -0.09151257812482227, -0.050831890399577806, -0.014704374380283339, -0.015329770650871113]}