{"coverage_estimated_first_order": [1.6992181151428607, 1.5170107142723817, 1.6673174904837187, 1.7586995197921649, 1.102911740853005, 1.5292576696647318, 1.4364902390361758, 1.5551289172693168, 1.477438047203059, 1.269848788070406, 1.2933843480682254], "coverage_estimated_second_order": [0.9058446926298, 0.9114540082172, 0.9306232594521999, 0.7090575526583001, 0.99838172971819, 0.6850636596470598, 0.9428340184313, 0.9341977969102999, 0.4937969101675, 0.99798483375011, 0.9980166189701701], "sol": [1.0, 1.0, 1.0, 0.0, 1.0, 0.0, 1.0, 1.0, 0.0, 1.0, 1.0], "coverage": [1.0, 1.0, 1.0, 0.7350694444444444, 1.0, 0.6817144097222222, 1.0, 1.0, 0.5120399305555555, 1.0, 1.0], "coverage_estimated_first_order_diff": [0.6992181151428607, 0.5170107142723817, 0.6673174904837187, 1.0236300753477203, 0.10291174085300492, 0.8475432599425096, 0.4364902390361758, 0.5551289172693168, 0.9653981166475035, 0.2698487880704059, 0.29338434806822544], "coverage_estimated_second_order_diff": [-0.09415530737019995, -0.08854599178279998, -0.06937674054780008, -0.02601189178614438, -0.0016182702818100525, 0.0033492499248376495, -0.05716598156870001, -0.06580220308970008, -0.01824302038805553, -0.0020151662498899547, -0.001983381029829867]}