{"coverage_estimated_first_order": [0.9981516464905009, 0.6049617184068503, 0.6868198355126893, 0.865438830072765, 0.6514519824583995, 0.6861396043311379, 0.8250909000591954, 0.8890726544904538, 0.7073557069206899, 0.6386705052192876, 0.6448775038786617], "coverage_estimated_second_order": [0.7892268435986001, 0.9944482069953999, 0.9570810373754001, 0.5303089839846999, 0.20791940503152, 0.1637538767558, 0.4423406529968, 0.5960222772199, 0.2457654671037, 1.00906424185545, 1.00903020181044], "sol": [0.0, 1.0, 1.0, 0.0, 0.0, 0.0, 0.0, 0.0, 0.0, 1.0, 1.0], "coverage": [0.8172829861111112, 1.0, 1.0, 0.5803298611111111, 0.2042621527777778, 0.16076822916666667, 0.4660243055555556, 0.6552387152777778, 0.27051649305555553, 1.0, 1.0], "coverage_estimated_first_order_diff": [0.18086866037938976, -0.3950382815931497, -0.3131801644873107, 0.28510896896165394, 0.4471898296806217, 0.5253713751644712, 0.3590665945036398, 0.23383393921267603, 0.4368392138651344, -0.3613294947807124, -0.3551224961213383], "coverage_estimated_second_order_diff": [-0.028056142512511095, -0.00555179300460007, -0.04291896262459993, -0.05002087712641112, 0.0036572522537422214, 0.0029856475891333334, -0.023683652558755597, -0.059216438057877796, -0.02475102595185552, 0.009064241855450073, 0.009030201810440008]}