{"coverage_estimated_first_order": [0.9473792748682389, 0.8331068765698961, 0.9949307113533032, 0.7035786339042513, 0.6027827012910683, 0.7270793645234077, 0.6816507872125253, 0.6786950955689223, 0.6153991398401076, 0.6156613675780656, 0.6214329576036792], "coverage_estimated_second_order": [0.643053002853, 0.49523468789680003, 0.745814752376, 1.0097701107, 0.03642877699356, 0.25097340101896, 0.9980975878419999, 0.9888044564880001, 1.0029940222559999, 0.05209851910906, 0.044894989968389996], "sol": [0.0, 0.0, 0.0, 1.0, 0.0, 0.0, 1.0, 1.0, 1.0, 0.0, 0.0], "coverage": [0.6664713541666667, 0.52203125, 0.7414756944444445, 1.0, 0.004782986111111111, 0.22030381944444444, 1.0, 1.0, 1.0, 0.0225390625, 0.0152734375], "coverage_estimated_first_order_diff": [0.2809079207015722, 0.3110756265698962, 0.25345501690885874, -0.29642136609574865, 0.5979997151799571, 0.5067755450789633, -0.31834921278747474, -0.32130490443107773, -0.38460086015989237, 0.5931223050780655, 0.6061595201036792], "coverage_estimated_second_order_diff": [-0.023418351313666652, -0.026796562103199917, 0.004339057931555534, 0.00977011069999989, 0.03164579088244889, 0.030669581574515548, -0.001902412158000133, -0.011195543511999917, 0.002994022255999873, 0.02955945660906, 0.029621552468389996]}