{"coverage_estimated_first_order": [0.7556209479961818, 0.673002626263046, 0.9601243645090132, 0.8737444254880126, 0.45229611515953316, 0.8599758710426837, 0.8460138940831907, 0.9272809213909647, 0.5284738398590038, 0.6345923025388553, 0.6492206707792281], "coverage_estimated_second_order": [1.025815742408, 1.0291952759074, 0.6745035081668, 0.5590683368928, 0.9756304651533999, 0.6705485462918901, 0.5273342005848999, 0.6662957588811, 0.9643966532227999, 0.14241193310814002, 0.16082598063271997], "sol": [1.0, 1.0, 0.0, 0.0, 1.0, 0.0, 0.0, 0.0, 1.0, 0.0, 0.0], "coverage": [1.0, 1.0, 0.6791623263888888, 0.5866927083333333, 1.0, 0.6913758680555555, 0.5566102430555555, 0.6624956597222222, 1.0, 0.1634201388888889, 0.18190538194444444], "coverage_estimated_first_order_diff": [-0.24437905200381815, -0.32699737373695403, 0.2809620381201243, 0.28705171715467925, -0.5477038848404668, 0.16860000298712818, 0.2894036510276352, 0.2647852616687425, -0.47152616014099624, 0.47117216364996645, 0.4673152888347836], "coverage_estimated_second_order_diff": [0.02581574240800011, 0.029195275907399898, -0.004658818222088801, -0.027624371440533313, -0.024369534846600094, -0.02082732176366542, -0.029276042470655628, 0.003800099158877801, -0.03560334677720012, -0.021008205780748884, -0.021079401311724477]}