{"coverage_estimated_first_order": [1.8452720990798284, 1.9198836686015937, 1.9083155294361065, 1.7685751368792775, 1.5670027560865973, 1.4132189688545456, 1.729571720930461, 1.782673209290338, 1.5524953418222964, 1.4222995501008597, 1.4395176138208319], "coverage_estimated_second_order": [0.9071824075944, 0.6985495335286, 0.8384813424725999, 0.8344969576015999, 0.6332309835238799, 0.9934841446851501, 0.8594345331507001, 0.8722026852481999, 0.8849218490411, 0.9965566036196, 0.9971812837409801], "sol": [1.0, 0.0, 1.0, 1.0, 0.0, 1.0, 1.0, 1.0, 1.0, 1.0, 1.0], "coverage": [1.0, 0.7365972222222222, 1.0, 1.0, 0.6286501736111111, 1.0, 1.0, 1.0, 1.0, 1.0, 1.0], "coverage_estimated_first_order_diff": [0.8452720990798284, 1.1832864463793715, 0.9083155294361065, 0.7685751368792775, 0.9383525824754863, 0.41321896885454557, 0.7295717209304611, 0.7826732092903379, 0.5524953418222964, 0.42229955010085973, 0.4395176138208319], "coverage_estimated_second_order_diff": [-0.09281759240559995, -0.038047688693622184, -0.16151865752740013, -0.16550304239840008, 0.0045808099127687685, -0.006515855314849883, -0.14056546684929994, -0.12779731475180012, -0.11507815095889995, -0.0034433963804000323, -0.00281871625901986]}