{"coverage_estimated_first_order": [0.9106814512075274, 1.0871862189969281, 0.9274970231210679, 1.0954180960045987, 0.7650641874966625, 0.8599758710426837, 1.0821289924622643, 1.1375211828587928, 0.7595379129628302, 0.802559979842362, 0.822427823117719], "coverage_estimated_second_order": [1.0206875010182, 0.6904823484678, 1.032786901425, 0.649266828439, 1.0077561729903999, 1.01439942060749, 0.6629908140038999, 0.7506556027426, 1.0087762527322, 0.18558325453694002, 0.21251097548192], "sol": [1.0, 0.0, 1.0, 0.0, 1.0, 1.0, 0.0, 0.0, 1.0, 0.0, 0.0], "coverage": [1.0, 0.6816059027777778, 1.0, 0.6440798611111112, 1.0, 1.0, 0.6575, 0.7497916666666666, 1.0, 0.1837543402777778, 0.21014322916666667], "coverage_estimated_first_order_diff": [-0.08931854879247259, 0.40558031621915036, -0.07250297687893215, 0.45133823489348757, -0.2349358125033375, -0.1400241289573163, 0.4246289924622644, 0.38772951619212614, -0.24046208703716976, 0.6188056395645842, 0.6122845939510524], "coverage_estimated_second_order_diff": [0.02068750101819994, 0.008876445690022217, 0.03278690142499996, 0.005186967327888814, 0.007756172990399879, 0.014399420607489999, 0.0054908140038999464, 0.0008639360759333803, 0.008776252732199952, 0.0018289142591622343, 0.0023677463152533273]}