{"coverage_estimated_first_order": [1.4582489718261686, 1.021961143115882, 1.1900642201186216, 1.1135879632570556, 0.9524251547214697, 1.0414310337760897, 1.0684296688960357, 1.3295483204485965, 1.1159918501639625, 0.9442966829437411, 0.9539944478578913], "coverage_estimated_second_order": [0.8604744556457999, 1.0166706423977998, 1.0544908021524, 1.0455141339239, 0.20959400650432, 0.25648529624972, 1.0340695762513, 0.6930699289058999, 0.4529001274808, 1.01110949591127, 1.01039364812656], "sol": [0.0, 1.0, 1.0, 1.0, 0.0, 0.0, 1.0, 0.0, 0.0, 1.0, 1.0], "coverage": [0.8325043402777778, 1.0, 1.0, 1.0, 0.2042621527777778, 0.25732638888888887, 1.0, 0.6692230902777778, 0.4269357638888889, 1.0, 1.0], "coverage_estimated_first_order_diff": [0.6257446315483909, 0.02196114311588193, 0.19006422011862156, 0.11358796325705556, 0.7481630019436919, 0.7841046448872009, 0.06842966889603574, 0.6603252301708187, 0.6890560862750736, -0.05570331705625886, -0.04600555214210866], "coverage_estimated_second_order_diff": [0.027970115368022186, 0.016670642397799806, 0.054490802152399986, 0.045514133923900024, 0.005331853726542213, -0.0008410926391688722, 0.034069576251299916, 0.02384683862812209, 0.02596436359191112, 0.011109495911270084, 0.010393648126560073]}