{"coverage_estimated_first_order": [0.9694054671159706, 0.8779072223158334, 1.1897433687746124, 1.0914719656427305, 0.8019385685899348, 0.8781165088211873, 0.8118058353388621, 1.107810639526877, 0.9127668693810924, 0.7919071203062401, 0.7995358856672653], "coverage_estimated_second_order": [1.0445716717554, 1.0557415729501998, 0.7082780414683999, 0.6177487368056, 0.20974511401576, 0.25547481624168994, 0.9950838624331999, 0.610384146691, 0.3746173144495, 1.0114180512803301, 1.0106889010155], "sol": [1.0, 1.0, 0.0, 0.0, 0.0, 0.0, 1.0, 0.0, 0.0, 1.0, 1.0], "coverage": [1.0, 1.0, 0.6782682291666666, 0.6167274305555556, 0.2042621527777778, 0.25732638888888887, 1.0, 0.5765277777777778, 0.38851996527777777, 1.0, 1.0], "coverage_estimated_first_order_diff": [-0.030594532884029357, -0.1220927776841666, 0.5114751396079458, 0.47474453508717496, 0.597676415812157, 0.6207901199322985, -0.18819416466113792, 0.5312828617490992, 0.5242469041033146, -0.2080928796937599, -0.2004641143327347], "coverage_estimated_second_order_diff": [0.04457167175540011, 0.05574157295019977, 0.030009812301733274, 0.0010213062500444847, 0.005482961237982198, -0.0018515726471989291, -0.004916137566800094, 0.0338563689132223, -0.01390265082827774, 0.011418051280330133, 0.010688901015500019]}