{"coverage_estimated_first_order": [0.6964902849670832, 0.8964080933239601, 0.7094328584128198, 0.8942861600637889, 0.6320128555923739, 0.7164429749849544, 0.8573448609317365, 0.9358275616616559, 0.5434965288825295, 0.7958186362146878, 0.46553195428729766], "coverage_estimated_second_order": [1.0050739594100002, 0.678551003128, 1.0144687422068, 0.6323074604587999, 0.1565630137798, 0.25396640099029, 0.569064355868, 0.7383851479834, 0.9967409645213001, 0.60164185971044, 0.97798941556182], "sol": [1.0, 0.0, 1.0, 0.0, 0.0, 0.0, 0.0, 0.0, 1.0, 0.0, 1.0], "coverage": [1.0, 0.6816059027777778, 1.0, 0.6440798611111112, 0.17528211805555555, 0.2720920138888889, 0.5849956597222222, 0.7534027777777778, 1.0, 0.6147569444444444, 1.0], "coverage_estimated_first_order_diff": [-0.3035097150329168, 0.21480219054618233, -0.2905671415871802, 0.25020629895267776, 0.4567307375368183, 0.4443509610960655, 0.2723492012095142, 0.18242478388387817, -0.45650347111747047, 0.18106169177024345, -0.5344680457127023], "coverage_estimated_second_order_diff": [0.005073959410000217, -0.003054899649777787, 0.014468742206799945, -0.011772400652311221, -0.018719104275755544, -0.018125612898598875, -0.015931303854222256, -0.015017629794377707, -0.0032590354786998788, -0.013115084734004356, -0.022010584438180048]}