{"coverage_estimated_first_order": [1.8850697491294301, 1.3845339775707544, 1.85836570098042, 1.7287003893240045, 1.2660295838235271, 1.4121859301052375, 1.462719824967771, 1.5028553218068255, 1.32493889077771, 1.2901854710943113, 1.3142892059315106], "coverage_estimated_second_order": [0.8326374975012001, 0.9936015117856001, 0.7404493208466001, 0.6750239180369, 0.9646617924163597, 0.9666813099935002, 0.9898871400975, 0.9942736664313999, 0.9899505167381999, 0.96610941491975, 0.9660639249586902], "sol": [0.0, 1.0, 0.0, 0.0, 1.0, 1.0, 1.0, 1.0, 1.0, 1.0, 1.0], "coverage": [0.8529817708333334, 1.0, 0.7763411458333334, 0.6971527777777777, 1.0, 1.0, 1.0, 1.0, 1.0, 1.0, 1.0], "coverage_estimated_first_order_diff": [1.0320879782960968, 0.38453397757075436, 1.0820245551470866, 1.0315476115462268, 0.26602958382352715, 0.4121859301052375, 0.4627198249677711, 0.5028553218068255, 0.32493889077771, 0.29018547109431125, 0.31428920593151055], "coverage_estimated_second_order_diff": [-0.02034427333213329, -0.006398488214399922, -0.03589182498673327, -0.02212885974087775, -0.03533820758364026, -0.033318690006499785, -0.010112859902499993, -0.005726333568600084, -0.010049483261800107, -0.03389058508025, -0.0339360750413098]}