{"coverage_estimated_first_order": [1.6441006058127376, 1.4715583023180137, 1.8994970785314413, 1.5234348304027518, 1.103748097617933, 1.57550045506014, 1.4823200780030121, 1.7753691905474236, 1.2869844385975322, 1.2741098602075946, 1.2942979942558677], "coverage_estimated_second_order": [1.0005705052116, 1.0032946797846, 0.7850309072335999, 0.9614268071694001, 0.9995105416134699, 0.8106188722480101, 0.9699287165852, 0.7362803157591, 0.9797638368041, 0.99519447355236, 0.99597376211567], "sol": [1.0, 1.0, 0.0, 1.0, 1.0, 0.0, 1.0, 0.0, 1.0, 1.0, 1.0], "coverage": [1.0, 1.0, 0.7955772569444445, 1.0, 1.0, 0.8006770833333333, 1.0, 0.7396614583333333, 1.0, 1.0, 1.0], "coverage_estimated_first_order_diff": [0.6441006058127376, 0.47155830231801366, 1.103919821586997, 0.5234348304027518, 0.10374809761793302, 0.7748233717268066, 0.48232007800301213, 1.0357077322140902, 0.2869844385975322, 0.27410986020759465, 0.29429799425586767], "coverage_estimated_second_order_diff": [0.0005705052116000697, 0.003294679784600074, -0.01054634971084456, -0.0385731928305999, -0.0004894583865301394, 0.009941788914676786, -0.030071283414800032, -0.0033811425742332757, -0.020236163195900048, -0.004805526447639985, -0.004026237884329986]}