{"coverage_estimated_first_order": [0.9012682848124939, 0.798965103020198, 0.9534849190606929, 0.6801119979443122, 0.6320128555923739, 0.7458279546712729, 0.6707140622621293, 0.8828739598216138, 0.5822722206696609, 0.7966656886641397, 0.4657317738852754], "coverage_estimated_second_order": [0.46233537801759994, 0.3450589184231999, 0.6468237154847999, 0.9922143909119999, 0.15656301377979004, 0.3327677631337, 0.9880098183782998, 0.5318222062724, 1.005629079814, 0.6029454969141399, 0.97797857081622], "sol": [0.0, 0.0, 0.0, 1.0, 0.0, 0.0, 1.0, 0.0, 1.0, 0.0, 1.0], "coverage": [0.44015625, 0.3231293402777778, 0.6349826388888888, 1.0, 0.17528211805555555, 0.34485243055555553, 1.0, 0.504375, 1.0, 0.6153255208333334, 1.0], "coverage_estimated_first_order_diff": [0.46111203481249385, 0.4758357627424202, 0.31850228017180404, -0.3198880020556878, 0.4567307375368183, 0.4009755241157174, -0.32928593773787074, 0.37849895982161375, -0.4177277793303391, 0.1813401678308063, -0.5342682261147246], "coverage_estimated_second_order_diff": [0.022179128017599914, 0.021929578145422124, 0.011841076595911049, -0.007785609088000078, -0.018719104275765508, -0.012084667421855544, -0.01199018162170018, 0.027447206272399938, 0.00562907981399996, -0.012380023919193461, -0.022021429183780028]}