{"coverage_estimated_first_order": [0.910274804086872, 0.8102757414248681, 0.6798595387203599, 0.8919100513737857, 0.48068991269591077, 0.8618666554814591, 0.6137476787469178, 0.8655699292684207, 0.73827899915425, 0.8121826039371925, 0.4928056604711602], "coverage_estimated_second_order": [0.5219463859118, 0.41378699174579997, 0.9523516059634, 0.6305502014862, 1.01008341798312, 0.6730187643808, 0.9850750513573999, 0.5067319016466, 0.3726675815709, 0.6469920321874401, 1.01160467882968], "sol": [0.0, 0.0, 1.0, 0.0, 1.0, 0.0, 1.0, 0.0, 0.0, 0.0, 1.0], "coverage": [0.5450998263888889, 0.4269140625, 1.0, 0.6682335069444445, 1.0, 0.6734114583333334, 1.0, 0.5292100694444445, 0.40370659722222224, 0.6405598958333333, 1.0], "coverage_estimated_first_order_diff": [0.3651749776979831, 0.3833616789248681, -0.32014046127964013, 0.22367654442934115, -0.5193100873040892, 0.18845519714812575, -0.3862523212530822, 0.3363598598239762, 0.33457240193202775, 0.17162270810385927, -0.5071943395288399], "coverage_estimated_second_order_diff": [-0.023153440477088894, -0.013127070754200054, -0.04764839403660004, -0.0376833054582445, 0.010083417983119958, -0.000392693952533385, -0.014924948642600078, -0.022478167797844506, -0.03103901565132222, 0.006432136354106777, 0.01160467882967997]}