{"coverage_estimated_first_order": [1.1030774711776556, 0.9752073313481164, 1.145882039173325, 0.8338654365660559, 0.965056411560457, 0.732382389726546, 1.092505337357864, 1.0751711542188636, 0.7691371532665903, 0.8113967508806937, 0.8202409239325723], "coverage_estimated_second_order": [0.41877275013640003, 0.2939456624056, 0.5749365941346, 0.983182794775, 0.64846244721614, 1.0154062050277002, 0.6445970803934999, 0.5089263530837, 1.0227022921190998, 1.0134865954893, 1.01352617268744], "sol": [0.0, 0.0, 0.0, 1.0, 0.0, 1.0, 0.0, 0.0, 1.0, 1.0, 1.0], "coverage": [0.35857204861111114, 0.23359809027777778, 0.5331380208333333, 1.0, 0.6286501736111111, 1.0, 0.6173697916666666, 0.46262152777777776, 1.0, 1.0, 1.0], "coverage_estimated_first_order_diff": [0.7445054225665445, 0.7416092410703387, 0.6127440183399918, -0.16613456343394406, 0.3364062379493459, -0.267617610273454, 0.4751355456911973, 0.6125496264410858, -0.23086284673340973, -0.18860324911930626, -0.1797590760674277], "coverage_estimated_second_order_diff": [0.06020070152528889, 0.06034757212782221, 0.041798573301266684, -0.016817205224999965, 0.019812273605028907, 0.015406205027700182, 0.027227288726833332, 0.04630482530592228, 0.0227022921190998, 0.01348659548929998, 0.013526172687440052]}