{"coverage_estimated_first_order": [1.397787799596859, 1.2594634736617691, 1.6258716981911083, 1.493374537448765, 1.1147066409270643, 1.2033512199060983, 1.2327500579851434, 1.5136831249767053, 1.3024443308877816, 1.1325398438782002, 1.1564317544976865], "coverage_estimated_second_order": [1.0269057459476, 1.0412266089175999, 0.6910901969214, 0.6060482345458, 0.97159963452876, 0.97880213865379, 0.986089124324, 0.596517311535, 0.4979474600717, 0.9750363944029301, 0.9742712022188003], "sol": [1.0, 1.0, 0.0, 0.0, 1.0, 1.0, 1.0, 0.0, 0.0, 1.0, 1.0], "coverage": [1.0, 1.0, 0.6782682291666666, 0.6167274305555556, 1.0, 1.0, 1.0, 0.5765277777777778, 0.512265625, 1.0, 1.0], "coverage_estimated_first_order_diff": [0.39778779959685906, 0.25946347366176914, 0.9476034690244417, 0.8766471068932095, 0.11470664092706429, 0.20335121990609828, 0.23275005798514337, 0.9371553471989276, 0.7901787058877816, 0.13253984387820017, 0.15643175449768654], "coverage_estimated_second_order_diff": [0.02690574594760009, 0.04122660891759988, 0.012821967754733321, -0.010679196009755532, -0.02840036547124003, -0.021197861346210045, -0.013910875676000023, 0.019989533757222233, -0.014318164928299959, -0.024963605597069893, -0.02572879778119974]}