{"coverage_estimated_first_order": [1.8866313043070568, 1.6945543424136975, 1.8853848734931768, 1.7355941839078113, 1.4156798131901343, 1.5296189697403175, 1.6977161429353742, 1.984468038679084, 1.6899377483775586, 1.437318969153202, 1.4653488788789386], "coverage_estimated_second_order": [0.8938791606872, 0.9105546615287996, 0.8765621066893998, 0.9158858421877001, 0.9583298424762, 0.96581276553216, 0.9065059259146999, 0.6445215587193001, 0.5472118587270001, 0.96223367627956, 0.9614405411430501], "sol": [1.0, 1.0, 1.0, 1.0, 1.0, 1.0, 1.0, 0.0, 0.0, 1.0, 1.0], "coverage": [1.0, 1.0, 1.0, 1.0, 1.0, 1.0, 1.0, 0.7004253472222223, 0.5692838541666667, 1.0, 1.0], "coverage_estimated_first_order_diff": [0.8866313043070568, 0.6945543424136975, 0.8853848734931768, 0.7355941839078113, 0.41567981319013425, 0.5296189697403175, 0.6977161429353742, 1.284042691456862, 1.120653894210892, 0.437318969153202, 0.4653488788789386], "coverage_estimated_second_order_diff": [-0.10612083931280003, -0.0894453384712004, -0.12343789331060018, -0.08411415781229992, -0.04167015752379999, -0.03418723446784, -0.09349407408530008, -0.055903788502922214, -0.022071995439666647, -0.037766323720439976, -0.03855945885694989]}