{"coverage_estimated_first_order": [0.8819352718329972, 0.7780578270021522, 0.9120359084668724, 0.8808826338095364, 0.4725715987904868, 0.9045776653194226, 0.6239827977945371, 0.8586621985546081, 0.5552892850474949, 0.4830497923508063, 0.8309223076839899], "coverage_estimated_second_order": [0.38496364714419995, 0.2714760898948, 0.505948285691, 0.5544917523382, 1.0106730223191298, 0.7906790594432, 0.9616507696487999, 0.4443960839209, 0.9960031741382, 1.0129144554013, 0.6751787227594], "sol": [0.0, 0.0, 0.0, 0.0, 1.0, 0.0, 1.0, 0.0, 1.0, 1.0, 0.0], "coverage": [0.3820486111111111, 0.26187065972222223, 0.5249956597222222, 0.5777300347222222, 1.0, 0.7844704861111111, 1.0, 0.44048177083333334, 1.0, 1.0, 0.6670182291666666], "coverage_estimated_first_order_diff": [0.49988666072188614, 0.51618716727993, 0.38704024874465026, 0.3031525990873142, -0.5274284012095132, 0.12010717920831149, -0.37601720220546286, 0.4181804277212748, -0.44471071495250514, -0.5169502076491936, 0.16390407851732325], "coverage_estimated_second_order_diff": [0.002915036033088847, 0.009605430172577756, -0.019047374031222142, -0.023238282384022146, 0.01067302231912981, 0.006208573332088907, -0.03834923035120008, 0.003914313087566679, -0.003996825861799946, 0.012914455401300096, 0.008160493592733409]}