{"coverage_estimated_first_order": [0.9981516464905009, 0.6049617184068503, 0.6868198355126894, 0.8658001301483507, 0.6137412446001993, 0.6511411608435447, 0.8530677076224957, 0.8873325367419658, 0.7471587129321232, 0.6454118488469618, 0.6658129932116732], "coverage_estimated_second_order": [0.7892268435986001, 0.9944482069953998, 0.9570810373754001, 0.5324151492306, 1.00726690861432, 1.0079765024208, 0.5278683359678, 0.5905987083252, 0.36497361223459995, 0.16694483052265002, 0.20194227501224], "sol": [0.0, 1.0, 1.0, 0.0, 1.0, 1.0, 0.0, 0.0, 0.0, 0.0, 0.0], "coverage": [0.8172829861111112, 1.0, 1.0, 0.5844704861111111, 1.0, 1.0, 0.5574001736111112, 0.6495269097222223, 0.39523871527777776, 0.16383246527777778, 0.19873697916666666], "coverage_estimated_first_order_diff": [0.18086866037938976, -0.3950382815931497, -0.31318016448731056, 0.2813296440372396, -0.3862587553998007, -0.3488588391564553, 0.29566753401138457, 0.2378056270197435, 0.35191999765434545, 0.481579383569184, 0.46707601404500654], "coverage_estimated_second_order_diff": [-0.028056142512511095, -0.005551793004600181, -0.04291896262459993, -0.052055336880511116, 0.00726690861432, 0.007976502420800058, -0.029531837643311132, -0.05892820139702226, -0.03026510304317781, 0.0031123652448722394, 0.0032052958455733305]}