{"coverage_estimated_first_order": [1.450849822756818, 1.2999766258844634, 1.6830994564819235, 1.268330740148828, 0.9524251547214699, 1.3376420652502679, 1.4582016917596259, 1.3230769736633547, 1.2870126946916371, 1.1166121729834533, 1.1387259662796219], "coverage_estimated_second_order": [1.0104133903291999, 1.0038778642492, 0.8418277268012, 1.0083159812894, 1.00335891258232, 0.60230851839706, 0.5887739153366, 1.0023142230392001, 0.46565346904899996, 1.00220945736353, 1.00291159814864], "sol": [1.0, 1.0, 0.0, 1.0, 1.0, 0.0, 0.0, 1.0, 0.0, 1.0, 1.0], "coverage": [1.0, 1.0, 0.8101996527777777, 1.0, 1.0, 0.589296875, 0.5848394097222223, 1.0, 0.46825086805555555, 1.0, 1.0], "coverage_estimated_first_order_diff": [0.45084982275681806, 0.2999766258844634, 0.8728998037041458, 0.26833074014882796, -0.047574845278530065, 0.7483451902502678, 0.8733622820374036, 0.32307697366335475, 0.8187618266360817, 0.11661217298345328, 0.13872596627962186], "coverage_estimated_second_order_diff": [0.010413390329199856, 0.0038778642491998916, 0.03162807402342227, 0.008315981289400032, 0.003358912582319906, 0.013011643397059958, 0.003934505614377692, 0.0023142230392001473, -0.0025973990065555896, 0.002209457363530065, 0.00291159814864006]}