{"coverage_estimated_first_order": [1.0570512635421838, 0.9305498668736583, 1.0015701568016235, 1.139430707906998, 0.7532692874226032, 0.860647609716406, 1.0787777547449564, 0.9687267136835762, 0.748512684729176, 0.7672038777661147, 0.7756917001963273], "coverage_estimated_second_order": [0.9948244362114, 0.9839246952326, 1.02307306272, 0.7287020681528, 0.039662227964080005, 0.17525496292556, 0.6211696769074999, 1.0035809937514, 1.0047283165579999, 0.05345270317811, 0.04742989093776], "sol": [1.0, 1.0, 1.0, 0.0, 0.0, 0.0, 0.0, 1.0, 1.0, 0.0, 0.0], "coverage": [1.0, 1.0, 1.0, 0.6965581597222222, 0.004782986111111111, 0.14754340277777778, 0.60296875, 1.0, 1.0, 0.021727430555555555, 0.015017361111111112], "coverage_estimated_first_order_diff": [0.05705126354218382, -0.06945013312634174, 0.0015701568016235345, 0.44287254818477584, 0.7484863013114921, 0.7131042069386282, 0.47580900474495635, -0.03127328631642379, -0.251487315270824, 0.7454764472105591, 0.7606743390852162], "coverage_estimated_second_order_diff": [-0.005175563788599957, -0.016075304767400045, 0.02307306271999998, 0.032143908430577794, 0.034879241852968895, 0.027711560147782227, 0.01820092690749986, 0.0035809937513999746, 0.004728316557999879, 0.03172527262255445, 0.032412529826648884]}