{"coverage_estimated_first_order": [1.4175274596970113, 1.266244279299996, 1.6557658692275776, 1.275646997294047, 1.0863128433906863, 1.2018217355429088, 1.5111439380157663, 1.5600537817463571, 1.1239749156992056, 0.954949542479863, 1.3128467648057547], "coverage_estimated_second_order": [1.0387617093586, 1.0352833468048, 0.7991256706606, 1.0145556088892, 1.0074453438045798, 1.00618589914171, 0.7282358080960999, 0.7544518736732, 1.0181212275395, 1.00712702535124, 0.6998614205334301], "sol": [1.0, 1.0, 0.0, 1.0, 1.0, 1.0, 0.0, 0.0, 1.0, 1.0, 0.0], "coverage": [1.0, 1.0, 0.7798177083333333, 1.0, 1.0, 1.0, 0.7087152777777778, 0.7367230902777778, 1.0, 1.0, 0.6832118055555556], "coverage_estimated_first_order_diff": [0.4175274596970113, 0.26624427929999595, 0.8759481608942443, 0.27564699729404696, 0.08631284339068634, 0.20182173554290883, 0.8024286602379885, 0.8233306914685793, 0.1239749156992056, -0.04505045752013703, 0.6296349592501991], "coverage_estimated_second_order_diff": [0.038761709358599905, 0.03528334680479994, 0.019307962327266726, 0.014555608889200045, 0.00744534380457984, 0.006185899141710083, 0.019520530318322127, 0.017728783395422165, 0.018121227539499962, 0.007127025351240102, 0.01664961497787454]}