{"coverage_estimated_first_order": [0.8819352718329971, 0.7780578270021522, 0.9120359084668725, 0.8812439338851222, 0.7942943417979681, 0.5825134297163705, 0.652359244553796, 0.8594073238616747, 0.5977321129599105, 0.8122438033301455, 0.4844803640331403], "coverage_estimated_second_order": [0.3849636471442, 0.2714760898948, 0.505948285691, 0.5545069289574001, 0.62301257455953, 1.005083799938, 0.9574334302069999, 0.44639715277010006, 0.9919407330815999, 0.652301635565, 1.0055838044726], "sol": [0.0, 0.0, 0.0, 0.0, 0.0, 1.0, 1.0, 0.0, 1.0, 0.0, 1.0], "coverage": [0.3820486111111111, 0.26187065972222223, 0.5249956597222222, 0.5777300347222222, 0.6228038194444444, 1.0, 1.0, 0.4422873263888889, 1.0, 0.6515451388888889, 1.0], "coverage_estimated_first_order_diff": [0.49988666072188603, 0.51618716727993, 0.3870402487446504, 0.30351389916290006, 0.1714905223535237, -0.41748657028362945, -0.347640755446204, 0.41711999747278583, -0.40226788704008953, 0.16069866444125658, -0.5155196359668597], "coverage_estimated_second_order_diff": [0.0029150360330889025, 0.009605430172577756, -0.019047374031222142, -0.023223105764822116, 0.0002087551150855571, 0.005083799938000011, -0.04256656979300011, 0.004109826381211157, -0.008059266918400088, 0.0007564966761111069, 0.005583804472599985]}