{"coverage_estimated_first_order": [1.4978155758983547, 1.326642015564644, 1.4633655308137352, 1.5887117770320989, 1.2165239458912676, 1.0526245142064554, 1.3037617058734636, 1.3857357436817799, 1.172608720262698, 1.088408170156574, 1.103557234323422], "coverage_estimated_second_order": [0.9360202913668, 0.9379821275155998, 0.9579524457357999, 0.7625862226393, 0.5365672730858799, 0.97794554656286, 0.9833161971102001, 0.9544668285559, 1.0038452119927, 0.12585115825239002, 0.12845083310749], "sol": [1.0, 1.0, 1.0, 0.0, 0.0, 1.0, 1.0, 1.0, 1.0, 0.0, 0.0], "coverage": [1.0, 1.0, 1.0, 0.7450520833333333, 0.5486154513888889, 1.0, 1.0, 1.0, 1.0, 0.13665364583333334, 0.1398220486111111], "coverage_estimated_first_order_diff": [0.4978155758983547, 0.3266420155646439, 0.4633655308137352, 0.8436596936987656, 0.6679084945023787, 0.05262451420645542, 0.3037617058734636, 0.3857357436817799, 0.17260872026269802, 0.9517545243232406, 0.9637351857123108], "coverage_estimated_second_order_diff": [-0.06397970863320002, -0.06201787248440016, -0.04204755426420015, 0.0175341393059667, -0.012048178303008972, -0.022054453437139965, -0.01668380288979987, -0.04553317144409996, 0.0038452119926999373, -0.01080248758094332, -0.011371215503621107]}