{"coverage_estimated_first_order": [0.9280462618887422, 0.8121996005518501, 0.9534817007594829, 0.9043492697694757, 0.45229611515953305, 0.8889995506534165, 0.6342722898934589, 0.6552284596089831, 0.5858139035754624, 0.635936851209018, 0.6506631119049838], "coverage_estimated_second_order": [0.581230778486, 0.4282431008922001, 0.6634664646968, 0.6399168058422, 0.9756304651533798, 0.7493347318165, 0.9967886900487999, 0.9712487367009, 1.0173701229218, 0.14578921644146, 0.16502922675449], "sol": [0.0, 0.0, 0.0, 0.0, 1.0, 0.0, 1.0, 1.0, 1.0, 0.0, 0.0], "coverage": [0.6191579861111111, 0.46469618055555556, 0.6843663194444445, 0.6398177083333333, 1.0, 0.7641362847222222, 1.0, 1.0, 1.0, 0.16603732638888888, 0.18577256944444445], "coverage_estimated_first_order_diff": [0.3088882757776311, 0.3475034199962946, 0.2691153813150384, 0.2645315614361424, -0.547703884840467, 0.12486326593119434, -0.36572771010654115, -0.3447715403910169, -0.41418609642453763, 0.4698995248201291, 0.4648905424605394], "coverage_estimated_second_order_diff": [-0.03792720762511104, -0.03645307966335548, -0.020899854747644442, 9.909750886671898e-05, -0.02436953484662019, -0.01480155290572216, -0.003211309951200114, -0.02875126329910005, 0.017370122921799958, -0.02024810994742887, -0.020743342689954453]}