{"coverage_estimated_first_order": [1.1442056304274684, 1.298871620687942, 1.1870101984231363, 1.095418096004599, 1.0863128433906866, 0.8765870244579976, 1.3263148137485585, 1.3644215577643568, 0.965361527296343, 0.7822844962114097, 1.1291580483138242], "coverage_estimated_second_order": [1.0215299953174002, 0.7428115672183999, 1.0519411307289999, 1.0421243934945, 0.59955036550758, 1.01072598319381, 0.7636757340124, 0.7854896460540001, 1.0259111570765, 1.00704109209704, 0.6545187982048299], "sol": [1.0, 0.0, 1.0, 1.0, 0.0, 1.0, 0.0, 0.0, 1.0, 1.0, 0.0], "coverage": [1.0, 0.7248741319444445, 1.0, 1.0, 0.5983333333333334, 1.0, 0.7211328125, 0.7608072916666667, 1.0, 1.0, 0.6528949652777778], "coverage_estimated_first_order_diff": [0.14420563042746837, 0.5739974887434975, 0.18701019842313626, 0.09541809600459894, 0.4879795100573532, -0.12341297554200237, 0.6051820012485585, 0.6036142660976901, -0.03463847270365705, -0.21771550378859028, 0.47626308303604636], "coverage_estimated_second_order_diff": [0.021529995317400186, 0.017937435273955415, 0.05194113072899986, 0.04212439349449992, 0.001217032174246624, 0.010725983193810018, 0.04254292151239991, 0.02468235438733335, 0.025911157076500047, 0.007041092097040069, 0.001623832927052149]}