{"coverage_estimated_first_order": [0.9296078170663687, 1.1222199653947933, 0.9805008732722396, 0.9112430643532825, 0.7816630849589811, 0.862899694230767, 0.8694684274590414, 1.1380837980090188, 0.9521326721258021, 0.944296682943741, 0.6180340683604814], "coverage_estimated_second_order": [1.0287009655856, 0.7522831969579999, 1.0562031464209998, 1.0490876886159999, 0.15546008202552003, 0.20771762273280997, 1.0381641560936998, 0.7175474926512, 0.4658359095627, 0.59444710709767, 0.97825279574425], "sol": [1.0, 0.0, 1.0, 1.0, 0.0, 0.0, 1.0, 0.0, 0.0, 0.0, 1.0], "coverage": [1.0, 0.7282161458333334, 1.0, 1.0, 0.17049913194444444, 0.22110677083333333, 1.0, 0.6910677083333333, 0.43700954861111113, 0.606796875, 1.0], "coverage_estimated_first_order_diff": [-0.07039218293363125, 0.3940038195614599, -0.01949912672776044, -0.0887569356467175, 0.6111639530145366, 0.6417929233974337, -0.1305315725409586, 0.4470160896756855, 0.5151231235146909, 0.337499807943741, -0.38196593163951864], "coverage_estimated_second_order_diff": [0.02870096558560009, 0.02406705112466656, 0.05620314642099977, 0.04908768861599988, -0.015039049918924408, -0.013389148100523357, 0.03816415609369983, 0.026479784317866684, 0.02882636095158886, -0.01234976790233, -0.021747204255750052]}