{"coverage_estimated_first_order": [0.9222086679970185, 0.8181615522596161, 0.9551514617194231, 0.626139843631198, 0.6137412446001995, 0.6515024609191301, 0.871379807549271, 0.6322753641346817, 0.7983418608440667, 0.6459093450676725, 0.6670556147394511], "coverage_estimated_second_order": [0.5604013651914, 0.43825815908300003, 0.6547290967793999, 0.9666453918443, 1.00726690861432, 1.00903717335236, 0.5943134202003999, 0.9650049092855999, 0.54410442405, 0.16882408688846, 0.20612006304438], "sol": [0.0, 0.0, 0.0, 1.0, 1.0, 1.0, 0.0, 1.0, 0.0, 0.0, 0.0], "coverage": [0.6041319444444444, 0.47426649305555557, 0.6754644097222222, 1.0, 1.0, 1.0, 0.6225043402777778, 1.0, 0.563125, 0.16614149305555556, 0.20345052083333334], "coverage_estimated_first_order_diff": [0.3180767235525741, 0.3438950592040605, 0.2796870519972009, -0.373860156368802, -0.3862587553998005, -0.3484975390808699, 0.24887546727149323, -0.36772463586531834, 0.23521686084406668, 0.4797678520121169, 0.4636050939061177], "coverage_estimated_second_order_diff": [-0.043730579253044355, -0.03600833397255554, -0.02073531294282227, -0.033354608155700016, 0.00726690861432, 0.009037173352359984, -0.02819092007737789, -0.0349950907144001, -0.01902057594999995, 0.0026825938329044507, 0.0026695422110466493]}