{"coverage_estimated_first_order": [1.1615704411086831, 1.023885002242864, 1.2129948760615512, 0.9043492697694757, 0.7735447710535571, 0.9056107040687305, 0.8784581111797528, 0.8821288345145473, 0.7916375179089752, 0.6156613675780656, 0.9573933371010891], "coverage_estimated_second_order": [0.6596527168396, 0.5080134591838, 0.7638097025487999, 1.0231344222663998, 0.13264367290256002, 0.32537860844536, 1.0108342190596, 1.0035288031534, 1.0106878236787, 0.98030735661286, 0.5991506221568901], "sol": [0.0, 0.0, 0.0, 1.0, 0.0, 0.0, 1.0, 1.0, 1.0, 1.0, 0.0], "coverage": [0.6664713541666667, 0.52203125, 0.7414756944444445, 1.0, 0.14828125, 0.3344184027777778, 1.0, 1.0, 1.0, 1.0, 0.6086328125], "coverage_estimated_first_order_diff": [0.49509908694201643, 0.5018537522428641, 0.4715191816171067, -0.09565073023052428, 0.6252635210535571, 0.5711923012909527, -0.12154188882024719, -0.11787116548545273, -0.20836248209102481, -0.38433863242193445, 0.3487605246010891], "coverage_estimated_second_order_diff": [-0.006818637327066668, -0.014017790816199915, 0.022334008104355374, 0.023134422266399834, -0.015637577097439986, -0.009039794332417805, 0.010834219059600025, 0.003528803153399984, 0.010687823678700026, -0.019692643387140052, -0.00948219034310993]}