{"coverage_estimated_first_order": [0.9440038142673345, 0.8298816176295164, 0.6956382864173545, 0.8683594900902443, 0.7845033143626883, 0.504437789303956, 0.8505154072752745, 0.6507520166880647, 0.7859546844457288, 0.47324429879921925, 0.8193272777449304], "coverage_estimated_second_order": [0.6463677251158, 0.4951818256186, 0.9708155125593999, 0.5284401033102, 0.59659966778272, 1.00209944313639, 0.5248352044681001, 0.9943798006503, 0.4897527547042, 1.00292470888976, 0.6515174519392701], "sol": [0.0, 0.0, 1.0, 0.0, 0.0, 1.0, 0.0, 1.0, 0.0, 1.0, 0.0], "coverage": [0.6905685763888889, 0.5320703125, 1.0, 0.5327300347222222, 0.5983333333333334, 1.0, 0.5424522569444444, 1.0, 0.49182725694444446, 1.0, 0.6533984375], "coverage_estimated_first_order_diff": [0.2534352378784456, 0.29781130512951637, -0.3043617135826455, 0.335629455368022, 0.1861699810293549, -0.495562210696044, 0.3080631503308301, -0.3492479833119353, 0.29412742750128434, -0.5267557012007807, 0.16592884024493038], "coverage_estimated_second_order_diff": [-0.044200851273088926, -0.03688848688140001, -0.029184487440600093, -0.004289931412022274, -0.0017336655506133836, 0.0020994431363901, -0.017617052476344375, -0.005620199349700039, -0.002074502240244469, 0.0029247088897599305, -0.0018809855607299086]}