{"coverage_estimated_first_order": [1.7991611090240833, 1.8857418950518956, 1.866869737143496, 1.7451085009193381, 1.4165161699550624, 1.57550045506014, 1.7184351763820858, 1.985609452015252, 1.5180485117013587, 1.4420775375111012, 1.4675051465943585], "coverage_estimated_second_order": [0.9101013316856, 0.6755140739333999, 0.9109601339615999, 0.8984137346465, 0.95701625938847, 0.9579660905654102, 0.9010485260919998, 0.6833232896341, 0.9228642786307999, 0.95915480972176, 0.95926331286427], "sol": [1.0, 0.0, 1.0, 1.0, 1.0, 1.0, 1.0, 0.0, 1.0, 1.0, 1.0], "coverage": [1.0, 0.7282161458333334, 1.0, 1.0, 1.0, 1.0, 1.0, 0.7637456597222222, 1.0, 1.0, 1.0], "coverage_estimated_first_order_diff": [0.7991611090240833, 1.1575257492185622, 0.8668697371434959, 0.7451085009193381, 0.41651616995506235, 0.5755004550601399, 0.7184351763820858, 1.2218637922930298, 0.5180485117013587, 0.44207753751110124, 0.4675051465943585], "coverage_estimated_second_order_diff": [-0.08989866831439997, -0.05270207189993348, -0.08903986603840008, -0.10158626535350002, -0.042983740611529986, -0.042033909434589845, -0.09895147390800019, -0.08042237008812214, -0.0771357213692001, -0.04084519027823996, -0.040736687135729976]}