{"coverage_estimated_first_order": [1.4760204296280386, 1.3149219501947436, 1.7228787061158037, 1.3464921305730526, 1.2165239458912676, 1.0529858142820412, 1.3254731585969137, 1.3677565873491075, 1.1889181082540061, 1.088408170156574, 1.1035572343234217], "coverage_estimated_second_order": [0.9863235267526, 0.9854894502709998, 0.8467858467178, 0.9849974159356999, 0.5365672730858799, 0.9768439815388601, 0.9768235473418, 0.9845153960847001, 0.9829104329774, 0.1258511582524, 0.12845083310749], "sol": [1.0, 1.0, 0.0, 1.0, 0.0, 1.0, 1.0, 1.0, 1.0, 0.0, 0.0], "coverage": [1.0, 1.0, 0.8280425347222222, 1.0, 0.5486154513888889, 1.0, 1.0, 1.0, 1.0, 0.13665364583333334, 0.1398220486111111], "coverage_estimated_first_order_diff": [0.4760204296280386, 0.31492195019474356, 0.8948361713935815, 0.3464921305730526, 0.6679084945023787, 0.05298581428204119, 0.3254731585969137, 0.36775658734910754, 0.18891810825400612, 0.9517545243232406, 0.9637351857123105], "coverage_estimated_second_order_diff": [-0.013676473247399956, -0.014510549729000233, 0.01874331199557777, -0.015002584064300106, -0.012048178303008972, -0.023156018461139904, -0.02317645265820001, -0.015484603915299933, -0.017089567022600005, -0.010802487580933329, -0.011371215503621107]}