{"coverage_estimated_first_order": [1.8920207822336446, 1.6819423041956298, 2.133339990936684, 1.700654904984435, 1.4165161699550621, 1.546476775449407, 1.9144008451976688, 1.7642326459990487, 1.5043739897224289, 1.4417279812823605, 1.4685479485241584], "coverage_estimated_second_order": [0.9208428118114, 0.9394334201897998, 0.7525969792116, 0.9475996819913, 0.95701625938848, 0.9644991824525599, 0.6610134726360999, 0.9215808848592, 0.9722756364133001, 0.95994439429932, 0.9591254353657601], "sol": [1.0, 1.0, 0.0, 1.0, 1.0, 1.0, 0.0, 1.0, 1.0, 1.0, 1.0], "coverage": [1.0, 1.0, 0.8122829861111112, 1.0, 1.0, 1.0, 0.7092881944444445, 1.0, 1.0, 1.0, 1.0], "coverage_estimated_first_order_diff": [0.8920207822336446, 0.6819423041956298, 1.321057004825573, 0.7006549049844351, 0.41651616995506213, 0.5464767754494071, 1.2051126507532244, 0.7642326459990487, 0.5043739897224289, 0.44172798128236046, 0.4685479485241584], "coverage_estimated_second_order_diff": [-0.07915718818859996, -0.060566579810200194, -0.0596860068995112, -0.05240031800870004, -0.042983740611519994, -0.035500817547440056, -0.04827472180834458, -0.07841911514080002, -0.02772436358669994, -0.04005560570068001, -0.040874564634239885]}