{"coverage_estimated_first_order": [0.8888863049372114, 1.0754661536270278, 1.1870101984231363, 0.8531984495455526, 0.7650641874966626, 0.8603371711182695, 1.1038404451857144, 1.1195420265261204, 0.7758473009541383, 0.802559979842362, 0.8224278231177189], "coverage_estimated_second_order": [0.9710624563738, 0.6700222502733999, 0.7458421703590001, 1.0229327803652, 1.0077561729903999, 1.0143908481161599, 0.7047804142920999, 0.6994190202562, 1.0251848350716999, 0.18558325453705002, 0.21251097548191], "sol": [1.0, 0.0, 0.0, 1.0, 1.0, 1.0, 0.0, 0.0, 1.0, 0.0, 0.0], "coverage": [1.0, 0.7097352430555556, 0.7646788194444445, 1.0, 1.0, 1.0, 0.6981293402777777, 0.7264496527777777, 1.0, 0.1837543402777778, 0.21014322916666667], "coverage_estimated_first_order_diff": [-0.11111369506278856, 0.3657309105714722, 0.4223313789786918, -0.14680155045444743, -0.2349358125033374, -0.13966282888173054, 0.4057111049079367, 0.3930923737483427, -0.22415269904586166, 0.6188056395645842, 0.6122845939510522], "coverage_estimated_second_order_diff": [-0.028937543626200046, -0.039712992782155676, -0.018836649085444357, 0.022932780365199967, 0.007756172990399879, 0.014390848116159871, 0.006651074014322189, -0.02703063252157778, 0.025184835071699885, 0.0018289142592722296, 0.0023677463152433353]}