{"coverage_estimated_first_order": [1.3579901495472573, 1.5037762167407296, 1.4166292026887355, 1.312784336083731, 0.9524251547214699, 1.3666657448610007, 1.262236022944043, 1.544453779679558, 1.3006872166705667, 1.1169617292121943, 1.1376831643498218], "coverage_estimated_second_order": [1.0085315957274, 0.7376500310753998, 1.0316366529391998, 1.0283408826659, 1.00335891258232, 0.69066974672691, 1.019144634038, 0.7006573680585, 0.4694478485298, 1.0030907163611698, 1.00298015899275], "sol": [1.0, 0.0, 1.0, 1.0, 1.0, 0.0, 1.0, 0.0, 0.0, 1.0, 1.0], "coverage": [1.0, 0.7282161458333334, 1.0, 1.0, 1.0, 0.6817144097222222, 1.0, 0.6920442708333333, 0.45032118055555553, 1.0, 1.0], "coverage_estimated_first_order_diff": [0.3579901495472573, 0.7755600709073962, 0.4166292026887355, 0.312784336083731, -0.047574845278530065, 0.6849513351387785, 0.262236022944043, 0.8524095088462248, 0.8503660361150112, 0.11696172921219428, 0.13768316434982175], "coverage_estimated_second_order_diff": [0.008531595727399921, 0.009433885242066453, 0.031636652939199816, 0.028340882665899958, 0.003358912582319906, 0.008955337004687758, 0.01914463403799993, 0.008613097225166677, 0.01912666797424445, 0.003090716361169754, 0.0029801589927500594]}