{"coverage_estimated_first_order": [0.9222086679970185, 1.1091985002114955, 1.2143437856774821, 0.8462434924759191, 0.7642278307317347, 0.8144556857984468, 1.0797220589423282, 0.8813225969153409, 0.9826102975509734, 0.7982989077051733, 0.8215141769300769], "coverage_estimated_second_order": [1.0346331515338, 0.7390273360189998, 0.8189330393074, 1.0231969190485, 1.00898084106296, 1.01072405884901, 0.6617816048323, 1.050331553372, 0.5887116355204001, 0.17070053699427, 0.20797423155108], "sol": [1.0, 0.0, 0.0, 1.0, 1.0, 1.0, 0.0, 1.0, 0.0, 0.0, 0.0], "coverage": [1.0, 0.718203125, 0.7951475694444444, 1.0, 1.0, 1.0, 0.6623914930555556, 1.0, 0.5855772569444444, 0.16614149305555556, 0.20345052083333334], "coverage_estimated_first_order_diff": [-0.0777913320029815, 0.3909953752114954, 0.4191962162330377, -0.15375650752408088, -0.23577216926826527, -0.18554431420155315, 0.41733056588677264, -0.11867740308465913, 0.397033040606529, 0.6321574146496177, 0.6180636560967435], "coverage_estimated_second_order_diff": [0.03463315153380009, 0.020824211018999783, 0.0237854698629556, 0.023196919048499964, 0.008980841062959932, 0.010724058849010065, -0.0006098882232555836, 0.050331553371999904, 0.0031343785759556653, 0.004559043938714452, 0.004523710717746654]}