{"coverage_estimated_first_order": [1.4393226059673272, 1.277964344669896, 1.396252693925509, 1.5178666437530932, 1.0952675140610382, 1.2046309109491822, 1.4887852524408418, 1.5787780633860962, 1.1050632270654184, 1.2888409224241486, 0.9768863853083448], "coverage_estimated_second_order": [1.0279969691611999, 1.019778703401, 1.0057928797085998, 0.6858806685312, 1.0067907089853798, 1.0055873350364801, 0.6761685711505, 0.7835989899592001, 1.0019851252826, 0.6729577389583301, 1.00650824886554], "sol": [1.0, 1.0, 1.0, 0.0, 1.0, 1.0, 0.0, 0.0, 1.0, 0.0, 1.0], "coverage": [1.0, 1.0, 1.0, 0.6873480902777778, 1.0, 1.0, 0.6754253472222222, 0.7617838541666667, 1.0, 0.6568229166666667, 1.0], "coverage_estimated_first_order_diff": [0.4393226059673272, 0.27796434466989606, 0.3962526939255091, 0.8305185534753154, 0.09526751406103817, 0.20463091094918218, 0.8133599052186196, 0.8169942092194294, 0.10506322706541837, 0.6320180057574819, -0.023113614691655182], "coverage_estimated_second_order_diff": [0.02799696916119987, 0.019778703400999964, 0.005792879708599763, -0.0014674217465777684, 0.006790708985379812, 0.005587335036480123, 0.0007432239282777475, 0.021815135792533358, 0.0019851252825999754, 0.01613482229166341, 0.006508248865539912]}