{"coverage_estimated_first_order": [1.6996247622635163, 1.2118472959406827, 1.3965703269683083, 1.52163896665795, 0.9532615114863976, 1.383162250494505, 1.4593631899526542, 1.3302283268261474, 1.086434869993422, 1.121370741341353, 1.140882233995042], "coverage_estimated_second_order": [0.9099503458386, 1.0318195984692, 1.0345628716226, 0.6930542973461, 1.0045099532313797, 0.7370108342626901, 0.6033594091468, 1.037996568029, 0.997323116417, 1.0008874121606501, 1.00076210999517], "sol": [0.0, 1.0, 1.0, 0.0, 1.0, 0.0, 0.0, 1.0, 1.0, 1.0, 1.0], "coverage": [0.8761501736111111, 1.0, 1.0, 0.6903993055555555, 1.0, 0.7279166666666667, 0.6037934027777778, 1.0, 1.0, 1.0, 1.0], "coverage_estimated_first_order_diff": [0.8234745886524052, 0.21184729594068274, 0.3965703269683083, 0.8312396611023944, -0.046738488513602405, 0.6552455838278383, 0.8555697871748764, 0.33022832682614744, 0.08643486999342209, 0.12137074134135295, 0.14088223399504196], "coverage_estimated_second_order_diff": [0.03380017222748888, 0.03181959846920002, 0.03456287162260008, 0.002654991790544514, 0.004509953231379704, 0.00909416759602344, -0.00043399363097784693, 0.03799656802899998, -0.0026768835830000004, 0.0008874121606501362, 0.0007621099951700128]}