{"coverage_estimated_first_order": [1.6584966030137038, 1.470256902504616, 1.8738268156346156, 1.700654904984435, 1.2660295838235271, 1.3831622504945047, 1.6710620763608282, 1.5378297673141952, 1.3024725869818865, 1.2893384186448595, 1.3140893863335326], "coverage_estimated_second_order": [0.974815698891, 0.9770548864151999, 0.7511666755696, 0.6178613361475, 0.9646617924163801, 0.97205404869528, 0.617630452986, 0.9571633795044001, 0.9809499281812999, 0.9673530478452601, 0.96655446830387], "sol": [1.0, 1.0, 0.0, 0.0, 1.0, 1.0, 0.0, 1.0, 1.0, 1.0, 1.0], "coverage": [1.0, 1.0, 0.7748394097222222, 0.6591145833333333, 1.0, 1.0, 0.6518836805555556, 1.0, 1.0, 1.0, 1.0], "coverage_estimated_first_order_diff": [0.6584966030137038, 0.47025690250461594, 1.0989874059123934, 1.0415403216511017, 0.26602958382352715, 0.3831622504945047, 1.0191783958052727, 0.5378297673141952, 0.3024725869818865, 0.28933841864485954, 0.31408938633353256], "coverage_estimated_second_order_diff": [-0.02518430110900005, -0.022945113584800114, -0.023672734152622166, -0.04125324718583323, -0.03533820758361994, -0.027945951304719996, -0.03425322756955562, -0.042836620495599886, -0.01905007181870011, -0.032646952154739894, -0.03344553169612996]}