{"coverage_estimated_first_order": [1.1248726174479717, 1.277964344669896, 1.145561187829316, 1.296188731869823, 0.9358262572591514, 1.0385072105880064, 1.278936316429492, 1.3409549218044177, 0.9357762910316978, 0.802559979842362, 1.1583882026151289], "coverage_estimated_second_order": [1.0205214526766002, 0.6907551373813999, 1.0325821437926002, 0.6496800478073, 1.0104165255022, 1.0091751120486903, 0.6653261706232, 0.7527453932863001, 1.0114885384171, 1.0099865574031401, 0.7025882387342202], "sol": [1.0, 0.0, 1.0, 0.0, 1.0, 1.0, 0.0, 0.0, 1.0, 1.0, 0.0], "coverage": [1.0, 0.6816059027777778, 1.0, 0.6440798611111112, 1.0, 1.0, 0.6583116319444444, 0.7515972222222222, 1.0, 1.0, 0.6832118055555556], "coverage_estimated_first_order_diff": [0.12487261744797173, 0.5963584418921183, 0.14556118782931593, 0.6521088707587119, -0.06417374274084864, 0.038507210588006435, 0.6206246844850476, 0.5893576995821954, -0.0642237089683022, -0.19744002015763795, 0.47517639705957326], "coverage_estimated_second_order_diff": [0.020521452676600216, 0.009149234603622158, 0.03258214379260016, 0.005600186696188891, 0.010416525502199958, 0.00917511204869026, 0.007014538678755566, 0.0011481710640778298, 0.011488538417099958, 0.00998655740314014, 0.019376433178664554]}