{"coverage_estimated_first_order": [0.888479657816556, 1.0895926240068472, 1.1985650379804875, 0.8697940537594607, 0.801938568589935, 0.8784778088967728, 0.8446484353128785, 1.0971355019371183, 0.9427790354454351, 0.7919071203062401, 0.7995358856672653], "coverage_estimated_second_order": [0.9968985580998, 0.7072442046242, 0.7811664378434, 1.0344325703218, 0.20974511401576, 0.25651173806366, 1.038741108884, 0.6362948462874001, 0.4536937290636, 1.0114180512803301, 1.01068890101539], "sol": [1.0, 0.0, 0.0, 1.0, 0.0, 0.0, 1.0, 0.0, 0.0, 1.0, 1.0], "coverage": [1.0, 0.7195095486111112, 0.7783506944444445, 1.0, 0.2042621527777778, 0.25732638888888887, 1.0, 0.653125, 0.43701822916666666, 1.0, 1.0], "coverage_estimated_first_order_diff": [-0.11152034218344398, 0.37008307539573604, 0.42021434353604303, -0.13020594624053927, 0.5976764158121571, 0.621151420007884, -0.15535156468712152, 0.44401050193711833, 0.5057608062787684, -0.2080928796937599, -0.2004641143327347], "coverage_estimated_second_order_diff": [-0.003101441900200008, -0.012265343986911148, 0.002815743398955517, 0.03443257032180003, 0.005482961237982198, -0.0008146508252288576, 0.03874110888399995, -0.016830153712599882, 0.016675499896933343, 0.011418051280330133, 0.010688901015390107]}