{"coverage_estimated_first_order": [1.1026708240570002, 0.9893338017279357, 1.1574368787306766, 0.8508223408555495, 0.7934579850330402, 0.8622279555570447, 0.860443082598875, 1.0505270156606628, 0.97194968217635, 0.9801502812406993, 0.666012812809651], "coverage_estimated_second_order": [0.4435061735344, 0.357622600899, 0.6303902497431999, 0.9984817686920001, 1.01200385583312, 1.0107203139564003, 1.0118769047765, 0.4492364819502, 0.5341319504437, 0.6668476673621401, 1.00830755491498], "sol": [0.0, 0.0, 0.0, 1.0, 1.0, 1.0, 1.0, 0.0, 0.0, 0.0, 1.0], "coverage": [0.41597222222222224, 0.3231293402777778, 0.6208810763888889, 1.0, 1.0, 1.0, 1.0, 0.4241015625, 0.5280512152777778, 0.6488628472222222, 1.0], "coverage_estimated_first_order_diff": [0.686698601834778, 0.6662044614501579, 0.5365558023417877, -0.14917765914445047, -0.20654201496695979, -0.13777204444295532, -0.13955691740112497, 0.6264254531606628, 0.44389846689857226, 0.33128743401847704, -0.33398718719034903], "coverage_estimated_second_order_diff": [0.02753395131217773, 0.03449326062122221, 0.009509173354311007, -0.0015182313079998844, 0.012003855833119914, 0.010720313956400274, 0.011876904776499941, 0.02513491945020002, 0.006080735165922224, 0.017984820139917868, 0.008307554914980031]}