{"coverage_estimated_first_order": [1.1615704411086831, 1.3149219501947438, 1.4721872000196103, 1.124452918614197, 0.9329860278554442, 1.071734404429906, 1.0861531297213356, 1.131921192602273, 0.9733036539734028, 1.1019423101598522, 0.775891519794305], "coverage_estimated_second_order": [1.0405903547528, 0.7648171233614001, 0.8571689352167999, 1.0243191043964002, 0.15961166254726, 0.33553708382421, 1.0186493776774, 1.0461502394496, 1.0021557335272, 0.60678525962661, 0.98061872220161], "sol": [1.0, 0.0, 0.0, 1.0, 0.0, 0.0, 1.0, 1.0, 1.0, 0.0, 1.0], "coverage": [1.0, 0.7279079861111111, 0.8193532986111111, 1.0, 0.17528211805555555, 0.34485243055555553, 1.0, 1.0, 1.0, 0.6158984375, 1.0], "coverage_estimated_first_order_diff": [0.16157044110868313, 0.5870139640836327, 0.6528339014084993, 0.12445291861419694, 0.7577039097998886, 0.7268819738743504, 0.0861531297213356, 0.13192119260227297, -0.026696346026597206, 0.48604387265985227, -0.22410848020569496], "coverage_estimated_second_order_diff": [0.04059035475279993, 0.03690913725028899, 0.037815636605688874, 0.02431910439640017, -0.015670455508295544, -0.009315346731345542, 0.018649377677399936, 0.04615023944960006, 0.002155733527199999, -0.009113177873389944, -0.01938127779839005]}