{"coverage_estimated_first_order": [1.5047666090025689, 1.0419764462857608, 1.2199551728538807, 1.1200976949275012, 0.924031357185092, 1.0395402493373145, 1.3105815961559675, 1.149516098533395, 0.9423840288316792, 0.7672038777661148, 1.1116520796937372], "coverage_estimated_second_order": [0.9449105374892, 1.0534458654402, 1.0365707861367999, 1.0302215765989, 0.13319105497628, 0.24827759479807004, 0.6930442269474999, 1.0297714963549, 1.0132931331489998, 0.9813757466693099, 0.59952016572907], "sol": [0.0, 1.0, 1.0, 1.0, 0.0, 0.0, 0.0, 1.0, 1.0, 1.0, 0.0], "coverage": [0.8823090277777778, 1.0, 1.0, 1.0, 0.14828125, 0.26165798611111113, 0.6522743055555555, 1.0, 1.0, 1.0, 0.6086197916666667], "coverage_estimated_first_order_diff": [0.6224575812247911, 0.041976446285760804, 0.21995517285388066, 0.12009769492750122, 0.775750107185092, 0.7778822632262034, 0.6583072906004119, 0.14951609853339498, -0.057615971168320845, -0.23279612223388524, 0.5030322880270706], "coverage_estimated_second_order_diff": [0.0626015097114222, 0.05344586544019991, 0.03657078613679987, 0.030221576598900013, -0.015090195023719999, -0.013380391313041085, 0.04076992139194435, 0.029771496354900062, 0.013293133148999825, -0.018624253330690066, -0.009099625937596723]}