{"coverage_estimated_first_order": [0.44771534546038516, 0.6935004753158615, 0.7367696639683757, 0.4208742847099455, 0.3009731722630703, 0.6515024609191302, 0.6476412917476717, 0.6783863541904266, 0.5584860059233464, 0.477444171543455, 0.49260584087318227], "coverage_estimated_second_order": [0.9157879821928, 0.6310970059329999, 0.647097916977, 0.9251079595742, 0.97005268438432, 0.53100692430186, 0.4851204607184, 0.5414434856604, 0.3164357143267, 0.12122522068875001, 0.14770594421303], "sol": [1.0, 0.0, 0.0, 1.0, 1.0, 0.0, 0.0, 0.0, 0.0, 0.0, 0.0], "coverage": [1.0, 0.7097352430555556, 0.7561588541666666, 1.0, 1.0, 0.5527560763888889, 0.5654513888888889, 0.6429123263888888, 0.3634201388888889, 0.1434982638888889, 0.17049913194444444], "coverage_estimated_first_order_diff": [-0.5522846545396148, -0.016234767739694123, -0.019389190198290884, -0.5791257152900545, -0.6990268277369297, 0.09874638453024132, 0.0821899028587828, 0.035474027801537744, 0.1950658670344575, 0.3339459076545661, 0.32210670892873783], "coverage_estimated_second_order_diff": [-0.0842120178072, -0.07863823712255569, -0.10906093718966658, -0.0748920404258, -0.02994731561567998, -0.021749152087028878, -0.08033092817048892, -0.10146884072848883, -0.04698442456218893, -0.022273043200138884, -0.02279318773141445]}