{"coverage_estimated_first_order": [1.1565876103027508, 1.022370570081112, 0.9534849190606929, 0.9223316444033584, 0.7824994417239088, 0.9087811795505896, 0.8923413783755197, 1.1272559948391394, 0.7678642354188951, 0.9490552513016406, 0.6201903360759013], "coverage_estimated_second_order": [0.6180475377034, 0.4851170252974, 1.0201277034548, 1.0259889500603998, 0.15907574641137, 0.33513858994365997, 1.0204296684171, 0.6459311647298, 1.0089574867709, 0.6053372023117201, 0.9802498688007799], "sol": [0.0, 0.0, 1.0, 1.0, 0.0, 0.0, 1.0, 0.0, 1.0, 0.0, 1.0], "coverage": [0.5920442708333333, 0.46915364583333335, 1.0, 1.0, 0.17528211805555555, 0.34485243055555553, 1.0, 0.6108680555555556, 1.0, 0.6153255208333334, 1.0], "coverage_estimated_first_order_diff": [0.5645433394694175, 0.5532169242477787, -0.04651508093930712, -0.07766835559664165, 0.6072173236683533, 0.563928748995034, -0.10765862162448026, 0.5163879392835838, -0.23213576458110485, 0.33372973046830723, -0.37980966392409865], "coverage_estimated_second_order_diff": [0.02600326687006671, 0.015963379464066618, 0.020127703454799972, 0.025988950060399807, -0.016206371644185535, -0.009713840611895563, 0.020429668417099922, 0.03506310917424438, 0.008957486770899914, -0.009988318521613304, -0.01975013119922009]}