{"coverage_estimated_first_order": [1.22970762341216, 0.8117901735866199, 1.1900610018174116, 1.095605588623173, 0.622221828157094, 1.0216494048789166, 0.810360580413975, 0.8575207852184401, 0.9339415183205297, 0.6311782828511184, 0.9844672236869738], "coverage_estimated_second_order": [0.835839479678, 1.0293729021393998, 0.7546166660644, 0.6499623328154001, 1.0111292803705498, 0.6663695010923, 1.0083795876436, 1.0232294620078, 0.44465753467630004, 1.0137424665833599, 0.6761621913996502], "sol": [0.0, 1.0, 0.0, 0.0, 1.0, 0.0, 1.0, 1.0, 0.0, 1.0, 0.0], "coverage": [0.8064496527777778, 1.0, 0.7503993055555556, 0.6582769097222222, 1.0, 0.6655078125, 1.0, 1.0, 0.45695746527777775, 1.0, 0.6677430555555556], "coverage_estimated_first_order_diff": [0.4232579706343822, -0.18820982641338013, 0.439661696261856, 0.43732867890095084, -0.37777817184290596, 0.3561415923789166, -0.18963941958602504, -0.1424792147815599, 0.476984053042752, -0.36882171714888157, 0.31672416813141824], "coverage_estimated_second_order_diff": [0.029389826900222182, 0.029372902139399804, 0.00421736050884447, -0.008314576906822135, 0.011129280370549832, 0.0008616885922999584, 0.008379587643599917, 0.02322946200779996, -0.012299930601477715, 0.01374246658335987, 0.008419135844094594]}