{"coverage_estimated_first_order": [1.2424962504080979, 0.8121996005518503, 1.204173206855676, 1.1260271816527458, 0.773544771053557, 0.9052494039931449, 0.8456155112057363, 0.8928039721043057, 0.7616253518446323, 0.6156613675780656, 0.9573933371010891], "coverage_estimated_second_order": [0.8807625871697999, 1.0303452236938, 0.7965608649018, 0.7221854456236001, 0.13264367290256002, 0.3253871809367, 1.0435424171607, 1.0439773110955999, 1.0262437584875, 0.9803073566128501, 0.59915062215689], "sol": [0.0, 1.0, 0.0, 0.0, 0.0, 0.0, 1.0, 1.0, 1.0, 1.0, 0.0], "coverage": [0.8529817708333334, 1.0, 0.7763411458333334, 0.6971527777777777, 0.14828125, 0.3344184027777778, 1.0, 1.0, 1.0, 1.0, 0.6086328125], "coverage_estimated_first_order_diff": [0.3895144795747645, -0.18780039944814975, 0.4278320610223427, 0.4288744038749681, 0.625263521053557, 0.5708310012153671, -0.1543844887942637, -0.10719602789569427, -0.23837464815536769, -0.38433863242193445, 0.3487605246010891], "coverage_estimated_second_order_diff": [0.027780816336466563, 0.030345223693799994, 0.020219719068466646, 0.025032667845822365, -0.015637577097439986, -0.009031221841077797, 0.04354241716069995, 0.04397731109559988, 0.026243758487499935, -0.019692643387149933, -0.009482190343110042]}