{"coverage_estimated_first_order": [0.9222086679970185, 0.8181615522596161, 0.9551514617194228, 0.6257785435556125, 0.6514519824583997, 0.6865009044067234, 0.8434029999859706, 0.6340154818831696, 0.7585388548326333, 0.6391680014399983, 0.6461201254064395], "coverage_estimated_second_order": [0.5604013651913999, 0.43825815908300003, 0.6547290967794, 0.9655847209118, 0.20791940503152, 0.16586004200066, 0.5098233028461, 0.9654050167576, 0.42516339396719993, 1.0088727414407601, 1.00898833419398], "sol": [0.0, 0.0, 0.0, 1.0, 0.0, 0.0, 0.0, 1.0, 0.0, 1.0, 1.0], "coverage": [0.6041319444444444, 0.47426649305555557, 0.6754644097222222, 1.0, 0.2042621527777778, 0.16490885416666667, 0.5352473958333334, 1.0, 0.441015625, 1.0, 1.0], "coverage_estimated_first_order_diff": [0.3180767235525741, 0.3438950592040605, 0.27968705199720056, -0.37422145644438753, 0.44718982968062193, 0.5215920502400567, 0.3081556041526372, -0.3659845181168304, 0.31752322983263326, -0.3608319985600017, -0.3538798745935605], "coverage_estimated_second_order_diff": [-0.043730579253044466, -0.03600833397255554, -0.02073531294282216, -0.03441527908819997, 0.0036572522537422214, 0.0009511878339933388, -0.02542409298723336, -0.03459498324239996, -0.01585223103280009, 0.008872741440760112, 0.008988334193980041]}