{"coverage_estimated_first_order": [0.6619065117008294, 0.59324165303695, 0.6956415047185646, 0.4019025718060345, 0.6340167282311533, 0.3418458645002251, 0.6651300439325752, 0.6327728603553924, 0.595501075840202, 0.3203572399410076, 0.6636260940265265], "coverage_estimated_second_order": [0.3204976258514, 0.24907478100179997, 0.45800146270139996, 0.8680573113152, 0.5927457288782001, 0.9993936140466, 0.5082623855939, 0.3375247811066, 0.42517619717980004, 0.9987895259882, 0.6441406965376001], "sol": [0.0, 0.0, 0.0, 1.0, 0.0, 1.0, 0.0, 0.0, 0.0, 1.0, 0.0], "coverage": [0.33438802083333335, 0.23359809027777778, 0.5190364583333333, 1.0, 0.5983333333333334, 1.0, 0.5812326388888889, 0.37547743055555555, 0.49777777777777776, 1.0, 0.6499956597222222], "coverage_estimated_first_order_diff": [0.327518490867496, 0.3596435627591722, 0.17660504638523122, -0.5980974281939655, 0.03568339489781991, -0.6581541354997749, 0.08389740504368637, 0.25729542979983683, 0.09772329806242419, -0.6796427600589924, 0.013630434304304329], "coverage_estimated_second_order_diff": [-0.01389039498193334, 0.01547669072402219, -0.061034995631933375, -0.13194268868479997, -0.005587604455133288, -0.0006063859534000127, -0.07297025329498885, -0.037952649448955544, -0.07260158059797772, -0.0012104740117999668, -0.005854963184622086]}