{"coverage_estimated_first_order": [0.9891451272161227, 0.5936510800021803, 0.9604452158530222, 0.6536407766432913, 0.6230581849220219, 0.713633799578681, 0.8818574639764275, 0.9051340635158696, 0.5500290174856097, 0.4619272562704022, 0.8014923337847075], "coverage_estimated_second_order": [0.7775463775884, 0.9501082143133999, 0.7100149285328, 0.99991501027, 0.13011947433319998, 0.24525562448536, 0.6162783429015, 0.6489706233196, 1.0107884899508999, 0.9785787067540401, 0.5936123677784201], "sol": [0.0, 1.0, 0.0, 1.0, 0.0, 0.0, 0.0, 0.0, 1.0, 1.0, 0.0], "coverage": [0.8347092013888889, 1.0, 0.7634201388888889, 1.0, 0.14828125, 0.26165798611111113, 0.6341276041666667, 0.7009114583333333, 1.0, 1.0, 0.6062413194444445], "coverage_estimated_first_order_diff": [0.15443592582723376, -0.40634891999781975, 0.1970250769641333, -0.34635922335670866, 0.4747769349220219, 0.4519758134675699, 0.2477298598097608, 0.2042226051825362, -0.44997098251439027, -0.5380727437295978, 0.19525101434026304], "coverage_estimated_second_order_diff": [-0.05716282380048898, -0.04989178568660013, -0.05340521035608892, -8.498973000004018e-05, -0.018161775666800023, -0.016402361625751122, -0.017849261265166727, -0.051940835013733366, 0.010788489950899871, -0.02142129324595987, -0.012628951666024402]}