{"coverage_estimated_first_order": [1.410576426592797, 0.9688359526751203, 1.3807915792713137, 1.3036924816336164, 0.9447809279295031, 1.0707013656805984, 1.0588156849343942, 1.2994215828612008, 0.9419375161120074, 1.1372984122360996, 0.8226276427156968], "coverage_estimated_second_order": [0.7783247661452, 0.9747096647114, 0.6724885401096, 0.6460692264176, 1.0097733566207898, 1.0033889222146002, 1.0174208074982, 0.6222113837788, 1.0013727107556998, 0.67692958106443, 1.0093513703386199], "sol": [0.0, 1.0, 0.0, 0.0, 1.0, 1.0, 1.0, 0.0, 1.0, 0.0, 1.0], "coverage": [0.8102994791666667, 1.0, 0.6903125, 0.6389887152777778, 1.0, 1.0, 1.0, 0.6451128472222222, 1.0, 0.6573914930555556, 1.0], "coverage_estimated_first_order_diff": [0.6002769474261302, -0.03116404732487965, 0.6904790792713137, 0.6647037663558386, -0.05521907207049692, 0.07070136568059837, 0.05881568493439415, 0.6543087356389786, -0.05806248388799262, 0.47990691918054407, -0.17737235728430323], "coverage_estimated_second_order_diff": [-0.031974713021466705, -0.02529033528860003, -0.017823959890399976, 0.007080511139822221, 0.00977335662078982, 0.0033889222146001874, 0.017420807498200075, -0.022901463443422143, 0.0013727107556997797, 0.019538088008874466, 0.00935137033861988]}