{"coverage_estimated_first_order": [0.7749539609756785, 0.4028729543292122, 0.7423810511447743, 0.452870140778067, 0.45229611515953305, 0.5351024600333584, 0.6850501400092, 0.7017003245702446, 0.3737906394167422, 0.4619272562704022, 0.46553195428729766], "coverage_estimated_second_order": [0.7444638272194, 0.9256458742702, 0.671381973006, 0.9685730220878, 0.031218509527400004, 0.16820120193796, 0.5834989191814999, 0.6149505227274, 0.9902771193272999, 0.043694355065840004, 0.03564960886412], "sol": [0.0, 1.0, 0.0, 1.0, 0.0, 0.0, 0.0, 0.0, 1.0, 0.0, 0.0], "coverage": [0.8347092013888889, 1.0, 0.7634201388888889, 1.0, 0.004782986111111111, 0.14754340277777778, 0.6333159722222222, 0.6991059027777777, 1.0, 0.019921875, 0.01140625], "coverage_estimated_first_order_diff": [-0.05975524041321045, -0.5971270456707878, -0.02103908774411467, -0.547129859221933, 0.44751312904842194, 0.3875590572555806, 0.0517341677869777, 0.002594421792466828, -0.6262093605832578, 0.44200538127040223, 0.45412570428729765], "coverage_estimated_second_order_diff": [-0.09024537416948897, -0.07435412572980005, -0.09203816588288893, -0.03142697791219995, 0.026435523416288895, 0.020657799160182233, -0.04981705304072237, -0.0841553800503777, -0.009722880672700107, 0.023772480065840006, 0.024243358864119997]}