{"coverage_estimated_first_order": [1.4760204296280386, 1.0238850022428643, 1.4636863821577446, 1.1260271816527456, 0.7532692874226032, 1.2152673004876355, 1.0881072275931234, 1.1187093545684481, 0.9596045429922045, 0.9407159764840197, 0.9595802362862357], "coverage_estimated_second_order": [0.9161562901994, 1.0347941537134, 0.8579404411338, 1.0260515337238, 0.9783756658760601, 0.7519275978121202, 1.0209884853382998, 1.0508864757255, 1.0087518177597998, 0.14857651910920003, 0.16783943729533], "sol": [0.0, 1.0, 0.0, 1.0, 1.0, 0.0, 1.0, 1.0, 1.0, 0.0, 0.0], "coverage": [0.8723480902777778, 1.0, 0.8180815972222222, 1.0, 1.0, 0.7641362847222222, 1.0, 1.0, 1.0, 0.16603732638888888, 0.18577256944444445], "coverage_estimated_first_order_diff": [0.6036723393502608, 0.023885002242864273, 0.6456047849355224, 0.12602718165274562, -0.24673071257739676, 0.45113101576541337, 0.0881072275931234, 0.11870935456844811, -0.040395457007795454, 0.7746786500951308, 0.7738076668417913], "coverage_estimated_second_order_diff": [0.043808199921622215, 0.0347941537134, 0.03985884391157779, 0.02605153372380009, -0.021624334123939937, -0.012208686910102018, 0.020988485338299778, 0.05088647572550009, 0.00875181775979983, -0.01746080727968885, -0.01793313214911446]}