{"coverage_estimated_first_order": [0.8819352718329971, 0.7780578270021523, 0.9120359084668725, 0.8812439338851221, 0.6145776013651274, 0.7260463257740999, 0.6521594249558168, 0.8581647023338974, 0.5964122020094194, 0.651017469654313, 0.6681690805250708], "coverage_estimated_second_order": [0.38496364714419995, 0.2714760898948, 0.505948285691, 0.5545069289574001, 1.00606446929553, 1.0079125704142002, 0.9574442749528, 0.44276125012740003, 0.988693722034, 0.18549871027589998, 0.2112607395957], "sol": [0.0, 0.0, 0.0, 0.0, 1.0, 1.0, 1.0, 0.0, 1.0, 0.0, 0.0], "coverage": [0.3820486111111111, 0.26187065972222223, 0.5249956597222222, 0.5777300347222222, 1.0, 1.0, 1.0, 0.4386762152777778, 1.0, 0.18456597222222224, 0.21039930555555555], "coverage_estimated_first_order_diff": [0.49988666072188603, 0.5161871672799301, 0.3870402487446504, 0.30351389916289995, -0.3854223986348726, -0.2739536742259001, -0.3478405750441832, 0.41948848705611963, -0.40358779799058064, 0.4664514974320907, 0.4577697749695153], "coverage_estimated_second_order_diff": [0.002915036033088847, 0.009605430172577756, -0.019047374031222142, -0.023223105764822116, 0.006064469295530062, 0.007912570414200237, -0.042555725047199955, 0.004085034849622249, -0.011306277966000033, 0.0009327380536777452, 0.0008614340401444376]}