{"coverage_estimated_first_order": [1.450849822756818, 1.008939677932584, 1.4239071325238641, 1.0485883913796925, 0.9439445711645752, 0.9961575008256285, 1.2780360675278484, 1.0735322446619846, 1.1438671749466547, 1.1321902876494592, 0.821514176930077], "coverage_estimated_second_order": [0.8657657087276001, 1.0232560503251997, 0.8029944808772, 1.0106747985854998, 1.01102025344716, 1.00496991992732, 0.6678348766416999, 1.0436707135685999, 0.5640673605929999, 0.66418923896807, 1.0075289279947], "sol": [0.0, 1.0, 0.0, 1.0, 1.0, 1.0, 0.0, 1.0, 0.0, 0.0, 1.0], "coverage": [0.8480685763888889, 1.0, 0.7945616319444444, 1.0, 1.0, 1.0, 0.6719965277777777, 1.0, 0.5734288194444445, 0.64640625, 1.0], "coverage_estimated_first_order_diff": [0.6027812463679292, 0.0089396779325841, 0.6293455005794197, 0.04858839137969251, -0.0560554288354248, -0.0038424991743715164, 0.6060395397500706, 0.0735322446619846, 0.5704383555022102, 0.4857840376494592, -0.178485823069923], "coverage_estimated_second_order_diff": [0.017697132338711175, 0.02325605032519973, 0.008432848932755643, 0.0106747985854998, 0.011020253447159956, 0.004969919927320099, -0.004161651136077804, 0.04367071356859986, -0.00936145885144457, 0.017782988968070068, 0.007528927994699952]}