{"coverage_estimated_first_order": [1.1026708240570002, 0.9893338017279358, 1.1574368787306764, 0.8508223408555496, 0.9642200547955291, 0.7155245840174562, 0.8612901350483285, 1.0510245118813732, 0.9758718937693203, 0.807485234972246, 0.8182844758151302], "coverage_estimated_second_order": [0.4435061735344, 0.357622600899, 0.6303902497431999, 0.9984817686920001, 0.64726694905952, 1.0142107068697999, 1.0125877957831, 0.45046750354099996, 0.5438265475021, 1.0151663630110401, 1.0150538693868802], "sol": [0.0, 0.0, 0.0, 1.0, 0.0, 1.0, 1.0, 0.0, 0.0, 1.0, 1.0], "coverage": [0.41597222222222224, 0.3231293402777778, 0.6208810763888889, 1.0, 0.6286501736111111, 1.0, 1.0, 0.425078125, 0.5365798611111111, 1.0, 1.0], "coverage_estimated_first_order_diff": [0.686698601834778, 0.6662044614501581, 0.5365558023417875, -0.14917765914445036, 0.335569881184418, -0.2844754159825438, -0.13870986495167148, 0.6259463868813733, 0.43929203265820915, -0.192514765027754, -0.1817155241848698], "coverage_estimated_second_order_diff": [0.02753395131217773, 0.03449326062122221, 0.009509173354311007, -0.0015182313079998844, 0.018616775448408895, 0.01421070686979986, 0.012587795783099986, 0.025389378540999985, 0.00724668639098891, 0.01516636301104013, 0.015053869386880248]}