{"coverage_estimated_first_order": [0.6619065117008294, 0.8842786009888295, 0.9548338286766237, 0.6216449205751698, 0.47173524202555916, 0.830033800464453, 0.8444486157148993, 0.8818200931360516, 0.734724383992214, 0.477444171543455, 0.8285662203705921], "coverage_estimated_second_order": [0.9487106798978001, 0.6557347562837998, 0.6862211706374, 0.957360529739, 1.0094552954087201, 0.57685054250826, 0.5207146507109999, 0.5761743979628, 0.3519103260948, 1.01054817988315, 0.67028337716103], "sol": [1.0, 0.0, 0.0, 1.0, 1.0, 0.0, 0.0, 0.0, 0.0, 1.0, 0.0], "coverage": [1.0, 0.7097352430555556, 0.7561588541666666, 1.0, 1.0, 0.5730902777777778, 0.5703993055555555, 0.6452213541666667, 0.3833420138888889, 1.0, 0.6641059027777778], "coverage_estimated_first_order_diff": [-0.33809348829917063, 0.1745433579332739, 0.19867497450995708, -0.37835507942483015, -0.5282647579744408, 0.2569435226866752, 0.27404931015934375, 0.23659873896938488, 0.35138237010332507, -0.522555828456545, 0.16446031759281432], "coverage_estimated_second_order_diff": [-0.05128932010219989, -0.05400048677175573, -0.06993768352926666, -0.04263947026100001, 0.009455295408720144, 0.003760264730482188, -0.04968465484455564, -0.0690469562038667, -0.03143168779408889, 0.010548179883149933, 0.006177474383252224]}