{"coverage_estimated_first_order": [1.6441006058127376, 1.1805213543661341, 1.640304754573382, 1.3033311815580308, 0.9532615114863977, 1.4125472301808235, 1.273977826609955, 1.5263219577667644, 1.1027160018906252, 1.1217202975700937, 1.1398394320652416], "coverage_estimated_second_order": [0.814049407716, 0.9747865756649999, 0.7738834752816, 1.0011343697864001, 1.0045099532313697, 0.81539637245936, 1.0066971526228001, 0.6839436611017, 1.0008100526516, 1.00012715759772, 1.0008979280571801], "sol": [0.0, 1.0, 0.0, 1.0, 1.0, 0.0, 1.0, 0.0, 1.0, 1.0, 1.0], "coverage": [0.8365364583333333, 1.0, 0.7810069444444444, 1.0, 1.0, 0.8006770833333333, 1.0, 0.7038498263888889, 1.0, 1.0, 1.0], "coverage_estimated_first_order_diff": [0.8075641474794043, 0.18052135436613415, 0.8592978101289376, 0.30333118155803085, -0.046738488513602294, 0.6118701468474902, 0.27397782660995507, 0.8224721313778754, 0.10271600189062524, 0.12172029757009373, 0.13983943206524163], "coverage_estimated_second_order_diff": [-0.02248705061733336, -0.025213424335000068, -0.0071234691628444535, 0.0011343697864001356, 0.004509953231369712, 0.014719289126026713, 0.006697152622800129, -0.019906165287188915, 0.0008100526515999462, 0.00012715759771997348, 0.0008979280571801418]}