{"coverage_estimated_first_order": [1.8994199313029951, 1.4039268214270484, 1.640304754573382, 1.5459121280926627, 1.2457541001925734, 1.3969691155148174, 1.5237817698846252, 1.7702064965635795, 1.3294309336017842, 1.4420775375111015, 1.1315447670969487], "coverage_estimated_second_order": [0.8311522063454, 0.9776891856808, 0.9854424581155998, 0.9636401518367999, 1.0018312448542699, 0.9941723411372202, 0.9530081058858999, 0.7135145870136, 0.9688193655912, 0.6695273844743499, 1.00165381100988], "sol": [0.0, 1.0, 1.0, 1.0, 1.0, 1.0, 1.0, 0.0, 1.0, 0.0, 1.0], "coverage": [0.8511067708333333, 1.0, 1.0, 1.0, 1.0, 1.0, 1.0, 0.7403515625, 1.0, 0.6573914930555556, 1.0], "coverage_estimated_first_order_diff": [1.0483131604696618, 0.4039268214270484, 0.640304754573382, 0.5459121280926627, 0.24575410019257338, 0.3969691155148174, 0.5237817698846252, 1.0298549340635796, 0.3294309336017842, 0.7846860444555459, 0.13154476709694873], "coverage_estimated_second_order_diff": [-0.019954564487933313, -0.022310814319200012, -0.014557541884400171, -0.03635984816320015, 0.0018312448542698867, -0.005827658862779805, -0.0469918941141001, -0.02683697548639996, -0.031180634408800034, 0.012135891418794342, 0.0016538110098800463]}