{"coverage_estimated_first_order": [0.9349972949929565, 0.8185709792248463, 0.9692636667576876, 0.6565614366607708, 0.7650641874966625, 0.5351024600333583, 0.9066347383410325, 0.6675585510205471, 0.6260256943681695, 0.6303924297946196, 0.6399817281535662], "coverage_estimated_second_order": [0.5960673307376, 0.4400923404424, 0.6816767929208, 1.0084763895342999, 0.5348052844044001, 0.9824070461105602, 0.6681670823852, 0.9787275317770999, 1.0262910354115, 0.12238554592786001, 0.12612337562062], "sol": [0.0, 0.0, 0.0, 1.0, 0.0, 1.0, 0.0, 1.0, 1.0, 0.0, 0.0], "coverage": [0.6265842013888889, 0.47426649305555557, 0.6813975694444444, 1.0, 0.5486154513888889, 1.0, 0.6588715277777778, 1.0, 1.0, 0.1358420138888889, 0.13956597222222222], "coverage_estimated_first_order_diff": [0.30841309360406755, 0.34430448616929077, 0.2878660973132432, -0.3434385633392292, 0.2164487361077736, -0.46489753996664174, 0.24776321056325468, -0.33244144897945294, -0.37397430563183054, 0.49455041590573073, 0.500415755931344], "coverage_estimated_second_order_diff": [-0.03051687065128894, -0.034174152613155595, 0.0002792234763555612, 0.008476389534299855, -0.013810166984488781, -0.017592953889439822, 0.009295554607422152, -0.021272468222900076, 0.02629103541150002, -0.013456467961028881, -0.013442596601602214]}