{"coverage_estimated_first_order": [0.5479741677392964, 0.21168540169101388, 0.5102046813982617, 0.22167791188326996, 0.3009731722630701, 0.32626774983421913, 0.4538349376996645, 0.46348089495946493, 0.3737906394167422, 0.30477912527500184, 0.3089171243812518], "coverage_estimated_second_order": [0.653163888666, 0.8880284695479999, 0.5596425002100001, 0.854052200166, 0.02034907491832, 0.022400017318860002, 0.43681906466599996, 0.450606388796, 0.2444173786163, 0.019812125159050002, 0.01983100741304], "sol": [0.0, 1.0, 0.0, 1.0, 0.0, 0.0, 0.0, 0.0, 0.0, 0.0, 0.0], "coverage": [0.8105251736111111, 1.0, 0.7493185763888889, 1.0, 0.0, 0.004140625, 0.5733984375, 0.6138368055555555, 0.334453125, 0.0, 0.0], "coverage_estimated_first_order_diff": [-0.2625510058718147, -0.7883145983089861, -0.23911389499062718, -0.7783220881167301, 0.3009731722630701, 0.3221271248342191, -0.11956349980033548, -0.1503559105960906, 0.03933751441674216, 0.30477912527500184, 0.3089171243812518], "coverage_estimated_second_order_diff": [-0.15736128494511115, -0.11197153045200015, -0.18967607617888882, -0.14594779983399997, 0.02034907491832, 0.01825939231886, -0.136579372834, -0.16323041675955552, -0.09003574638370002, 0.019812125159050002, 0.01983100741304]}