{"coverage_estimated_first_order": [0.4411709594768263, 0.673002626263046, 0.7094328584128198, 0.6524278136803283, 0.6145776013651275, 0.3717879350784559, 0.6645414048310999, 0.6902029051163531, 0.4016297317376988, 0.4775053709364079, 0.48428054443516244], "coverage_estimated_second_order": [0.8796378922722001, 0.5615673132658, 0.5426950183707999, 0.45644922020260004, 0.5302643218525399, 0.9781766846668001, 0.5146493737166999, 0.5551564077007001, 0.9507820748982, 0.1162792930637, 0.11801746023614001], "sol": [1.0, 0.0, 0.0, 0.0, 0.0, 1.0, 0.0, 0.0, 1.0, 0.0, 0.0], "coverage": [1.0, 0.6635590277777778, 0.6611154513888889, 0.5405164930555556, 0.5486154513888889, 1.0, 0.6028081597222222, 0.6540277777777778, 1.0, 0.13403645833333333, 0.1359548611111111], "coverage_estimated_first_order_diff": [-0.5588290405231737, 0.009443598485268212, 0.048317407023930836, 0.11191132062477271, 0.06596214997623862, -0.6282120649215441, 0.06173324510887768, 0.03617512733857531, -0.5983702682623012, 0.34346891260307455, 0.34832568332405134], "coverage_estimated_second_order_diff": [-0.12036210772779987, -0.10199171451197775, -0.11842043301808902, -0.08406727285295557, -0.018351129536348987, -0.021823315333199922, -0.0881587860055223, -0.09887137007707769, -0.04921792510180001, -0.017757165269633335, -0.017937400874971088]}