{"coverage_estimated_first_order": [1.4760204296280386, 1.0238850022428643, 1.4636863821577446, 1.1263884817283314, 1.0660373597597326, 0.8900325894027246, 1.1171309072038564, 1.1187093545684481, 1.0046496715470992, 0.9360186075190732, 0.9490986721327959], "coverage_estimated_second_order": [0.9161562901994, 1.0347941537134, 0.8579404411338, 1.0249737178105, 0.5379567600210601, 0.9786844034839202, 1.0147999700731, 1.0508864757255, 1.0025633024988, 0.1272031946198, 0.12979402078693], "sol": [0.0, 1.0, 0.0, 1.0, 0.0, 1.0, 1.0, 1.0, 1.0, 0.0, 0.0], "coverage": [0.8723480902777778, 1.0, 0.8180815972222222, 1.0, 0.5486154513888889, 1.0, 1.0, 1.0, 1.0, 0.13665364583333334, 0.1398220486111111], "coverage_estimated_first_order_diff": [0.6036723393502608, 0.023885002242864273, 0.6456047849355224, 0.1263884817283314, 0.5174219083708437, -0.10996741059727544, 0.11713090720385644, 0.11870935456844811, 0.004649671547099166, 0.7993649616857399, 0.8092766235216847], "coverage_estimated_second_order_diff": [0.043808199921622215, 0.0347941537134, 0.03985884391157779, 0.024973717810500062, -0.010658691367828821, -0.021315596516079838, 0.014799970073100077, 0.05088647572550009, 0.002563302498800102, -0.009450451213533329, -0.010028027824181107]}