{"coverage_estimated_first_order": [1.189909973362558, 1.3471398646174595, 1.240010830273098, 1.135480336178446, 0.7524329306576755, 1.169385815167813, 1.0763654239272116, 1.1368411764812416, 1.157575757772146, 0.9359574081261202, 0.9574239685708157], "coverage_estimated_second_order": [1.0361337906796, 0.7789895056545999, 1.0137345911189999, 1.0101289005543999, 0.97720239647319, 0.6270638844551499, 1.0115975533063999, 1.0159416720332, 0.5261423988109, 0.13399763203541, 0.16019709306126], "sol": [1.0, 0.0, 1.0, 1.0, 1.0, 0.0, 1.0, 1.0, 0.0, 0.0, 0.0], "coverage": [1.0, 0.7365972222222222, 1.0, 1.0, 1.0, 0.6451736111111112, 1.0, 1.0, 0.5050651041666666, 0.15073350694444446, 0.17694010416666667], "coverage_estimated_first_order_diff": [0.189909973362558, 0.6105426423952373, 0.2400108302730981, 0.13548033617844601, -0.24756706934232453, 0.5242122040567018, 0.07636542392721157, 0.1368411764812416, 0.6525106536054793, 0.7852239011816757, 0.780483864404149], "coverage_estimated_second_order_diff": [0.036133790679599986, 0.042392283432377664, 0.013734591118999884, 0.010128900554399856, -0.02279760352681004, -0.018109726655961222, 0.011597553306399888, 0.01594167203319996, 0.021077294644233358, -0.016735874909034443, -0.016743011105406658]}