{"coverage_estimated_first_order": [0.5286411547597998, 0.1907781256729681, 0.46875567080444136, 0.42280984782408004, 0.4632546584686643, 0.16295322487931674, 0.43548011999133124, 0.44001425899952595, 0.3892505317069917, 0.3203572399410076, 0.32766571452911675], "coverage_estimated_second_order": [0.5613806506524, 0.8519129044949999, 0.35793793788100003, 0.248576965745, 0.5224843583869999, 0.9644454542288001, 0.3247676564304, 0.32130890617, 0.2285753755016, 0.092959086476, 0.1027723480426], "sol": [0.0, 1.0, 0.0, 0.0, 0.0, 1.0, 0.0, 0.0, 0.0, 0.0, 0.0], "coverage": [0.6635590277777778, 1.0, 0.40258680555555554, 0.2377387152777778, 0.5486154513888889, 1.0, 0.3547829861111111, 0.3511328125, 0.1736111111111111, 0.11411458333333334, 0.12454861111111111], "coverage_estimated_first_order_diff": [-0.13491787301797797, -0.8092218743270319, 0.06616886524888582, 0.18507113254630225, -0.08536079292022458, -0.8370467751206833, 0.08069713388022015, 0.08888144649952595, 0.2156394205958806, 0.20624265660767427, 0.20311710341800565], "coverage_estimated_second_order_diff": [-0.1021783771253778, -0.1480870955050001, -0.044648867674555504, 0.010838250467222199, -0.026131093001888983, -0.035554545771199875, -0.030015329680711078, -0.029823906329999983, 0.054964264390488904, -0.02115549685733334, -0.021776263068511104]}