{"coverage_estimated_first_order": [1.4517045858426099, 1.2925002420149458, 1.4219197385211249, 1.5648838409965737, 0.9240313571850921, 1.3934373399573727, 1.2644485341638088, 1.5891694826274048, 1.0970389731798358, 0.9402184802633089, 1.2942979942558677], "coverage_estimated_second_order": [1.0100442046464, 1.0041608393819998, 0.9970235504299999, 0.7623226389171001, 1.00969784145627, 0.78997227148708, 1.0140004551253, 0.7876266413431999, 1.0244652738553, 1.01173917497105, 0.67448014055698], "sol": [1.0, 1.0, 1.0, 0.0, 1.0, 0.0, 1.0, 0.0, 1.0, 1.0, 0.0], "coverage": [1.0, 1.0, 1.0, 0.7358420138888889, 1.0, 0.7844704861111111, 1.0, 0.7605381944444445, 1.0, 1.0, 0.6670182291666666], "coverage_estimated_first_order_diff": [0.45170458584260986, 0.29250024201494584, 0.42191973852112485, 0.8290418271076848, -0.0759686428149079, 0.6089668538462616, 0.26444853416380876, 0.8286312881829603, 0.09703897317983579, -0.0597815197366911, 0.627279765089201], "coverage_estimated_second_order_diff": [0.01004420464639999, 0.004160839381999848, -0.002976449570000095, 0.026480625028211136, 0.009697841456270062, 0.005501785375968904, 0.014000455125299904, 0.027088446898755447, 0.02446527385529995, 0.011739174971050037, 0.0074619113903133805]}