{"coverage_estimated_first_order": [1.491977982006631, 1.33260396727241, 1.4650352917736755, 1.3101410508182356, 1.2449177434276455, 0.9968292394993508, 1.5120453635165219, 1.3640252697352557, 1.3414114599268987, 1.2643043666560076, 0.9467425848193981], "coverage_estimated_second_order": [0.9482798957042, 0.9510135693225998, 0.9702065228313999, 0.9846324432583, 0.6214613675752001, 1.0032193413185002, 0.6858426252179999, 0.9612114602714, 0.596909030271, 0.6393368250417402, 1.00311021320043], "sol": [1.0, 1.0, 1.0, 1.0, 0.0, 1.0, 0.0, 1.0, 0.0, 0.0, 1.0], "coverage": [1.0, 1.0, 1.0, 1.0, 0.6228038194444444, 1.0, 0.6895833333333333, 1.0, 0.5979644097222222, 0.6405598958333333, 1.0], "coverage_estimated_first_order_diff": [0.491977982006631, 0.33260396727240993, 0.46503529177367553, 0.3101410508182356, 0.6221139239832011, -0.003170760500649239, 0.8224620301831885, 0.36402526973525573, 0.7434470502046765, 0.6237444708226744, -0.0532574151806019], "coverage_estimated_second_order_diff": [-0.051720104295799985, -0.04898643067740016, -0.029793477168600146, -0.015367556741699984, -0.00134245186924431, 0.003219341318500213, -0.0037407081153334465, -0.03878853972859997, -0.0010553794512222492, -0.0012230707915931172, 0.0031102132004299232]}