{"coverage_estimated_first_order": [1.497815575898355, 1.0356050676127646, 1.204173206855676, 1.3682468281117919, 0.924031357185092, 1.0682026288724615, 1.067242827319127, 1.1371860071218312, 0.9472173665938668, 0.7680509302155665, 1.111851899291715], "coverage_estimated_second_order": [0.9299426203116, 1.046590239632, 1.0518641762557999, 0.7835375281101, 0.13319105497626, 0.32582088986559, 1.0396928229398998, 1.0471492852688997, 1.0256730285775, 0.9806166512785901, 0.5996275702318201], "sol": [0.0, 1.0, 1.0, 0.0, 0.0, 0.0, 1.0, 1.0, 1.0, 1.0, 0.0], "coverage": [0.8761501736111111, 1.0, 1.0, 0.7388932291666667, 0.14828125, 0.3344184027777778, 1.0, 1.0, 1.0, 1.0, 0.6086328125], "coverage_estimated_first_order_diff": [0.6216654022872438, 0.03560506761276461, 0.20417320685567608, 0.6293535989451252, 0.775750107185092, 0.7337842260946837, 0.06724282731912701, 0.13718600712183115, -0.052782633406133206, -0.23194906978443353, 0.503219086791715], "coverage_estimated_second_order_diff": [0.05379244670048888, 0.04659023963199993, 0.051864176255799865, 0.04464429894343336, -0.01509019502374001, -0.008597512912187799, 0.03969282293989984, 0.04714928526889972, 0.02567302857749998, -0.0193833487214099, -0.009005242268179892]}