{"coverage_estimated_first_order": [1.2712424297826281, 1.1213279925466264, 1.2196343215098715, 1.3405626438478082, 1.0660373597597326, 0.860647609716406, 1.3037617058734636, 1.1716629564084904, 0.9658739797599679, 0.9351715550696214, 0.9488988525348181], "coverage_estimated_second_order": [0.9904187185968001, 0.9802255242921999, 1.0189728092427999, 0.7278894888948999, 0.5379567600210801, 0.98490524035476, 0.6982814029602, 0.9998462654879001, 1.0107214340301, 0.12551303195871, 0.12924780394816], "sol": [1.0, 1.0, 1.0, 0.0, 0.0, 1.0, 0.0, 1.0, 1.0, 0.0, 0.0], "coverage": [1.0, 1.0, 1.0, 0.6965581597222222, 0.5486154513888889, 1.0, 0.6757291666666667, 1.0, 1.0, 0.1358420138888889, 0.13956597222222222], "coverage_estimated_first_order_diff": [0.27124242978262814, 0.1213279925466264, 0.2196343215098715, 0.644004484125586, 0.5174219083708437, -0.13935239028359403, 0.6280325392067969, 0.17166295640849039, -0.034126020240032084, 0.7993295411807324, 0.8093328803125959], "coverage_estimated_second_order_diff": [-0.009581281403199915, -0.01977447570780011, 0.01897280924279987, 0.03133132917267767, -0.010658691367808837, -0.015094759645239986, 0.022552236293533312, -0.00015373451209987898, 0.010721434030100063, -0.010328981930178893, -0.010318168274062234]}