{"coverage_estimated_first_order": [1.236658656516374, 0.8181615522596161, 1.2058429678156162, 0.8478177555144681, 0.9439445711645752, 0.6709227897407174, 1.0820757960100742, 0.8705960019370707, 0.9715510084707575, 0.9595252413810059, 0.6378254604381464], "coverage_estimated_second_order": [0.8656077467641999, 1.023526933715, 0.8024786040934, 1.0103814450158999, 0.6236605041201599, 1.00557093780012, 0.6670989947351, 1.0440561237002, 0.5622785429744999, 0.64131865664257, 1.0054127019026], "sol": [0.0, 1.0, 0.0, 1.0, 0.0, 1.0, 0.0, 1.0, 0.0, 0.0, 1.0], "coverage": [0.8480685763888889, 1.0, 0.7945616319444444, 1.0, 0.6228038194444444, 1.0, 0.6719965277777777, 1.0, 0.5734288194444445, 0.6405598958333333, 1.0], "coverage_estimated_first_order_diff": [0.3885900801274851, -0.18183844774038393, 0.41128133587117177, -0.15218224448553186, 0.3211407517201308, -0.3290772102592826, 0.41007926823229646, -0.12940399806292935, 0.398122189026313, 0.31896534554767264, -0.36217453956185364], "coverage_estimated_second_order_diff": [0.017539170375311053, 0.02352693371499992, 0.007916972148955592, 0.010381445015899882, 0.0008566846757155355, 0.005570937800120079, -0.004897533042677704, 0.044056123700199956, -0.011150276469944598, 0.0007587608092367581, 0.0054127019026000145]}