{"coverage_estimated_first_order": [0.9300144641870242, 0.8170565470630946, 0.709753709756829, 0.6745438112946534, 0.7650641874966625, 0.5351024600333584, 0.9211652383882737, 0.9119405860380727, 0.6048547125205687, 0.6298949335739089, 0.6387391066257885], "coverage_estimated_second_order": [0.5723288796484001, 0.43560580198199994, 0.9837933785488, 1.0276001018204, 0.5348052844044001, 0.9824070461105602, 0.7196322550835998, 0.6145045537631, 1.0253393520978, 0.12074415045464, 0.12248610596132], "sol": [0.0, 0.0, 1.0, 1.0, 0.0, 1.0, 0.0, 0.0, 1.0, 0.0, 0.0], "coverage": [0.5901128472222222, 0.4638802083333333, 1.0, 1.0, 0.5486154513888889, 1.0, 0.7183897569444444, 0.6066970486111111, 1.0, 0.13403645833333333, 0.1359548611111111], "coverage_estimated_first_order_diff": [0.3399016169648019, 0.3531763387297613, -0.29024629024317095, -0.32545618870534665, 0.2164487361077736, -0.4648975399666416, 0.2027754814438293, 0.30524353742696164, -0.39514528747943134, 0.4958584752405756, 0.5027842455146774], "coverage_estimated_second_order_diff": [-0.017783967573822168, -0.02827440635133338, -0.0162066214512, 0.027600101820399958, -0.013810166984488781, -0.017592953889439822, 0.0012424981391554457, 0.007807505151988914, 0.025339352097800028, -0.01329230787869333, -0.013468755149791109]}