{"coverage_estimated_first_order": [0.7014731157730155, 0.6068855775338324, 0.7097504914556191, 0.6562001365851851, 0.301809529027998, 0.697022646163367, 0.6342722898934589, 0.44115567233569375, 0.37907916307273226, 0.4827002361220653, 0.49600473011638013], "coverage_estimated_second_order": [0.479746716504, 0.3266735124128, 0.5189511775948, 0.4683568487748, 0.9712926400485399, 0.6661625942269, 0.41949521625739994, 0.9042015752889, 0.9603575282746, 0.13974389786490002, 0.16015274317850003], "sol": [0.0, 0.0, 0.0, 0.0, 1.0, 0.0, 0.0, 1.0, 1.0, 0.0, 0.0], "coverage": [0.5279166666666667, 0.3559939236111111, 0.5662890625, 0.5142708333333333, 1.0, 0.6913758680555555, 0.46056423611111114, 1.0, 1.0, 0.16522569444444443, 0.18551649305555556], "coverage_estimated_first_order_diff": [0.17355644910634882, 0.25089165392272134, 0.14346142895561909, 0.1419293032518517, -0.6981904709720019, 0.005646778107811445, 0.17370805378234772, -0.5588443276643063, -0.6209208369272677, 0.3174745416776209, 0.31048823706082457], "coverage_estimated_second_order_diff": [-0.048169950162666675, -0.02932041119831108, -0.04733788490519997, -0.04591398455853335, -0.02870735995146012, -0.025213273828655458, -0.0410690198537112, -0.0957984247111, -0.03964247172540003, -0.025481796579544413, -0.02536374987705553]}