{"coverage_estimated_first_order": [1.4041011396030023, 1.5379179902904276, 1.458074994981346, 1.3366122721192562, 1.2359630727572937, 1.0226824436282247, 1.3021964275051723, 1.3402749154268667, 1.3788592643959081, 0.9312600391611736, 1.282902783914786], "coverage_estimated_second_order": [1.0163000804684001, 0.7643647978570001, 0.9900630534373999, 0.9904775183876, 0.5963005855221899, 1.00728735614855, 0.9988307993602, 0.9968688877390999, 0.6536783680853, 1.0035054888825101, 0.6519707496872601], "sol": [1.0, 0.0, 1.0, 1.0, 0.0, 1.0, 1.0, 1.0, 0.0, 1.0, 0.0], "coverage": [1.0, 0.7365972222222222, 1.0, 1.0, 0.5983333333333334, 1.0, 1.0, 1.0, 0.6393315972222222, 1.0, 0.6536328125], "coverage_estimated_first_order_diff": [0.4041011396030023, 0.8013207680682054, 0.4580749949813461, 0.33661227211925615, 0.6376297394239603, 0.02268244362822469, 0.3021964275051723, 0.3402749154268667, 0.7395276671736859, -0.06873996083882639, 0.6292699714147859], "coverage_estimated_second_order_diff": [0.016300080468400147, 0.02776757563477783, -0.009936946562600135, -0.009522481612399991, -0.002032747811143487, 0.007287356148550028, -0.0011692006397999721, -0.0031311122609001263, 0.014346770863077785, 0.0035054888825101216, -0.0016620628127399506]}