{"coverage_estimated_first_order": [1.1581949805077787, 1.311696691254364, 1.1728947750836616, 1.288872474724604, 0.8019385685899348, 1.1743275402953655, 1.2259940701733518, 1.1039781137214155, 1.0988140700241291, 0.9642226103459524, 0.984267404088996], "coverage_estimated_second_order": [1.0549784891126, 0.7355042722136, 1.0509863163092, 0.6023495707163, 1.0063592789507598, 0.60280307215667, 0.4899007168134, 1.0520935959977, 0.4059340924118, 1.0051412113153702, 1.0058589471158799], "sol": [1.0, 0.0, 1.0, 0.0, 1.0, 0.0, 0.0, 1.0, 0.0, 1.0, 1.0], "coverage": [1.0, 0.6899869791666666, 1.0, 0.5618359375, 1.0, 0.58515625, 0.45296440972222224, 1.0, 0.37888020833333336, 1.0, 1.0], "coverage_estimated_first_order_diff": [0.1581949805077787, 0.6217097120876973, 0.17289477508366158, 0.727036537224604, -0.19806143141006516, 0.5891712902953654, 0.7730296604511295, 0.10397811372141552, 0.7199338616907958, -0.03577738965404764, -0.015732595911003955], "coverage_estimated_second_order_diff": [0.05497848911259995, 0.045517293046933416, 0.05098631630919992, 0.04051363321629997, 0.006359278950759828, 0.017646822156669906, 0.036936307091177734, 0.052093595997700026, 0.02705388407846665, 0.005141211315370153, 0.0058589471158798645]}