{"coverage_estimated_first_order": [1.644100605812738, 1.180521354366134, 1.640304754573382, 1.3036924816336164, 1.0863128433906863, 1.2308454151536419, 1.302801686622709, 1.5250793362389872, 1.1464412194950289, 0.9557965949293148, 1.3130465844037325], "coverage_estimated_second_order": [0.8140494077160001, 0.9747865756649998, 0.7738834752816, 1.0000328047632001, 1.0074453438045698, 0.9998825249993603, 1.0008730750019998, 0.6809739625519999, 0.9953197838744, 1.00635162904092, 0.6999603122410801], "sol": [0.0, 1.0, 0.0, 1.0, 1.0, 1.0, 1.0, 0.0, 1.0, 1.0, 0.0], "coverage": [0.8365364583333333, 1.0, 0.7810069444444444, 1.0, 1.0, 1.0, 1.0, 0.7014713541666666, 1.0, 1.0, 0.6832248263888889], "coverage_estimated_first_order_diff": [0.8075641474794047, 0.18052135436613392, 0.8592978101289376, 0.3036924816336164, 0.08631284339068634, 0.23084541515364188, 0.302801686622709, 0.8236079820723206, 0.14644121949502886, -0.04420340507068521, 0.6298217580148435], "coverage_estimated_second_order_diff": [-0.02248705061733325, -0.02521342433500018, -0.0071234691628444535, 3.280476320011161e-05, 0.007445343804569848, -0.00011747500063974403, 0.0008730750019998457, -0.020497391614666682, -0.00468021612559999, 0.006351629040920015, 0.0167354858521912]}