{"coverage_estimated_first_order": [1.1775279934872755, 1.0415670193205302, 0.955151461719423, 0.8679981900146586, 0.6311764988274459, 0.9961575008256285, 1.0641832636499076, 0.8779000206799845, 0.9402086579888973, 0.9642226103459525, 0.6483070245915862], "coverage_estimated_second_order": [0.722115841639, 0.5790809956805999, 1.0239544326913999, 1.0157289053566, 1.01174593700716, 0.58732709875791, 0.6019752836873999, 1.015472880645, 0.45162878977519993, 0.64680957329427, 1.0133309189058899], "sol": [0.0, 0.0, 1.0, 1.0, 1.0, 0.0, 0.0, 1.0, 0.0, 0.0, 1.0], "coverage": [0.7238151041666666, 0.5933637152777778, 1.0, 1.0, 1.0, 0.5809939236111111, 0.5918923611111111, 1.0, 0.4407421875, 0.6381032986111111, 1.0], "coverage_estimated_first_order_diff": [0.45371288932060894, 0.44820330404275244, -0.044848538280577, -0.1320018099853414, -0.36882350117255414, 0.41516357721451735, 0.47229090253879646, -0.12209997932001548, 0.4994664704888973, 0.3261193117348413, -0.3516929754084138], "coverage_estimated_second_order_diff": [-0.0016992625276666118, -0.014282719597177862, 0.023954432691399852, 0.015728905356600098, 0.011745937007159979, 0.006333175146798875, 0.010082922576288844, 0.015472880644999965, 0.010886602275199941, 0.008706274683158877, 0.013330918905889888]}