{"coverage_estimated_first_order": [0.742832321000244, 0.3815562513459361, 0.6868198355126893, 0.6235804836893045, 0.642971398901505, 0.34465503990649843, 0.6316402111070845, 0.6441931232522174, 0.5628866091333801, 0.6542486198852934, 0.32766571452911675], "coverage_estimated_second_order": [0.612034821095, 0.8888800878337999, 0.41826509657140004, 0.2995022140054, 0.6179523746823999, 0.9989487825228001, 0.3747263881067, 0.3756517471384, 0.2665101567241, 0.634332065033, 0.9993912811043], "sol": [0.0, 1.0, 0.0, 0.0, 0.0, 1.0, 0.0, 0.0, 0.0, 0.0, 1.0], "coverage": [0.6635590277777778, 1.0, 0.40258680555555554, 0.2377387152777778, 0.6228038194444444, 1.0, 0.35651041666666666, 0.35584635416666666, 0.1850173611111111, 0.6395616319444445, 1.0], "coverage_estimated_first_order_diff": [0.07927329322246623, -0.6184437486540639, 0.2842330299571338, 0.38584176841152673, 0.020167579457060603, -0.6553449600935015, 0.2751297944404178, 0.2883467690855508, 0.37786924802226896, 0.014686987940848883, -0.6723342854708833], "coverage_estimated_second_order_diff": [-0.051524206682777796, -0.1111199121662001, 0.015678291015844503, 0.06176349872762221, -0.004851444762044466, -0.0010512174771999394, 0.01821597144003334, 0.019805392971733338, 0.08149279561298889, -0.005229566911444494, -0.0006087188957000222]}