{"coverage_estimated_first_order": [0.6425734987213326, 0.8633713249707836, 0.9133848180828033, 0.8227768565159799, 0.6340167282311534, 0.6667192755095506, 0.826093798006566, 0.8583534571761124, 0.7501842762824635, 0.49302228620946076, 0.847314810518457], "coverage_estimated_second_order": [0.8918738199121999, 0.5843700831014, 0.5096348580212, 0.35276413275940005, 1.0116308787291999, 1.0042750264478, 0.4114560238452, 0.4587935196032, 0.3508283674311, 1.00684670391, 0.6974840166176002], "sol": [1.0, 0.0, 0.0, 0.0, 1.0, 1.0, 0.0, 0.0, 0.0, 1.0, 0.0], "coverage": [1.0, 0.6635590277777778, 0.5382638888888889, 0.3385286458333333, 1.0, 1.0, 0.41400607638888887, 0.4752690972222222, 0.3199739583333333, 1.0, 0.6803125], "coverage_estimated_first_order_diff": [-0.3574265012786674, 0.19981229719300586, 0.3751209291939144, 0.48424821068264656, -0.3659832717688466, -0.33328072449044943, 0.41208772161767715, 0.38308435995389023, 0.4302103179491302, -0.5069777137905392, 0.16700231051845704], "coverage_estimated_second_order_diff": [-0.10812618008780006, -0.07918894467637771, -0.028629030867688865, 0.014235486926066743, 0.011630878729199878, 0.004275026447799979, -0.002550052543688841, -0.01647557761902224, 0.03085440909776671, 0.006846703909999974, 0.01717151661760019]}