{"coverage_estimated_first_order": [1.8324834720838905, 1.9194742416363635, 1.894203324397842, 1.7381535438497049, 1.4156798131901345, 1.5296189697403173, 1.6943167901386995, 1.7473900224044723, 1.7248115082981936, 1.4378164653739127, 1.4665915004067163], "coverage_estimated_second_order": [0.9292938901966001, 0.7001397129831999, 0.8871512275223998, 0.9047829642158001, 0.9583298424761899, 0.96581276553205, 0.9162694229710999, 0.9114586979280999, 0.6106392286975999, 0.9619946262246102, 0.9613427588602601], "sol": [1.0, 0.0, 1.0, 1.0, 1.0, 1.0, 1.0, 1.0, 0.0, 1.0, 1.0], "coverage": [1.0, 0.7365972222222222, 1.0, 1.0, 1.0, 1.0, 1.0, 1.0, 0.6409852430555556, 1.0, 1.0], "coverage_estimated_first_order_diff": [0.8324834720838905, 1.1828770194141414, 0.894203324397842, 0.7381535438497049, 0.4156798131901345, 0.5296189697403173, 0.6943167901386995, 0.7473900224044723, 1.083826265242638, 0.4378164653739127, 0.46659150040671626], "coverage_estimated_second_order_diff": [-0.07070610980339986, -0.036457509239022357, -0.11284877247760017, -0.09521703578419993, -0.04167015752381009, -0.03418723446795002, -0.08373057702890008, -0.08854130207190014, -0.030346014357955697, -0.03800537377538982, -0.038657241139739895]}