{"coverage_estimated_first_order": [1.4854335960230722, 1.312106118219594, 1.4376984862181195, 1.5409719796374468, 0.9240313571850921, 1.36441366034664, 1.471545350229958, 1.3750966953541153, 1.0970672292739407, 0.9398689240345679, 1.2953407961856676], "coverage_estimated_second_order": [0.9702334110324, 0.9648677969255999, 0.996349638915, 0.7095650865311001, 1.00969784145628, 0.7115306625798601, 0.6048785097004999, 0.9808481244804, 0.9978056156906, 1.0126940927012102, 0.67735231441576], "sol": [1.0, 1.0, 1.0, 0.0, 1.0, 0.0, 0.0, 1.0, 1.0, 1.0, 0.0], "coverage": [1.0, 1.0, 1.0, 0.6965581597222222, 1.0, 0.7117100694444445, 0.6037803819444445, 1.0, 1.0, 1.0, 0.6693836805555555], "coverage_estimated_first_order_diff": [0.48543359602307223, 0.3121061182195941, 0.43769848621811946, 0.8444138199152246, -0.0759686428149079, 0.6527035909021954, 0.8677649682855135, 0.3750966953541153, 0.09706722927394074, -0.0601310759654321, 0.625957115630112], "coverage_estimated_second_order_diff": [-0.029766588967599983, -0.035132203074400126, -0.0036503610850000534, 0.013006926808877828, 0.009697841456280054, -0.00017940686458439714, 0.0010981277560554448, -0.01915187551959996, -0.0021943843093999993, 0.012694092701210247, 0.007968633860204521]}