{"coverage_estimated_first_order": [1.236658656516374, 1.1091985002114955, 1.4650352917736753, 1.0675601042836036, 0.9524251547214699, 1.0124073541653567, 1.262241420241852, 1.1201407309384406, 1.11469652821574, 0.943947126715, 0.9550372497876912], "coverage_estimated_second_order": [1.0290691317466, 1.0181877430309998, 0.8621687195373999, 1.0247825646120001, 0.20959400650432, 0.16800920904746, 0.6042394760577999, 1.0200099952338, 0.4706126155550999, 1.0102135719062302, 1.01032611700054], "sol": [1.0, 1.0, 0.0, 1.0, 0.0, 0.0, 0.0, 1.0, 0.0, 1.0, 1.0], "coverage": [1.0, 1.0, 0.8101996527777777, 1.0, 0.2042621527777778, 0.16490885416666667, 0.5848394097222223, 1.0, 0.46346788194444444, 1.0, 1.0], "coverage_estimated_first_order_diff": [0.23665865651637397, 0.10919850021149546, 0.6548356389958976, 0.0675601042836036, 0.7481630019436921, 0.84749849999869, 0.6774020105196297, 0.12014073093844058, 0.6512286462712955, -0.05605287328499997, -0.04496275021230878], "coverage_estimated_second_order_diff": [0.029069131746600085, 0.018187743030999792, 0.05196906675962221, 0.024782564612000124, 0.005331853726542213, 0.0031003548807933268, 0.01940006633557767, 0.020009995233799982, 0.007144733610655485, 0.010213571906230179, 0.01032611700053998]}