{"coverage_estimated_first_order": [1.137254597323254, 1.0014632940630666, 0.9120359084668724, 1.1234635803441684, 0.9358262572591513, 0.7422961791138283, 0.8746337935186608, 1.1030442335721338, 0.7859264283516239, 0.6307419860233606, 0.9748993057211761], "coverage_estimated_second_order": [0.5794172497878, 0.42887413017579995, 1.0011966255109999, 0.7107826840167, 0.5996722883481901, 1.0060216470633, 1.0308128973867, 0.6185140660735999, 1.0288635495248, 1.00653308944733, 0.6547132013767201], "sol": [0.0, 0.0, 1.0, 0.0, 0.0, 1.0, 1.0, 0.0, 1.0, 1.0, 0.0], "coverage": [0.5728602430555556, 0.4271875, 1.0, 0.6877170138888888, 0.5983333333333334, 1.0, 1.0, 0.5998524305555556, 1.0, 1.0, 0.6529079861111111], "coverage_estimated_first_order_diff": [0.5643943542676984, 0.5742757940630665, -0.08796409153312756, 0.43574656645527954, 0.33749292392581787, -0.2577038208861717, -0.12536620648133923, 0.5031918030165782, -0.21407357164837615, -0.3692580139766394, 0.321991319610065], "coverage_estimated_second_order_diff": [0.006557006732244353, 0.0016866301757999524, 0.0011966255109998603, 0.023065670127811133, 0.001338955014856702, 0.006021647063300106, 0.0308128973866999, 0.01866163551804434, 0.02886354952479997, 0.006533089447330109, 0.0018052152656089504]}