{"coverage_estimated_first_order": [1.137254597323254, 1.2925002420149458, 1.1712282324249317, 1.3435672291888894, 1.0863128433906863, 0.9052494039931449, 1.082976044911718, 1.352091466352793, 0.9701948650585306, 0.7831315486608614, 1.129357867911802], "coverage_estimated_second_order": [1.0314328865262001, 0.7182261886333999, 1.0549576179629998, 0.7480296111909, 0.59955036550757, 1.00561528383839, 1.0411891047252, 0.7711875424158, 1.0300834847013, 1.00628855838612, 0.6546275697241801], "sol": [1.0, 0.0, 1.0, 0.0, 0.0, 1.0, 1.0, 0.0, 1.0, 1.0, 0.0], "coverage": [1.0, 0.6992751736111111, 1.0, 0.7069010416666667, 0.5983333333333334, 1.0, 1.0, 0.7521571180555555, 1.0, 1.0, 0.6529079861111111], "coverage_estimated_first_order_diff": [0.13725459732325396, 0.5932250684038347, 0.17122823242493168, 0.6366661875222227, 0.48797951005735296, -0.09475059600685509, 0.08297604491171806, 0.5999343482972375, -0.029805134941469413, -0.21686845133913857, 0.4764498818006908], "coverage_estimated_second_order_diff": [0.03143288652620013, 0.018951015022288797, 0.054957617962999805, 0.04112856952423327, 0.001217032174236632, 0.0056152838383900505, 0.04118910472519999, 0.01903042436024449, 0.030083484701300067, 0.00628855838612008, 0.001719583613069009]}