{"coverage_estimated_first_order": [2.1597220875991843, 1.6288467206497144, 1.8998147115742405, 1.7701493999178264, 1.5670027560865971, 1.4132189688545456, 1.731725638400228, 1.77070399278429, 1.5401161417915894, 1.4222995501008597, 1.4395176138208319], "coverage_estimated_second_order": [0.8217948528214001, 0.9556961110005999, 0.8655417726475999, 0.8586602115104, 0.6332309835238799, 0.9934841446850702, 0.8665616747132, 0.8897669189751998, 0.9054431521877999, 0.99655660361959, 0.9971812837411], "sol": [0.0, 1.0, 1.0, 1.0, 0.0, 1.0, 1.0, 1.0, 1.0, 1.0, 1.0], "coverage": [0.8823090277777778, 1.0, 1.0, 1.0, 0.6286501736111111, 1.0, 1.0, 1.0, 1.0, 1.0, 1.0], "coverage_estimated_first_order_diff": [1.2774130598214066, 0.6288467206497144, 0.8998147115742405, 0.7701493999178264, 0.938352582475486, 0.41321896885454557, 0.731725638400228, 0.77070399278429, 0.5401161417915894, 0.42229955010085973, 0.4395176138208319], "coverage_estimated_second_order_diff": [-0.060514174956377675, -0.044303888999400076, -0.1344582273524001, -0.14133978848960005, 0.0045808099127687685, -0.006515855314929819, -0.1334383252868, -0.11023308102480023, -0.09455684781220008, -0.0034433963804100243, -0.002818716258899956]}