{"coverage_estimated_first_order": [1.2568464325816624, 1.1226293923600237, 1.2453045844066972, 1.163342569266125, 0.9037558735541384, 1.0529858142820414, 1.1150197075156476, 1.4092023796417188, 0.9503858313756135, 0.9199429966323566, 0.929107460457153], "coverage_estimated_second_order": [0.9874368590334002, 0.9905821374044, 0.9820925694289999, 0.9761465132748, 0.04091886243889001, 0.25488970022476, 0.9748256504414998, 0.8054311689314001, 0.9892960683508999, 0.05468588796984, 0.04553255360451], "sol": [1.0, 1.0, 1.0, 1.0, 0.0, 0.0, 1.0, 0.0, 1.0, 0.0, 0.0], "coverage": [1.0, 1.0, 1.0, 1.0, 0.004782986111111111, 0.22030381944444444, 1.0, 0.7679427083333333, 1.0, 0.020733506944444445, 0.011662326388888889], "coverage_estimated_first_order_diff": [0.2568464325816624, 0.12262939236002368, 0.24530458440669722, 0.163342569266125, 0.8989728874430273, 0.832681994837597, 0.1150197075156476, 0.6412596713083855, -0.0496141686243865, 0.8992094896879121, 0.9174451340682641], "coverage_estimated_second_order_diff": [-0.012563140966599828, -0.009417862595599957, -0.017907430571000083, -0.023853486725200046, 0.0361358763277789, 0.03458588078031555, -0.025174349558500175, 0.037488460598066764, -0.010703931649100107, 0.03395238102539556, 0.033870227215621114]}