{"coverage_estimated_first_order": [0.7889433110559889, 0.4156980248956341, 0.7282656278052998, 0.6470471196492437, 0.6137412446001994, 0.3259064497586333, 0.6425769360574805, 0.44001425899952595, 0.5960135283038267, 0.47324429879921925, 0.48336689824752055], "coverage_estimated_second_order": [0.7430175298034001, 0.9603522584936, 0.6048163785990001, 0.4273205269917, 0.5290243661883199, 0.9707700596082001, 0.44453499840599997, 0.9379466447874, 0.3965318413087, 0.10129766291075999, 0.11340753802228], "sol": [0.0, 1.0, 0.0, 0.0, 0.0, 1.0, 0.0, 1.0, 0.0, 0.0, 0.0], "coverage": [0.7938541666666666, 1.0, 0.7009809027777778, 0.5004427083333334, 0.5486154513888889, 1.0, 0.5124348958333333, 1.0, 0.43102430555555554, 0.11642361111111112, 0.12926215277777778], "coverage_estimated_first_order_diff": [-0.004910855610677722, -0.5843019751043659, 0.027284725027521994, 0.1466044113159103, 0.06512579321131051, -0.6740935502413667, 0.1301420402241471, -0.559985741000474, 0.16498922274827116, 0.35682068768810815, 0.3541047454697428], "coverage_estimated_second_order_diff": [-0.05083663686326656, -0.03964774150640005, -0.09616452417877774, -0.0731221813416334, -0.01959108520056896, -0.029229940391799936, -0.06789989742733338, -0.062053355212600025, -0.034492464246855536, -0.015125948200351125, -0.01585461475549778]}