{"coverage_estimated_first_order": [1.712006742138799, 1.2263831932857325, 1.422237371563924, 1.569378764052602, 1.236799429522221, 1.0682026288724615, 1.2922267784476342, 1.3401222498467456, 1.1645786616246587, 0.9360186075190732, 1.2850590516302058], "coverage_estimated_second_order": [0.911566971087, 1.0325736723336, 1.0298180392799998, 0.7656718559712, 0.5974516261712599, 1.0032365876839902, 1.0167473587904001, 1.0286637015743998, 1.0111480310535998, 1.0042883758757901, 0.6555812886004201], "sol": [0.0, 1.0, 1.0, 0.0, 0.0, 1.0, 1.0, 1.0, 1.0, 1.0, 0.0], "coverage": [0.8761501736111111, 1.0, 1.0, 0.7388932291666667, 0.5983333333333334, 1.0, 1.0, 1.0, 1.0, 1.0, 0.6552864583333333], "coverage_estimated_first_order_diff": [0.8358565685276879, 0.22638319328573253, 0.42223737156392405, 0.8304855348859354, 0.6384660961888877, 0.06820262887246153, 0.29222677844763423, 0.34012224984674555, 0.16457866162465873, -0.06398139248092682, 0.6297725932968725], "coverage_estimated_second_order_diff": [0.035416797475888884, 0.03257367233360009, 0.02981803927999982, 0.026778626804533356, -0.0008817071620734751, 0.0032365876839901553, 0.016747358790400124, 0.02866370157439979, 0.01114803105359985, 0.004288375875790118, 0.0002948302670867653]}