{"coverage_estimated_first_order": [1.24446445270638, 1.1080934950149741, 1.2196375398110817, 1.1159640719470587, 0.7532692874226034, 1.186243620876903, 1.3109799790334216, 1.3980658350933435, 0.9159672573487806, 0.9393714278138572, 0.9581377951604798], "coverage_estimated_second_order": [1.0237615909734, 1.0253278061331998, 1.0290918218568, 1.0338269371094, 0.9783756658760799, 0.6744166243456601, 0.6917720038506999, 0.8226044506847, 1.0171107896073999, 0.14526135615888003, 0.16367776985699], "sol": [1.0, 1.0, 1.0, 1.0, 1.0, 0.0, 0.0, 0.0, 1.0, 0.0, 0.0], "coverage": [1.0, 1.0, 1.0, 1.0, 1.0, 0.6913758680555555, 0.6509027777777778, 0.7673828125, 1.0, 0.1634201388888889, 0.18190538194444444], "coverage_estimated_first_order_diff": [0.24446445270637995, 0.10809349501497412, 0.2196375398110817, 0.11596407194705871, -0.24673071257739665, 0.49486775282134743, 0.6600772012556437, 0.6306830225933435, -0.0840327426512194, 0.7759512889249682, 0.7762324132160354], "coverage_estimated_second_order_diff": [0.023761590973399915, 0.02532780613319985, 0.029091821856799926, 0.03382693710939999, -0.021624334123920064, -0.016959243709895433, 0.040869226072922094, 0.05522163818470005, 0.017110789607399868, -0.01815878273000887, -0.018227612087454437]}