{"coverage_estimated_first_order": [0.8978928242115896, 0.7957398440798183, 0.6541924941247441, 0.8445315540547194, 0.5009653963268645, 0.8484210905367322, 0.8105550027141454, 0.8549308809407562, 0.7077826367203874, 0.6589459888502399, 0.6741076581799663], "coverage_estimated_second_order": [0.46790335378000003, 0.3557985156818, 0.8768215451272, 0.4519306953111, 1.0064295622005999, 0.6019450167189, 0.3843521769305, 0.45663896727889997, 0.24678960347839998, 1.005410386067, 1.0060044686037002], "sol": [0.0, 0.0, 1.0, 0.0, 1.0, 0.0, 0.0, 0.0, 0.0, 1.0, 1.0], "coverage": [0.5382638888888889, 0.40258680555555554, 1.0, 0.5190364583333333, 1.0, 0.58515625, 0.4416970486111111, 0.5257552083333333, 0.27502604166666667, 1.0, 1.0], "coverage_estimated_first_order_diff": [0.3596289353227007, 0.3931530385242628, -0.3458075058752559, 0.325495095721386, -0.49903460367313546, 0.26326484053673216, 0.3688579541030343, 0.32917567260742286, 0.43275659505372077, -0.3410540111497601, -0.3258923418200337], "coverage_estimated_second_order_diff": [-0.07036053510888884, -0.04678828987375555, -0.12317845487279999, -0.06710576302223337, 0.00642956220059987, 0.01678876671889995, -0.05734487168061109, -0.06911624105443337, -0.028236438188266683, 0.005410386067000061, 0.006004468603700186]}