{"coverage_estimated_first_order": [0.44076431235617086, 0.6871290966428654, 0.720987697970171, 0.6693847179698219, 0.6137412446001996, 0.3549301293693662, 0.4333262025215644, 0.6660562627788629, 0.6083644722404289, 0.47359385502796014, 0.48232409631772033], "coverage_estimated_second_order": [0.9107430170302001, 0.6197246777622, 0.586241517019, 0.5176000316056, 0.5290243661883199, 0.9769367290049001, 0.9357213967407, 0.4884499826362, 0.453294909221, 0.10305489554523999, 0.11026932490567999], "sol": [1.0, 0.0, 0.0, 0.0, 0.0, 1.0, 1.0, 0.0, 0.0, 0.0, 0.0], "coverage": [1.0, 0.6901215277777778, 0.6691145833333333, 0.5873394097222222, 0.5486154513888889, 1.0, 1.0, 0.5624392361111111, 0.4938020833333333, 0.1190625, 0.12627604166666667], "coverage_estimated_first_order_diff": [-0.5592356876438291, -0.002992431134912432, 0.05187311463683775, 0.0820453082475997, 0.06512579321131073, -0.6450698706306338, -0.5666737974784356, 0.10361702666775174, 0.11456238890709558, 0.3545313550279601, 0.35604805465105366], "coverage_estimated_second_order_diff": [-0.08925698296979989, -0.07039685001557783, -0.08287306631433333, -0.06973937811662223, -0.01959108520056896, -0.02306327099509986, -0.06427860325930002, -0.07398925347491114, -0.04050717411233329, -0.016007604454760016, -0.01600671676098668]}