{"coverage_estimated_first_order": [0.4744933225366334, 0.7067349728475136, 0.7367664456671656, 0.6454728566106949, 0.6137412446001996, 0.32590644975863325, 0.6404230185877137, 0.4519834755055735, 0.6083927283345338, 0.47324429879921914, 0.48336689824752044], "coverage_estimated_second_order": [0.9457002448862, 0.6388111025645999, 0.6432882445270001, 0.43669906769590006, 0.5290243661883199, 0.9707700596081901, 0.4400466576083, 0.9545218051255999, 0.4453986181691, 0.10129766291076, 0.11340753802227], "sol": [1.0, 0.0, 0.0, 0.0, 0.0, 1.0, 0.0, 1.0, 0.0, 0.0, 0.0], "coverage": [1.0, 0.6720269097222222, 0.7376519097222223, 0.5084809027777778, 0.5486154513888889, 1.0, 0.49853732638888887, 1.0, 0.4811197916666667, 0.11642361111111112, 0.12926215277777778], "coverage_estimated_first_order_diff": [-0.5255066774633665, 0.0347080631252914, -0.0008854640550566284, 0.13699195383291707, 0.06512579321131073, -0.6740935502413667, 0.1418856921988248, -0.5480165244944265, 0.12727293666786715, 0.35682068768810804, 0.3541047454697427], "coverage_estimated_second_order_diff": [-0.05429975511380003, -0.03321580715762229, -0.09436366519522221, -0.07178183508187774, -0.01959108520056896, -0.029229940391809928, -0.058490668780588895, -0.04547819487440008, -0.035721173497566705, -0.015125948200351111, -0.015854614755507784]}