{"coverage_estimated_first_order": [0.888479657816556, 1.0895926240068472, 1.1985650379804875, 0.8701553538350463, 0.9349899004942236, 0.6967759938695912, 0.8734722953256324, 1.095892880409341, 0.9865042530498387, 0.6259834176654611, 0.9727430380057561], "coverage_estimated_second_order": [0.9968985580998, 0.7072442046241999, 0.7811664378434, 1.0344239978312, 0.5984767901915601, 1.00984573849816, 1.0436188419646, 0.632762810305, 0.5768686416509, 1.0053970337673301, 0.65046714674779], "sol": [1.0, 0.0, 0.0, 1.0, 0.0, 1.0, 1.0, 0.0, 0.0, 1.0, 0.0], "coverage": [1.0, 0.7195095486111112, 0.7783506944444445, 1.0, 0.5983333333333334, 1.0, 1.0, 0.6497222222222222, 0.5580859375, 1.0, 0.6502300347222222], "coverage_estimated_first_order_diff": [-0.11152034218344398, 0.37008307539573604, 0.42021434353604303, -0.12984464616495373, 0.3366565671608902, -0.3032240061304088, -0.12652770467436758, 0.4461706581871189, 0.42841831554983867, -0.37401658233453894, 0.32251300328353394], "coverage_estimated_second_order_diff": [-0.003101441900200008, -0.012265343986911259, 0.002815743398955517, 0.03442399783119998, 0.00014345685822669818, 0.009845738498160062, 0.043618841964599975, -0.016959411917222167, 0.018782704150899998, 0.005397033767330139, 0.00023711202556786493]}