{"coverage_estimated_first_order": [1.3757616073491272, 1.5057000758677117, 1.6902513647278583, 1.3252235544794213, 1.103748097617933, 1.2502657439752287, 1.2829604536885633, 1.3353549315478976, 1.1495420320422702, 1.1019423101598522, 1.111851899291715], "coverage_estimated_second_order": [1.0225967754088, 0.7518983428302, 0.835784099019, 1.0054142522813998, 0.21103728937545999, 0.38163331346821006, 0.9995291688381001, 1.0274687072632, 0.9877455729815001, 1.00544825482661, 1.00546933468511], "sol": [1.0, 0.0, 0.0, 1.0, 0.0, 0.0, 1.0, 1.0, 1.0, 1.0, 1.0], "coverage": [1.0, 0.7279079861111111, 0.8193532986111111, 1.0, 0.2090451388888889, 0.3810720486111111, 1.0, 1.0, 1.0, 1.0, 1.0], "coverage_estimated_first_order_diff": [0.3757616073491272, 0.7777920897566006, 0.8708980661167472, 0.3252235544794213, 0.8947029587290442, 0.8691936953641176, 0.28296045368856326, 0.33535493154789764, 0.14954203204227023, 0.10194231015985222, 0.11185189929171502], "coverage_estimated_second_order_diff": [0.022596775408799896, 0.02399035671908889, 0.016430800407888912, 0.005414252281399801, 0.001992150486571087, 0.0005612648570989531, -0.0004708311618999428, 0.027468707263200054, -0.01225442701849988, 0.005448254826609933, 0.005469334685110017]}