{"coverage_estimated_first_order": [0.9440038142673346, 1.120918565581396, 0.9548306103754136, 1.0881018388593797, 0.8019385685899348, 0.8490928292104543, 1.0300337986555776, 0.9010418709965012, 0.9264979035482319, 0.7915575640774991, 0.8005786875970655], "coverage_estimated_second_order": [1.0565099459602, 0.7366475938805999, 1.0522623189834, 0.6019665323823, 0.20974511401576, 0.16583837585366998, 0.489218354044, 1.0535152502581, 0.4017071085506, 1.01050746226797, 1.01062239960778], "sol": [1.0, 0.0, 1.0, 0.0, 0.0, 0.0, 0.0, 1.0, 0.0, 1.0, 1.0], "coverage": [1.0, 0.6899869791666666, 1.0, 0.5618359375, 0.2042621527777778, 0.16076822916666667, 0.45296440972222224, 1.0, 0.37409722222222225, 1.0, 1.0], "coverage_estimated_first_order_diff": [-0.055996185732665404, 0.4309315864147294, -0.04516938962458639, 0.5262659013593797, 0.597676415812157, 0.6883246000437876, 0.5770693889333554, -0.09895812900349876, 0.5524006813260096, -0.2084424359225009, -0.19942131240293448], "coverage_estimated_second_order_diff": [0.05650994596020009, 0.046660614713933235, 0.05226231898339995, 0.040130594882299975, 0.005482961237982198, 0.005070146687003313, 0.036253944321777754, 0.0535152502581, 0.027609886328377742, 0.010507462267969947, 0.010622399607780109]}