{"coverage_estimated_first_order": [1.6313119788167998, 1.1801119274009038, 1.6261925495351175, 1.2732708886040438, 1.114706640927064, 1.203712519981684, 1.2677465754289268, 1.4910387708808992, 1.3200772969214172, 1.1325398438782002, 1.1564317544976868], "coverage_estimated_second_order": [0.7789336616732, 0.9744028714675997, 0.7405661994254, 0.9965460062664, 0.9715996345287599, 0.9787460679428601, 1.0206322173190001, 0.5867793264492001, 0.5385213316549999, 0.97503639440303, 0.9742712022188003], "sol": [0.0, 1.0, 0.0, 1.0, 1.0, 1.0, 1.0, 0.0, 0.0, 1.0, 1.0], "coverage": [0.8123524305555555, 1.0, 0.7669053819444445, 1.0, 1.0, 1.0, 1.0, 0.6239800347222222, 0.5365798611111111, 1.0, 1.0], "coverage_estimated_first_order_diff": [0.8189595482612443, 0.18011192740090376, 0.859287167590673, 0.2732708886040438, 0.11470664092706406, 0.20371251998168405, 0.26774657542892677, 0.867058736158677, 0.7834974358103061, 0.13253984387820017, 0.15643175449768676], "coverage_estimated_second_order_diff": [-0.03341876888235551, -0.02559712853240026, -0.026339182519044435, -0.0034539937336000026, -0.02840036547124014, -0.02125393205713988, 0.020632217319000112, -0.03720070827302213, 0.0019414705438888236, -0.024963605596969973, -0.02572879778119974]}