{"coverage_estimated_first_order": [1.2708357826619725, 1.1354544629264456, 1.2311891610672228, 1.3571582480617161, 0.932149671090516, 1.0254916190344978, 1.0437226435511742, 1.1487589355987775, 1.1288835026582944, 1.0971837418019526, 0.7737352520788852], "coverage_estimated_second_order": [0.9634561642884, 0.9557811050465999, 0.9957951806459999, 0.7599081708448, 0.15601822691519, 0.20724003152555998, 0.9928242379430001, 0.9888599664519999, 0.5069474038888, 0.5961906792021101, 0.9792096661895698], "sol": [1.0, 1.0, 1.0, 0.0, 0.0, 0.0, 1.0, 1.0, 0.0, 0.0, 1.0], "coverage": [1.0, 1.0, 1.0, 0.7350694444444444, 0.17049913194444444, 0.22110677083333333, 1.0, 1.0, 0.4991319444444444, 0.6077734375, 1.0], "coverage_estimated_first_order_diff": [0.2708357826619725, 0.13545446292644558, 0.23118916106722276, 0.6220888036172717, 0.7616505391460716, 0.8043848482011645, 0.04372264355117417, 0.1487589355987775, 0.62975155821385, 0.48941030430195254, -0.22626474792111484], "coverage_estimated_second_order_diff": [-0.036543835711600026, -0.044218894953400145, -0.004204819354000078, 0.02483872640035556, -0.014480905029254448, -0.013866739307773351, -0.007175762056999879, -0.011140033548000083, 0.007815459444355577, -0.011582758297889906, -0.02079033381043016]}