{"coverage_estimated_first_order": [1.445866991950886, 1.0074252457708324, 1.1643971755230058, 1.066570766013575, 1.114706640927064, 0.8494541292860402, 1.2934136200245432, 1.3184117759002212, 1.1266184046920242, 0.9590277451602952, 0.9725432184077784], "coverage_estimated_second_order": [0.8561164994859999, 1.0229774441097998, 1.0518493065491998, 1.0285764421957, 0.64644653663376, 1.00856759443612, 0.7047979722747999, 0.6796776758825, 0.5133985191322, 1.01360775591675, 1.0141812827909202], "sol": [0.0, 1.0, 1.0, 1.0, 0.0, 1.0, 0.0, 0.0, 0.0, 1.0, 1.0], "coverage": [0.8325043402777778, 1.0, 1.0, 1.0, 0.6286501736111111, 1.0, 0.6885850694444444, 0.6647916666666667, 0.5147786458333333, 1.0, 1.0], "coverage_estimated_first_order_diff": [0.6133626516731082, 0.007425245770832367, 0.1643971755230058, 0.06657076601357503, 0.486056467315953, -0.15054587071395975, 0.6048285505800988, 0.6536201092335545, 0.6118397588586909, -0.04097225483970479, -0.027456781592221646], "coverage_estimated_second_order_diff": [0.023612159208222128, 0.02297744410979985, 0.051849306549199836, 0.02857644219569999, 0.017796363022648864, 0.008567594436120096, 0.01621290283035548, 0.014886009215833385, -0.0013801267011332996, 0.013607755916750008, 0.014181282790920235]}