{"coverage_estimated_first_order": [1.4041011396030019, 1.5379179902904272, 1.4580749949813459, 1.3362509720436704, 1.1029117408530051, 1.2043842586554063, 1.2733725674924183, 1.341517536954644, 1.3351340467915045, 1.0971837418019526, 1.1096956315762951], "coverage_estimated_second_order": [1.0163000804684001, 0.764364797857, 0.9900630534373999, 0.9905335890975, 0.20746608249719, 0.25448652150644996, 0.9941616573845, 0.9967929245160998, 0.5301421150313999, 1.00864967448251, 1.00809208399366], "sol": [1.0, 0.0, 1.0, 1.0, 0.0, 0.0, 1.0, 1.0, 0.0, 1.0, 1.0], "coverage": [1.0, 0.7365972222222222, 1.0, 1.0, 0.2042621527777778, 0.25732638888888887, 1.0, 1.0, 0.5172395833333333, 1.0, 1.0], "coverage_estimated_first_order_diff": [0.40410113960300187, 0.801320768068205, 0.45807499498134585, 0.3362509720436704, 0.8986495880752273, 0.9470578697665175, 0.27337256749241834, 0.34151753695464393, 0.8178944634581712, 0.09718374180195255, 0.10969563157629514], "coverage_estimated_second_order_diff": [0.016300080468400147, 0.02776757563477772, -0.009936946562600135, -0.0094664109025, 0.0032039297194122185, -0.00283986738243891, -0.005838342615499981, -0.0032070754839002014, 0.012902531698066544, 0.008649674482509973, 0.008092083993660015]}