{"coverage_estimated_first_order": [1.1709836075037166, 1.3121061182195946, 1.1870069801219263, 1.3196553678297624, 1.0952675140610384, 0.879396199864271, 1.289425628126393, 1.1387638043865702, 0.9676208205101564, 1.1166733723764062, 0.7944402903441922], "coverage_estimated_second_order": [1.0549900811642, 0.736086183821, 1.054638855865, 0.6824243005760999, 0.6247226134983799, 1.01136349549687, 0.6826243739342, 1.0533075957693, 1.0132065987218, 0.65376600131416, 1.00710894872886], "sol": [1.0, 0.0, 1.0, 0.0, 0.0, 1.0, 0.0, 1.0, 1.0, 0.0, 1.0], "coverage": [1.0, 0.6899869791666666, 1.0, 0.6532899305555555, 0.6228038194444444, 1.0, 0.6583159722222223, 1.0, 1.0, 0.6515494791666666, 1.0], "coverage_estimated_first_order_diff": [0.17098360750371655, 0.6221191390529279, 0.1870069801219263, 0.6663654372742069, 0.472463694616594, -0.12060380013572902, 0.6311096559041707, 0.1387638043865702, -0.03237917948984359, 0.46512389320973957, -0.20555970965580783], "coverage_estimated_second_order_diff": [0.0549900811641999, 0.04609920465433337, 0.05463885586499995, 0.02913437002054442, 0.0019187940539354686, 0.01136349549686999, 0.02430840171197768, 0.05330759576930011, 0.013206598721799967, 0.0022165221474933494, 0.007108948728860032]}