{"coverage_estimated_first_order": [1.6778296159932005, 1.491164178522662, 1.9152758262284362, 1.4998842691192107, 1.2457541001925734, 1.3679454359040844, 1.7175935212304412, 1.5607989070534236, 1.3281356116535614, 1.4417279812823605, 1.1325875690267486], "coverage_estimated_second_order": [0.9715515549296001, 0.9771231478865999, 0.8110393931226, 0.9964862092807001, 1.0018312448542799, 1.00059057415196, 0.7066468027346999, 0.9714780115384, 1.0014862417804, 0.6692903272701201, 1.00171162639646], "sol": [1.0, 1.0, 0.0, 1.0, 1.0, 1.0, 0.0, 1.0, 1.0, 0.0, 1.0], "coverage": [1.0, 1.0, 0.8122829861111112, 1.0, 1.0, 1.0, 0.7087196180555555, 1.0, 1.0, 0.6573958333333333, 1.0], "coverage_estimated_first_order_diff": [0.6778296159932005, 0.4911641785226619, 1.102992840117325, 0.4998842691192107, 0.24575410019257338, 0.36794543590408435, 1.0088739031748857, 0.5607989070534236, 0.3281356116535614, 0.7843321479490272, 0.13258756902674862], "coverage_estimated_second_order_diff": [-0.028448445070399897, -0.02287685211340007, -0.0012435929885111774, -0.003513790719299914, 0.0018312448542798787, 0.000590574151960066, -0.00207281532085557, -0.028521988461600034, 0.0014862417804000216, 0.011894493936786765, 0.001711626396460053]}