{"coverage_estimated_first_order": [0.9981516464905009, 0.8959986663587298, 0.9460121594707487, 1.0855424789174861, 0.631176498827446, 0.9957962007500429, 1.0325860990027989, 1.1376223910504022, 0.8877019320346264, 0.9637251141252416, 0.6470644030638082], "coverage_estimated_second_order": [1.0425799307869998, 1.0356964059834, 0.9980297821234, 0.5986167055595999, 1.01174593700716, 0.58524468262288, 0.48145481445749994, 0.6981392141116001, 0.29048316998019996, 0.64557199002355, 1.01275022054912], "sol": [1.0, 1.0, 1.0, 0.0, 1.0, 0.0, 0.0, 0.0, 0.0, 0.0, 1.0], "coverage": [1.0, 1.0, 1.0, 0.5955512152777778, 1.0, 0.5768532986111111, 0.46274739583333335, 0.6854427083333333, 0.2915494791666667, 0.6371050347222222, 1.0], "coverage_estimated_first_order_diff": [-0.0018483535094990788, -0.10400133364127018, -0.05398784052925132, 0.48999126363970835, -0.368823501172554, 0.4189429021389318, 0.5698387031694655, 0.4521796827170689, 0.5961524528679598, 0.3266200794030194, -0.3529355969361918], "coverage_estimated_second_order_diff": [0.04257993078699984, 0.03569640598339996, -0.001970217876600011, 0.0030654902818221252, 0.011745937007159979, 0.008391384011768865, 0.018707418624166583, 0.012696505778266753, -0.0010663091864667185, 0.008466955301327794, 0.012750220549119895]}