{"coverage_estimated_first_order": [1.1565876103027508, 1.3134075180329918, 1.212677243018752, 1.142796593323665, 1.0660373597597328, 0.8900325894027246, 1.1295074897813309, 1.3750606060920214, 0.9958578897302056, 0.9355211112983624, 0.947856050605018], "coverage_estimated_second_order": [1.0128450066506, 0.750115534863, 1.0343297624328, 1.003565558953, 0.53795676002107, 0.9786844034840101, 1.0033828039002999, 0.7779591694023, 0.9861459389907999, 0.12558475601056, 0.12617993720417], "sol": [1.0, 0.0, 1.0, 1.0, 0.0, 1.0, 1.0, 0.0, 1.0, 0.0, 0.0], "coverage": [1.0, 0.7282161458333334, 1.0, 1.0, 0.5486154513888889, 1.0, 1.0, 0.7595616319444445, 1.0, 0.13484809027777778, 0.1362109375], "coverage_estimated_first_order_diff": [0.1565876103027508, 0.5851913721996584, 0.21267724301875202, 0.142796593323665, 0.5174219083708439, -0.10996741059727544, 0.12950748978133086, 0.6154989741475769, -0.004142110269794386, 0.8006730210205846, 0.811645113105018], "coverage_estimated_second_order_diff": [0.012845006650600066, 0.021899389029666594, 0.03432976243280006, 0.0035655589529999254, -0.01065869136781894, -0.02131559651598991, 0.00338280390029988, 0.01839753745785555, -0.013854061009200058, -0.009263334267217788, -0.010031000295829984]}