{"coverage_estimated_first_order": [1.5706197606100747, 1.3845339775707544, 1.6076741948842268, 1.5070224774407344, 1.1155429976919922, 1.249232705225921, 1.252223656104947, 1.2657773055322137, 1.1530496541015103, 1.1377959084568103, 1.1598306437408845], "coverage_estimated_second_order": [0.5875857755642, 0.433954397895, 0.6682296611816001, 0.6415861128243, 0.9703305089485799, 0.9722751332491001, 0.9908695696002999, 0.9725188965039999, 1.0074045667651, 0.9716123198762601, 0.97157248968749], "sol": [0.0, 0.0, 0.0, 0.0, 1.0, 1.0, 1.0, 1.0, 1.0, 1.0, 1.0], "coverage": [0.6191579861111111, 0.46469618055555556, 0.6843663194444445, 0.6398177083333333, 1.0, 1.0, 1.0, 1.0, 1.0, 1.0, 1.0], "coverage_estimated_first_order_diff": [0.9514617744989636, 0.9198377970151987, 0.9233078754397823, 0.8672047691074011, 0.11554299769199217, 0.2492327052259209, 0.2522236561049469, 0.2657773055322137, 0.15304965410151028, 0.13779590845681033, 0.15983064374088451], "coverage_estimated_second_order_diff": [-0.03157221054691106, -0.03074178266055555, -0.016136658262844383, 0.001768404490966713, -0.029669491051420138, -0.027724866750899912, -0.009130430399700074, -0.02748110349600008, 0.007404566765099929, -0.028387680123739933, -0.028427510312510007]}