{"coverage_estimated_first_order": [1.0155164571717155, 0.6210120479136518, 0.9719968371091635, 0.8948349527579487, 0.622221828157094, 0.6964146937940057, 0.6144003088962009, 0.6545845424935262, 0.7616253518446323, 0.4585132365826652, 0.8007785071950433], "coverage_estimated_second_order": [0.8198281745334, 1.0182409571938, 0.735219092908, 0.6332600405474, 0.12648158119355, 0.19437758992989995, 0.9930517170184, 1.0078490103781998, 0.43126320466449997, 0.9771136020733601, 0.5929902911332501], "sol": [0.0, 1.0, 0.0, 0.0, 0.0, 0.0, 1.0, 1.0, 0.0, 1.0, 0.0], "coverage": [0.8064496527777778, 1.0, 0.7503993055555556, 0.6582769097222222, 0.1434982638888889, 0.21067274305555556, 1.0, 1.0, 0.45217447916666664, 1.0, 0.6069791666666666], "coverage_estimated_first_order_diff": [0.20906680439393766, -0.37898795208634817, 0.22159753155360795, 0.23655804303572647, 0.47872356426820517, 0.4857419507384501, -0.3855996911037991, -0.34541545750647384, 0.30945087267796567, -0.5414867634173348, 0.19379934052837666], "coverage_estimated_second_order_diff": [0.013378521755622153, 0.018240957193800034, -0.015180212647555535, -0.025016869174822154, -0.017016682695338903, -0.016295153125655604, -0.006948282981599996, 0.00784901037819985, -0.020911274502166677, -0.022886397926639934, -0.013988875533416545]}