{"coverage_estimated_first_order": [1.3975567536194435, 1.5174201412376118, 1.43073818942579, 1.567804501014053, 1.2457541001925734, 1.0713731043543204, 1.289425628126393, 1.3528365916598597, 1.1743555610128864, 1.2699099874633588, 0.9490986721327959], "coverage_estimated_second_order": [1.0306118361732, 0.7383855366286001, 1.024775039819, 0.7380716687339, 0.6226124082242599, 1.00383031244747, 1.0101600153191999, 1.0206625343246998, 1.0066714766632, 0.6529816137478, 1.00490318049831], "sol": [1.0, 0.0, 1.0, 0.0, 0.0, 1.0, 1.0, 1.0, 1.0, 0.0, 1.0], "coverage": [1.0, 0.70765625, 1.0, 0.7161111111111111, 0.6228038194444444, 1.0, 1.0, 1.0, 1.0, 0.6521180555555556, 1.0], "coverage_estimated_first_order_diff": [0.39755675361944354, 0.8097638912376118, 0.43073818942579, 0.851693389902942, 0.622950280748129, 0.07137310435432043, 0.28942562812639294, 0.3528365916598597, 0.1743555610128864, 0.6177919319078032, -0.05090132786720414], "coverage_estimated_second_order_diff": [0.030611836173199958, 0.030729286628600083, 0.02477503981900009, 0.021960557622788812, -0.00019141122018451195, 0.003830312447469897, 0.010160015319199855, 0.020662534324699777, 0.006671476663199893, 0.0008635581922443736, 0.004903180498309956]}