{"coverage_estimated_first_order": [1.7185511281223578, 1.246881042338548, 1.4495741771194801, 1.338186535157805, 1.0652010029948047, 1.1693858151678131, 1.3035032925254857, 1.3278082027001084, 1.3625578527722308, 1.103925085429627, 1.1306311209093067], "coverage_estimated_second_order": [0.8938575126548001, 1.0217367238189996, 1.0035967298464, 0.9990075503309, 1.0064782564731898, 1.0128425706472701, 1.0004363526276, 1.0070141991883999, 0.6242196431161, 0.17221427815381002, 0.20690112268348002], "sol": [0.0, 1.0, 1.0, 1.0, 1.0, 1.0, 1.0, 1.0, 0.0, 0.0, 0.0], "coverage": [0.8637065972222222, 1.0, 1.0, 1.0, 1.0, 1.0, 1.0, 1.0, 0.6054253472222222, 0.17106770833333335, 0.2051779513888889], "coverage_estimated_first_order_diff": [0.8548445309001356, 0.2468810423385479, 0.4495741771194801, 0.33818653515780506, 0.06520100299480469, 0.16938581516781315, 0.3035032925254857, 0.32780820270010835, 0.7571325055500087, 0.9328573770962936, 0.9254531695204178], "coverage_estimated_second_order_diff": [0.030150915432577863, 0.021736723818999604, 0.0035967298463999153, -0.0009924496690999485, 0.006478256473189781, 0.012842570647270124, 0.0004363526275998897, 0.00701419918839985, 0.01879429589387782, 0.0011465698204766728, 0.0017231712945911248]}