{"coverage_estimated_first_order": [1.2123428127309452, 1.086776792031698, 1.1640763241789966, 1.2866744148582963, 0.9439445711645752, 0.9957962007500429, 1.2575700501313063, 1.3405586337753164, 1.1050632270654184, 1.1316927914287485, 0.820271555402299], "coverage_estimated_second_order": [1.0405272652808, 1.0335388177488, 0.9971119486352, 0.6017540297552, 1.01102025344716, 1.00395674721528, 0.5718012964288, 0.697967582675, 0.428817063185, 0.6629598532895501, 1.00695913916792], "sol": [1.0, 1.0, 1.0, 0.0, 1.0, 1.0, 0.0, 0.0, 0.0, 0.0, 1.0], "coverage": [1.0, 1.0, 1.0, 0.5996918402777778, 1.0, 1.0, 0.5593055555555555, 0.6854427083333333, 0.43430989583333335, 0.6454079861111112, 1.0], "coverage_estimated_first_order_diff": [0.21234281273094524, 0.08677679203169797, 0.16407632417899665, 0.6869825745805185, -0.0560554288354248, -0.004203799249957063, 0.6982644945757508, 0.655115925441983, 0.670753331232085, 0.4862848053176373, -0.179728444597701], "coverage_estimated_second_order_diff": [0.04052726528079997, 0.033538817748800076, -0.0028880513647999706, 0.002062189477422205, 0.011020253447159956, 0.003956747215279943, 0.012495740873244454, 0.012524874341666714, -0.0054928326483333345, 0.01755186717843893, 0.006959139167920014]}