{"coverage_estimated_first_order": [1.0635956495257426, 0.6600107679745942, 0.7697146383991201, 0.6881348301674798, 0.6019463445261402, 0.6521741995928525, 0.8825590698792043, 0.7078629299769905, 0.7661456507628116, 0.6100557467707144, 0.6190768702902816], "coverage_estimated_second_order": [0.913512338852, 1.046469249976, 1.040819253982, 1.0126593123539998, 0.032790883853920004, 0.03470954123637, 0.6122875489719999, 1.0345006967419998, 0.43201860843469997, 0.03378906192803, 0.03611841077435], "sol": [0.0, 1.0, 1.0, 1.0, 0.0, 0.0, 0.0, 1.0, 0.0, 0.0, 0.0], "coverage": [0.8637065972222222, 1.0, 1.0, 1.0, 0.0, 0.004140625, 0.5954383680555555, 1.0, 0.42565538194444447, 0.002309027777777778, 0.004713541666666667], "coverage_estimated_first_order_diff": [0.1998890523035204, -0.33998923202540576, -0.23028536160087987, -0.3118651698325202, 0.6019463445261402, 0.6480335745928525, 0.2871207018236488, -0.2921370700230095, 0.34049026881836714, 0.6077467189929366, 0.6143633286236149], "coverage_estimated_second_order_diff": [0.0498057416297778, 0.04646924997599999, 0.04081925398200004, 0.012659312353999752, 0.032790883853920004, 0.03056891623637, 0.016849180916444384, 0.03450069674199985, 0.0063632264902555025, 0.031480034150252224, 0.03140486910768333]}