{"coverage_estimated_first_order": [0.9891451272161227, 0.5936510800021803, 0.9604452158530223, 0.6536407766432915, 0.6320128555923737, 0.7168042750605401, 0.8812102311249532, 0.905879188822936, 0.5474267168431306, 0.795818636214688, 0.46553195428729766], "coverage_estimated_second_order": [0.7775463775884, 0.9501082143134, 0.7100149285328, 0.9999150102700001, 0.1565630137798, 0.25502707192196, 0.6151032368398999, 0.6509664975054, 1.0102332388023998, 0.60164185971044, 0.9779894155618201], "sol": [0.0, 1.0, 0.0, 1.0, 0.0, 0.0, 0.0, 0.0, 1.0, 0.0, 1.0], "coverage": [0.8347092013888889, 1.0, 0.7634201388888889, 1.0, 0.17528211805555555, 0.2720920138888889, 0.6335720486111112, 0.7027170138888889, 1.0, 0.6147569444444444, 1.0], "coverage_estimated_first_order_diff": [0.15443592582723376, -0.40634891999781975, 0.1970250769641334, -0.34635922335670855, 0.4567307375368182, 0.44471226117165125, 0.24763818251384206, 0.2031621749340472, -0.4525732831568694, 0.18106169177024356, -0.5344680457127023], "coverage_estimated_second_order_diff": [-0.05716282380048898, -0.04989178568660002, -0.05340521035608892, -8.498972999992915e-05, -0.018719104275755544, -0.01706494196692887, -0.01846881177121129, -0.05175051638348882, 0.010233238802399791, -0.013115084734004356, -0.022010584438179936]}