{"coverage_estimated_first_order": [1.5725879629083566, 1.3893909240819986, 1.3639462038815733, 1.2768557188903265, 1.1155429976919922, 1.2205703256907738, 1.5100929249890287, 1.5224894319613034, 1.1270453344917217, 1.136451359786648, 1.1583882026151289], "coverage_estimated_second_order": [0.5770384499487999, 0.4412148331997999, 0.9838338671415999, 1.0246455088617, 0.9703305089485998, 0.9774769423674601, 0.7216045303362999, 0.6216269747859, 1.0218973405899, 0.97328704428584, 0.9726682677999201], "sol": [0.0, 0.0, 1.0, 1.0, 1.0, 1.0, 0.0, 0.0, 1.0, 1.0, 1.0], "coverage": [0.5901128472222222, 0.4638802083333333, 1.0, 1.0, 1.0, 1.0, 0.7192144097222222, 0.6108810763888889, 1.0, 1.0, 1.0], "coverage_estimated_first_order_diff": [0.9824751156861343, 0.9255107157486653, 0.3639462038815733, 0.27685571889032645, 0.11554299769199217, 0.22057032569077384, 0.7908785152668065, 0.9116083555724145, 0.12704533449172173, 0.1364513597866479, 0.15838820261512887], "coverage_estimated_second_order_diff": [-0.0130743972734223, -0.022665375133533394, -0.016166132858400073, 0.024645508861699916, -0.029669491051400154, -0.022523057632539922, 0.0023901206140777287, 0.010745898397011122, 0.021897340589899894, -0.02671295571415999, -0.027331732200079895]}