{"coverage_estimated_first_order": [1.6117479198598876, 1.4171613189587005, 1.3896100301759788, 1.5484714880345563, 1.2660295838235271, 1.0869512190203263, 1.2778907007005633, 1.3072230978248252, 1.1663255023748473, 1.117520424825858, 1.1306004894395798], "coverage_estimated_second_order": [0.71658225688, 0.5434008224294, 1.0147523391286, 0.7175873039798, 0.64480034836136, 1.00645457754049, 1.0155126213898997, 1.0038529755302, 1.0088052299431998, 1.00807251991905, 1.0086873245416799], "sol": [0.0, 0.0, 1.0, 0.0, 0.0, 1.0, 1.0, 1.0, 1.0, 1.0, 1.0], "coverage": [0.7251649305555555, 0.5566710069444445, 1.0, 0.6969270833333333, 0.6286501736111111, 1.0, 1.0, 1.0, 1.0, 1.0, 1.0], "coverage_estimated_first_order_diff": [0.8865829893043321, 0.860490312014256, 0.38961003017597884, 0.851544404701223, 0.6373794102124161, 0.08695121902032632, 0.2778907007005633, 0.30722309782482515, 0.16632550237484733, 0.1175204248258579, 0.1306004894395798], "coverage_estimated_second_order_diff": [-0.008582673675555541, -0.01327018451504447, 0.014752339128599967, 0.020660220646466665, 0.016150174750248936, 0.0064545775404900585, 0.015512621389899728, 0.0038529755301999202, 0.008805229943199766, 0.008072519919049892, 0.008687324541679864]}