{"coverage_estimated_first_order": [1.6182923058434464, 1.4376591680115158, 1.4169468357315347, 1.3169179590641735, 0.9524251547214698, 1.3666657448610007, 1.2609905876171352, 1.295406546898899, 1.323181776560495, 1.117459225432905, 1.1389257858775998], "coverage_estimated_second_order": [0.7212580374018001, 0.5917653226112, 1.0039606146691997, 1.0101805177451, 1.00335891258231, 0.6906697467266099, 1.0154785131121, 0.9890244397744997, 0.5179047376659999, 1.0028680614905099, 1.00290419577004], "sol": [0.0, 0.0, 1.0, 1.0, 1.0, 0.0, 1.0, 1.0, 0.0, 1.0, 1.0], "coverage": [0.7257465277777778, 0.5986371527777777, 1.0, 1.0, 1.0, 0.6817144097222222, 1.0, 1.0, 0.5034201388888889, 1.0, 1.0], "coverage_estimated_first_order_diff": [0.8925457780656686, 0.8390220152337381, 0.4169468357315347, 0.3169179590641735, -0.047574845278530176, 0.6849513351387785, 0.26099058761713523, 0.2954065468988989, 0.819761637671606, 0.11745922543290499, 0.13892578587759985], "coverage_estimated_second_order_diff": [-0.004488490375977761, -0.006871830166577775, 0.003960614669199725, 0.010180517745099982, 0.003358912582309914, 0.008955337004387665, 0.015478513112100023, -0.01097556022550028, 0.014484598777110946, 0.002868061490509888, 0.0029041957700399745]}