{"coverage_estimated_first_order": [1.363379627473845, 1.2001272305707822, 1.4053919961741836, 1.0577414083156338, 0.8027749253548627, 1.2205703256907736, 1.2705784738132802, 1.0751711542188636, 0.9308550213085305, 0.9689811787038519, 0.9864236718044159], "coverage_estimated_second_order": [0.6159360789434001, 0.4560698843854, 0.7026576150506, 1.0232975185708, 1.0075325483535997, 0.74069056627486, 0.6088516050958999, 0.9942560030230999, 1.0289590233174999, 1.00387682000986, 1.00375695763372], "sol": [0.0, 0.0, 0.0, 1.0, 1.0, 0.0, 0.0, 1.0, 1.0, 1.0, 1.0], "coverage": [0.6265842013888889, 0.47426649305555557, 0.6813975694444444, 1.0, 1.0, 0.7279166666666667, 0.5869357638888889, 1.0, 1.0, 1.0, 1.0], "coverage_estimated_first_order_diff": [0.7367954260849561, 0.7258607375152266, 0.7239944267297392, 0.05774140831563379, -0.19722507464513728, 0.49265365902410696, 0.6836427099243912, 0.07517115421886356, -0.06914497869146952, -0.03101882129614808, -0.013576328195584075], "coverage_estimated_second_order_diff": [-0.01064812244548885, -0.018196608670155545, 0.021260045606155575, 0.02329751857079998, 0.007532548353599733, 0.012773899608193306, 0.021915841207010955, -0.00574399697690009, 0.028959023317499888, 0.0038768200098600047, 0.0037569576337199706]}