{"coverage_estimated_first_order": [1.2316758257104419, 0.8166471200978642, 0.9463330108147578, 0.8658001301483507, 0.7642278307317345, 0.8144556857984471, 1.0964064764593364, 1.1137354154268189, 0.9490601156726657, 0.7978014114844627, 0.8202715554022991], "coverage_estimated_second_order": [0.8564332598838, 1.0235381441854, 1.0525488862073997, 1.0289196178239999, 1.00898084106296, 1.0107240588489201, 0.7004920444225999, 0.6740729824736, 0.4927652838598, 0.16882947822065, 0.20380735304892], "sol": [0.0, 1.0, 1.0, 1.0, 1.0, 1.0, 0.0, 0.0, 0.0, 0.0, 0.0], "coverage": [0.8325043402777778, 1.0, 1.0, 1.0, 1.0, 1.0, 0.6834027777777778, 0.6590798611111112, 0.4919574652777778, 0.16383246527777778, 0.19873697916666666], "coverage_estimated_first_order_diff": [0.3991714854326641, -0.18335287990213578, -0.05366698918524215, -0.13419986985164933, -0.2357721692682655, -0.18554431420155293, 0.4130036986815586, 0.4546555543157077, 0.4571026503948879, 0.6339689462066849, 0.6215345762356325], "coverage_estimated_second_order_diff": [0.02392891960602228, 0.0235381441853999, 0.052548886207399725, 0.028919617823999877, 0.008980841062959932, 0.010724058848920137, 0.017089266644822132, 0.01499312136248887, 0.0008078185820222239, 0.00499701294287222, 0.005070373882253343]}