{"coverage_estimated_first_order": [0.9296078170663687, 1.1222199653947935, 0.9805008732722396, 0.911604364428868, 0.9147144168632698, 0.6811978792035853, 0.8982922874717953, 1.1368411764812418, 0.9958578897302056, 0.778372980302962, 0.7912412206989722], "coverage_estimated_second_order": [1.0287009655856, 0.7522831969579999, 1.0562031464209998, 1.0490791161256, 0.5361739323039201, 0.9834306507391101, 1.0426030768383, 0.7133819811658, 0.5850265155008, 0.11012558173367, 0.11735150605455], "sol": [1.0, 0.0, 1.0, 1.0, 0.0, 1.0, 1.0, 0.0, 0.0, 0.0, 0.0], "coverage": [1.0, 0.7282161458333334, 1.0, 1.0, 0.5486154513888889, 1.0, 1.0, 0.6863541666666667, 0.5508203125, 0.1190625, 0.12627604166666667], "coverage_estimated_first_order_diff": [-0.07039218293363125, 0.39400381956146013, -0.01949912672776044, -0.08839563557113195, 0.3660989654743809, -0.3188021207964147, -0.10170771252820465, 0.4504870098145751, 0.44503757723020565, 0.659310480302962, 0.6649651790323055], "coverage_estimated_second_order_diff": [0.02870096558560009, 0.02406705112466656, 0.05620314642099977, 0.0490791161255999, -0.012441519084968822, -0.016569349260889932, 0.04260307683829989, 0.027027814499133274, 0.03420620300080002, -0.008936918266330002, -0.008924535612116674]}