{"coverage_estimated_first_order": [0.6837016579711453, 0.6049617184068503, 0.43612832941649604, 0.6437609181894951, 0.5009653963268645, 0.523186379451821, 0.6145947311963713, 0.651994638215842, 0.5354664702444902, 0.48628094258178667, 0.4904189416880358], "coverage_estimated_second_order": [0.4329822869898, 0.3297654388874, 0.8365909289153999, 0.4177993236535, 0.20411687955160002, 0.1596970447286, 0.3511484374683, 0.4225948510299, 0.2237079787742, 1.0054927122472, 1.0054548788457], "sol": [0.0, 0.0, 1.0, 0.0, 0.0, 0.0, 0.0, 0.0, 0.0, 1.0, 1.0], "coverage": [0.5382638888888889, 0.40258680555555554, 1.0, 0.5190364583333333, 0.2042621527777778, 0.16076822916666667, 0.4416970486111111, 0.5257552083333333, 0.27024305555555556, 1.0, 1.0], "coverage_estimated_first_order_diff": [0.14543776908225647, 0.20237491285129477, -0.563871670583504, 0.12472445985616176, 0.2967032435490867, 0.36241815028515434, 0.17289768258526023, 0.1262394298825087, 0.2652234146889347, -0.5137190574182133, -0.5095810583119642], "coverage_estimated_second_order_diff": [-0.10528160189908886, -0.07282136666815553, -0.16340907108460012, -0.10123713467983336, -0.00014527322617777227, -0.001071184438066669, -0.0905486111428111, -0.10316035730343331, -0.046535076781355544, 0.005492712247199938, 0.005454878845700062]}