{"coverage_estimated_first_order": [0.4872819495325713, 0.4161074518608644, 0.491686326747371, 0.4554295007199607, 0.301809529027998, 0.37178793507845587, 0.4383120183756848, 0.2382194296107796, 0.20676299659683503, 0.310035189853612, 0.3123160136244496], "coverage_estimated_second_order": [0.429065159204, 0.288754798569, 0.460037775564, 0.419528709738, 0.024031425565540002, 0.160089191988, 0.37171235325199997, 0.856142591596, 0.932313131414, 0.0383966538244, 0.0323362145798], "sol": [0.0, 0.0, 0.0, 0.0, 0.0, 0.0, 0.0, 1.0, 1.0, 0.0, 0.0], "coverage": [0.5279166666666667, 0.3559939236111111, 0.5662890625, 0.5142708333333333, 0.004782986111111111, 0.14754340277777778, 0.46056423611111114, 1.0, 1.0, 0.021727430555555555, 0.015017361111111112], "coverage_estimated_first_order_diff": [-0.04063471713409539, 0.0601135282497533, -0.07460273575262899, -0.058841332613372654, 0.2970265429168869, 0.2242445323006781, -0.02225221773542635, -0.7617805703892204, -0.7932370034031649, 0.28830775929805647, 0.2972986525133385], "coverage_estimated_second_order_diff": [-0.09885150746266669, -0.0672391250421111, -0.106251286936, -0.09474212359533335, 0.01924843945442889, 0.01254578921022223, -0.08885188285911116, -0.14385740840399996, -0.06768686858600004, 0.016669223268844447, 0.01731885346868889]}