{"coverage_estimated_first_order": [0.9280462618887421, 0.8121996005518504, 0.9534817007594829, 0.9047105698450615, 0.7650641874966625, 0.5637648395685053, 0.663295969504192, 0.6552284596089832, 0.6308590321303571, 0.6312394822440713, 0.6401815477515441], "coverage_estimated_second_order": [0.581230778486, 0.4282431008922001, 0.6634664646968, 0.6399319824615, 0.5348052844043801, 0.9774785662806, 0.9918753868416, 0.9712487367009, 1.0124568197155, 0.12412143378776, 0.12668935208289], "sol": [0.0, 0.0, 0.0, 0.0, 0.0, 1.0, 1.0, 1.0, 1.0, 0.0, 0.0], "coverage": [0.6191579861111111, 0.46469618055555556, 0.6843663194444445, 0.6398177083333333, 0.5486154513888889, 1.0, 1.0, 1.0, 1.0, 0.13665364583333334, 0.1398220486111111], "coverage_estimated_first_order_diff": [0.308888275777631, 0.3475034199962948, 0.2691153813150384, 0.2648928615117282, 0.2164487361077736, -0.4362351604314947, -0.336704030495808, -0.34477154039101676, -0.3691409678696429, 0.494585836410738, 0.500359499140433], "coverage_estimated_second_order_diff": [-0.03792720762511104, -0.03645307966335548, -0.020899854747644442, 0.00011427412816666926, -0.013810166984508765, -0.022521433719399964, -0.008124613158399963, -0.02875126329910005, 0.012456819715499945, -0.012532212045573338, -0.013132696528221105]}