{"coverage_estimated_first_order": [1.6310809328393843, 1.4380685949767464, 1.4310590407697992, 1.3473395520937463, 1.1037480976179328, 1.250265743975229, 1.2962455184088966, 1.330689733784764, 1.1508656100845978, 1.1019423101598522, 1.111851899291715], "coverage_estimated_second_order": [0.737066621644, 0.5914853744135999, 0.9709248772789998, 0.9595791505062998, 0.21103728937545999, 0.38163331346810997, 0.9767028162389, 0.9584440442756998, 0.9623107018746999, 1.0054482548266002, 1.00546933468522], "sol": [0.0, 0.0, 1.0, 1.0, 0.0, 0.0, 1.0, 1.0, 1.0, 1.0, 1.0], "coverage": [0.7443489583333334, 0.5986371527777777, 1.0, 1.0, 0.2090451388888889, 0.3810720486111111, 1.0, 1.0, 1.0, 1.0, 1.0], "coverage_estimated_first_order_diff": [0.8867319745060509, 0.8394314421989687, 0.4310590407697992, 0.34733955209374634, 0.8947029587290439, 0.8691936953641178, 0.29624551840889657, 0.3306897337847641, 0.15086561008459776, 0.10194231015985222, 0.11185189929171502], "coverage_estimated_second_order_diff": [-0.007282336689333313, -0.0071517783641777966, -0.029075122721000213, -0.04042084949370017, 0.001992150486571087, 0.0005612648569988665, -0.023297183761100015, -0.04155595572430015, -0.037689298125300086, 0.005448254826600163, 0.005469334685219929]}