{"coverage_estimated_first_order": [1.236658656516374, 0.8181615522596161, 1.2058429678156162, 0.847817755514468, 0.7642278307317345, 0.8144556857984468, 1.081875976412095, 0.8693533804092932, 0.9702310975202664, 0.7982989077051734, 0.821514176930077], "coverage_estimated_second_order": [0.8656077467641999, 1.0235269337149997, 0.8024786040933999, 1.0103814450158999, 1.00898084106296, 1.0107240588489201, 0.6660696369296, 1.0434754253435998, 0.5553109370699, 0.17070053699427, 0.2079742315511], "sol": [0.0, 1.0, 0.0, 1.0, 1.0, 1.0, 0.0, 1.0, 0.0, 0.0, 0.0], "coverage": [0.8480685763888889, 1.0, 0.7945616319444444, 1.0, 1.0, 1.0, 0.6702690972222223, 1.0, 0.563125, 0.16614149305555556, 0.20345052083333334], "coverage_estimated_first_order_diff": [0.3885900801274851, -0.18183844774038393, 0.41128133587117177, -0.15218224448553197, -0.2357721692682655, -0.18554431420155315, 0.4116068791898728, -0.13064661959070678, 0.4071060975202664, 0.6321574146496178, 0.6180636560967436], "coverage_estimated_second_order_diff": [0.017539170375311053, 0.023526933714999698, 0.007916972148955481, 0.010381445015899882, 0.008980841062959932, 0.010724058848920137, -0.0041994602926223035, 0.04347542534359983, -0.007814062930100008, 0.004559043938714452, 0.004523710717766666]}