{"coverage_estimated_first_order": [1.3917191597277196, 1.2323451449934981, 1.173215626427671, 1.0687688258798829, 0.8019385685899347, 1.1746888403709512, 1.2609905876171352, 1.0813337596256094, 1.1164470360577647, 0.9642226103459525, 0.984267404088996], "coverage_estimated_second_order": [0.7223202898998, 0.5795345621725999, 1.0228966838471998, 1.0147138600029, 1.00635927895076, 0.60486173918191, 0.6052391088255, 1.0142315890429, 0.46384030032959994, 1.00514121131547, 1.00585894711589], "sol": [0.0, 0.0, 1.0, 1.0, 1.0, 0.0, 0.0, 1.0, 0.0, 1.0, 1.0], "coverage": [0.7238151041666666, 0.5933637152777778, 1.0, 1.0, 1.0, 0.589296875, 0.5953255208333333, 1.0, 0.4517317708333333, 1.0, 1.0], "coverage_estimated_first_order_diff": [0.667904055561053, 0.6389814297157204, 0.17321562642767097, 0.06876882587988287, -0.19806143141006527, 0.5853919653709512, 0.6656650667838019, 0.0813337596256094, 0.6647152652244315, -0.03577738965404753, -0.015732595911003955], "coverage_estimated_second_order_diff": [-0.0014948142668665954, -0.01382915310517785, 0.022896683847199784, 0.014713860002899981, 0.00635927895076005, 0.015564864181909943, 0.009913587992166684, 0.014231589042899895, 0.012108529496266618, 0.005141211315470073, 0.0058589471158900785]}