{"coverage_estimated_first_order": [0.6886844887770777, 0.6064761505686022, 0.6956382864173545, 0.6257785435556125, 0.3302033265643758, 0.6698897509914095, 0.5992171786996766, 0.40711510697760567, 0.5527152404991207, 0.6594434850709507, 0.3393899002103343], "coverage_estimated_second_order": [0.4277982630921999, 0.32359183585900003, 0.45778061898940003, 0.3360636320794, 1.0064440824634, 0.5793179146883, 0.27857012399529996, 0.8670769915398, 0.2656626375356, 0.6413714183036001, 1.0082064736874], "sol": [0.0, 0.0, 0.0, 0.0, 1.0, 0.0, 0.0, 1.0, 0.0, 0.0, 1.0], "coverage": [0.47296006944444446, 0.3511328125, 0.5200434027777778, 0.3731684027777778, 1.0, 0.5768532986111111, 0.30604600694444445, 1.0, 0.2937065972222222, 0.6381032986111111, 1.0], "coverage_estimated_first_order_diff": [0.2157244193326332, 0.25534333806860215, 0.17559488363957665, 0.25261014077783467, -0.6697966734356242, 0.09303645238029834, 0.29317117175523216, -0.5928848930223943, 0.2590086432768985, 0.021340186459839594, -0.6606100997896657], "coverage_estimated_second_order_diff": [-0.04516180635224454, -0.02754097664099997, -0.062262783788377796, -0.03710477069837781, 0.006444082463400003, 0.0024646160771888415, -0.027475882949144492, -0.1329230084602, -0.02804395968662221, 0.003268119692488969, 0.008206473687399907]}