{"coverage_estimated_first_order": [1.5899527735895713, 1.4054412535888003, 1.6491232054780471, 1.3058905414999245, 0.9532615114863978, 1.4125472301808233, 1.2705784738132802, 1.2892439414921526, 1.1375897618112607, 1.1222177937908047, 1.1410820535930197], "coverage_estimated_second_order": [0.6455133749633999, 0.4985953324792, 0.7442308523426, 1.003406612361, 1.00450995323136, 0.81539637245926, 0.9920466069144999, 0.9856371073646999, 0.9964974799138999, 0.99966664183466, 1.00028144646159], "sol": [0.0, 0.0, 0.0, 1.0, 1.0, 0.0, 1.0, 1.0, 1.0, 1.0, 1.0], "coverage": [0.6664713541666667, 0.52203125, 0.7414756944444445, 1.0, 1.0, 0.8006770833333333, 1.0, 1.0, 1.0, 1.0, 1.0], "coverage_estimated_first_order_diff": [0.9234814194229046, 0.8834100035888004, 0.9076475110336026, 0.30589054149992445, -0.04673848851360218, 0.61187014684749, 0.27057847381328015, 0.2892439414921526, 0.1375897618112607, 0.12221779379080466, 0.14108205359301973], "coverage_estimated_second_order_diff": [-0.020957979203266808, -0.02343591752079993, 0.0027551578981555025, 0.0034066123609999277, 0.004509953231359942, 0.014719289125926682, -0.007953393085500138, -0.014362892635300106, -0.0035025200861000805, -0.00033335816533996976, 0.00028144646158989595]}