{"coverage_estimated_first_order": [0.7080175017565744, 0.9184203745385277, 0.9962796209692342, 0.6454728566106949, 0.7642278307317347, 0.4892209747135356, 0.8837617874245541, 0.6783863541904267, 0.8102941310750762, 0.6256338614367201, 0.6378254604381464], "coverage_estimated_second_order": [1.0193492740858, 0.7275269887376, 0.8004595350129999, 1.0079327453151, 0.53358755749396, 0.9761830029897102, 0.6461520354979, 1.0356435034737999, 0.5785526626891, 0.10581197660677, 0.11791277288898], "sol": [1.0, 0.0, 0.0, 1.0, 0.0, 1.0, 0.0, 1.0, 0.0, 0.0, 0.0], "coverage": [1.0, 0.718203125, 0.7951475694444444, 1.0, 0.5486154513888889, 1.0, 0.6623914930555556, 1.0, 0.5855772569444444, 0.11642361111111112, 0.12926215277777778], "coverage_estimated_first_order_diff": [-0.2919824982434256, 0.2002172495385276, 0.20113205152478975, -0.35452714338930513, 0.21561237934284583, -0.5107790252864643, 0.22137029436899858, -0.3216136458095733, 0.2247168741306318, 0.509210250325609, 0.5085633076603686], "coverage_estimated_second_order_diff": [0.019349274085799895, 0.009323863737599969, 0.00531196556855551, 0.00793274531509991, -0.015027893894928868, -0.02381699701028983, -0.016239457557655546, 0.035643503473799854, -0.007024594255344407, -0.01061163450434112, -0.011349379888797778]}