{"coverage_estimated_first_order": [1.4710375988221065, 1.3134075180329918, 1.4633687491149452, 1.3641132051313494, 1.0834726139869792, 1.234687629309223, 1.3111797986314009, 1.6133812438944104, 1.1240219088020018, 1.2538343765766422, 0.929107460457153], "coverage_estimated_second_order": [0.9665881183624001, 0.9748804269765999, 0.9577236134598, 0.9558215811548001, 0.15817076218749, 0.33396324477546, 0.9552583633250998, 0.7899392288074001, 0.9797719127907, 0.60433477954004, 0.97900142070691], "sol": [1.0, 1.0, 1.0, 1.0, 0.0, 0.0, 1.0, 0.0, 1.0, 0.0, 1.0], "coverage": [1.0, 1.0, 1.0, 1.0, 0.17528211805555555, 0.34485243055555553, 1.0, 0.7715538194444445, 1.0, 0.6153255208333334, 1.0], "coverage_estimated_first_order_diff": [0.4710375988221065, 0.3134075180329918, 0.4633687491149452, 0.36411320513134937, 0.9081904959314238, 0.8898351987536675, 0.3111797986314009, 0.8418274244499659, 0.12402190880200181, 0.6385088557433088, -0.07089253954284702], "coverage_estimated_second_order_diff": [-0.033411881637599894, -0.025119573023400066, -0.04227638654020005, -0.04417841884519991, -0.01711135586806556, -0.010889185780095512, -0.044741636674900165, 0.01838540936295563, -0.020228087209300027, -0.01099074129329336, -0.020998579293090014]}