{"coverage_estimated_first_order": [1.4299094395722936, 1.2807801766450457, 1.6814329138231934, 1.3226641945375275, 0.932986027855444, 1.3969691155148172, 1.2855127540357845, 1.571935451601799, 1.1107460605286648, 1.2741098602075946, 0.9583376147584577], "coverage_estimated_second_order": [1.034864883164, 1.0288862833096, 0.824580491096, 0.9951215181286, 1.01029156621727, 0.7984048908180101, 1.0040145350688998, 0.7677338731923, 1.0019569342152999, 0.6572013067209601, 1.0125099454311701], "sol": [1.0, 1.0, 0.0, 1.0, 1.0, 0.0, 1.0, 0.0, 1.0, 0.0, 1.0], "coverage": [1.0, 1.0, 0.7955772569444445, 1.0, 1.0, 0.7923741319444444, 1.0, 0.7390885416666667, 1.0, 0.6490885416666666, 1.0], "coverage_estimated_first_order_diff": [0.42990943957229355, 0.28078017664504573, 0.8858556568787489, 0.3226641945375275, -0.06701397214455596, 0.6045949835703728, 0.28551275403578447, 0.8328469099351322, 0.11074606052866476, 0.625021318540928, -0.04166238524154231], "coverage_estimated_second_order_diff": [0.03486488316399994, 0.02888628330959997, 0.02900323415155548, -0.004878481871400053, 0.01029156621727001, 0.006030758873565745, 0.004014535068899816, 0.02864533152563331, 0.001956934215299855, 0.00811276505429348, 0.012509945431170122]}