{"coverage_estimated_first_order": [1.685228765062551, 1.2131486957540805, 1.422240589865134, 1.3447801921518525, 0.924031357185092, 1.3937986400329585, 1.2994450516075922, 1.5665251285315986, 1.1146719392134714, 0.940218480263309, 1.2942979942558677], "coverage_estimated_second_order": [0.8647464235352, 1.002669013569, 1.026000378266, 0.9992776674464999, 1.0096978414562698, 0.78991620077622, 0.9920726382333, 0.7442113815414, 0.9953812755258, 1.01173917497115, 0.67448014055698], "sol": [0.0, 1.0, 1.0, 1.0, 1.0, 0.0, 1.0, 0.0, 1.0, 1.0, 0.0], "coverage": [0.8511067708333333, 1.0, 1.0, 1.0, 1.0, 0.7844704861111111, 1.0, 0.7385460069444445, 1.0, 1.0, 0.6670182291666666], "coverage_estimated_first_order_diff": [0.8341219942292177, 0.21314869575408046, 0.422240589865134, 0.3447801921518525, -0.075968642814908, 0.6093281539218474, 0.29944505160759216, 0.8279791215871541, 0.11467193921347141, -0.05978151973669099, 0.627279765089201], "coverage_estimated_second_order_diff": [0.013639652701866734, 0.002669013568999956, 0.0260003782660001, -0.0007223325535000713, 0.00969784145626984, 0.005445714665108903, -0.007927361766699947, 0.005665374596955486, -0.0046187244741999756, 0.011739174971149957, 0.0074619113903133805]}