{"coverage_estimated_first_order": [1.685228765062551, 1.5041856437059598, 1.6814329138231934, 1.5652451410721595, 1.3872860156537563, 1.2315171538273642, 1.5368109826113825, 1.815572361312258, 1.3439855044752729, 1.0879106739358633, 1.4382749922930538], "coverage_estimated_second_order": [0.9299597877416002, 0.9475201601225998, 0.91483174064, 0.9188858572226999, 0.59337607033929, 0.9977602444665601, 0.9134865688418998, 0.7534000498396, 0.9533857651586, 1.00001366269684, 0.64866526235621], "sol": [1.0, 1.0, 1.0, 1.0, 0.0, 1.0, 1.0, 0.0, 1.0, 1.0, 0.0], "coverage": [1.0, 1.0, 1.0, 1.0, 0.5983333333333334, 1.0, 1.0, 0.7697482638888888, 1.0, 1.0, 0.6529079861111111], "coverage_estimated_first_order_diff": [0.685228765062551, 0.5041856437059598, 0.6814329138231934, 0.5652451410721595, 0.7889526823204229, 0.23151715382736415, 0.5368109826113825, 1.0458240974233692, 0.3439855044752729, 0.08791067393586327, 0.7853670061819427], "coverage_estimated_second_order_diff": [-0.07004021225839985, -0.052479839877400236, -0.08516825936000005, -0.08111414277730011, -0.004957262994043421, -0.0022397555334399133, -0.08651343115810017, -0.01634821404928888, -0.04661423484140004, 1.366269684011101e-05, -0.00424272375490109]}