{"coverage_estimated_first_order": [1.24446445270638, 0.8170565470630946, 0.9604452158530223, 0.8962217231779234, 0.9155507736281975, 0.6980556849126751, 1.1316614072510978, 1.1490186023126843, 0.7767439491967685, 0.7822844962114098, 0.7931976688164143], "coverage_estimated_second_order": [0.8838666200002, 1.0237196466235998, 1.0631374402888, 1.0581244860881998, 0.53736943046058, 0.9846261488968201, 0.7707507359814999, 0.7613839467195, 1.0330976885665, 0.12328039665663, 0.12502440366554], "sol": [0.0, 1.0, 1.0, 1.0, 0.0, 1.0, 0.0, 0.0, 1.0, 0.0, 0.0], "coverage": [0.8511067708333333, 1.0, 1.0, 1.0, 0.5486154513888889, 1.0, 0.7236631944444445, 0.7361805555555555, 1.0, 0.13403645833333333, 0.1359548611111111], "coverage_estimated_first_order_diff": [0.39335768187304665, -0.1829434529369054, -0.03955478414697766, -0.10377827682207663, 0.3669353222393086, -0.3019443150873249, 0.40799821280665327, 0.41283804675712876, -0.22325605080323152, 0.6482480378780765, 0.6572428077053032], "coverage_estimated_second_order_diff": [0.032759849166866695, 0.02371964662359982, 0.06313744028880008, 0.058124486088199756, -0.011246020928308842, -0.015373851103179903, 0.04708754153705541, 0.025203391163944544, 0.03309768856649997, -0.01075606167670333, -0.010930457445571112]}