{"coverage_estimated_first_order": [1.015923104292371, 0.6068855775338324, 0.9604419975518123, 0.8778780484684551, 0.6230581849220219, 0.7132724995030952, 0.8456155112057363, 0.6787311848310162, 0.5548906113419023, 0.4624247524911129, 0.8027349553124854], "coverage_estimated_second_order": [0.8263027524678002, 0.9860162201223999, 0.7034819614287999, 0.5888581807502, 0.13011947433319998, 0.24419495355380003, 0.5292544143785, 1.0062934491353999, 0.9818599047811, 0.97878282095005, 0.59661616193472], "sol": [0.0, 1.0, 0.0, 0.0, 0.0, 0.0, 0.0, 1.0, 1.0, 1.0, 0.0], "coverage": [0.8439496527777778, 1.0, 0.7426388888888888, 0.6325434027777778, 0.14828125, 0.26165798611111113, 0.570078125, 1.0, 1.0, 1.0, 0.6086197916666667], "coverage_estimated_first_order_diff": [0.1719734515145933, -0.39311442246616757, 0.2178031086629234, 0.2453346456906773, 0.4747769349220219, 0.4516145133919841, 0.2755373862057363, -0.32126881516898376, -0.4451093886580977, -0.5375752475088871, 0.1941151636458187], "coverage_estimated_second_order_diff": [-0.01764690030997762, -0.013983779877600133, -0.03915692746008892, -0.04368522202757774, -0.018161775666800023, -0.017463032557311103, -0.04082371062150003, 0.0062934491353998645, -0.018140095218900032, -0.02121717904995002, -0.012003629731946686]}