{"coverage_estimated_first_order": [0.9423964440623066, 0.8315924444081442, 0.7354207543524448, 0.7215610085381339, 0.6027827012910681, 0.7270793645234079, 0.6961812872597665, 0.9230771305864478, 0.5942281579925068, 0.6151638713573548, 0.6201903360759013], "coverage_estimated_second_order": [0.601922546078, 0.4726280706962, 1.0033482097239999, 1.0132611676919998, 0.03642877699357001, 0.25097340101906, 1.0075754943019999, 0.6271773405159999, 1.000367060072, 0.05046368531552, 0.04125908732568], "sol": [0.0, 0.0, 1.0, 1.0, 0.0, 0.0, 1.0, 0.0, 1.0, 0.0, 0.0], "coverage": [0.5920442708333333, 0.46915364583333335, 1.0, 1.0, 0.004782986111111111, 0.22030381944444444, 1.0, 0.6072569444444444, 1.0, 0.020733506944444445, 0.011662326388888889], "coverage_estimated_first_order_diff": [0.3503521732289733, 0.3624387985748108, -0.2645792456475552, -0.2784389914618661, 0.597999715179957, 0.5067755450789635, -0.30381871274023353, 0.31582018614200336, -0.40577184200749317, 0.5944303644129104, 0.6085280096870125], "coverage_estimated_second_order_diff": [0.009878275244666668, 0.003474424862866643, 0.003348209723999851, 0.013261167691999809, 0.0316457908824589, 0.03066958157461558, 0.0075754943019998855, 0.01992039607155549, 0.0003670600720000472, 0.029730178371075555, 0.02959676093679111]}