{"coverage_estimated_first_order": [1.1442056304274684, 1.298871620687942, 1.1870101984231363, 1.0954180960045987, 0.9155507736281977, 1.023290395997586, 1.3254677612991048, 1.363924061543646, 0.9614393157033727, 0.954949542479863, 0.9768863853083448], "coverage_estimated_second_order": [1.0215299953174002, 0.7428115672183999, 1.0519411307289999, 1.0421243934944, 1.0074710601895798, 1.01396831305871, 0.7619790096707, 0.783864645765, 1.0217064840121, 0.18548163714884003, 0.21239820682613], "sol": [1.0, 0.0, 1.0, 1.0, 1.0, 1.0, 0.0, 0.0, 1.0, 0.0, 0.0], "coverage": [1.0, 0.7248741319444445, 1.0, 1.0, 1.0, 1.0, 0.7203211805555556, 0.7590017361111111, 1.0, 0.1837543402777778, 0.21014322916666667], "coverage_estimated_first_order_diff": [0.14420563042746837, 0.5739974887434975, 0.18701019842313626, 0.09541809600459872, -0.0844492263718023, 0.02329039599758609, 0.6051465807435492, 0.604922325432535, -0.03856068429662729, 0.7711952022020852, 0.7667431561416782], "coverage_estimated_second_order_diff": [0.021529995317400186, 0.017937435273955415, 0.05194113072899986, 0.0421243934944, 0.00747106018957977, 0.013968313058710047, 0.041657829115144374, 0.02486290965388893, 0.021706484012099958, 0.0017272968710622394, 0.0022549776594633364]}