{"coverage_estimated_first_order": [2.1473401077239016, 1.9053477712565439, 2.133339990936684, 1.9428745514434813, 1.5670027560865971, 1.709430000328724, 2.1360281613110588, 2.008614681016574, 1.6899660044716633, 1.5941175439198614, 1.6230065107147844], "coverage_estimated_second_order": [0.7716961533986, 0.8307880535263998, 0.7531552936916, 0.8190403438794001, 0.9473939098648998, 0.9550518031009001, 0.5896617321827, 0.7823520952306999, 0.9008493336586001, 0.9506071295643201, 0.94976605440679], "sol": [1.0, 1.0, 1.0, 1.0, 1.0, 1.0, 0.0, 1.0, 1.0, 1.0, 1.0], "coverage": [1.0, 1.0, 1.0, 1.0, 1.0, 1.0, 0.7250477430555555, 1.0, 1.0, 1.0, 1.0], "coverage_estimated_first_order_diff": [1.1473401077239016, 0.9053477712565439, 1.1333399909366841, 0.9428745514434813, 0.5670027560865971, 0.7094300003287239, 1.4109804182555032, 1.008614681016574, 0.6899660044716633, 0.5941175439198614, 0.6230065107147844], "coverage_estimated_second_order_diff": [-0.22830384660140002, -0.16921194647360016, -0.24684470630840005, -0.18095965612059994, -0.0526060901351002, -0.0449481968990999, -0.1353860108728555, -0.21764790476930007, -0.0991506663413999, -0.04939287043567986, -0.05023394559321004]}