{"coverage_estimated_first_order": [1.1314170034315305, 1.2984621937227119, 1.1728979933848718, 1.0646352028994404, 0.8019385685899348, 1.1746888403709512, 1.262236022944043, 1.3303809924062686, 1.0939524761678365, 0.9637251141252416, 0.9830247825612181], "coverage_estimated_second_order": [1.0303381211124, 0.7426928008428, 1.0548043392072, 1.0279354989497, 1.0063592789507598, 0.60486173918211, 0.6125767498333999, 0.7090397049689001, 0.40556373337659996, 1.0053491069142497, 1.00592263379201], "sol": [1.0, 0.0, 1.0, 1.0, 1.0, 0.0, 0.0, 0.0, 0.0, 1.0, 1.0], "coverage": [1.0, 0.7248741319444445, 1.0, 1.0, 1.0, 0.589296875, 0.5928255208333333, 0.6876128472222223, 0.3947612847222222, 1.0, 1.0], "coverage_estimated_first_order_diff": [0.1314170034315305, 0.5735880617782674, 0.17289799338487177, 0.06463520289944036, -0.19806143141006516, 0.5853919653709512, 0.6694105021107097, 0.6427681451840463, 0.6991911914456144, -0.036274885874758356, -0.016975217438781942], "coverage_estimated_second_order_diff": [0.030338121112400085, 0.017818668898355483, 0.05480433920719996, 0.027935498949700044, 0.006359278950759828, 0.015564864182109894, 0.01975122900006665, 0.021426857746677852, 0.010802448654377739, 0.005349106914249724, 0.005922633792009968]}