{"coverage_estimated_first_order": [1.351445763563698, 1.1922414197360345, 1.1301000731751205, 1.3242342162093927, 1.115542997691992, 0.9239979941410099, 1.070793884634414, 1.3072230978248252, 0.9595625057780122, 0.9646333659676464, 0.9748993057211761], "coverage_estimated_second_order": [0.5810608597860001, 0.4304880791576, 1.0015689012306, 0.7106975316063, 0.6476198060365901, 1.0094067629525, 1.0298082541737998, 0.6226515431408, 1.0259211553534, 1.01138987945653, 1.01215039497622], "sol": [0.0, 0.0, 1.0, 0.0, 0.0, 1.0, 1.0, 0.0, 1.0, 1.0, 1.0], "coverage": [0.5728602430555556, 0.4271875, 1.0, 0.6877170138888888, 0.6286501736111111, 1.0, 1.0, 0.6022309027777778, 1.0, 1.0, 1.0], "coverage_estimated_first_order_diff": [0.7785855205081424, 0.7650539197360344, 0.1301000731751205, 0.6365172023205039, 0.48689282408088086, -0.07600200585899008, 0.07079388463441405, 0.7049921950470474, -0.040437494221987835, -0.03536663403235363, -0.025100694278823887], "coverage_estimated_second_order_diff": [0.008200616730444477, 0.0033005791576000143, 0.0015689012305999395, 0.022980517717411164, 0.018969632425479, 0.009406762952500092, 0.029808254173799842, 0.020420640363022158, 0.025921155353400005, 0.011389879456529917, 0.012150394976220058]}