{"coverage_estimated_first_order": [0.2269797932363821, 0.19118755263819837, 0.23217636974651254, 0.23119222889479704, 0.15132294289646295, 0.20883471019913927, 0.23121520230953552, 0.2382194296107796, 0.0, 0.15714813099540037, 0.15661482990604583], "coverage_estimated_second_order": [0.14449883454, 0.066706171981, 0.18907491623, 0.24099834342, 0.014867525108, 0.15108926915, 0.23872880666, 0.2237674456, 0.85734340656, 0.027854760079, 0.019774294836], "sol": [0.0, 0.0, 0.0, 0.0, 0.0, 0.0, 0.0, 0.0, 1.0, 0.0, 0.0], "coverage": [0.15250868055555555, 0.02606770833333333, 0.247421875, 0.334453125, 0.004782986111111111, 0.14754340277777778, 0.3005078125, 0.27861979166666667, 1.0, 0.019921875, 0.01140625], "coverage_estimated_first_order_diff": [0.07447111268082654, 0.16511984430486504, -0.015245505253487474, -0.10326089610520298, 0.14653995678535184, 0.06129130742136149, -0.06929261019046451, -0.04040036205588707, -1.0, 0.13722625599540036, 0.14520857990604583], "coverage_estimated_second_order_diff": [-0.008009846015555544, 0.04063846364766667, -0.05834695877000001, -0.09345478158000001, 0.01008453899688889, 0.003545866372222234, -0.06177900584000004, -0.05485234606666667, -0.14265659344000003, 0.007932885079000002, 0.008368044836]}