{"coverage_estimated_first_order": [1.4517045858426094, 1.0014632940630666, 1.1627274145630657, 1.3447801921518527, 0.9532615114863976, 1.0869512190203265, 1.0563061023687308, 1.3413648713745228, 0.9140904474234199, 0.9490552513016406, 0.9561507155733112], "coverage_estimated_second_order": [0.8687989692679999, 1.0209171485443997, 1.0477763850619999, 0.7661891975281, 0.21318744213637, 0.383801497437, 1.0480124332810998, 0.7470877405047, 1.0303953086639, 1.0082035910449099, 1.00835891586238], "sol": [0.0, 1.0, 1.0, 0.0, 0.0, 0.0, 1.0, 0.0, 1.0, 1.0, 1.0], "coverage": [0.8449479166666667, 1.0, 1.0, 0.7296831597222222, 0.2090451388888889, 0.3810720486111111, 1.0, 0.7317144097222222, 1.0, 1.0, 1.0], "coverage_estimated_first_order_diff": [0.6067566691759427, 0.0014632940630665559, 0.16272741456306572, 0.6150970324296305, 0.7442163725975087, 0.7058791704092154, 0.05630610236873079, 0.6096504616523005, -0.08590955257658006, -0.05094474869835941, -0.043849284426688784], "coverage_estimated_second_order_diff": [0.023851052601333245, 0.020917148544399744, 0.04777638506199988, 0.0365060378058778, 0.004142303247481105, 0.0027294488258888805, 0.04801243328109983, 0.015373330782477712, 0.030395308663899945, 0.008203591044909864, 0.008358915862380023]}