{"coverage_estimated_first_order": [1.670878582888986, 1.193755851897786, 1.640301536272172, 1.5275684533831944, 0.9532615114863977, 1.4121859301052375, 1.2377358738392639, 1.2999190790819113, 1.107577595746918, 1.1222177937908047, 1.1410820535930197], "coverage_estimated_second_order": [0.8644587840072, 1.0175079721812, 0.7776760857156, 0.706283118125, 1.0045099532313597, 0.8154524431699, 1.0262694074228, 1.0260862613045, 1.0147784215937001, 0.9996666418345499, 1.00028144646169], "sol": [0.0, 1.0, 0.0, 0.0, 1.0, 0.0, 1.0, 1.0, 1.0, 1.0, 1.0], "coverage": [0.8529817708333334, 1.0, 0.7763411458333334, 0.6971527777777777, 1.0, 0.8006770833333333, 1.0, 1.0, 1.0, 1.0, 1.0], "coverage_estimated_first_order_diff": [0.8178968120556527, 0.193755851897786, 0.8639603904388387, 0.8304156756054166, -0.046738488513602294, 0.6115088467719042, 0.23773587383926387, 0.2999190790819113, 0.10757759574691805, 0.12221779379080466, 0.14108205359301973], "coverage_estimated_second_order_diff": [0.011477013173866624, 0.017507972181199927, 0.001334939882266628, 0.009130340347222266, 0.00450995323135972, 0.014775359836566637, 0.02626940742280004, 0.02608626130450009, 0.01477842159370013, -0.0003333581654501039, 0.00028144646169003806]}