{"coverage_estimated_first_order": [0.9222086679970186, 0.8181615522596161, 0.955151461719423, 0.6257785435556124, 0.47173524202555905, 0.8300338004644527, 0.8432031803879914, 0.6327728603553924, 0.7572189438821422, 0.4779416677641658, 0.8298088418983701], "coverage_estimated_second_order": [0.5604013651914, 0.43825815908300003, 0.6547290967793999, 0.9655847209117999, 1.00945529540872, 0.57685054250816, 0.5092228775648, 0.9654468843739998, 0.42457499102319995, 1.01099015497166, 0.67382768969018], "sol": [0.0, 0.0, 0.0, 1.0, 1.0, 0.0, 0.0, 1.0, 0.0, 1.0, 0.0], "coverage": [0.6041319444444444, 0.47426649305555557, 0.6754644097222222, 1.0, 1.0, 0.5730902777777778, 0.5350130208333334, 1.0, 0.4439236111111111, 1.0, 0.6675086805555556], "coverage_estimated_first_order_diff": [0.3180767235525742, 0.3438950592040605, 0.2796870519972008, -0.37422145644438765, -0.528264757974441, 0.256943522686675, 0.308190159554658, -0.3672271396446076, 0.31329533277103105, -0.5220583322358342, 0.16230016134281455], "coverage_estimated_second_order_diff": [-0.043730579253044355, -0.03600833397255554, -0.02073531294282227, -0.03441527908820008, 0.009455295408719921, 0.003760264730382268, -0.02579014326853335, -0.034553115626000164, -0.01934862008791116, 0.010990154971660004, 0.006319009134624465]}