{"coverage_estimated_first_order": [0.8695532919577147, 1.054558877608982, 1.1455611878293157, 1.053969085410777, 0.9650564115604571, 0.7320210896509602, 1.0575088199140807, 1.0978155083146697, 0.7515041872329546, 0.8113967508806936, 0.8202409239325723], "coverage_estimated_second_order": [0.9313124707752001, 0.6006258870296, 0.6045388315726, 0.5079634896576001, 0.64846244721614, 1.0154147775191, 0.5664856666085, 0.6112945382385, 0.9801427245232001, 1.0134865954893, 1.01352617268744], "sol": [1.0, 0.0, 0.0, 0.0, 0.0, 1.0, 0.0, 0.0, 1.0, 1.0, 1.0], "coverage": [1.0, 0.6635590277777778, 0.6611154513888889, 0.5405164930555556, 0.6286501736111111, 1.0, 0.6036328125, 0.6582118055555556, 1.0, 1.0, 1.0], "coverage_estimated_first_order_diff": [-0.1304467080422853, 0.3909998498312043, 0.48444573644042677, 0.5134525923552214, 0.336406237949346, -0.26797891034903976, 0.45387600741408074, 0.4396037027591141, -0.24849581276704535, -0.18860324911930637, -0.1797590760674277], "coverage_estimated_second_order_diff": [-0.06868752922479993, -0.0629331407481778, -0.05657661981628892, -0.03255300339795553, 0.019812273605028907, 0.015414777519100031, -0.03714714589150003, -0.04691726731705559, -0.01985727547679994, 0.01348659548929998, 0.013526172687440052]}