{"coverage_estimated_first_order": [0.8017319380519268, 0.707144399812744, 1.0015701568016235, 0.8972110614479518, 0.6027827012910683, 0.6976943848370892, 0.857150438631566, 0.7243446786660506, 0.5629206699799416, 0.6148143151286137, 0.6212331380057013], "coverage_estimated_second_order": [1.0146619385754, 1.0080940297132, 0.79124436735, 0.6467068295367999, 0.036428776993580006, 0.17217203887578003, 0.5664608778735, 0.9949355311074, 0.9923621308812001, 0.05036263124916, 0.044329013506070006], "sol": [1.0, 1.0, 0.0, 0.0, 0.0, 0.0, 0.0, 1.0, 1.0, 0.0, 0.0], "coverage": [1.0, 1.0, 0.7748394097222222, 0.6591145833333333, 0.004782986111111111, 0.14754340277777778, 0.5782986111111111, 1.0, 1.0, 0.021727430555555555, 0.015017361111111112], "coverage_estimated_first_order_diff": [-0.19826806194807323, -0.292855600187256, 0.22673074707940133, 0.23809647811461854, 0.5979997151799571, 0.5501509820593115, 0.2788518275204549, -0.27565532133394943, -0.4370793300200584, 0.5930868845730581, 0.6062157768945903], "coverage_estimated_second_order_diff": [0.014661938575400102, 0.008094029713199946, 0.016404957627777828, -0.01240775379653336, 0.0316457908824689, 0.024628636098002255, -0.01183773323761117, -0.005064468892600038, -0.007637869118799934, 0.028635200693604448, 0.029311652394958893]}