{"coverage_estimated_first_order": [1.0105336263657834, 0.9105345637037796, 0.9716792040663644, 1.1329209762365524, 0.6019463445261403, 1.0060712902129108, 0.8364260078870457, 1.1475163140710003, 0.9208005951109682, 0.7830703492679085, 0.8017227848524119], "coverage_estimated_second_order": [1.0319290196404, 1.0229562235020002, 1.008762678674, 0.7356761255104001, 0.9767959756059199, 0.6255871967848801, 1.0046533313800001, 0.7166253033326, 0.4141852754166, 0.13164613530487002, 0.15554415164425997], "sol": [1.0, 1.0, 1.0, 0.0, 1.0, 0.0, 1.0, 0.0, 0.0, 0.0, 0.0], "coverage": [1.0, 1.0, 1.0, 0.7255164930555555, 1.0, 0.6451736111111112, 1.0, 0.6851822916666667, 0.42153211805555557, 0.14844618055555556, 0.1722265625], "coverage_estimated_first_order_diff": [0.010533626365783366, -0.08946543629622039, -0.028320795933635567, 0.40740448318099687, -0.39805365547385974, 0.3608976791017996, -0.16357399211295431, 0.46233402240433363, 0.49926847705541266, 0.6346241687123529, 0.6294962223524119], "coverage_estimated_second_order_diff": [0.03192901964040007, 0.022956223502000217, 0.008762678674000046, 0.010159632454844525, -0.02320402439408009, -0.019586414326231094, 0.004653331380000125, 0.03144301166593333, -0.007346842638955575, -0.01680004525068554, -0.016682410855740043]}