{"coverage_estimated_first_order": [1.3917191597277196, 1.2323451449934981, 1.1732156264276712, 1.0691301259554686, 0.9349899004942235, 0.9929870253437696, 1.2898144476298892, 1.0800911380978322, 1.1601722536621684, 0.7982989077051734, 1.1574745564274869], "coverage_estimated_second_order": [0.7223202898998, 0.5795345621726, 1.0228966838472, 1.015727032716, 1.0116634223285599, 1.0056130888049102, 0.6931345303723, 1.0142952757193, 0.5955378286888999, 1.00745436107147, 0.70143891509109], "sol": [0.0, 0.0, 1.0, 1.0, 1.0, 1.0, 0.0, 1.0, 0.0, 1.0, 0.0], "coverage": [0.7238151041666666, 0.5933637152777778, 1.0, 1.0, 1.0, 1.0, 0.6875086805555556, 1.0, 0.5884765625, 1.0, 0.6837152777777777], "coverage_estimated_first_order_diff": [0.667904055561053, 0.6389814297157204, 0.1732156264276712, 0.06913012595546864, -0.06501009950577652, -0.0070129746562304085, 0.6023057670743336, 0.08009113809783219, 0.5716956911621683, -0.20170109229482658, 0.4737592786497091], "coverage_estimated_second_order_diff": [-0.0014948142668665954, -0.013829153105177738, 0.022896683847200006, 0.015727032715999956, 0.01166342232855988, 0.005613088804910182, 0.00562584981674441, 0.014295275719300005, 0.007061266188899906, 0.007454361071469906, 0.01772363731331228]}