{"coverage_estimated_first_order": [0.6619065117008294, 0.8842786009888296, 0.9548338286766238, 0.6220062206507557, 0.7934579850330403, 0.5079695648614007, 0.8728250624741581, 0.8825652184431182, 0.7771672119046296, 0.8066381825227942, 0.48212427671974256], "coverage_estimated_second_order": [0.9487106798978, 0.6557347562838, 0.6862211706374, 0.9584212006714, 0.62179484764912, 1.0037882366469602, 0.6068392363004, 0.5784729296292, 0.47873529242439994, 0.63817087479705, 1.00307681633543], "sol": [1.0, 0.0, 0.0, 1.0, 0.0, 1.0, 0.0, 0.0, 0.0, 0.0, 1.0], "coverage": [1.0, 0.7097352430555556, 0.7561588541666666, 1.0, 0.6228038194444444, 1.0, 0.6595963541666666, 0.6476258680555556, 0.5134461805555556, 0.6395616319444445, 1.0], "coverage_estimated_first_order_diff": [-0.33809348829917063, 0.17454335793327402, 0.1986749745099572, -0.3779937793492443, 0.17065416558859592, -0.49203043513859934, 0.21322870830749152, 0.23493935038756264, 0.263721031349074, 0.1670765505783497, -0.5178757232802574], "coverage_estimated_second_order_diff": [-0.0512893201022, -0.05400048677175562, -0.06993768352926666, -0.04157879932859998, -0.0010089717953244426, 0.0037882366469601525, -0.05275711786626658, -0.0691529384263555, -0.03471088813115564, -0.0013907571473944502, 0.0030768163354299993]}