{"coverage_estimated_first_order": [0.9567924412632723, 0.8302910445947467, 0.7097504914556191, 0.898781083119817, 0.7650641874966624, 0.5347411599577725, 0.8849232856175825, 0.6855377073532194, 0.6097163063768614, 0.6303924297946196, 0.6399817281535664], "coverage_estimated_second_order": [0.6842993840118, 0.497073968483, 0.9901021997748, 0.6250953112059, 0.5348052844044001, 0.9823918694921902, 0.6351200829035999, 1.0041600652883, 1.0037467249333, 0.12238554592785, 0.12612337562061], "sol": [0.0, 0.0, 1.0, 0.0, 0.0, 1.0, 0.0, 1.0, 1.0, 0.0, 0.0], "coverage": [0.7185069444444444, 0.53234375, 1.0, 0.6293793402777778, 0.5486154513888889, 1.0, 0.6514019097222222, 1.0, 1.0, 0.1358420138888889, 0.13956597222222222], "coverage_estimated_first_order_diff": [0.23828549681882794, 0.29794729459474667, -0.2902495085443809, 0.2694017428420392, 0.2164487361077735, -0.4652588400422275, 0.23352137589536026, -0.3144622926467806, -0.39028369362313864, 0.49455041590573073, 0.5004157559313441], "coverage_estimated_second_order_diff": [-0.03420756043264439, -0.035269781517, -0.009897800225200037, -0.0042840290718777485, -0.013810166984488781, -0.01760813050780985, -0.016281826818622336, 0.004160065288300041, 0.003746724933300083, -0.013456467961038887, -0.013442596601612233]}