{"coverage_estimated_first_order": [0.9763565002201848, 0.8842786009888295, 1.2055253347728172, 0.8436841325340256, 0.7642278307317346, 0.8144556857984468, 1.0831214117390031, 1.1184006131899527, 0.9477365376303382, 0.7978014114844626, 0.820271555402299], "coverage_estimated_second_order": [1.0535388756426, 1.0492887858478, 0.7812483839134001, 0.9853594586000001, 1.00898084106296, 1.0107240588490098, 0.6611174094039001, 0.6620172491852, 0.4823047786978, 0.16882947822064998, 0.20380735304891], "sol": [1.0, 1.0, 0.0, 1.0, 1.0, 1.0, 0.0, 0.0, 0.0, 0.0, 0.0], "coverage": [1.0, 1.0, 0.7712977430555555, 1.0, 1.0, 1.0, 0.6676432291666666, 0.6513802083333333, 0.5020399305555555, 0.16383246527777778, 0.19873697916666666], "coverage_estimated_first_order_diff": [-0.02364349977981517, -0.11572139901117051, 0.43422759171726166, -0.15631586746597437, -0.23577216926826539, -0.18554431420155315, 0.4154781825723365, 0.46702040485661933, 0.44569660707478265, 0.6339689462066849, 0.6215345762356324], "coverage_estimated_second_order_diff": [0.05353887564260007, 0.04928878584779994, 0.009950640857844584, -0.014640541399999929, 0.008980841062959932, 0.010724058849009843, -0.00652581976276656, 0.010637040851866675, -0.01973515185775554, 0.004997012942872192, 0.005070373882243351]}