{"coverage_estimated_first_order": [1.1705769603830611, 1.3262325885994137, 1.1985618196792776, 1.3366122721192562, 1.0854764866257585, 0.8593679186733223, 1.0588576586683318, 1.1138720367420134, 1.1769578616553655, 0.7788704765236727, 1.12844422172416], "coverage_estimated_second_order": [1.0544825109972, 0.7525066418169999, 1.0597223137734, 0.7344384797142, 0.59837709610471, 1.00958503538917, 1.0243725867868, 1.0526888141847, 0.6424305327687, 1.00562917482761, 0.6539501402192301], "sol": [1.0, 0.0, 1.0, 0.0, 0.0, 1.0, 1.0, 1.0, 0.0, 1.0, 0.0], "coverage": [1.0, 0.70765625, 1.0, 0.7061284722222222, 0.5983333333333334, 1.0, 1.0, 1.0, 0.6293489583333334, 1.0, 0.6536328125], "coverage_estimated_first_order_diff": [0.17057696038306114, 0.6185763385994137, 0.19856181967927755, 0.630483799897034, 0.4871431532924251, -0.1406320813266777, 0.058857658668331814, 0.1138720367420134, 0.5476089033220322, -0.2211295234763273, 0.4748114092241599], "coverage_estimated_second_order_diff": [0.05448251099720003, 0.0448503918169999, 0.05972231377339998, 0.028310007491977762, 4.376277137663198e-05, 0.009585035389169994, 0.0243725867868001, 0.05268881418469995, 0.013081574435366616, 0.005629174827610051, 0.0003173277192300983]}