{"coverage_estimated_first_order": [0.4535529393521088, 0.39650157565621613, 0.47590757905037634, 0.47934136207908773, 0.301809529027998, 0.4008116146891888, 0.23121520230953552, 0.45229221688406906, 0.20673474050273014, 0.310384746082353, 0.3112732116946495], "coverage_estimated_second_order": [0.298110572062, 0.2064180831422, 0.405904572084, 0.472955772862, 0.02403142556553, 0.2391050952578, 0.8842938305479999, 0.35896278112, 0.949248835844, 0.0385270379054, 0.029264228963], "sol": [0.0, 0.0, 0.0, 0.0, 0.0, 0.0, 1.0, 0.0, 1.0, 0.0, 0.0], "coverage": [0.3820486111111111, 0.26187065972222223, 0.5249956597222222, 0.5777300347222222, 0.004782986111111111, 0.22030381944444444, 1.0, 0.4386762152777778, 1.0, 0.020733506944444445, 0.011662326388888889], "coverage_estimated_first_order_diff": [0.07150432824099767, 0.1346309159339939, -0.049088080671845835, -0.09838867264313444, 0.2970265429168869, 0.18050779524474436, -0.7687847976904645, 0.013616001606291284, -0.7932652594972699, 0.2896512391379086, 0.29961088530576063], "coverage_estimated_second_order_diff": [-0.08393803904911112, -0.05545257658002223, -0.11909108763822218, -0.10477426186022215, 0.01924843945441889, 0.018801275813355556, -0.11570616945200007, -0.07971343415777776, -0.050751164156000006, 0.017793530960955553, 0.01760190257411111]}