{"coverage_estimated_first_order": [1.137254597323254, 1.2925002420149458, 1.1712282324249315, 1.3432059291133038, 0.9532615114863978, 1.0869512190203265, 1.054152184898964, 1.3533340878805702, 0.926469647454127, 0.9490552513016405, 0.9561507155733112], "coverage_estimated_second_order": [1.0314328865262001, 0.7182261886333999, 1.054957617963, 0.7480619327911, 0.21318744213637, 0.38380149743708997, 1.0458627089723, 0.7741681504955, 1.0320185039831, 1.00820359104492, 1.00835891586228], "sol": [1.0, 0.0, 1.0, 0.0, 0.0, 0.0, 1.0, 0.0, 1.0, 1.0, 1.0], "coverage": [1.0, 0.6992751736111111, 1.0, 0.7069010416666667, 0.2090451388888889, 0.3810720486111111, 1.0, 0.7545355902777777, 1.0, 1.0, 1.0], "coverage_estimated_first_order_diff": [0.13725459732325396, 0.5932250684038347, 0.17122823242493146, 0.6363048874466372, 0.744216372597509, 0.7058791704092154, 0.054152184898963895, 0.5987984976027925, -0.07353035254587303, -0.05094474869835952, -0.043849284426688784], "coverage_estimated_second_order_diff": [0.03143288652620013, 0.018951015022288797, 0.05495761796300003, 0.04116089112443333, 0.004142303247481105, 0.002729448825978864, 0.04586270897230005, 0.019632560217722306, 0.03201850398310002, 0.008203591044920078, 0.008358915862280103]}