{"coverage_estimated_first_order": [1.5989592928639493, 1.4167518919934698, 1.3754978251377143, 1.5180498950049837, 1.114706640927064, 1.2033512199060983, 1.242635769908802, 1.27193991093896, 1.3386416688507445, 1.1330373400989109, 1.1576743760254646], "coverage_estimated_second_order": [0.6849850065734, 0.5424960114952, 1.0146208015284, 0.6812426803377999, 0.9715996345287499, 0.9788021386534901, 1.0092185662399, 1.0112822268366999, 0.606286739761, 0.9748137395321599, 0.9741952389960402], "sol": [0.0, 0.0, 1.0, 0.0, 1.0, 1.0, 1.0, 1.0, 0.0, 1.0, 1.0], "coverage": [0.6974045138888889, 0.5563975694444444, 1.0, 0.6777864583333333, 1.0, 1.0, 1.0, 1.0, 0.6032421875, 1.0, 1.0], "coverage_estimated_first_order_diff": [0.9015547789750604, 0.8603543225490254, 0.37549782513771435, 0.8402634366716504, 0.11470664092706406, 0.20335121990609828, 0.24263576990880198, 0.27193991093895997, 0.7353994813507445, 0.13303734009891088, 0.15767437602546464], "coverage_estimated_second_order_diff": [-0.012419507315488909, -0.013901557949244414, 0.014620801528399952, 0.0034562220044666025, -0.028400365471250133, -0.021197861346509916, 0.009218566239900028, 0.011282226836699882, 0.0030445522609999776, -0.025186260467840116, -0.025804761003959786]}