{"coverage_estimated_first_order": [1.2247247926062275, 1.1013126893767478, 1.1897433687746124, 1.3340529121773625, 1.0944311572961103, 0.8625383941551814, 1.0616097786135321, 1.3516951783236917, 1.1394818010922514, 1.1122643602472477, 0.7912412206989722], "coverage_estimated_second_order": [1.028651899043, 1.0197593563698, 1.0060879258684, 0.7359713752916, 0.62354934409552, 1.0101902260911801, 1.0093774099366, 0.719460229399, 0.5474905787483999, 0.6431999472162699, 1.00509949952096], "sol": [1.0, 1.0, 1.0, 0.0, 0.0, 1.0, 1.0, 0.0, 0.0, 0.0, 1.0], "coverage": [1.0, 1.0, 1.0, 0.7255164930555555, 0.6228038194444444, 1.0, 1.0, 0.6898958333333334, 0.5504296875, 0.6430164930555555, 1.0], "coverage_estimated_first_order_diff": [0.22472479260622746, 0.10131268937674776, 0.1897433687746124, 0.608536419121807, 0.4716273378516659, -0.1374616058448186, 0.06160977861353212, 0.6617993449903583, 0.5890521135922514, 0.4692478671916922, -0.20875877930102782], "coverage_estimated_second_order_diff": [0.02865189904300003, 0.019759356369799974, 0.006087925868399902, 0.010454882236044405, 0.0007455246510755797, 0.010190226091180143, 0.009377409936599967, 0.02956439606566663, -0.0029391087516000836, 0.00018345416071441356, 0.005099499520959894]}