{"coverage_estimated_first_order": [0.9694054671159706, 0.8779072223158334, 1.1897433687746124, 1.0914719656427305, 0.6222218281570941, 1.0216494048789166, 0.8116060157408828, 1.1065680179990995, 0.9114469584306013, 0.6306807866304076, 0.9832246021591958], "coverage_estimated_second_order": [1.0445716717553999, 1.0557415729502, 0.7082780414684, 0.6177487368056, 1.01112928037056, 0.6663695010924899, 0.9950701381717999, 0.6068521107086, 0.3739869242053, 1.01331525076673, 0.6726301554171], "sol": [1.0, 1.0, 0.0, 0.0, 1.0, 0.0, 1.0, 0.0, 0.0, 1.0, 0.0], "coverage": [1.0, 1.0, 0.6782682291666666, 0.6167274305555556, 1.0, 0.6655078125, 1.0, 0.573125, 0.390625, 1.0, 0.6643402777777778], "coverage_estimated_first_order_diff": [-0.030594532884029357, -0.1220927776841666, 0.5114751396079458, 0.47474453508717496, -0.37777817184290585, 0.3561415923789166, -0.18839398425911724, 0.5334430179990995, 0.5208219584306013, -0.3693192133695924, 0.318884324381418], "coverage_estimated_second_order_diff": [0.04457167175539989, 0.05574157295019999, 0.030009812301733385, 0.0010213062500444847, 0.011129280370560046, 0.0008616885924899176, -0.0049298618282000994, 0.03372711070860002, -0.016638075794700002, 0.013315250766730014, 0.008289877639322207]}