{"coverage_estimated_first_order": [0.8013252909312714, 0.4302339222406838, 0.7539326724009155, 0.6940643168927243, 0.45145975839460517, 0.5178833542486829, 0.4175929849289733, 0.45115080354790116, 0.5853869737757649, 0.4585132365826652, 0.4648181276976334], "coverage_estimated_second_order": [0.7880372794389999, 0.995450455822, 0.697298602901, 0.6010722706, 0.027558387633950004, 0.11727718952069999, 0.9614659957220001, 0.976582013584, 0.3980011767464, 0.032350849825360004, 0.03208880407905], "sol": [0.0, 1.0, 0.0, 0.0, 0.0, 0.0, 1.0, 1.0, 0.0, 0.0, 0.0], "coverage": [0.8064496527777778, 1.0, 0.7503993055555556, 0.6582769097222222, 0.0, 0.09655815972222222, 1.0, 1.0, 0.4368706597222222, 0.0072352430555555555, 0.006440972222222222], "coverage_estimated_first_order_diff": [-0.005124361846506442, -0.5697660777593162, 0.0035333668453599865, 0.035787407170502106, 0.45145975839460517, 0.4213251945264607, -0.5824070150710268, -0.5488491964520988, 0.14851631405354265, 0.4512779935271096, 0.4583771554754112], "coverage_estimated_second_order_diff": [-0.018412373338777877, -0.00454954417800002, -0.053100702654555576, -0.05720463912222218, 0.027558387633950004, 0.02071902979847777, -0.03853400427799991, -0.023417986416000014, -0.03886948297582221, 0.025115606769804448, 0.02564783185682778]}