{"coverage_estimated_first_order": [1.6992181151428607, 1.2259737663205024, 1.4081251665256596, 1.5385958709474437, 0.9524251547214697, 1.3663044447854151, 1.2281479876431187, 1.3060816844886571, 1.2931696104961523, 1.117459225432905, 1.1389257858775998], "coverage_estimated_second_order": [0.8811544799122, 1.0328536205312, 1.0308132993062, 0.7295225678573, 1.00335891258231, 0.68968032312409, 1.0050645299388998, 1.0361980851848998, 0.48141943064359993, 1.00286806149041, 1.00290419577014], "sol": [0.0, 1.0, 1.0, 0.0, 1.0, 0.0, 1.0, 1.0, 0.0, 1.0, 1.0], "coverage": [0.8486631944444445, 1.0, 1.0, 0.7200260416666666, 1.0, 0.6817144097222222, 1.0, 1.0, 0.4845529513888889, 1.0, 1.0], "coverage_estimated_first_order_diff": [0.8505549206984162, 0.22597376632050237, 0.40812516652565956, 0.818569829280777, -0.04757484527853029, 0.6845900350631929, 0.22814798764311872, 0.30608168448865714, 0.8086166591072634, 0.11745922543290499, 0.13892578587759985], "coverage_estimated_second_order_diff": [0.03249128546775548, 0.0328536205312, 0.030813299306200026, 0.009496526190633348, 0.003358912582309914, 0.007965913401867808, 0.005064529938899831, 0.03619808518489975, -0.0031335207452889424, 0.0028680614904099677, 0.0029041957701398946]}