{"coverage_estimated_first_order": [0.8819352718329971, 1.0690947749540318, 1.1712282324249317, 1.1013475827298433, 0.9447809279295033, 0.7454666545956872, 0.8607014959468532, 1.108454556642334, 0.7820005496668172, 0.9646333659676463, 0.6389389262237661], "coverage_estimated_second_order": [0.9771007205526001, 0.6585241013104, 0.702882217241, 0.6480964756076, 0.6248560022767898, 1.006638303704, 1.0195253393891, 0.6595289775345001, 1.0169747189998, 0.6541313176435399, 1.0072816131996198], "sol": [1.0, 0.0, 0.0, 0.0, 0.0, 1.0, 1.0, 0.0, 1.0, 0.0, 1.0], "coverage": [1.0, 0.6901215277777778, 0.7158072916666667, 0.6358376736111111, 0.6228038194444444, 1.0, 1.0, 0.6793967013888889, 1.0, 0.6515451388888889, 1.0], "coverage_estimated_first_order_diff": [-0.11806472816700286, 0.378973247176254, 0.455420940758265, 0.46550990911873225, 0.3219771084850589, -0.2545333454043128, -0.1392985040531468, 0.4290578552534452, -0.2179994503331828, 0.3130882270787574, -0.36106107377623387], "coverage_estimated_second_order_diff": [-0.02289927944739989, -0.03159742646737784, -0.012925074425666705, 0.012258801996488877, 0.0020521828323454283, 0.0066383037040000925, 0.01952533938909995, -0.01986772385438873, 0.016974718999799965, 0.0025861787546510584, 0.007281613199619841]}