{"coverage_estimated_first_order": [0.7421946279021727, 0.9446763372534775, 0.7624334902627814, 0.9347097003132216, 0.6019463445261404, 0.6808365791279996, 0.6370663835725969, 0.7075020550714743, 0.7833581885557063, 0.610902799220166, 0.6192766898882593], "coverage_estimated_second_order": [1.044214744925, 0.74521328652, 1.047265240906, 0.7207669128559999, 0.032790883853910005, 0.12235467525196998, 1.005681923324, 1.0419498640379998, 0.49155449269220003, 0.03740432424101, 0.03715764839143], "sol": [1.0, 0.0, 1.0, 0.0, 0.0, 0.0, 1.0, 1.0, 0.0, 0.0, 0.0], "coverage": [1.0, 0.70765625, 1.0, 0.7061284722222222, 0.0, 0.09655815972222222, 1.0, 1.0, 0.49029947916666666, 0.0072352430555555555, 0.006440972222222222], "coverage_estimated_first_order_diff": [-0.2578053720978273, 0.23702008725347756, -0.2375665097372186, 0.22858122809099946, 0.6019463445261404, 0.5842784194057773, -0.36293361642740307, -0.29249794492852565, 0.2930587093890396, 0.6036675561646104, 0.6128357176660372], "coverage_estimated_second_order_diff": [0.044214744925000105, 0.037557036519999976, 0.04726524090599993, 0.014638440633777727, 0.032790883853910005, 0.025796515529747766, 0.005681923323999971, 0.04194986403799983, 0.001255013525533366, 0.030169081185454444, 0.030716676169207778]}