{"coverage_estimated_first_order": [1.6992181151428611, 1.5170107142723817, 1.6673174904837187, 1.7590608198677506, 1.2359630727572934, 1.3475558546375501, 1.46531409904893, 1.5538862957415394, 1.5211632648074627, 1.103925085429627, 1.4665915004067163], "coverage_estimated_second_order": [0.9058446926298, 0.9114540082171998, 0.9306232594521999, 0.7100232271520001, 1.00378869994519, 1.00262784905456, 0.9484436756596, 0.9342846696632999, 0.6158689023523, 1.00098015225211, 0.6946890149856702], "sol": [1.0, 1.0, 1.0, 0.0, 1.0, 1.0, 1.0, 1.0, 0.0, 1.0, 0.0], "coverage": [1.0, 1.0, 1.0, 0.7350694444444444, 1.0, 1.0, 1.0, 1.0, 0.6293489583333334, 1.0, 0.6839496527777778], "coverage_estimated_first_order_diff": [0.6992181151428611, 0.5170107142723817, 0.6673174904837187, 1.0239913754233063, 0.23596307275729345, 0.3475558546375501, 0.46531409904892995, 0.5538862957415394, 0.8918143064741293, 0.10392508542962697, 0.7826418476289385], "coverage_estimated_second_order_diff": [-0.09415530737019995, -0.0885459917828002, -0.06937674054780008, -0.025046217292444384, 0.003788699945189933, 0.0026278490545599276, -0.05155632434040003, -0.06571533033670007, -0.013480055981033412, 0.0009801522521100114, 0.0107393622078924]}