{"coverage_estimated_first_order": [0.910274804086872, 1.1013126893767478, 0.939051862678419, 1.1123750002940924, 0.9349899004942235, 0.6964146937940057, 0.8517608426021824, 1.1138720367420134, 0.9701948650585306, 0.6259834176654611, 0.9727430380057561], "coverage_estimated_second_order": [1.0302019710742, 0.7184255407897999, 1.0415480281213998, 0.7028553911591, 0.5984767901915601, 1.00985431098959, 1.0244801688564, 0.6822260988293001, 0.5533433365973, 1.0053970337673301, 0.6504671467478], "sol": [1.0, 0.0, 1.0, 0.0, 0.0, 1.0, 1.0, 0.0, 0.0, 1.0, 0.0], "coverage": [1.0, 0.6992751736111111, 1.0, 0.6965755208333333, 0.5983333333333334, 1.0, 1.0, 0.6790885416666667, 0.5562803819444444, 1.0, 0.6502300347222222], "coverage_estimated_first_order_diff": [-0.089725195913128, 0.4020375157656366, -0.060948137321581, 0.4157994794607591, 0.3366565671608901, -0.30358530620599433, -0.14823915739781757, 0.43478349507534675, 0.4139144831140862, -0.37401658233453894, 0.32251300328353394], "coverage_estimated_second_order_diff": [0.030201971074200085, 0.019150367178688787, 0.041548028121399794, 0.006279870325766712, 0.00014345685822669818, 0.00985431098959011, 0.02448016885640003, 0.0031375571626334198, -0.0029370453471444513, 0.005397033767330139, 0.00023711202557785693]}