{"coverage_estimated_first_order": [1.4168897665989402, 1.2472904693037785, 1.2129948760615512, 1.146568916228522, 0.9329860278554439, 1.0717344044299062, 1.099438194441669, 1.1272559948391394, 0.9746272320157303, 1.1019423101598522, 0.7758915197943052], "coverage_estimated_second_order": [0.7543600402253999, 0.603792379308, 0.9933180497647998, 0.9793014931387999, 0.15961166254726003, 0.33553708382410996, 0.9963554893048, 0.9773931786697998, 0.9772826280927, 0.6067852596266, 0.9806187222017199], "sol": [0.0, 0.0, 1.0, 1.0, 0.0, 0.0, 1.0, 1.0, 1.0, 0.0, 1.0], "coverage": [0.7443489583333334, 0.5986371527777777, 1.0, 1.0, 0.17528211805555555, 0.34485243055555553, 1.0, 1.0, 1.0, 0.6158984375, 1.0], "coverage_estimated_first_order_diff": [0.6725408082656068, 0.6486533165260008, 0.2129948760615512, 0.14656891622852197, 0.7577039097998883, 0.7268819738743506, 0.0994381944416689, 0.1272559948391394, -0.025372767984269684, 0.48604387265985227, -0.22410848020569485], "coverage_estimated_second_order_diff": [0.010011081892066565, 0.005155226530222268, -0.00668195023520024, -0.020698506861200117, -0.015670455508295517, -0.009315346731445573, -0.0036445106951999984, -0.0226068213302002, -0.022717371907300055, -0.009113177873399936, -0.01938127779828014]}