{"coverage_estimated_first_order": [1.1491884612334007, 1.300386052849694, 1.4465201554239946, 1.0770744212951306, 0.7824994417239091, 1.2049922110247677, 1.2821134012391098, 1.1207846480538977, 0.9388850799465698, 1.1213707413413527, 0.8049218544976319], "coverage_estimated_second_order": [1.0318833377338001, 0.7393930769766001, 0.830197175233, 1.0461997893305999, 1.01260490893838, 0.72313706131441, 0.6521370166987999, 1.0546529448709, 1.0279693133257, 0.6591096888837702, 1.0148799366506598], "sol": [1.0, 0.0, 0.0, 1.0, 1.0, 0.0, 0.0, 1.0, 1.0, 0.0, 1.0], "coverage": [1.0, 0.718203125, 0.7972309027777778, 1.0, 1.0, 0.7196137152777777, 0.6262543402777778, 1.0, 1.0, 0.6490928819444445, 1.0], "coverage_estimated_first_order_diff": [0.14918846123340068, 0.5821829278496939, 0.6492892526462168, 0.07707442129513065, -0.21750055827609094, 0.48537849574699, 0.655859060961332, 0.12078464805389766, -0.06111492005343022, 0.47227785939690825, -0.19507814550236813], "coverage_estimated_second_order_diff": [0.03188333773380014, 0.021189951976600008, 0.03296627245522221, 0.04619978933059987, 0.012604908938379955, 0.003523346036632291, 0.025882676421022044, 0.05465294487090011, 0.027969313325699963, 0.010016806939325718, 0.014879936650659786]}