{"coverage_estimated_first_order": [0.6964902849670832, 0.6053711453720807, 0.45024053445476064, 0.6741825112190676, 0.30180952902799796, 0.6970226461633671, 0.6488027899407001, 0.6855377073532194, 0.35790818122513157, 0.48220273990135454, 0.49476210858860237], "coverage_estimated_second_order": [0.4783767159048, 0.3324419317144, 0.8835847305608, 0.5400764095527999, 0.9712926400485399, 0.6661625942269, 0.487191009586, 0.5300425663149, 0.9696242287489998, 0.13809430479939, 0.15650456398914], "sol": [0.0, 0.0, 1.0, 0.0, 1.0, 0.0, 0.0, 0.0, 1.0, 0.0, 0.0], "coverage": [0.5662022569444445, 0.40286024305555557, 1.0, 0.6201692708333333, 1.0, 0.6913758680555555, 0.5780815972222222, 0.5974869791666667, 1.0, 0.1634201388888889, 0.18190538194444444], "coverage_estimated_first_order_diff": [0.13028802802263872, 0.20251090231652513, -0.5497594655452394, 0.054013240385734296, -0.698190470972002, 0.005646778107811556, 0.07072119271847788, 0.08805072818655268, -0.6420918187748684, 0.31878260101246564, 0.3128567266441579], "coverage_estimated_second_order_diff": [-0.08782554103964446, -0.07041831134115556, -0.1164152694392, -0.08009286128053339, -0.02870735995146012, -0.025213273828655458, -0.09089058763622221, -0.06744441285176672, -0.030375771251000216, -0.0253258340894989, -0.02540081795530444]}