{"coverage_estimated_first_order": [1.277786815766187, 1.1418258415994418, 1.2469711270654273, 1.1090091148774255, 0.9321496710905162, 0.9968292394993508, 1.2870614123880146, 1.1610890270103413, 1.1240501648961068, 1.0963366893525008, 0.7735354324809073], "coverage_estimated_second_order": [0.96926958979, 0.9670921114333999, 0.9938898045249998, 1.0022253018176, 0.1560182269152, 0.1197771170355, 0.6146810143254999, 0.9810258673888, 0.46832541152709994, 0.5930599544239401, 0.97876837642043], "sol": [1.0, 1.0, 1.0, 1.0, 0.0, 0.0, 0.0, 1.0, 0.0, 0.0, 1.0], "coverage": [1.0, 1.0, 1.0, 1.0, 0.17049913194444444, 0.1286892361111111, 0.5971657986111111, 1.0, 0.45456163194444443, 0.6043402777777778, 1.0], "coverage_estimated_first_order_diff": [0.2777868157661869, 0.14182584159944178, 0.24697112706542734, 0.10900911487742548, 0.7616505391460717, 0.8681400033882396, 0.6898956137769036, 0.16108902701034133, 0.6694885329516623, 0.49199641157472307, -0.22646456751909272], "coverage_estimated_second_order_diff": [-0.030730410210000003, -0.032907888566600096, -0.006110195475000246, 0.002225301817599945, -0.014480905029244429, -0.00891211907561111, 0.017515215714388854, -0.018974132611199956, 0.013763779582655511, -0.011280323353837662, -0.02123162357956998]}