{"coverage_estimated_first_order": [1.0233222533617212, 0.9109439906690098, 0.9857914091046289, 1.163342569266125, 0.7532692874226032, 0.8896712893271389, 0.8716809386788071, 1.1827995009568657, 0.748484428635071, 0.7675534339948556, 0.7746488982665272], "coverage_estimated_second_order": [1.0333656793934, 1.0223386021977998, 1.023007147839, 0.7820944414568, 0.039662227964070006, 0.25392628957788, 1.0351673132935, 0.8058053552314, 1.0335639553456, 0.05353909223715, 0.04436099447558], "sol": [1.0, 1.0, 1.0, 0.0, 0.0, 0.0, 1.0, 0.0, 1.0, 0.0, 0.0], "coverage": [1.0, 1.0, 1.0, 0.7358420138888889, 0.004782986111111111, 0.22030381944444444, 1.0, 0.7587326388888889, 1.0, 0.020733506944444445, 0.011662326388888889], "coverage_estimated_first_order_diff": [0.023322253361721224, -0.08905600933099023, -0.014208590895371076, 0.4275005553772361, 0.7484863013114921, 0.6693674698826945, -0.12831906132119286, 0.42406686206797684, -0.25151557136492897, 0.7468199270504112, 0.7629865718776383], "coverage_estimated_second_order_diff": [0.03336567939340007, 0.022338602197799817, 0.02300714783899993, 0.046252427567911036, 0.034879241852958896, 0.033622470133435556, 0.03516731329349998, 0.04707271634251109, 0.03356395534559997, 0.03280558529270555, 0.03269866808669111]}