{"coverage_estimated_first_order": [0.910274804086872, 1.1013126893767475, 0.9390518626784191, 1.1123750002940924, 0.7642278307317346, 0.843118065333594, 0.8509137901527289, 1.1133745405213027, 0.9662726534655603, 0.7986484639339143, 0.8204713750002769], "coverage_estimated_second_order": [1.0302019710742, 0.7184255407897999, 1.0415480281214, 0.702855391159, 1.00898084106296, 1.0156240886788899, 1.0233304655139, 0.6803616017356, 0.5396644328897999, 0.17242843961392998, 0.20483807787090003], "sol": [1.0, 0.0, 1.0, 0.0, 1.0, 1.0, 1.0, 0.0, 0.0, 0.0, 0.0], "coverage": [1.0, 0.6992751736111111, 1.0, 0.6965755208333333, 1.0, 1.0, 1.0, 0.6768012152777778, 0.5404947916666667, 0.16878038194444445, 0.2004644097222222], "coverage_estimated_first_order_diff": [-0.089725195913128, 0.4020375157656364, -0.060948137321580886, 0.4157994794607591, -0.23577216926826539, -0.156881934666406, -0.14908620984727106, 0.4365733252435249, 0.42577786179889365, 0.6298680819894699, 0.6200069652780547], "coverage_estimated_second_order_diff": [0.030201971074200085, 0.019150367178688787, 0.041548028121400016, 0.006279870325666681, 0.008980841062959932, 0.01562408867888987, 0.023330465513899945, 0.0035603864578221955, -0.0008303587768667686, 0.0036480576694855327, 0.004373668148677817]}