{"coverage_estimated_first_order": [0.667744105592553, 0.5872797013291842, 0.6939717437586245, 0.680111997944312, 0.301809529027998, 0.7260463257740999, 0.4271754738273096, 0.6552284596089831, 0.37905090697862737, 0.4830497923508063, 0.49496192818658], "coverage_estimated_second_order": [0.349426904578, 0.2447763647316, 0.46518788731280003, 0.5214665014398, 0.9712926400485299, 0.7450636386242, 0.9308601962587999, 0.40858348270550005, 0.9770259991735999, 0.13985961693850002, 0.1570817872799], "sol": [0.0, 0.0, 0.0, 0.0, 1.0, 0.0, 1.0, 0.0, 1.0, 0.0, 0.0], "coverage": [0.3820486111111111, 0.26187065972222223, 0.5249956597222222, 0.5777300347222222, 1.0, 0.7641362847222222, 1.0, 0.4386762152777778, 1.0, 0.16423177083333335, 0.18216145833333333], "coverage_estimated_first_order_diff": [0.28569549448144194, 0.32540904160696194, 0.1689760840364023, 0.10238196322208981, -0.6981904709720019, -0.03808995894812228, -0.5728245261726904, 0.21655224433120535, -0.6209490930213726, 0.31881802151747296, 0.3128004698532467], "coverage_estimated_second_order_diff": [-0.03262170653311108, -0.017094294990622233, -0.059807772409422144, -0.05626353328242217, -0.028707359951470113, -0.019072646098022172, -0.0691398037412001, -0.030092732572277736, -0.02297400082640011, -0.024372153894833326, -0.02507967105343334]}