{"coverage_estimated_first_order": [1.3296506172933822, 1.4715583023180137, 1.648805572435248, 1.3021182185950675, 1.0863128433906866, 1.2308454151536419, 1.3006477691529421, 1.5370485527450348, 1.158820419525736, 0.9557965949293147, 1.3130465844037325], "coverage_estimated_second_order": [0.980765175511, 0.6965320695969999, 0.7842056230466, 1.0067439829044, 1.0074453438045698, 0.9998825249994601, 1.0033733122935997, 0.710374666919, 0.9943041616105999, 1.00635162904093, 0.6999603122410701], "sol": [1.0, 0.0, 0.0, 1.0, 1.0, 1.0, 1.0, 0.0, 1.0, 1.0, 0.0], "coverage": [1.0, 0.7195095486111112, 0.7868706597222223, 1.0, 1.0, 1.0, 1.0, 0.7288845486111111, 1.0, 1.0, 0.6832248263888889], "coverage_estimated_first_order_diff": [0.3296506172933822, 0.7520487537069025, 0.8619349127130257, 0.3021182185950675, 0.08631284339068657, 0.23084541515364188, 0.3006477691529421, 0.8081640041339238, 0.1588204195257359, -0.04420340507068532, 0.6298217580148435], "coverage_estimated_second_order_diff": [-0.019234824489000046, -0.02297747901411129, -0.0026650366756222343, 0.0067439829044000366, 0.007445343804569848, -0.00011747500053993498, 0.0033733122935997173, -0.018509881692111096, -0.005695838389400132, 0.006351629040930007, 0.01673548585218121]}