{"coverage_estimated_first_order": [1.3168619902974443, 1.1801119274009038, 1.3755010434389245, 1.051592976720774, 0.9642200547955291, 1.0407592951023674, 1.0572504065661026, 1.2539607546062874, 1.1481880602452175, 0.9801502812406993, 1.001973192307061], "coverage_estimated_second_order": [0.4466793496796, 0.3602843984656, 0.6330447030544, 0.9992412626096, 0.9752693058115199, 0.9822542197542, 1.0131235966932999, 0.4531144603532, 0.5453532137552, 0.9785448366813401, 0.9777910107251802], "sol": [0.0, 0.0, 0.0, 1.0, 1.0, 1.0, 1.0, 0.0, 0.0, 1.0, 1.0], "coverage": [0.41597222222222224, 0.3231293402777778, 0.6208810763888889, 1.0, 1.0, 1.0, 1.0, 0.425078125, 0.5365798611111111, 1.0, 1.0], "coverage_estimated_first_order_diff": [0.9008897680752221, 0.856982587123126, 0.7546199670500356, 0.0515929767207739, -0.03577994520447092, 0.04075929510236742, 0.057250406566102585, 0.8288826296062874, 0.6116081991341064, -0.01984971875930075, 0.0019731923070609447], "coverage_estimated_second_order_diff": [0.030707127457377748, 0.03715505818782222, 0.012163626665511074, -0.0007587373903999994, -0.024730694188480062, -0.01774578024579998, 0.013123596693299877, 0.028036335353200048, 0.00877335264408885, -0.02145516331865993, -0.022208989274819846]}