{"coverage_estimated_first_order": [0.6746951386967672, 0.8846880279540598, 0.9689460337148882, 0.6520665136047427, 0.6230581849220221, 0.713633799578681, 0.8797035465066607, 0.917103280021917, 0.5624082175163168, 0.4619272562704021, 0.8014923337847074], "coverage_estimated_second_order": [0.9544131704198, 0.6571057924114, 0.7262974210228, 1.0075994998686, 0.13011947433319998, 0.24525562448536, 0.6131142173144, 0.6845050284382, 1.0151199443471, 0.9785787067540501, 0.5936123677784101], "sol": [1.0, 0.0, 0.0, 1.0, 0.0, 0.0, 0.0, 0.0, 1.0, 1.0, 0.0], "coverage": [1.0, 0.7097352430555556, 0.7646788194444445, 1.0, 0.14828125, 0.26165798611111113, 0.6261805555555555, 0.7282552083333333, 1.0, 1.0, 0.6062413194444445], "coverage_estimated_first_order_diff": [-0.3253048613032328, 0.1749527848985042, 0.2042672142704437, -0.34793348639525734, 0.4747769349220221, 0.4519758134675699, 0.2535229909511052, 0.18884807168858364, -0.43759178248368324, -0.5380727437295979, 0.19525101434026293], "coverage_estimated_second_order_diff": [-0.045586829580199995, -0.052629450644155584, -0.03838139842164445, 0.007599499868599979, -0.018161775666800023, -0.016402361625751122, -0.01306633824115555, -0.0437501798951333, 0.015119944347099956, -0.02142129324594988, -0.012628951666034394]}