{"coverage_estimated_first_order": [0.47449332253663346, 0.4156980248956341, 0.4775741217091065, 0.425007907690388, 0.15048658613153507, 0.4881879359642277, 0.40305708758392333, 0.20293624272491415, 0.37907916307273226, 0.32555210512666494, 0.3393899002103343], "coverage_estimated_second_order": [0.37662288399099997, 0.2856103859526, 0.39781162948500004, 0.2858102535444, 0.96371581403, 0.5223816373283, 0.228617575548, 0.8175621559484, 0.22894411423419997, 0.1168169788438, 0.1456062879691], "sol": [0.0, 0.0, 0.0, 0.0, 1.0, 0.0, 0.0, 1.0, 0.0, 0.0, 0.0], "coverage": [0.47296006944444446, 0.3511328125, 0.5200434027777778, 0.3731684027777778, 1.0, 0.5486154513888889, 0.3043185763888889, 1.0, 0.2834027777777778, 0.14580729166666667, 0.17521267361111112], "coverage_estimated_first_order_diff": [0.0015332530921889909, 0.06456521239563412, -0.042469281068671316, 0.05183950491261019, -0.8495134138684649, -0.06042751542466118, 0.09873851119503446, -0.7970637572750858, 0.09567638529495448, 0.17974481345999826, 0.1641772265992232], "coverage_estimated_second_order_diff": [-0.0963371854534445, -0.06552242654739998, -0.12223177329277779, -0.08735814923337781, -0.03628418597000005, -0.02623381406058889, -0.07570100084088888, -0.18243784405160002, -0.05445866354357781, -0.028990312822866668, -0.029606385642011124]}