{"coverage_estimated_first_order": [1.6852287650625506, 1.21314869575408, 1.422240589865134, 1.3447801921518527, 1.1037480976179328, 1.250265743975229, 1.2996448712055715, 1.5677677500593759, 1.1159918501639625, 1.1014448139391415, 1.1106092777639371], "coverage_estimated_second_order": [0.8647464235352, 1.0026690135689997, 1.0260003782659999, 0.9992776674464999, 0.21103728937546998, 0.38163331346822, 0.9915933417163998, 0.7471810800910998, 0.9921480039419999, 1.00590877058975, 1.00608581628088], "sol": [0.0, 1.0, 1.0, 1.0, 0.0, 0.0, 1.0, 0.0, 1.0, 1.0, 1.0], "coverage": [0.8511067708333333, 1.0, 1.0, 1.0, 0.2090451388888889, 0.3810720486111111, 1.0, 0.7409244791666667, 1.0, 1.0, 1.0], "coverage_estimated_first_order_diff": [0.8341219942292173, 0.21314869575408002, 0.422240589865134, 0.34478019215185274, 0.8947029587290439, 0.8691936953641178, 0.2996448712055715, 0.8268432708927091, 0.11599185016396252, 0.10144481393914151, 0.11060927776393714], "coverage_estimated_second_order_diff": [0.013639652701866734, 0.002669013568999734, 0.02600037826599988, -0.0007223325535000713, 0.001992150486581079, 0.0005612648571088896, -0.00840665828360021, 0.006256600924433142, -0.007851996058000132, 0.005908770589750034, 0.006085816280879897]}