{"coverage_estimated_first_order": [0.4283823324808884, 0.38155625134593607, 0.43612832941649604, 0.40154127173044873, 0.17076206976248884, 0.5037660506302338, 0.3927675954850016, 0.40636998167053906, 0.34855454454476476, 0.17266504626845328, 0.5196490959893404], "coverage_estimated_second_order": [0.1534079886662, 0.11389626237779998, 0.1797603945914, 0.1499215293926, 1.0001768759979999, 0.564850011593, 0.148999270623, 0.15149043414019997, 0.1054755995, 1.001527611232, 0.660982601558], "sol": [0.0, 0.0, 0.0, 0.0, 1.0, 0.0, 0.0, 0.0, 0.0, 1.0, 0.0], "coverage": [0.0, 0.0, 0.0, 0.0, 1.0, 0.5689496527777778, 0.0049479166666666664, 0.002309027777777778, 0.02470486111111111, 1.0, 0.6641059027777778], "coverage_estimated_first_order_diff": [0.4283823324808884, 0.38155625134593607, 0.43612832941649604, 0.40154127173044873, -0.8292379302375111, -0.06518360214754393, 0.38781967881833496, 0.4040609538927613, 0.32384968343365367, -0.8273349537315468, -0.14445680678843742], "coverage_estimated_second_order_diff": [0.1534079886662, 0.11389626237779998, 0.1797603945914, 0.1499215293926, 0.0001768759979998702, -0.004099641184777791, 0.14405135395633334, 0.1491814063624222, 0.08077073838888889, 0.001527611231999959, -0.0031233012197777743]}