{"coverage_estimated_first_order": [0.9156642820134597, 0.7976637032068005, 0.927814656163867, 0.8569707724504094, 0.4725715987904868, 0.8755539857086896, 0.8310796138606864, 0.6445894112813186, 0.5553175411415998, 0.4827002361220653, 0.83196510961379], "coverage_estimated_second_order": [0.5146486838542, 0.3529336698304, 0.5593416627750001, 0.5016995101321999, 1.0106730223191398, 0.7118928739185001, 0.453944983314, 0.9370217390141, 0.9812434503311, 1.0138253781095001, 0.6780539857728], "sol": [0.0, 0.0, 0.0, 0.0, 1.0, 0.0, 0.0, 1.0, 1.0, 1.0, 0.0], "coverage": [0.5279166666666667, 0.3559939236111111, 0.5662890625, 0.5142708333333333, 1.0, 0.7117100694444445, 0.4613758680555556, 1.0, 1.0, 1.0, 0.6693836805555555], "coverage_estimated_first_order_diff": [0.38774761534679303, 0.44166977959568937, 0.36152559366386705, 0.3426999391170761, -0.5274284012095132, 0.1638439162642451, 0.3697037458051308, -0.35541058871868136, -0.4446824588584002, -0.5172997638779346, 0.16258142905823447], "coverage_estimated_second_order_diff": [-0.013267982812466661, -0.0030602537807111196, -0.006947399724999914, -0.01257132320113341, 0.010673022319139802, 0.00018280447405560896, -0.007430884741555566, -0.06297826098589998, -0.018756549668899947, 0.01382537810950013, 0.008670305217244434]}