{"coverage_estimated_first_order": [1.706169148247075, 1.2323451449934986, 1.4239071325238641, 1.2908080378387388, 1.2651932270585993, 1.0124073541653569, 1.5005104360906925, 1.3184117759002212, 1.3333814012888594, 1.111914804018507, 1.1282444021261822], "coverage_estimated_second_order": [0.9069843667370001, 1.0403506098195998, 1.0323400174612, 1.0082529474752, 0.64364930771232, 1.0058436064115701, 0.7020773414849, 1.0273394834979, 0.5898485629536, 1.01061533544803, 1.01131747622905], "sol": [0.0, 1.0, 1.0, 1.0, 0.0, 1.0, 0.0, 1.0, 0.0, 1.0, 1.0], "coverage": [0.8637065972222222, 1.0, 1.0, 1.0, 0.6286501736111111, 1.0, 0.6930164930555556, 1.0, 0.5903515625, 1.0, 1.0], "coverage_estimated_first_order_diff": [0.8424625510248529, 0.23234514499349856, 0.42390713252386414, 0.29080803783873876, 0.6365430534474882, 0.012407354165356876, 0.8074939430351369, 0.3184117759002212, 0.7430298387888594, 0.11191480401850695, 0.12824440212618216], "coverage_estimated_second_order_diff": [0.04327776951477791, 0.040350609819599814, 0.03234001746120008, 0.008252947475200001, 0.0149991341012089, 0.0058436064115701125, 0.009060848429344404, 0.02733948349789994, -0.0005029995463999848, 0.010615335448030061, 0.011317476229049994]}