{"coverage_estimated_first_order": [1.1442056304274684, 1.0078346727360628, 0.9278178744650771, 0.8749531470842921, 0.6320128555923737, 1.042038986145451, 1.0883016498932938, 1.116119450290764, 0.7334456613920624, 0.9684836824831412, 0.6492206707792282], "coverage_estimated_second_order": [0.5896783263650001, 0.4491340354808, 1.002329791597, 1.0421092876706, 1.0129414351637998, 0.72329301347546, 0.6576993774858999, 0.6344186989759, 1.0304950629938, 0.65834145969084, 1.0152205547604198], "sol": [0.0, 0.0, 1.0, 1.0, 1.0, 0.0, 0.0, 0.0, 1.0, 0.0, 1.0], "coverage": [0.5901128472222222, 0.4638802083333333, 1.0, 1.0, 1.0, 0.7196137152777777, 0.6458854166666667, 0.6103081597222222, 1.0, 0.6485199652777778, 1.0], "coverage_estimated_first_order_diff": [0.5540927832052461, 0.5439544644027294, -0.07218212553492287, -0.12504685291570794, -0.36798714440762625, 0.32242527086767336, 0.44241623322662715, 0.5058112905685419, -0.26655433860793765, 0.31996371720536343, -0.3507793292207718], "coverage_estimated_second_order_diff": [-0.0004345208572221759, -0.014746172852533324, 0.002329791596999975, 0.04210928767059996, 0.012941435163799753, 0.0036792981976823125, 0.011813960819233249, 0.024110539253677787, 0.030495062993799893, 0.009821494413062237, 0.015220554760419835]}