{"coverage_estimated_first_order": [1.4168897665989402, 1.2472904693037783, 1.2129948760615512, 1.1469302163041075, 1.0660373597597326, 0.8900325894027246, 1.128262054454423, 1.1260133733113622, 1.0183524496201337, 0.9360186075190732, 0.949098672132796], "coverage_estimated_second_order": [0.7543600402254, 0.603792379308, 0.9933180497647998, 0.9782236772255, 0.5379567600210601, 0.9786844034839101, 0.9901989454252, 0.9773652752324997, 0.9708583262213, 0.1272031946198, 0.12979402078692], "sol": [0.0, 0.0, 1.0, 1.0, 0.0, 1.0, 1.0, 1.0, 1.0, 0.0, 0.0], "coverage": [0.7443489583333334, 0.5986371527777777, 1.0, 1.0, 0.5486154513888889, 1.0, 1.0, 1.0, 1.0, 0.13665364583333334, 0.1398220486111111], "coverage_estimated_first_order_diff": [0.6725408082656068, 0.6486533165260006, 0.2129948760615512, 0.14693021630410752, 0.5174219083708437, -0.10996741059727544, 0.12826205445442307, 0.1260133733113622, 0.018352449620133715, 0.7993649616857399, 0.8092766235216848], "coverage_estimated_second_order_diff": [0.010011081892066676, 0.005155226530222268, -0.00668195023520024, -0.021776322774500034, -0.010658691367828821, -0.02131559651608994, -0.009801054574799961, -0.02263472476750028, -0.029141673778700028, -0.009450451213533329, -0.0100280278241911]}