{"coverage_estimated_first_order": [1.4710375988221065, 1.3134075180329918, 1.4633687491149452, 1.3641132051313494, 1.0745179433166272, 1.2315171538273642, 1.3118270314828753, 1.6126361185873437, 1.126624209444481, 0.9199429966323566, 1.265067839954563], "coverage_estimated_second_order": [0.9665881183624, 0.9748804269766, 0.9577236134597998, 0.9558215811549, 0.13176162055429, 0.32422619515435996, 0.9545234511967, 0.7879462957721, 0.9788905849638001, 0.9788243750154401, 0.59520447173601], "sol": [1.0, 1.0, 1.0, 1.0, 0.0, 0.0, 1.0, 0.0, 1.0, 1.0, 0.0], "coverage": [1.0, 1.0, 1.0, 1.0, 0.14828125, 0.3344184027777778, 1.0, 0.7697482638888888, 1.0, 1.0, 0.6062543402777778], "coverage_estimated_first_order_diff": [0.4710375988221065, 0.3134075180329918, 0.4633687491149452, 0.36411320513134937, 0.9262366933166272, 0.8970987510495864, 0.31182703148287527, 0.8428878546984548, 0.12662420944448094, -0.08005700336764343, 0.6588134996767852], "coverage_estimated_second_order_diff": [-0.033411881637600005, -0.025119573023399955, -0.04227638654020016, -0.04417841884509999, -0.016519629445710005, -0.010192207623417826, -0.04547654880329999, 0.01819803188321112, -0.021109415036199897, -0.021175624984559938, -0.011049868541767816]}