{"coverage_estimated_first_order": [0.7621653339797406, 0.6935004753158615, 0.987461170064569, 0.6425521965932156, 0.631176498827446, 0.6709227897407175, 0.858337280208475, 0.9167069919928157, 0.7316951535500373, 0.7910600678567884, 0.4633756865718776], "coverage_estimated_second_order": [1.0387762068531998, 1.0388027051339999, 0.762416710433, 0.9683389950988, 0.15292512064016, 0.11650390335080998, 0.5577029646689999, 0.6502651620874, 0.3415831599746, 0.58881473614615, 0.97547158267901], "sol": [1.0, 1.0, 0.0, 1.0, 0.0, 0.0, 0.0, 0.0, 0.0, 0.0, 1.0], "coverage": [1.0, 1.0, 0.7712977430555555, 1.0, 0.17049913194444444, 0.1286892361111111, 0.576953125, 0.65609375, 0.37004340277777775, 0.6033420138888889, 1.0], "coverage_estimated_first_order_diff": [-0.23783466602025938, -0.30649952468413855, 0.21616342700901348, -0.3574478034067844, 0.46067736688300154, 0.5422335536296063, 0.28138415520847504, 0.26061324199281566, 0.3616517507722596, 0.18771805396789953, -0.5366243134281223], "coverage_estimated_second_order_diff": [0.038776206853199824, 0.03880270513399986, -0.008881032622555574, -0.03166100490120005, -0.01757401130428443, -0.01218533276030112, -0.01925016033100002, -0.005828587912599992, -0.02846024280317777, -0.014527277742738876, -0.02452841732098998]}