{"coverage_estimated_first_order": [0.44076431235617086, 0.3960921486909858, 0.4617953740121118, 0.448919769049515, 0.3212486558940239, 0.3705082440353722, 0.19680732396722758, 0.4175065262189144, 0.38297311857159766, 0.15323661508695266, 0.49061876128601356], "coverage_estimated_second_order": [0.243552291817, 0.2033511803682, 0.33301528624300003, 0.3721210382354, 0.1154582770602, 0.183374332176, 0.8299959816142, 0.2347697265712, 0.2573217604316, 0.96628484041, 0.5787248929632001], "sol": [0.0, 0.0, 0.0, 0.0, 0.0, 0.0, 1.0, 0.0, 0.0, 1.0, 0.0], "coverage": [0.3125, 0.2582248263888889, 0.43651475694444447, 0.4838671875, 0.1434982638888889, 0.21067274305555556, 1.0, 0.3066059027777778, 0.3162934027777778, 1.0, 0.6035763888888889], "coverage_estimated_first_order_diff": [0.12826431235617086, 0.13786732230209692, 0.02528061706766732, -0.03494741845048499, 0.177750392005135, 0.15983550097981664, -0.8031926760327724, 0.1109006234411366, 0.06667971579381987, -0.8467633849130474, -0.11295762760287531], "coverage_estimated_second_order_diff": [-0.068947708183, -0.05487364602068889, -0.10349947070144444, -0.11174614926460003, -0.028039986828688898, -0.027298410879555562, -0.17000401838580004, -0.07183617620657778, -0.0589716423461778, -0.03371515959000004, -0.024851495925688805]}