{"coverage_estimated_first_order": [1.8452720990798284, 1.6288467206497144, 1.6491232054780474, 1.5484714880345563, 1.2457541001925734, 1.3969691155148172, 1.5203824170879503, 1.5331284802889678, 1.3643046935224192, 1.4425750337318122, 1.1327873886247266], "coverage_estimated_second_order": [0.7039936131128, 0.5675198130929999, 0.9300087879425998, 0.9232460160612999, 1.00183124485426, 0.9941723411371102, 0.9380044670034, 0.9249730072439999, 0.9384293259970999, 0.6704959523964, 1.00165989538732], "sol": [0.0, 0.0, 1.0, 1.0, 1.0, 1.0, 1.0, 1.0, 1.0, 0.0, 1.0], "coverage": [0.7443489583333334, 0.5986371527777777, 1.0, 1.0, 1.0, 1.0, 1.0, 1.0, 1.0, 0.6579644097222223, 1.0], "coverage_estimated_first_order_diff": [1.100923140746495, 1.0302095678719367, 0.6491232054780474, 0.5484714880345563, 0.24575410019257338, 0.3969691155148172, 0.5203824170879503, 0.5331284802889678, 0.36430469352241923, 0.7846106240095899, 0.1327873886247266], "coverage_estimated_second_order_diff": [-0.04035534522053341, -0.03111733968477781, -0.06999121205740022, -0.07675398393870014, 0.0018312448542598947, -0.0058276588628898285, -0.06199553299659999, -0.07502699275600011, -0.06157067400290006, 0.012531542674177776, 0.0016598953873199207]}