{"coverage_estimated_first_order": [1.1248726174479717, 0.9869273967180168, 0.8863688638712566, 1.076085083025102, 0.9650564115604569, 0.7320210896509602, 1.070793884634414, 1.0931503105515357, 0.7528277652752822, 0.8113967508806937, 0.8202409239325724], "coverage_estimated_second_order": [0.531451615933, 0.3727240567518, 0.9434118711866, 0.5910401180150999, 0.64846244721614, 1.0154147775190001, 0.6168634184245999, 0.5856454924372, 1.0040280164302, 1.01348659548929, 1.0135261726875402], "sol": [0.0, 0.0, 1.0, 0.0, 0.0, 1.0, 0.0, 0.0, 1.0, 1.0, 1.0], "coverage": [0.5662022569444445, 0.40286024305555557, 1.0, 0.6201692708333333, 0.6286501736111111, 1.0, 0.6516666666666666, 0.6016710069444444, 1.0, 1.0, 1.0], "coverage_estimated_first_order_diff": [0.5586703605035273, 0.5840671536624612, -0.11363113612874343, 0.4559158121917688, 0.33640623794934577, -0.26797891034903976, 0.41912721796774743, 0.49147930360709124, -0.24717223472471783, -0.18860324911930626, -0.17975907606742758], "coverage_estimated_second_order_diff": [-0.03475064101144443, -0.030136186303755585, -0.05658812881340003, -0.02912915281823336, 0.019812273605028907, 0.015414777519000111, -0.03480324824206671, -0.01602551450724443, 0.00402801643020001, 0.013486595489289988, 0.013526172687540194]}