{"coverage_estimated_first_order": [1.0031344772964332, 0.8975130985204817, 1.2055221164716072, 1.0679214043591894, 0.7642278307317346, 0.8140943857228611, 1.0468794589683117, 0.8919977345050993, 0.9525981314866308, 0.7982989077051733, 0.8215141769300769], "coverage_estimated_second_order": [1.0155261361434, 1.017235392363, 0.7645997063614, 0.5520953577197, 1.00898084106296, 1.00968713702718, 0.5373974729247001, 0.9804406994376, 0.4778745034952999, 0.17070053699416998, 0.20797423155109002], "sol": [1.0, 1.0, 0.0, 0.0, 1.0, 1.0, 0.0, 1.0, 0.0, 0.0, 0.0], "coverage": [1.0, 1.0, 0.7556119791666667, 0.5546571180555555, 1.0, 1.0, 0.5250303819444444, 1.0, 0.4811197916666667, 0.16614149305555556, 0.20345052083333334], "coverage_estimated_first_order_diff": [0.0031344772964332357, -0.10248690147951833, 0.44991013730494056, 0.5132642863036339, -0.23577216926826539, -0.18590561427713892, 0.5218490770238673, -0.10800226549490066, 0.47147833981996407, 0.6321574146496177, 0.6180636560967435], "coverage_estimated_second_order_diff": [0.015526136143400038, 0.01723539236299998, 0.008987727194733286, -0.002561760335855534, 0.008980841062959932, 0.009687137027180048, 0.01236709098025568, -0.01955930056239996, -0.003245288171366767, 0.004559043938614421, 0.004523710717756674]}