{"coverage_estimated_first_order": [1.1491884612334007, 1.300386052849694, 1.4465201554239946, 1.0774357213707164, 1.0863128433906866, 0.8765870244579976, 1.3117843137013174, 1.1200395227468312, 0.9865325091439436, 0.7827819924321204, 1.130400669841602], "coverage_estimated_second_order": [1.0318833377338001, 0.7393930769766001, 0.830197175233, 1.0461674677303, 0.59955036550758, 1.01072598319381, 0.7307919359916, 1.0548113934287, 1.0335835099789, 1.00722881110877, 0.65750077330116], "sol": [1.0, 0.0, 0.0, 1.0, 0.0, 1.0, 0.0, 1.0, 1.0, 1.0, 0.0], "coverage": [1.0, 0.718203125, 0.7972309027777778, 1.0, 0.5983333333333334, 1.0, 0.6995703125, 1.0, 1.0, 1.0, 0.6552734375], "coverage_estimated_first_order_diff": [0.14918846123340068, 0.5821829278496939, 0.6492892526462168, 0.07743572137071641, 0.4879795100573532, -0.12341297554200237, 0.6122140012013174, 0.12003952274683116, -0.013467490856056363, -0.21721800756787957, 0.47512723234160203], "coverage_estimated_second_order_diff": [0.03188333773380014, 0.021189951976600008, 0.03296627245522221, 0.046167467730299894, 0.001217032174246624, 0.010725983193810018, 0.03122162349159996, 0.054811393428700006, 0.03358350997889992, 0.007228811108769939, 0.0022273358011599687]}