{"coverage_estimated_first_order": [0.9763565002201848, 0.59324165303695, 0.9463330108147578, 0.6235804836893044, 0.6137412446001994, 0.6515024609191302, 0.8747791603459458, 0.8693533804092932, 0.7634681009234313, 0.6454118488469618, 0.6658129932116732], "coverage_estimated_second_order": [0.7360962229562, 0.9487371781857997, 0.6575425030613999, 0.9361328041388, 1.00726690861432, 1.00903717335236, 0.6049089378099999, 0.5325134021608, 0.4311227797226, 0.16694483052274997, 0.20194227501224], "sol": [0.0, 1.0, 0.0, 1.0, 1.0, 1.0, 0.0, 0.0, 0.0, 0.0, 0.0], "coverage": [0.8105251736111111, 1.0, 0.7493185763888889, 1.0, 1.0, 1.0, 0.6658159722222222, 0.6138368055555555, 0.4778559027777778, 0.16383246527777778, 0.19873697916666666], "coverage_estimated_first_order_diff": [0.16583132660907374, -0.40675834696305, 0.19701443442586897, -0.3764195163106956, -0.3862587553998006, -0.3484975390808698, 0.2089631881237236, 0.2555165748537377, 0.28561219814565353, 0.481579383569184, 0.46707601404500654], "coverage_estimated_second_order_diff": [-0.07442895065491106, -0.05126282181420028, -0.09177607332748894, -0.06386719586120004, 0.00726690861432, 0.009037173352359984, -0.06090703441222234, -0.08132340339475552, -0.046733123055177794, 0.0031123652449721873, 0.0032052958455733305]}