{"coverage_estimated_first_order": [1.6310809328393843, 1.4380685949767464, 1.4310590407697992, 1.3477008521693319, 1.2367994295222213, 1.0685639289480473, 1.3250693784216507, 1.329447112256987, 1.1945908276890012, 0.9360186075190732, 1.2850590516302058], "coverage_estimated_second_order": [0.737066621644, 0.5914853744135999, 0.9709248772789998, 0.9584775854832, 0.5974516261712599, 1.0021350226599102, 0.9708801056344999, 0.9590605258713998, 0.9597811176994, 1.0042883758758, 0.6555812886004201], "sol": [0.0, 0.0, 1.0, 1.0, 0.0, 1.0, 1.0, 1.0, 1.0, 1.0, 0.0], "coverage": [0.7443489583333334, 0.5986371527777777, 1.0, 1.0, 0.5983333333333334, 1.0, 1.0, 1.0, 1.0, 1.0, 0.6552864583333333], "coverage_estimated_first_order_diff": [0.8867319745060509, 0.8394314421989687, 0.4310590407697992, 0.3477008521693319, 0.6384660961888879, 0.0685639289480473, 0.32506937842165073, 0.3294471122569871, 0.19459082768900116, -0.06398139248092682, 0.6297725932968725], "coverage_estimated_second_order_diff": [-0.007282336689333313, -0.0071517783641777966, -0.029075122721000213, -0.041522414516800055, -0.0008817071620734751, 0.0021350226599101685, -0.02911989436550011, -0.04093947412860022, -0.0402188823006, 0.00428837587580011, 0.0002948302670867653]}