{"coverage_estimated_first_order": [1.7185511281223578, 1.246881042338548, 1.44957417711948, 1.3378252350822193, 1.102911740853005, 1.2043842586554063, 1.2755264849621852, 1.3295483204485965, 1.3227548467607975, 1.0971837418019528, 1.1096956315762951], "coverage_estimated_second_order": [0.8938575126548, 1.021736723819, 1.0035967298464, 0.9990636210407, 0.20746608249719, 0.25448652150636997, 0.9968646271158, 1.0073490565978998, 0.5140535825906999, 1.00864967448251, 1.00809208399378], "sol": [0.0, 1.0, 1.0, 1.0, 0.0, 0.0, 1.0, 1.0, 0.0, 1.0, 1.0], "coverage": [0.8637065972222222, 1.0, 1.0, 1.0, 0.2042621527777778, 0.25732638888888887, 1.0, 1.0, 0.49863715277777776, 1.0, 1.0], "coverage_estimated_first_order_diff": [0.8548445309001356, 0.2468810423385479, 0.4495741771194799, 0.3378252350822193, 0.8986495880752271, 0.9470578697665175, 0.27552648496218524, 0.3295483204485965, 0.8241176939830197, 0.09718374180195277, 0.10969563157629514], "coverage_estimated_second_order_diff": [0.030150915432577752, 0.021736723819000048, 0.0035967298463999153, -0.0009363789592999883, 0.0032039297194122185, -0.0028398673825189014, -0.0031353728841999606, 0.00734905659789975, 0.015416429812922128, 0.008649674482509973, 0.00809208399377992]}