{"coverage_estimated_first_order": [0.9887384800954673, 0.8988144983338793, 1.231192379368433, 0.8907013297775062, 0.6019463445261404, 1.0064325902884963, 0.8581374606104958, 1.1295371577383277, 0.9371099831022763, 0.7830703492679085, 0.8017227848524119], "coverage_estimated_second_order": [1.0569439028162, 1.0457694038902, 0.826205430178, 1.0244604012682, 0.9767959756059199, 0.62662411860681, 1.0340582993265999, 0.6899438936354, 0.4386981132784, 0.13164613530497005, 0.15554415164424995], "sol": [1.0, 1.0, 0.0, 1.0, 1.0, 0.0, 1.0, 0.0, 0.0, 0.0, 0.0], "coverage": [1.0, 1.0, 0.7870572916666667, 1.0, 1.0, 0.6451736111111112, 1.0, 0.6558333333333334, 0.42333767361111113, 0.14844618055555556, 0.1722265625], "coverage_estimated_first_order_diff": [-0.011261519904532724, -0.10118550166612073, 0.44413508770176624, -0.10929867022249384, -0.3980536554738596, 0.36125897917738514, -0.14186253938950422, 0.47370382440499437, 0.5137723094911653, 0.6346241687123529, 0.6294962223524119], "coverage_estimated_second_order_diff": [0.05694390281619999, 0.0457694038901999, 0.03914813851133325, 0.024460401268199927, -0.02320402439408009, -0.018549492504301157, 0.03405829932659987, 0.034110560302066606, 0.015360439667288894, -0.01680004525058551, -0.016682410855750063]}