{"coverage_estimated_first_order": [0.9981516464905009, 0.8959986663587299, 0.9460121594707487, 1.0859037789930719, 0.9439445711645752, 0.6705614896651317, 1.0616097786135321, 1.1376223910504022, 0.9327470605895212, 0.9590277451602951, 0.6365828389103685], "coverage_estimated_second_order": [1.0425799307869998, 1.0356964059834, 0.9980297821234, 0.6006991216958, 0.6236605041201599, 1.00453401597828, 0.5710912548476, 0.6981392141116001, 0.4262990808612, 0.64008107337215, 1.00483200354592], "sol": [1.0, 1.0, 1.0, 0.0, 0.0, 1.0, 0.0, 0.0, 0.0, 0.0, 1.0], "coverage": [1.0, 1.0, 1.0, 0.5996918402777778, 0.6228038194444444, 1.0, 0.5593055555555555, 0.6854427083333333, 0.43430989583333335, 0.6395616319444445, 1.0], "coverage_estimated_first_order_diff": [-0.0018483535094990788, -0.10400133364127007, -0.05398784052925132, 0.4862119387152941, 0.3211407517201308, -0.32943851033486826, 0.5023042230579766, 0.4521796827170689, 0.4984371647561878, 0.3194661132158506, -0.3634171610896315], "coverage_estimated_second_order_diff": [0.04257993078699984, 0.03569640598339996, -0.001970217876600011, 0.001007281418022199, 0.0008566846757155355, 0.00453401597828007, 0.011785699292044538, 0.012696505778266753, -0.008010814972133351, 0.000519441427705547, 0.0048320035459199495]}