{"coverage_estimated_first_order": [1.1775279934872755, 1.0415670193205302, 0.9551514617194228, 0.8679981900146587, 0.8019385685899347, 0.84945412928604, 1.065030316099361, 0.8783975169006953, 0.9441308695818675, 0.7915575640774992, 0.8005786875970655], "coverage_estimated_second_order": [0.722115841639, 0.5790809956805999, 1.0239544326913999, 1.0157289053567, 0.20974511401576, 0.16792079198871, 0.6051288710660999, 1.0152731826383001, 0.46054473416529995, 1.01050746226797, 1.01062239960779], "sol": [0.0, 0.0, 1.0, 1.0, 0.0, 0.0, 0.0, 1.0, 0.0, 1.0, 1.0], "coverage": [0.7238151041666666, 0.5933637152777778, 1.0, 1.0, 0.2042621527777778, 0.16490885416666667, 0.5953255208333333, 1.0, 0.4469487847222222, 1.0, 1.0], "coverage_estimated_first_order_diff": [0.45371288932060894, 0.44820330404275244, -0.04484853828057722, -0.13200180998534128, 0.5976764158121569, 0.6845452751193734, 0.4697047952660277, -0.12160248309930466, 0.4971820848596453, -0.20844243592250078, -0.19942131240293448], "coverage_estimated_second_order_diff": [-0.0016992625276666118, -0.014282719597177862, 0.023954432691399852, 0.015728905356700018, 0.005482961237982198, 0.0030119378220433146, 0.009803350232766572, 0.015273182638300131, 0.013595949443077737, 0.010507462267969947, 0.0106223996077901]}