{"coverage_estimated_first_order": [0.44771534546038516, 0.40246352736398194, 0.47757734001031654, 0.2007706358652243, 0.1504865861315351, 0.48854923603981354, 0.43929904035461453, 0.4293391214097674, 0.37421756921643967, 0.32505460890595417, 0.33814727868255645], "coverage_estimated_second_order": [0.2687612247656, 0.210398035259, 0.398021339521, 0.8179366351062001, 0.96371581403, 0.5245353007926, 0.3675312302792, 0.2854835067412, 0.2454184618779, 0.1149213272939, 0.14140668087699998], "sol": [0.0, 0.0, 0.0, 1.0, 1.0, 0.0, 0.0, 0.0, 0.0, 0.0, 0.0], "coverage": [0.33438802083333335, 0.23359809027777778, 0.5190364583333333, 1.0, 1.0, 0.5527560763888889, 0.4838671875, 0.3731684027777778, 0.3392361111111111, 0.1434982638888889, 0.17049913194444444], "coverage_estimated_first_order_diff": [0.1133273246270518, 0.16886543708620416, -0.0414591183230168, -0.7992293641347756, -0.8495134138684649, -0.06420684034907537, -0.044568147145385484, 0.05617071863198958, 0.034981458105328544, 0.18155634501706527, 0.167648146738112], "coverage_estimated_second_order_diff": [-0.06562679606773336, -0.023200055018777782, -0.12101511881233334, -0.18206336489379993, -0.03628418597000005, -0.028220775596288883, -0.11633595722080003, -0.08768489603657781, -0.09381764923321112, -0.02857693659498889, -0.029092451067444458]}