{"coverage_estimated_first_order": [1.0566446164215284, 0.9446763372534775, 1.0131249963589748, 1.1563876121964918, 0.7524329306576754, 0.8437898040073162, 0.8475625524354209, 0.9445800713460861, 0.9552474252319061, 0.7632923618576669, 0.7737352520788852], "coverage_estimated_second_order": [0.9685925151929999, 0.960456818822, 1.0005967659669999, 0.762105263419, 0.036046563578190007, 0.12545982805386, 0.995082573168, 0.9923318924059998, 0.49974966293159995, 0.04052918746771, 0.040296144682869996], "sol": [1.0, 1.0, 1.0, 0.0, 0.0, 0.0, 1.0, 1.0, 0.0, 0.0, 0.0], "coverage": [1.0, 1.0, 1.0, 0.7350694444444444, 0.0, 0.09655815972222222, 1.0, 1.0, 0.49029947916666666, 0.0072352430555555555, 0.006440972222222222], "coverage_estimated_first_order_diff": [0.056644616421528404, -0.05532366274652245, 0.013124996358974794, 0.42131816775204733, 0.7524329306576754, 0.7472316442850939, -0.1524374475645791, -0.055419928653913875, 0.4649479460652394, 0.7560571188021113, 0.767294279856663], "coverage_estimated_second_order_diff": [-0.03140748480700006, -0.03954318117800004, 0.0005967659669998682, 0.027035818974555537, 0.036046563578190007, 0.028901668331637778, -0.004917426832000027, -0.007668107594000162, 0.009450183764933284, 0.03329394441215444, 0.03385517246064777]}