{"coverage_estimated_first_order": [1.3707787765431951, 1.2131486957540802, 1.171549083768941, 1.1234635803441682, 0.9155507736281976, 1.0523140756083191, 1.1171255099060478, 1.3289496160362764, 0.983905619499196, 0.9557965949293148, 0.9770862049063227], "coverage_estimated_second_order": [0.618392939379, 0.4859474234724, 1.018384280335, 1.0221534388359999, 1.0074710601895698, 1.0077797977889602, 1.0120677925722, 0.6419920685545999, 0.9985601111443, 0.18717836148972, 0.21294579068158004], "sol": [0.0, 0.0, 1.0, 1.0, 1.0, 1.0, 1.0, 0.0, 1.0, 0.0, 0.0], "coverage": [0.5920442708333333, 0.46915364583333335, 1.0, 1.0, 1.0, 1.0, 1.0, 0.6072569444444444, 1.0, 0.18456597222222224, 0.21039930555555555], "coverage_estimated_first_order_diff": [0.7787345057098618, 0.7439950499207468, 0.17154908376894107, 0.12346358034416816, -0.08444922637180241, 0.05231407560831913, 0.11712550990604775, 0.7216926715918319, -0.01609438050080403, 0.7712306227070925, 0.7666868993507672], "coverage_estimated_second_order_diff": [0.026348668545666643, 0.016793777639066643, 0.01838428033500006, 0.02215343883599985, 0.007471060189569778, 0.007779797788960208, 0.01206779257219992, 0.034735124110155446, -0.0014398888557000111, 0.0026123892674977667, 0.0025464851260244836]}