{"coverage_estimated_first_order": [1.0302732864659356, 0.917315369342006, 1.0015733751028335, 0.9151934360818345, 0.7532692874226034, 0.8610089097919917, 1.1150197075156476, 1.1951295923684295, 0.7436510908728834, 0.7667063815454039, 0.7744490786685493], "coverage_estimated_second_order": [1.0276062866034001, 1.0283316812371999, 1.0331809416579998, 1.0368698114488, 0.039662227964080005, 0.17629188474746002, 0.6938543716994999, 0.8250976767154001, 1.0175116699403, 0.051819505296879995, 0.04380353080839], "sol": [1.0, 1.0, 1.0, 1.0, 0.0, 0.0, 0.0, 0.0, 1.0, 0.0, 0.0], "coverage": [1.0, 1.0, 1.0, 1.0, 0.004782986111111111, 0.14754340277777778, 0.6509027777777778, 0.7673828125, 1.0, 0.019921875, 0.01140625], "coverage_estimated_first_order_diff": [0.030273286465935634, -0.08268463065799403, 0.0015733751028335075, -0.08480656391816555, 0.7484863013114922, 0.713465507014214, 0.4641169297378698, 0.42774677986842957, -0.2563489091271166, 0.746784506545404, 0.7630428286685493], "coverage_estimated_second_order_diff": [0.027606286603400143, 0.02833168123719987, 0.033180941657999785, 0.03686981144879997, 0.034879241852968895, 0.028748481969682244, 0.0429515939217221, 0.057714864215400175, 0.017511669940299956, 0.031897630296879996, 0.03239728080839]}