{"coverage_estimated_first_order": [0.9230634310828099, 1.101722116341978, 0.9531640677166836, 1.142796593323665, 0.9155507736281976, 0.7267180644478222, 0.8861687209444904, 1.148657727407168, 0.7939564869896631, 0.7831315486608614, 0.7933974884143921], "coverage_estimated_second_order": [1.032823389959, 0.7189926786173999, 1.0569192949128, 0.7494129719238001, 0.53736943046057, 0.97960655930419, 1.0436784574346998, 0.7702632675341, 1.0303489127288001, 0.12499998359692, 0.12558186733268], "sol": [1.0, 0.0, 1.0, 0.0, 0.0, 1.0, 1.0, 0.0, 1.0, 0.0, 0.0], "coverage": [1.0, 0.6992751736111111, 1.0, 0.7069010416666667, 0.5486154513888889, 1.0, 1.0, 0.7503515625, 1.0, 0.13484809027777778, 0.1362109375], "coverage_estimated_first_order_diff": [-0.07693656891719014, 0.4024469427308668, -0.046835932283316395, 0.43589555165699834, 0.3669353222393087, -0.27328193555217783, -0.1138312790555096, 0.3983061649071681, -0.20604351301033685, 0.6482834583830837, 0.657186550914392], "coverage_estimated_second_order_diff": [0.03282338995900003, 0.01971750500628877, 0.0569192949127999, 0.0425119302571334, -0.011246020928318945, -0.02039344069580995, 0.04367845743469978, 0.019911705034100002, 0.030348912728800137, -0.009848106680857782, -0.010629070167319982]}