{"coverage_estimated_first_order": [1.4041011396030023, 1.5379179902904276, 1.458074994981346, 1.3366122721192562, 1.2449177434276457, 1.0258529191100836, 1.301549194653698, 1.3410200407339334, 1.376256963753429, 1.2651514191054594, 0.946942404417376], "coverage_estimated_second_order": [1.0163000804684001, 0.764364797857, 0.9900630534373999, 0.9904775183875, 0.62146136757519, 1.0078810809120502, 0.9981647928535001, 0.9970155793867999, 0.6467519804711999, 0.6424446872205101, 1.00354162315766], "sol": [1.0, 0.0, 1.0, 1.0, 0.0, 1.0, 1.0, 1.0, 0.0, 0.0, 1.0], "coverage": [1.0, 0.7365972222222222, 1.0, 1.0, 0.6228038194444444, 1.0, 1.0, 1.0, 0.6328602430555555, 0.6439930555555555, 1.0], "coverage_estimated_first_order_diff": [0.4041011396030023, 0.8013207680682054, 0.4580749949813461, 0.33661227211925615, 0.6221139239832013, 0.025852919110083583, 0.3015491946536979, 0.34102004073393344, 0.7433967206978734, 0.6211583635499038, -0.05305759558262402], "coverage_estimated_second_order_diff": [0.016300080468400147, 0.02776757563477772, -0.009936946562600135, -0.009522481612500022, -0.001342451869254413, 0.007881080912050198, -0.0018352071464998732, -0.002984420613200145, 0.013891737415644312, -0.001548368335045458, 0.0035416231576599344]}