{"coverage_estimated_first_order": [1.1248726174479717, 1.277964344669896, 1.1455611878293157, 1.2958274317942375, 0.8027749253548627, 1.220209025615188, 1.250112456416738, 1.3421975433321949, 0.8920510734272942, 0.9684836824831411, 0.985181050276638], "coverage_estimated_second_order": [1.0205214526766002, 0.6907551373813999, 1.0325821437926, 0.6486668750943, 1.0075325483536, 0.73967739356279, 0.5868784743598999, 0.7557273683826, 1.0053518713465, 1.00432257650094, 1.00436116268272], "sol": [1.0, 0.0, 1.0, 0.0, 1.0, 0.0, 0.0, 0.0, 1.0, 1.0, 1.0], "coverage": [1.0, 0.6816059027777778, 1.0, 0.6440798611111112, 1.0, 0.7279166666666667, 0.5855642361111111, 0.7539756944444445, 1.0, 1.0, 1.0], "coverage_estimated_first_order_diff": [0.12487261744797173, 0.5963584418921183, 0.1455611878293157, 0.6517475706831264, -0.19722507464513728, 0.4922923589485214, 0.664548220305627, 0.5882218488877504, -0.10794892657270583, -0.031516317516858905, -0.014818949723361952], "coverage_estimated_second_order_diff": [0.020521452676600216, 0.009149234603622158, 0.03258214379259994, 0.004587013983188837, 0.007532548353599955, 0.011760726896123397, 0.001314238248788846, 0.0017516739381555624, 0.005351871346499948, 0.004322576500940034, 0.004361162682720021]}