{"coverage_estimated_first_order": [1.7313397551182959, 1.2472904693037783, 1.4636863821577446, 1.3686081281873776, 1.2165239458912676, 1.0529858142820412, 1.338758223317247, 1.3630913895859738, 1.1902416862963336, 1.088408170156574, 1.103557234323422], "coverage_estimated_second_order": [0.9084813377652001, 1.0202720164895998, 0.9694341948297999, 0.9461759296473, 0.53656727308588, 0.9768439815388701, 0.9522490538851, 0.9764905690548998, 0.9575335233754, 0.12585115825239002, 0.1284508331075], "sol": [0.0, 1.0, 1.0, 1.0, 0.0, 1.0, 1.0, 1.0, 1.0, 0.0, 0.0], "coverage": [0.8823090277777778, 1.0, 1.0, 1.0, 0.5486154513888889, 1.0, 1.0, 1.0, 1.0, 0.13665364583333334, 0.1398220486111111], "coverage_estimated_first_order_diff": [0.8490307273405181, 0.2472904693037783, 0.4636863821577446, 0.36860812818737765, 0.6679084945023787, 0.05298581428204119, 0.33875822331724703, 0.36309138958597376, 0.19024168629633365, 0.9517545243232406, 0.9637351857123108], "coverage_estimated_second_order_diff": [0.02617230998742237, 0.020272016489599753, -0.030565805170200133, -0.05382407035269998, -0.01204817830300886, -0.023156018461129912, -0.04775094611490005, -0.023509430945100163, -0.042466476624600014, -0.01080248758094332, -0.011371215503611115]}