{"coverage_estimated_first_order": [1.5171485888778515, 1.3475492915826897, 1.5048145414075558, 1.3875798410912887, 1.0542424596856734, 1.2159390391613578, 1.3221165235817969, 1.4092023796417188, 1.1571488279724484, 1.0728300554905683, 1.084808644175557], "coverage_estimated_second_order": [0.8770146985764, 0.9021104735864001, 0.8601253666509998, 0.8882719018708001, 0.04019868041802001, 0.2538893504334, 0.9047428858354999, 0.8869171492693999, 0.9403772587279, 0.055514313530840007, 0.0483769387653], "sol": [1.0, 1.0, 1.0, 1.0, 0.0, 0.0, 1.0, 1.0, 1.0, 0.0, 0.0], "coverage": [1.0, 1.0, 1.0, 1.0, 0.004782986111111111, 0.22030381944444444, 1.0, 1.0, 1.0, 0.0225390625, 0.0152734375], "coverage_estimated_first_order_diff": [0.5171485888778515, 0.34754929158268966, 0.5048145414075558, 0.38757984109128873, 1.0494594735745624, 0.9956352197169134, 0.3221165235817969, 0.4092023796417188, 0.15714882797244845, 1.0502909929905684, 1.0695352066755568], "coverage_estimated_second_order_diff": [-0.12298530142359998, -0.09788952641359994, -0.1398746333490002, -0.11172809812919993, 0.0354156943069089, 0.03358553098895556, -0.09525711416450011, -0.11308285073060009, -0.05962274127209999, 0.03297525103084001, 0.0331035012653]}