{"coverage_estimated_first_order": [1.6317186259374554, 1.4570224049729639, 1.8738300339358256, 1.4764176331592713, 1.2660295838235271, 1.3835235505700905, 1.7073040291315196, 1.7642326459990487, 1.297610993125594, 1.2888409224241486, 1.3128467648057547], "coverage_estimated_second_order": [1.0056917864974, 1.0107310221773997, 0.7613330061156001, 0.9826337289214001, 0.9646617924163801, 0.9719742288748101, 0.6977236823699999, 0.7261515702744, 0.9982661994983, 0.96781519952084, 0.9671804924127301], "sol": [1.0, 1.0, 0.0, 1.0, 1.0, 1.0, 0.0, 0.0, 1.0, 1.0, 1.0], "coverage": [1.0, 1.0, 0.7798177083333333, 1.0, 1.0, 1.0, 0.7087282986111111, 0.7391015625, 1.0, 1.0, 1.0], "coverage_estimated_first_order_diff": [0.6317186259374554, 0.45702240497296387, 1.0940123256024923, 0.4764176331592713, 0.26602958382352715, 0.38352355057009047, 0.9985757305204085, 1.0251310834990486, 0.2976109931255939, 0.2888409224241486, 0.3128467648057547], "coverage_estimated_second_order_diff": [0.0056917864973999865, 0.01073102217739974, -0.01848470221773324, -0.017366271078599893, -0.03533820758361994, -0.02802577112518989, -0.011004616241111154, -0.012949992225600004, -0.0017338005017000224, -0.03218480047915995, -0.032819507587269925]}