{"coverage_estimated_first_order": [0.9763565002201848, 0.8842786009888295, 1.2055253347728172, 0.8433228324584399, 0.6222218281570941, 0.9929870253437696, 1.0549447845777233, 1.1188981094106634, 0.9066136206684137, 0.6298337341809559, 0.9830247825612181], "coverage_estimated_second_order": [1.0535388756426, 1.0492887858478, 0.7812483839134001, 0.9843225367772, 1.01112928037056, 0.5788154768396099, 0.5761254247212, 0.6638883079588, 0.3630926402907, 1.0121655474252502, 0.67203824293111], "sol": [1.0, 1.0, 0.0, 1.0, 1.0, 0.0, 0.0, 0.0, 0.0, 1.0, 0.0], "coverage": [1.0, 1.0, 0.7712977430555555, 1.0, 1.0, 0.5730902777777778, 0.5801736111111111, 0.6536892361111111, 0.3833420138888889, 1.0, 0.6641059027777778], "coverage_estimated_first_order_diff": [-0.02364349977981517, -0.11572139901117051, 0.43422759171726166, -0.15667716754156014, -0.37777817184290585, 0.4198967475659918, 0.47477117346661224, 0.4652088732995523, 0.5232716067795248, -0.3701662658190441, 0.31891887978344025], "coverage_estimated_second_order_diff": [0.05353887564260007, 0.04928878584779994, 0.009950640857844584, -0.015677463222799948, 0.011129280370560046, 0.005725199061832109, -0.004048186389911113, 0.010199071847688979, -0.020249373598188902, 0.012165547425250223, 0.007932340153332218]}