{"coverage_estimated_first_order": [1.0961264380734415, 0.9688359526751202, 1.1301000731751205, 1.0820145697503465, 0.965056411560457, 0.7610447692616931, 0.8491665685210236, 1.0628410628072995, 0.7739704910287779, 0.8122438033301455, 0.8204407435305502], "coverage_estimated_second_order": [0.4047207997606, 0.2865172586318, 0.5281857672186, 0.5720229530666001, 0.64846244721613, 1.010386615435, 0.9725686061677999, 0.4661142371967, 0.9979820764314998, 1.0123181120418, 1.0130666357941], "sol": [0.0, 0.0, 0.0, 0.0, 0.0, 1.0, 1.0, 0.0, 1.0, 1.0, 1.0], "coverage": [0.3820486111111111, 0.26187065972222223, 0.5249956597222222, 0.5777300347222222, 0.6286501736111111, 1.0, 1.0, 0.44286024305555555, 1.0, 1.0, 1.0], "coverage_estimated_first_order_diff": [0.7140778269623304, 0.706965292952898, 0.6051044134528983, 0.5042845350281243, 0.3364062379493459, -0.23895523073830693, -0.15083343147897643, 0.619980819751744, -0.2260295089712221, -0.18775619666985455, -0.1795592564694498], "coverage_estimated_second_order_diff": [0.02267218864948889, 0.024646598909577766, 0.0031901074963778253, -0.005707081655622059, 0.019812273605018915, 0.01038661543500008, -0.027431393832200057, 0.02325399414114443, -0.0020179235685001684, 0.012318112041799889, 0.013066635794100057]}