{"coverage_estimated_first_order": [0.7552143008755264, 0.3960921486909858, 0.7124868801083052, 0.6705976809327849, 0.3009731722630701, 0.6801648404542774, 0.4064564403805981, 0.6540870462728152, 0.5509401436548271, 0.4782912239929068, 0.49280566047116015], "coverage_estimated_second_order": [0.6733149258814, 0.9352460905531998, 0.5403751847739999, 0.49760814478500004, 0.97005268438432, 0.6187431680802, 0.9228306269182, 0.44232214431399997, 0.2771541026014, 0.12486990728084002, 0.14875642865858], "sol": [0.0, 1.0, 0.0, 0.0, 1.0, 0.0, 1.0, 0.0, 0.0, 0.0, 0.0], "coverage": [0.7443967013888889, 1.0, 0.6052039930555555, 0.5487717013888889, 1.0, 0.6451736111111112, 1.0, 0.5087847222222223, 0.30893663194444443, 0.14844618055555556, 0.1722265625], "coverage_estimated_first_order_diff": [0.01081759948663752, -0.6039078513090141, 0.10728288705274969, 0.12182597954389607, -0.6990268277369299, 0.03499122934316623, -0.5935435596194019, 0.14530232405059296, 0.2420035117103827, 0.3298450434373512, 0.32057909797116013], "coverage_estimated_second_order_diff": [-0.07108177550748895, -0.06475390944680015, -0.06482880828155557, -0.05116355660388883, -0.02994731561567998, -0.026430443030911133, -0.07716937308180005, -0.0664625779082223, -0.03178252934304443, -0.023576273274715537, -0.02347013384142002]}