{"coverage_estimated_first_order": [1.670878582888986, 1.4847927998496657, 1.8994938602302311, 1.7480334023035013, 1.4165161699550621, 1.2499044438996432, 1.4751018048430542, 1.5489663118625705, 1.3368911610087195, 1.2699099874633588, 1.2850590516302058], "coverage_estimated_second_order": [0.9730304849708, 0.9785178222387997, 0.7852235552536, 0.7080833110163001, 0.64000407419046, 1.00153005919928, 0.9881019261742, 0.9594225862199002, 0.9977510899202999, 1.0032788673638, 1.00389947815182], "sol": [1.0, 1.0, 0.0, 0.0, 0.0, 1.0, 1.0, 1.0, 1.0, 1.0, 1.0], "coverage": [1.0, 1.0, 0.7995095486111111, 0.7165190972222222, 0.6286501736111111, 1.0, 1.0, 1.0, 1.0, 1.0, 1.0], "coverage_estimated_first_order_diff": [0.670878582888986, 0.4847927998496657, 1.09998431161912, 1.0315143050812792, 0.787865996343951, 0.24990444389964317, 0.4751018048430542, 0.5489663118625705, 0.3368911610087195, 0.2699099874633588, 0.28505905163020584], "coverage_estimated_second_order_diff": [-0.026969515029199975, -0.021482177761200316, -0.014285993357511129, -0.008435786205922113, 0.01135390057934893, 0.001530059199279954, -0.011898073825799993, -0.040577413780099825, -0.0022489100797000727, 0.0032788673638000088, 0.003899478151820013]}