{"coverage_estimated_first_order": [0.7080175017565743, 0.627383426586648, 0.7370872970111748, 0.42500790769038804, 0.47173524202555905, 0.5047990893795417, 0.6472429088702173, 0.42983661763047815, 0.584902777406245, 0.30527662149571255, 0.6461201254064395], "coverage_estimated_second_order": [0.5263037843626001, 0.4127188164096, 0.6153987229650001, 0.9335131120665999, 0.12195833737472, 0.10212588373925999, 0.47720787305659995, 0.9334648675971999, 0.4026688541541, 0.97170056427196, 0.5879948432520801], "sol": [0.0, 0.0, 0.0, 1.0, 0.0, 0.0, 0.0, 1.0, 0.0, 1.0, 0.0], "coverage": [0.6041319444444444, 0.47426649305555557, 0.6754644097222222, 1.0, 0.1434982638888889, 0.11825520833333333, 0.5350130208333334, 1.0, 0.439140625, 1.0, 0.6067447916666666], "coverage_estimated_first_order_diff": [0.1038855573121299, 0.15311693353109246, 0.0616228872889526, -0.5749920923096119, 0.3282369781366702, 0.3865438810462083, 0.11222988803688394, -0.5701633823695218, 0.14576215240624496, -0.6947233785042874, 0.039375333739772866], "coverage_estimated_second_order_diff": [-0.07782816008184434, -0.06154767664595556, -0.060065686757222125, -0.06648688793340007, -0.02153992651416889, -0.016129324594073347, -0.0578051477767334, -0.06653513240280007, -0.03647177084590003, -0.028299435728039946, -0.018749948414586548]}