{"coverage_estimated_first_order": [1.6441006058127376, 1.4715583023180137, 1.8994970785314413, 1.5237961304783376, 1.4165161699550621, 1.250265743975229, 1.5113437576137454, 1.775369190547424, 1.332029567152427, 1.269412491242648, 1.2838164301024277], "coverage_estimated_second_order": [1.0005705052116, 1.0032946797845999, 0.7850309072335999, 0.9603014930364, 0.64000407419047, 1.00040474506571, 0.9635104835749999, 0.7362803157591, 0.9733456038016002, 1.00374758071916, 1.0045268692773701], "sol": [1.0, 1.0, 0.0, 1.0, 0.0, 1.0, 1.0, 0.0, 1.0, 1.0, 1.0], "coverage": [1.0, 1.0, 0.7955772569444445, 1.0, 0.6286501736111111, 1.0, 1.0, 0.7396614583333333, 1.0, 1.0, 1.0], "coverage_estimated_first_order_diff": [0.6441006058127376, 0.47155830231801366, 1.103919821586997, 0.5237961304783376, 0.787865996343951, 0.25026574397522894, 0.5113437576137454, 1.0357077322140906, 0.33202956715242693, 0.2694124912426481, 0.28381643010242774], "coverage_estimated_second_order_diff": [0.0005705052116000697, 0.003294679784599852, -0.01054634971084456, -0.0396985069636, 0.011353900579358922, 0.00040474506571008817, -0.03648951642500009, -0.0033811425742332757, -0.02665439619839982, 0.0037475807191600374, 0.004526869277370116]}