{"coverage_estimated_first_order": [1.4045077867236575, 1.2327545719587287, 1.1873278314659355, 1.0991904189094557, 0.9532615114863977, 1.0582888394851793, 1.2962455184088966, 1.116616946511475, 0.9441308695818675, 0.9487056950728996, 0.9571935175031113], "coverage_estimated_second_order": [0.7434756391289999, 0.58011647378, 1.0069049211249999, 1.0215725980215, 0.21318744213638, 0.30625820236941004, 0.6694757259177, 0.9988176363481001, 1.0117939911915, 1.00894918060056, 1.0082241275183699], "sol": [0.0, 0.0, 1.0, 1.0, 0.0, 0.0, 0.0, 1.0, 1.0, 1.0, 1.0], "coverage": [0.7424175347222223, 0.5933637152777778, 1.0, 1.0, 0.2090451388888889, 0.30831163194444444, 0.6470138888888889, 1.0, 1.0, 1.0, 1.0], "coverage_estimated_first_order_diff": [0.6620902520014352, 0.639390856680951, 0.18732783146593546, 0.09919041890945568, 0.7442163725975088, 0.7499772075407348, 0.6492316295200077, 0.11661694651147503, -0.05586913041813246, -0.05129430492710041, -0.042806482496888676], "coverage_estimated_second_order_diff": [0.0010581044067776713, -0.013247241497777784, 0.006904921124999852, 0.021572598021500022, 0.004142303247491097, -0.0020534295750344045, 0.022461837028811105, -0.0011823636518999425, 0.01179399119149993, 0.008949180600559936, 0.008224127518369873]}