{"coverage_estimated_first_order": [0.969812114236626, 0.5727438039841344, 0.9189962052592018, 0.8544114125085158, 0.6522883392233275, 0.7320210896509602, 0.8346787862553404, 0.8829100490837077, 0.5217636921714557, 0.643429073577187, 0.6470337715940816], "coverage_estimated_second_order": [0.7041482222844001, 0.9167445100057997, 0.545709038873, 0.48567018159840003, 0.21155729817114, 0.3033225396402, 0.4740024747619, 0.5487864183264, 0.944479139122, 1.00815301923649, 1.00756372804394], "sol": [0.0, 1.0, 0.0, 0.0, 0.0, 0.0, 0.0, 0.0, 1.0, 1.0, 1.0], "coverage": [0.79, 1.0, 0.6242144097222222, 0.5419835069444444, 0.2090451388888889, 0.30831163194444444, 0.5371354166666666, 0.6127300347222222, 1.0, 1.0, 1.0], "coverage_estimated_first_order_diff": [0.17981211423662602, -0.4272561960158656, 0.2947817955369796, 0.3124279055640714, 0.44324320033443865, 0.4237094577065158, 0.2975433695886738, 0.27018001436148553, -0.4782363078285443, -0.35657092642281296, -0.3529662284059184], "coverage_estimated_second_order_diff": [-0.08585177771559993, -0.0832554899942003, -0.07850537084922216, -0.056313325346044385, 0.0025121592822510974, -0.004989092304244436, -0.06313294190476665, -0.06394361639582224, -0.05552086087800001, 0.008153019236490033, 0.00756372804394001]}