{"coverage_estimated_first_order": [0.9280462618887422, 0.8121996005518503, 0.9534817007594829, 0.9043492697694758, 0.6320128555923737, 0.745466654595687, 0.6344721094914381, 0.6564710811367606, 0.5871338145259535, 0.7971631848848504, 0.4669743954130533], "coverage_estimated_second_order": [0.581230778486, 0.4282431008922, 0.6634664646968, 0.6399168058422, 0.15656301377978, 0.332752586515, 0.9967764782864998, 0.9712984591982, 1.0176564493676, 0.60394685520456, 0.97802829331359], "sol": [0.0, 0.0, 0.0, 0.0, 0.0, 0.0, 1.0, 1.0, 1.0, 0.0, 1.0], "coverage": [0.6191579861111111, 0.46469618055555556, 0.6843663194444445, 0.6398177083333333, 0.17528211805555555, 0.34485243055555553, 1.0, 1.0, 1.0, 0.6158984375, 1.0], "coverage_estimated_first_order_diff": [0.3088882757776311, 0.3475034199962947, 0.2691153813150384, 0.26453156143614254, 0.4567307375368182, 0.4006142240401314, -0.36552789050856194, -0.34352891886323944, -0.4128661854740465, 0.18126474738485043, -0.5330256045869467], "coverage_estimated_second_order_diff": [-0.03792720762511104, -0.036453079663355537, -0.020899854747644442, 9.909750886671898e-05, -0.018719104275775555, -0.01209984404055553, -0.003223521713500155, -0.028701540801799985, 0.017656449367599913, -0.011951582295439911, -0.02197170668641002]}