{"coverage_estimated_first_order": [1.4389159588466716, 1.2920908150497157, 1.4078075334828604, 1.534823548042587, 1.2651932270585993, 1.041069733700504, 1.2584171025807598, 1.5551289172693168, 1.3157201791611188, 1.1122643602472477, 1.127201600196382], "coverage_estimated_second_order": [1.0095951884957999, 1.0049039328113998, 0.9848902562121999, 0.7197442255705, 0.64364930771232, 1.0105614167159802, 0.9933081822389999, 0.7039013362229, 0.549757997551, 1.01149659444587, 1.0113860370731602], "sol": [1.0, 1.0, 1.0, 0.0, 0.0, 1.0, 1.0, 0.0, 0.0, 1.0, 1.0], "coverage": [1.0, 1.0, 1.0, 0.7255164930555555, 0.6286501736111111, 1.0, 1.0, 0.6908723958333334, 0.5589583333333333, 1.0, 1.0], "coverage_estimated_first_order_diff": [0.43891595884667156, 0.2920908150497157, 0.40780753348286036, 0.8093070549870314, 0.6365430534474882, 0.04106973370050393, 0.2584171025807598, 0.8642565214359834, 0.7567618458277855, 0.11226436024724773, 0.12720160019638205], "coverage_estimated_second_order_diff": [0.009595188495799878, 0.0049039328113997804, -0.015109743787800056, -0.005772267485055549, 0.0149991341012089, 0.01056141671598021, -0.006691817761000141, 0.01302894038956659, -0.009200335782333369, 0.011496594445870034, 0.011386037073160216]}