{"coverage_estimated_first_order": [0.9106814512075274, 1.0871862189969281, 0.9274970231210677, 1.0950567959290132, 0.6320128555923739, 1.0416776860698653, 1.0533051324495104, 1.1387638043865702, 0.7158126953584267, 0.9684836824831411, 0.6492206707792282], "coverage_estimated_second_order": [1.0206875010182, 0.6904823484678, 1.032786901425, 0.6482299066162001, 1.0129414351638, 0.7222560916535901, 0.5848769510158001, 0.7542819628719, 1.0065343033576999, 0.65834145969074, 1.01522055476042], "sol": [1.0, 0.0, 1.0, 0.0, 1.0, 0.0, 0.0, 0.0, 1.0, 0.0, 1.0], "coverage": [1.0, 0.6816059027777778, 1.0, 0.6440798611111112, 1.0, 0.7196137152777777, 0.5849956597222222, 0.7534027777777778, 1.0, 0.6485199652777778, 1.0], "coverage_estimated_first_order_diff": [-0.08931854879247259, 0.40558031621915036, -0.07250297687893226, 0.450976934817902, -0.36798714440762614, 0.3220639707920876, 0.4683094727272882, 0.38536102660879246, -0.28418730464157327, 0.3199637172053633, -0.3507793292207718], "coverage_estimated_second_order_diff": [0.02068750101819994, 0.008876445690022217, 0.03278690142499996, 0.004150045505088906, 0.012941435163799975, 0.0026423763758123275, -0.00011870870642216591, 0.0008791850941222146, 0.006534303357699889, 0.009821494412962206, 0.015220554760420058]}