{"coverage_estimated_first_order": [0.6964902849670832, 0.6053711453720807, 0.45024053445476064, 0.6745438112946534, 0.6145776013651273, 0.371787935078456, 0.6778264695514332, 0.6855377073532194, 0.4029533097800263, 0.477505370936408, 0.48428054443516255], "coverage_estimated_second_order": [0.4783767159048, 0.3324419317144, 0.8835847305608, 0.5411608295952, 0.53026432185254, 0.9781766846668002, 0.5660920539859999, 0.5300425663149, 0.9757908981498, 0.11627929306369, 0.11801746023614], "sol": [0.0, 0.0, 1.0, 0.0, 0.0, 1.0, 0.0, 0.0, 1.0, 0.0, 0.0], "coverage": [0.5662022569444445, 0.40286024305555557, 1.0, 0.6201692708333333, 0.5486154513888889, 1.0, 0.6508420138888888, 0.5974869791666667, 1.0, 0.13403645833333333, 0.1359548611111111], "coverage_estimated_first_order_diff": [0.13028802802263872, 0.20251090231652513, -0.5497594655452394, 0.054374540461320064, 0.0659621499762384, -0.628212064921544, 0.02698445566254437, 0.08805072818655268, -0.5970466902199737, 0.34346891260307466, 0.34832568332405145], "coverage_estimated_second_order_diff": [-0.08782554103964446, -0.07041831134115556, -0.1164152694392, -0.07900844123813333, -0.018351129536348876, -0.02182331533319981, -0.08474995990288892, -0.06744441285176672, -0.024209101850199977, -0.017757165269643327, -0.0179374008749711]}