{"coverage_estimated_first_order": [0.7621653339797406, 0.6935004753158616, 0.9874611700645691, 0.6429134966688013, 0.7642278307317346, 0.48922097471353576, 0.8871611402212289, 0.9154643704650385, 0.775420371154441, 0.6251363652160093, 0.6365828389103684], "coverage_estimated_second_order": [1.0387762068531998, 1.0388027051339999, 0.762416710433, 0.9693996660313999, 0.53358755749396, 0.9761830029897101, 0.6453681649847001, 0.6460873740554001, 0.4713552074473, 0.10393272024115001, 0.11373498485691], "sol": [1.0, 1.0, 0.0, 1.0, 0.0, 1.0, 0.0, 0.0, 0.0, 0.0, 0.0], "coverage": [1.0, 1.0, 0.7712977430555555, 1.0, 0.5486154513888889, 1.0, 0.6676432291666666, 0.6513802083333333, 0.5020399305555555, 0.11411458333333334, 0.12454861111111111], "coverage_estimated_first_order_diff": [-0.23783466602025938, -0.30649952468413844, 0.2161634270090136, -0.35708650333119873, 0.21561237934284572, -0.5107790252864642, 0.2195179110545623, 0.26408416213170516, 0.27338044059888544, 0.511021781882676, 0.5120342277992572], "coverage_estimated_second_order_diff": [0.038776206853199824, 0.03880270513399986, -0.008881032622555574, -0.03060033396860007, -0.015027893894928868, -0.023816997010289942, -0.022275064181966564, -0.005292834277933256, -0.03068472310825554, -0.01018186309218333, -0.010813626254201111]}