{"coverage_estimated_first_order": [0.6964902849670832, 0.8964080933239601, 0.7094328584128197, 0.8942861600637888, 0.623058184922022, 0.7132724995030952, 0.8579920937832107, 0.9350824363545893, 0.5460988295250087, 0.4619272562704021, 0.8014923337847075], "coverage_estimated_second_order": [1.0050739594100002, 0.678551003128, 1.0144687422068, 0.6323074604589001, 0.13011947433319998, 0.24419495355379, 0.5702394619297999, 0.7363892737973001, 0.9972962156697001, 0.9785787067540401, 0.5936123677784201], "sol": [1.0, 0.0, 1.0, 0.0, 0.0, 0.0, 0.0, 0.0, 1.0, 1.0, 0.0], "coverage": [1.0, 0.6816059027777778, 1.0, 0.6440798611111112, 0.14828125, 0.26165798611111113, 0.5855512152777778, 0.7515972222222222, 1.0, 1.0, 0.6062413194444445], "coverage_estimated_first_order_diff": [-0.3035097150329168, 0.21480219054618233, -0.29056714158718033, 0.25020629895267765, 0.474776934922022, 0.4516145133919841, 0.27244087850543297, 0.18348521413236707, -0.45390117047499134, -0.5380727437295979, 0.19525101434026304], "coverage_estimated_second_order_diff": [0.005073959410000217, -0.003054899649777787, 0.014468742206799945, -0.011772400652211079, -0.018161775666800023, -0.017463032557321123, -0.015311753347977852, -0.015207948424922124, -0.002703784330299941, -0.02142129324595987, -0.012628951666024402]}