{"coverage_estimated_first_order": [1.4850269489024166, 1.035195640647534, 1.1900610018174116, 1.3378252350822193, 0.9524251547214697, 1.041069733700504, 1.0321877161253445, 1.103145441763743, 1.120853444020255, 0.9447941791644519, 0.9552370693856692], "coverage_estimated_second_order": [0.8990363073356001, 1.046807451767, 1.0518038488084, 0.7459069297883, 0.20959400650430998, 0.25547212353739, 1.0216414260625, 1.0538412439274998, 0.48663567133659996, 1.01089503863261, 1.01032859443374], "sol": [0.0, 1.0, 1.0, 0.0, 0.0, 0.0, 1.0, 1.0, 0.0, 1.0, 1.0], "coverage": [0.8486631944444445, 1.0, 1.0, 0.7200260416666666, 0.2042621527777778, 0.25732638888888887, 1.0, 1.0, 0.47976996527777777, 1.0, 1.0], "coverage_estimated_first_order_diff": [0.6363637544579721, 0.035195640647534, 0.1900610018174116, 0.6177991934155527, 0.7481630019436919, 0.7837433448116151, 0.032187716125344545, 0.10314544176374296, 0.6410834787424773, -0.05520582083554815, -0.04476293061433079], "coverage_estimated_second_order_diff": [0.05037311289115565, 0.046807451767000074, 0.051803848808400055, 0.02588088812163336, 0.005331853726532193, -0.0018542653514988516, 0.02164142606249997, 0.05384124392749978, 0.006865706058822196, 0.010895038632610099, 0.010328594433739902]}