{"coverage_estimated_first_order": [1.456687416648542, 1.2940146741766978, 1.6814296955219832, 1.5469014663626912, 1.103748097617933, 1.2499044438996432, 1.250117853714547, 1.3460300691376563, 1.1195298659779276, 1.1019423101598522, 1.111851899291715], "coverage_estimated_second_order": [1.0078858849078, 1.0048047216002, 0.824784272792, 0.740640719427, 0.21103728937545999, 0.38168938417888, 1.0257086485908, 0.9930944114002, 1.0206304215939999, 1.0054482548266, 1.00546933468522], "sol": [1.0, 1.0, 0.0, 0.0, 0.0, 0.0, 1.0, 1.0, 1.0, 1.0, 1.0], "coverage": [1.0, 1.0, 0.7995095486111111, 0.7165190972222222, 0.2090451388888889, 0.3810720486111111, 1.0, 1.0, 1.0, 1.0, 1.0], "coverage_estimated_first_order_diff": [0.45668741664854196, 0.2940146741766978, 0.8819201469108721, 0.830382369140469, 0.8947029587290442, 0.8688323952885321, 0.250117853714547, 0.3460300691376563, 0.11952986597792759, 0.10194231015985222, 0.11185189929171502], "coverage_estimated_second_order_diff": [0.007885884907800067, 0.004804721600200068, 0.02527472418088883, 0.02412162220477787, 0.001992150486571087, 0.0006173355677688841, 0.02570864859080002, -0.00690558859979995, 0.02063042159399986, 0.005448254826599941, 0.005469334685219929]}