{"coverage_estimated_first_order": [1.249447283512312, 1.109607927176726, 1.47914749681194, 1.098342997388762, 1.0660373597597326, 0.8610089097919915, 1.3254731585969137, 1.153683800075818, 0.982183367751276, 0.9351715550696214, 0.948898852534818], "coverage_estimated_second_order": [1.0256302713166001, 1.0175269340016, 0.8723554703928, 1.0478028308212999, 0.5379567600210801, 0.9848729187536601, 0.7545258197197999, 1.0239734934167002, 1.0302027856048, 0.12551303195872002, 0.12924780394816], "sol": [1.0, 1.0, 0.0, 1.0, 0.0, 1.0, 0.0, 1.0, 1.0, 0.0, 0.0], "coverage": [1.0, 1.0, 0.8122829861111112, 1.0, 0.5486154513888889, 1.0, 0.7084635416666667, 1.0, 1.0, 0.1358420138888889, 0.13956597222222222], "coverage_estimated_first_order_diff": [0.24944728351231205, 0.10960792717672607, 0.6668645107008289, 0.09834299738876195, 0.5174219083708437, -0.13899109020800848, 0.617009616930247, 0.15368380007581806, -0.017816632248723985, 0.7993295411807324, 0.8093328803125958], "coverage_estimated_second_order_diff": [0.025630271316600117, 0.017526934001599992, 0.060072484281688876, 0.04780283082129988, -0.010658691367808837, -0.01512708124633988, 0.04606227805313323, 0.023973493416700187, 0.030202785604799942, -0.010328981930168873, -0.010318168274062234]}