{"coverage_estimated_first_order": [1.0442626365462457, 0.9301404399084279, 0.9874579517633589, 1.1090091148774255, 0.7727084142886291, 0.8303442390625895, 1.0443698764026486, 0.9339410230184215, 0.9247510627980435, 0.6100557467707143, 0.9550372497876913], "coverage_estimated_second_order": [0.9955037814904, 0.9844648066943998, 1.019491733317, 0.6494000306395, 0.12902800851672, 0.10728427902496, 0.5066694570792001, 1.0023364281203, 0.3981729588092, 0.97826602016343, 0.59485454043134], "sol": [1.0, 1.0, 1.0, 0.0, 0.0, 0.0, 0.0, 1.0, 0.0, 1.0, 0.0], "coverage": [1.0, 1.0, 1.0, 0.6051041666666667, 0.1434982638888889, 0.11411458333333334, 0.47039930555555554, 1.0, 0.37222222222222223, 1.0, 0.6067447916666666], "coverage_estimated_first_order_diff": [0.04426263654624574, -0.06985956009157213, -0.012542048236641068, 0.5039049482107588, 0.6292101503997403, 0.7162296557292561, 0.573970570847093, -0.06605897698157848, 0.5525288405758213, -0.3899442532292857, 0.3482924581210247], "coverage_estimated_second_order_diff": [-0.004496218509600025, -0.015535193305600159, 0.019491733316999937, 0.04429586397283336, -0.014470255372168894, -0.006830304308373336, 0.036270151523644545, 0.0023364281202999937, 0.025950736586977774, -0.021733979836569994, -0.01189025123532661]}