{"coverage_estimated_first_order": [0.6837016579711453, 0.8959986663587298, 0.6953206533745553, 0.8638645670342162, 0.6514519824583997, 0.6861396043311376, 0.8229369825894285, 0.9010418709965012, 0.719734906951397, 0.6386705052192875, 0.6448775038786616], "coverage_estimated_second_order": [0.9971057755382001, 0.6771220054953999, 0.9820535007473998, 0.5272442801235, 0.20791940503152, 0.16375387675588998, 0.4383952090595, 0.6351033386161, 0.2880523174549, 1.00906424185545, 1.00903020181034], "sol": [1.0, 0.0, 1.0, 0.0, 0.0, 0.0, 0.0, 0.0, 0.0, 1.0, 1.0], "coverage": [1.0, 0.6816059027777778, 1.0, 0.5522829861111112, 0.2042621527777778, 0.16076822916666667, 0.4485329861111111, 0.6780598958333334, 0.2981814236111111, 1.0, 1.0], "coverage_estimated_first_order_diff": [-0.31629834202885465, 0.21439276358095205, -0.3046793466254447, 0.31158158092310506, 0.44718982968062193, 0.525371375164471, 0.3744039964783174, 0.22298197516316787, 0.42155348334028586, -0.3613294947807125, -0.3551224961213384], "coverage_estimated_second_order_diff": [-0.002894224461799877, -0.004483897282377858, -0.017946499252600168, -0.025038705987611154, 0.0036572522537422214, 0.002985647589223317, -0.010137777051611063, -0.04295655721723335, -0.010129106156211098, 0.009064241855450073, 0.009030201810340088]}