{"coverage_estimated_first_order": [1.3851747737441609, 1.2118472959406827, 1.1458788208721151, 1.3003223548502658, 1.115542997691992, 0.8949743145302769, 1.2778907007005633, 1.0931503105515357, 0.9595907618721171, 0.9642838097389054, 0.9759421076509762], "coverage_estimated_second_order": [0.7020966435260001, 0.5110812873816, 1.0086298416686, 0.6410453049826, 0.6476198060366001, 1.01454978390899, 0.6533949006506999, 1.0183932107886, 1.011930615364, 1.01213546901205, 1.01201560663231], "sol": [0.0, 0.0, 1.0, 0.0, 0.0, 1.0, 0.0, 1.0, 1.0, 1.0, 1.0], "coverage": [0.7185069444444444, 0.53234375, 1.0, 0.6293793402777778, 0.6286501736111111, 1.0, 0.6522265625, 1.0, 1.0, 1.0, 1.0], "coverage_estimated_first_order_diff": [0.6666678292997165, 0.6795035459406827, 0.14587882087211512, 0.6709430145724881, 0.48689282408088086, -0.10502568546972313, 0.6256641382005633, 0.09315031055153566, -0.040409238127882885, -0.03571619026109463, -0.02405789234902378], "coverage_estimated_second_order_diff": [-0.01641030091844431, -0.021262462618400035, 0.008629841668599925, 0.011665964704822285, 0.01896963242548899, 0.014549783908990088, 0.0011683381506999435, 0.018393210788600012, 0.011930615363999975, 0.012135469012050093, 0.01201560663231005]}