{"coverage_estimated_first_order": [1.203336293456567, 1.0754661536270278, 1.4377017045193297, 1.0748763614288226, 0.9155507736281976, 1.023290395997586, 1.3143366140485386, 1.3566200428007322, 0.9477365376303382, 0.954949542479863, 0.9768863853083448], "coverage_estimated_second_order": [1.0560520422700002, 1.048177115006, 0.818395418355, 1.0309920111776, 1.00747106018958, 1.01396831305871, 0.7420712375667999, 0.7686443986556, 1.0246304973651998, 0.18548163714884, 0.21239820682613], "sol": [1.0, 1.0, 0.0, 1.0, 1.0, 1.0, 0.0, 0.0, 1.0, 0.0, 0.0], "coverage": [1.0, 1.0, 0.7798177083333333, 1.0, 1.0, 1.0, 0.7079036458333333, 0.7349175347222222, 1.0, 0.1837543402777778, 0.21014322916666667], "coverage_estimated_first_order_diff": [0.203336293456567, 0.0754661536270278, 0.6578839961859964, 0.07487636142882259, -0.08444922637180241, 0.02329039599758609, 0.6064329682152053, 0.62170250807851, -0.05226346236966184, 0.7711952022020852, 0.7667431561416782], "coverage_estimated_second_order_diff": [0.05605204227000016, 0.04817711500599997, 0.038577710021666656, 0.030992011177600087, 0.007471060189579992, 0.013968313058710047, 0.03416759173346662, 0.03372686393337776, 0.024630497365199844, 0.0017272968710622116, 0.0022549776594633364]}