{"coverage_estimated_first_order": [1.015923104292371, 0.6068855775338324, 0.9604419975518124, 0.8782393485440407, 0.7650641874966624, 0.5347411599577726, 0.873792138367016, 0.6782336886103055, 0.5960135283038267, 0.6303924297946196, 0.6399817281535664], "coverage_estimated_second_order": [0.8263027524678002, 0.9860162201223999, 0.7034819614287999, 0.5899188516829, 0.5348052844044, 0.9823918694922001, 0.6063047120455, 1.0060893349393, 0.9862942190816999, 0.12238554592785002, 0.12612337562061998], "sol": [0.0, 1.0, 0.0, 0.0, 0.0, 1.0, 0.0, 1.0, 1.0, 0.0, 0.0], "coverage": [0.8439496527777778, 1.0, 0.7426388888888888, 0.6325434027777778, 0.5486154513888889, 1.0, 0.6420269097222222, 1.0, 1.0, 0.1358420138888889, 0.13956597222222222], "coverage_estimated_first_order_diff": [0.1719734515145933, -0.39311442246616757, 0.21780310866292352, 0.24569594576626297, 0.2164487361077735, -0.4652588400422274, 0.23176522864479376, -0.32176631138969447, -0.4039864716961733, 0.49455041590573073, 0.5004157559313441], "coverage_estimated_second_order_diff": [-0.01764690030997762, -0.013983779877600133, -0.03915692746008892, -0.04262455109487773, -0.013810166984488892, -0.017608130507799857, -0.035722197676722245, 0.006089334939300084, -0.013705780918300103, -0.013456467961038873, -0.013442596601602241]}