{"coverage_estimated_first_order": [1.2301142705328152, 1.08870065115868, 1.4376984862181195, 1.2991136332539863, 1.0863128433906863, 0.8762257243824119, 1.278941713727301, 1.1307146603365896, 0.956520343079601, 0.7827819924321204, 1.130400669841602], "coverage_estimated_second_order": [1.0262979986328, 1.0158915709165999, 0.808251355161, 0.6637853736673001, 0.59955036550758, 1.0107583047949802, 0.6624008473035, 1.0073503927857, 1.0109156074527001, 1.0072288111087602, 0.6575007733011701], "sol": [1.0, 1.0, 0.0, 0.0, 0.0, 1.0, 0.0, 1.0, 1.0, 1.0, 0.0], "coverage": [1.0, 1.0, 0.7748394097222222, 0.6591145833333333, 0.5983333333333334, 1.0, 0.6518706597222222, 1.0, 1.0, 1.0, 0.6552734375], "coverage_estimated_first_order_diff": [0.2301142705328152, 0.08870065115868009, 0.6628590764958973, 0.639999049920653, 0.48797951005735296, -0.12377427561758814, 0.6270710540050787, 0.13071466033658963, -0.04347965692039901, -0.21721800756787957, 0.47512723234160203], "coverage_estimated_second_order_diff": [0.026297998632800024, 0.015891570916599873, 0.03341194543877779, 0.004670790333966779, 0.001217032174246624, 0.010758304794980189, 0.010530187581277772, 0.007350392785699933, 0.010915607452700149, 0.007228811108760169, 0.0022273358011700717]}