{"coverage_estimated_first_order": [0.9694054671159706, 0.8779072223158334, 1.1897433687746124, 1.0914719656427305, 0.631176498827446, 1.0248198803607758, 0.8109587828894085, 1.107313143306166, 0.9088446577881222, 0.9645721665746934, 0.647264222661786], "coverage_estimated_second_order": [1.0445716717553999, 1.0557415729502, 0.7082780414684, 0.6177487368056, 1.01174593700716, 0.67488112301099, 0.9943729714264999, 0.6091531251002, 0.3673428836203, 0.64873213908093, 1.0132027571466], "sol": [1.0, 1.0, 0.0, 0.0, 1.0, 0.0, 1.0, 0.0, 0.0, 0.0, 1.0], "coverage": [1.0, 1.0, 0.6782682291666666, 0.6167274305555556, 1.0, 0.6734114583333334, 1.0, 0.5755512152777778, 0.38477430555555553, 0.6405598958333333, 1.0], "coverage_estimated_first_order_diff": [-0.030594532884029357, -0.1220927776841666, 0.5114751396079458, 0.47474453508717496, -0.368823501172554, 0.3514084220274424, -0.18904121711059152, 0.5317619280283883, 0.5240703522325667, 0.3240122707413601, -0.35273577733821404], "coverage_estimated_second_order_diff": [0.04457167175539989, 0.05574157295019999, 0.030009812301733385, 0.0010213062500444847, 0.011745937007159979, 0.0014696646776566347, -0.005627028573500059, 0.03360190982242228, -0.017431421935255542, 0.008172243247596689, 0.01320275714660002]}