{"coverage_estimated_first_order": [1.1294488011332484, 1.002568299259588, 1.1574336604294664, 1.0750596126807133, 0.9642200547955291, 0.7151632839418705, 0.8250481822776373, 0.82462163319652, 0.9807334876256129, 0.8079827311929567, 0.8195270973429082], "coverage_estimated_second_order": [0.5530208341716, 0.4396483422998, 0.6405061172452001, 0.5836064593018999, 0.64726694905951, 1.014219279361, 0.9813092570083, 0.9659286458578, 0.5710567873911001, 1.01496010332436, 1.0149997252239902], "sol": [0.0, 0.0, 0.0, 0.0, 0.0, 1.0, 1.0, 1.0, 0.0, 1.0, 1.0], "coverage": [0.5706206597222222, 0.4626909722222222, 0.6566927083333334, 0.5989366319444445, 0.6286501736111111, 1.0, 1.0, 1.0, 0.5755685763888889, 1.0, 1.0], "coverage_estimated_first_order_diff": [0.5588281414110262, 0.5398773270373657, 0.500740952096133, 0.4761229807362688, 0.335569881184418, -0.28483671605812955, -0.17495181772236268, -0.17537836680347996, 0.40516491123672393, -0.19201726880704328, -0.18047290265709182], "coverage_estimated_second_order_diff": [-0.017599825550622228, -0.02304262992242223, -0.01618659108813325, -0.015330172642544548, 0.018616775448398903, 0.014219279361000092, -0.018690742991700038, -0.03407135414219997, -0.004511788997788813, 0.014960103324360041, 0.014999725223990179]}