{"coverage_estimated_first_order": [0.6837016579711453, 0.8959986663587298, 0.6953206533745553, 0.863864567034216, 0.47173524202555905, 0.8296725003888672, 0.8227371629914493, 0.8997992494687239, 0.7184149960009059, 0.477444171543455, 0.8285662203705922], "coverage_estimated_second_order": [0.9971057755382001, 0.6771220054953999, 0.9820535007473999, 0.5272442801235, 1.0094552954087201, 0.57474437726349, 0.4377934167618, 0.6315590260871, 0.2869233961381, 1.01054817988305, 0.67028337716104], "sol": [1.0, 0.0, 1.0, 0.0, 1.0, 0.0, 0.0, 0.0, 0.0, 1.0, 0.0], "coverage": [1.0, 0.6816059027777778, 1.0, 0.5522829861111112, 1.0, 0.5689496527777778, 0.44829861111111113, 0.6746571180555555, 0.30006510416666665, 1.0, 0.6641059027777778], "coverage_estimated_first_order_diff": [-0.31629834202885465, 0.21439276358095205, -0.3046793466254447, 0.31158158092310484, -0.528264757974441, 0.26072284761108944, 0.37443855188033814, 0.2251421314131684, 0.4183498918342392, -0.522555828456545, 0.16446031759281443], "coverage_estimated_second_order_diff": [-0.002894224461799877, -0.004483897282377858, -0.017946499252600057, -0.025038705987611154, 0.009455295408720144, 0.005794724485712277, -0.010505194349311131, -0.04309809196845549, -0.013141708028566679, 0.010548179883050013, 0.006177474383262216]}