{"coverage_estimated_first_order": [1.6310809328393843, 1.4380685949767464, 1.4310590407697992, 1.3473395520937461, 0.9329860278554439, 1.3969691155148172, 1.295398465959443, 1.3301922375640536, 1.1469433984916275, 1.2746073564283056, 0.9595802362862357], "coverage_estimated_second_order": [0.737066621644, 0.5914853744135999, 0.9709248772789998, 0.9595791505061999, 1.01029156621726, 0.7984048908177099, 0.977923586564, 0.9589045600387, 0.9666631621775998, 0.6581780722352001, 1.01252693933872], "sol": [0.0, 0.0, 1.0, 1.0, 1.0, 0.0, 1.0, 1.0, 1.0, 0.0, 1.0], "coverage": [0.7443489583333334, 0.5986371527777777, 1.0, 1.0, 1.0, 0.7923741319444444, 1.0, 1.0, 1.0, 0.6496614583333333, 1.0], "coverage_estimated_first_order_diff": [0.8867319745060509, 0.8394314421989687, 0.4310590407697992, 0.3473395520937461, -0.06701397214455607, 0.6045949835703728, 0.2953984659594431, 0.3301922375640536, 0.14694339849162752, 0.6249458980949723, -0.04041976371376432], "coverage_estimated_second_order_diff": [-0.007282336689333313, -0.0071517783641777966, -0.029075122721000213, -0.04042084949380009, 0.010291566217260018, 0.00603075887326554, -0.022076413435999975, -0.04109543996130005, -0.033336837822400156, 0.008516613901866754, 0.012526939338719956]}