{"coverage_estimated_first_order": [1.3707787765431951, 1.5041856437059598, 1.430741407727, 1.3432059291133036, 0.9240313571850922, 1.3937986400329583, 1.2972911341378255, 1.578494345037646, 1.1270511392441784, 0.9402184802633089, 1.2942979942558677], "coverage_estimated_second_order": [0.9943767049454, 0.736906937646, 1.011729469793, 0.9851019935534999, 1.0096978414562698, 0.7899162007763101, 0.9903083988185999, 0.7619531428862, 0.9819694781735999, 1.01173917497116, 0.67448014055697], "sol": [1.0, 0.0, 1.0, 1.0, 1.0, 0.0, 1.0, 0.0, 1.0, 1.0, 0.0], "coverage": [1.0, 0.7282161458333334, 1.0, 1.0, 1.0, 0.7844704861111111, 1.0, 0.7613671875, 1.0, 1.0, 0.6670182291666666], "coverage_estimated_first_order_diff": [0.37077877654319513, 0.7759694978726264, 0.430741407727, 0.3432059291133036, -0.07596864281490778, 0.6093281539218471, 0.2972911341378255, 0.8171271575376461, 0.12705113924417843, -0.0597815197366911, 0.627279765089201], "coverage_estimated_second_order_diff": [-0.005623295054600019, 0.008690791812666632, 0.011729469792999936, -0.014898006446500078, 0.00969784145626984, 0.005445714665198942, -0.009691601181400111, 0.0005859553861999878, -0.01803052182640008, 0.011739174971159949, 0.0074619113903033885]}