{"coverage_estimated_first_order": [0.9172258371910863, 0.8166471200978642, 0.6956415047185646, 0.6437609181894949, 0.47173524202555894, 0.830033800464453, 0.8577336804352326, 0.877154895372918, 0.7360479620345415, 0.4774441715434551, 0.8285662203705922], "coverage_estimated_second_order": [0.543216938599, 0.4341768043494, 0.9710224393674, 0.9947245639939, 1.00945529540872, 0.57685054250816, 0.5623698908138, 0.5274978975012999, 0.3628746354243, 1.01054817988315, 0.67028337716104], "sol": [0.0, 0.0, 1.0, 1.0, 1.0, 0.0, 0.0, 0.0, 0.0, 1.0, 0.0], "coverage": [0.5715104166666667, 0.4638802083333333, 1.0, 1.0, 1.0, 0.5730902777777778, 0.5906597222222222, 0.5319053819444445, 0.3732595486111111, 1.0, 0.6641059027777778], "coverage_estimated_first_order_diff": [0.3457154205244196, 0.3527669117645309, -0.30435849528143544, -0.3562390818105051, -0.5282647579744411, 0.2569435226866752, 0.2670739582130104, 0.34524951342847354, 0.3627884134234304, -0.5225558284565449, 0.16446031759281443], "coverage_estimated_second_order_diff": [-0.02829347806766669, -0.02970340398393334, -0.02897756063260004, -0.005275436006100032, 0.009455295408719921, 0.003760264730382268, -0.028289831408422228, -0.004407484443144538, -0.010384913186811118, 0.010548179883149933, 0.006177474383262216]}