{"coverage_estimated_first_order": [1.1422374281291865, 1.2940146741766978, 1.43073818942579, 1.325223554479421, 0.7824994417239091, 1.2336545905599148, 1.0387746324022693, 1.108454556642334, 0.9437184177087576, 1.1222177937908044, 0.8051216740956096], "coverage_estimated_second_order": [1.0372845064996001, 0.7229626360556001, 0.816495279851, 0.7157783430269999, 1.01260490893836, 0.8006803563818898, 1.0405300626045, 1.0471023654539, 1.0351265217462, 0.66036103920876, 1.01484796526508], "sol": [1.0, 0.0, 0.0, 0.0, 1.0, 0.0, 1.0, 1.0, 1.0, 0.0, 1.0], "coverage": [1.0, 0.6985199652777778, 0.7903732638888888, 0.6871310763888889, 1.0, 0.7923741319444444, 1.0, 1.0, 1.0, 0.6496614583333333, 1.0], "coverage_estimated_first_order_diff": [0.1422374281291865, 0.59549470889892, 0.6403649255369012, 0.6380924780905322, -0.21750055827609094, 0.4412804586154704, 0.038774632402269305, 0.10845455664233405, -0.05628158229124236, 0.4725563354574711, -0.19487832590439036], "coverage_estimated_second_order_diff": [0.037284506499600134, 0.02444267077782225, 0.026122015962111167, 0.028647266638111013, 0.012604908938359971, 0.008306224437445442, 0.04053006260449998, 0.04710236545390001, 0.03512652174620001, 0.010699580875426662, 0.014847965265079921]}