{"coverage_estimated_first_order": [1.044262636546246, 0.6391034919565484, 0.7282656278052998, 0.8889054660327042, 0.45145975839460506, 0.8140943857228613, 0.8351805725601378, 0.6843962940170515, 0.7365604144981663, 0.6303312304016667, 0.6483070245915862], "coverage_estimated_second_order": [0.8773182586252, 1.0350684106604, 1.021701884457, 0.5981209852144, 0.9744127382429599, 0.53340004963669, 0.47818931356739997, 1.0345580292308, 0.3391405584956, 0.12747975926037003, 0.15625264756028998], "sol": [0.0, 1.0, 1.0, 0.0, 1.0, 0.0, 0.0, 1.0, 0.0, 0.0, 0.0], "coverage": [0.8484852430555555, 1.0, 1.0, 0.5898828125, 1.0, 0.5486154513888889, 0.4652951388888889, 1.0, 0.329921875, 0.14580729166666667, 0.17521267361111112], "coverage_estimated_first_order_diff": [0.19577739349069045, -0.36089650804345164, -0.2717343721947002, 0.2990226535327042, -0.5485402416053949, 0.2654789343339724, 0.3698854336712489, -0.3156037059829485, 0.40663853949816636, 0.48452393873500005, 0.47309435098047503], "coverage_estimated_second_order_diff": [0.02883301556964446, 0.03506841066040001, 0.021701884457000054, 0.008238172714400083, -0.02558726175704007, -0.015215401752198932, 0.012894174678511061, 0.03455802923080009, 0.00921868349560001, -0.018327532406296643, -0.018960026050821144]}