{"coverage_estimated_first_order": [1.6186989529641016, 1.4235326976316967, 1.4053919961741836, 1.3003223548502658, 1.2660295838235271, 1.0582888394851793, 1.521229469537404, 1.3195531892363892, 1.1614921646126595, 1.1166733723764062, 1.130400669841602], "coverage_estimated_second_order": [0.7274066756388, 0.5688487477831999, 0.9862686679565998, 1.0035907647802, 0.64480034836138, 1.0116563866588102, 0.7307925264516, 0.9814797741072, 1.0068991789967998, 1.0092932902451601, 1.0091679880751698], "sol": [0.0, 0.0, 1.0, 1.0, 0.0, 1.0, 0.0, 1.0, 1.0, 1.0, 1.0], "coverage": [0.7424175347222223, 0.5933637152777778, 1.0, 1.0, 0.6286501736111111, 1.0, 0.7197743055555555, 1.0, 1.0, 1.0, 1.0], "coverage_estimated_first_order_diff": [0.8762814182418793, 0.8301689823539189, 0.40539199617418364, 0.3003223548502658, 0.6373794102124161, 0.05828883948517927, 0.8014551639818485, 0.3195531892363892, 0.16149216461265947, 0.11667337237640618, 0.13040066984160203], "coverage_estimated_second_order_diff": [-0.015010859083422257, -0.024514967494577822, -0.013731332043400157, 0.0035907647802000398, 0.01615017475026892, 0.011656386658810192, 0.011018220896044428, -0.018520225892800002, 0.006899178996799815, 0.009293290245160124, 0.00916798807516983]}