{"coverage_estimated_first_order": [0.9222086679970186, 1.1091985002114955, 1.2143437856774821, 0.8458821924003336, 0.6311764988274461, 0.9961575008256285, 1.0508981989295743, 0.8825652184431181, 0.9388850799465698, 0.9642226103459524, 0.6483070245915861], "coverage_estimated_second_order": [1.0346331515337999, 0.739027336019, 0.8189330393074, 1.0221599972258, 1.01174593700716, 0.5873270987581101, 0.5742200165606, 1.0509122517286, 0.46090882485709994, 0.64680957329427, 1.0133309189057798], "sol": [1.0, 0.0, 0.0, 1.0, 1.0, 0.0, 0.0, 1.0, 0.0, 0.0, 1.0], "coverage": [1.0, 0.718203125, 0.7951475694444444, 1.0, 1.0, 0.5809939236111111, 0.5717013888888889, 1.0, 0.4572612847222222, 0.6381032986111111, 1.0], "coverage_estimated_first_order_diff": [-0.07779133200298138, 0.3909953752114954, 0.4191962162330377, -0.15411780759966642, -0.3688235011725539, 0.41516357721451735, 0.4791968100406854, -0.11743478155688192, 0.48162379522434756, 0.3261193117348412, -0.35169297540841393], "coverage_estimated_second_order_diff": [0.034633151533799866, 0.020824211018999894, 0.0237854698629556, 0.022159997225799977, 0.011745937007159979, 0.006333175146998937, 0.002518627671711071, 0.05091225172860003, 0.0036475401348777248, 0.008706274683158877, 0.013330918905779754]}