{"coverage_estimated_first_order": [1.0109402734864388, 0.6053711453720807, 0.7009320405509538, 0.8958604231023377, 0.6320128555923736, 0.7164429749849544, 0.8594987784015033, 0.9238583451556084, 0.5311173288518225, 0.795818636214688, 0.46553195428729766], "coverage_estimated_second_order": [0.8329426915806, 0.9958772046279999, 1.0018924539208, 0.6499760712542, 0.1565630137798, 0.2539664009902, 0.5770636192492, 0.7055514209046001, 0.9902017782806, 0.60164185971043, 0.97798941556192], "sol": [0.0, 1.0, 1.0, 0.0, 0.0, 0.0, 0.0, 0.0, 1.0, 0.0, 1.0], "coverage": [0.8449479166666667, 1.0, 1.0, 0.6811892361111112, 0.17528211805555555, 0.2720920138888889, 0.6026649305555556, 0.7305815972222223, 1.0, 0.6147569444444444, 1.0], "coverage_estimated_first_order_diff": [0.1659923568197721, -0.3946288546279193, -0.2990679594490462, 0.21467118699122656, 0.4567307375368181, 0.4443509610960655, 0.25683384784594776, 0.19327674793338612, -0.4688826711481775, 0.18106169177024356, -0.5344680457127023], "coverage_estimated_second_order_diff": [-0.012005225086066718, -0.00412279537200011, 0.0018924539208000635, -0.03121316485691117, -0.018719104275755544, -0.01812561289868886, -0.025601311306355568, -0.025030176317622166, -0.009798221719400035, -0.013115084734014348, -0.022010584438080016]}