{"coverage_estimated_first_order": [1.1298554482539038, 0.9884418288797685, 1.1458788208721151, 1.0581027083912196, 0.965056411560457, 0.7320210896509602, 1.0562633845871727, 0.8487682755340104, 0.7739987471228829, 0.8118942471014045, 0.8214835454603503], "coverage_estimated_second_order": [0.5337710612546, 0.3675352708218, 0.5812092311046, 0.5205936156329, 0.64846244721614, 1.0154147775190001, 0.5503556270707, 0.9535933612685, 0.9943874426741, 1.01304903659, 1.0129328771684], "sol": [0.0, 0.0, 0.0, 0.0, 0.0, 1.0, 0.0, 1.0, 1.0, 1.0, 1.0], "coverage": [0.5279166666666667, 0.3559939236111111, 0.5662890625, 0.5142708333333333, 0.6286501736111111, 1.0, 0.5341493055555555, 1.0, 1.0, 1.0, 1.0], "coverage_estimated_first_order_diff": [0.6019387815872371, 0.6324479052686574, 0.5795897583721151, 0.5438318750578862, 0.3364062379493459, -0.26797891034903976, 0.5221140790316172, -0.15123172446598965, -0.22600125287711714, -0.18810575289859555, -0.1785164545396497], "coverage_estimated_second_order_diff": [0.005854394587933354, 0.01154134721068889, 0.014920168604599993, 0.0063227822995666205, 0.019812273605028907, 0.015414777519000111, 0.01620632151514445, -0.04640663873149997, -0.005612557325900047, 0.013049036590000007, 0.012932877168400081]}