{"coverage_estimated_first_order": [1.1248726174479717, 0.9869273967180167, 0.8863688638712568, 1.076085083025102, 0.794294341797968, 0.8787244611905487, 1.0699468321849606, 1.0926528143308252, 0.7489055536823119, 0.984061797149147, 0.6679692609270931], "coverage_estimated_second_order": [0.531451615933, 0.3727240567518, 0.9434118711866, 0.591040118015, 1.0107791877605399, 1.0095042183763, 0.6155826438194, 0.5846457700592, 1.0037722248717, 0.6764569879717901, 1.01032535252884], "sol": [0.0, 0.0, 1.0, 0.0, 1.0, 1.0, 0.0, 0.0, 1.0, 0.0, 1.0], "coverage": [0.5662022569444445, 0.40286024305555557, 1.0, 0.6201692708333333, 1.0, 1.0, 0.6510980902777778, 0.6010980902777778, 1.0, 0.6568229166666667, 1.0], "coverage_estimated_first_order_diff": [0.5586703605035273, 0.5840671536624611, -0.1136311361287432, 0.4559158121917688, -0.20570565820203202, -0.1212755388094513, 0.4188487419071828, 0.49155472405304734, -0.25109444631768807, 0.3272388804824803, -0.3320307390729069], "coverage_estimated_second_order_diff": [-0.03475064101144443, -0.030136186303755585, -0.05658812881340003, -0.02912915281833328, 0.010779187760539877, 0.009504218376300111, -0.035515446458377786, -0.016452320218577787, 0.003772224871700036, 0.0196340713051234, 0.010325352528840037]}