{"coverage_estimated_first_order": [0.9230634310828099, 1.101722116341978, 0.9531640677166835, 1.1424352932480795, 0.7735447710535571, 0.9052494039931449, 0.8579920937832107, 1.1491552236278788, 0.7528335700277387, 0.6151638713573547, 0.9561507155733112], "coverage_estimated_second_order": [1.032823389959, 0.7189926786173999, 1.0569192949128, 0.7494215444143, 0.13264367290257, 0.32538718093679, 1.047976948404, 0.7718899037355, 1.0353176323311, 0.98011800168872, 0.59615910454718], "sol": [1.0, 0.0, 1.0, 0.0, 0.0, 0.0, 1.0, 0.0, 1.0, 1.0, 0.0], "coverage": [1.0, 0.6992751736111111, 1.0, 0.7069010416666667, 0.14828125, 0.3344184027777778, 1.0, 0.7521571180555555, 1.0, 1.0, 0.6062543402777778], "coverage_estimated_first_order_diff": [-0.07693656891719014, 0.4024469427308668, -0.046835932283316506, 0.4355342515814128, 0.6252635210535571, 0.5708310012153671, -0.14200790621678927, 0.3969981055723233, -0.24716642997226135, -0.38483612864264527, 0.3498963752955334], "coverage_estimated_second_order_diff": [0.03282338995900003, 0.01971750500628877, 0.0569192949127999, 0.042520502747633304, -0.015637577097429994, -0.009031221840987813, 0.04797694840400002, 0.01973278567994452, 0.03531763233109997, -0.019881998311280014, -0.010095235730597785]}