{"coverage_estimated_first_order": [1.2584538027866903, 0.8298816176295164, 0.9463297925135479, 1.0896761018979286, 0.6311764988274458, 0.9957962007500429, 1.031340663675891, 0.888575158269743, 0.9101964919245547, 0.9642226103459525, 0.6483070245915862], "coverage_estimated_second_order": [0.8922200661926001, 1.0454709711745998, 1.0395140879734, 0.6145041587434, 1.01174593700716, 0.58524468262269, 0.4951879365566, 1.0495594982766001, 0.3571827338656, 0.6468095732941701, 1.0133309189059898], "sol": [0.0, 1.0, 1.0, 0.0, 1.0, 0.0, 0.0, 1.0, 0.0, 0.0, 1.0], "coverage": [0.8484852430555555, 1.0, 1.0, 0.5898828125, 1.0, 0.5768532986111111, 0.4670225694444444, 1.0, 0.34022569444444445, 0.6381032986111111, 1.0], "coverage_estimated_first_order_diff": [0.4099685597311348, -0.1701183823704836, -0.053670207486452126, 0.49979328939792866, -0.36882350117255425, 0.4189429021389318, 0.5643180942314466, -0.11142484173025702, 0.5699707974801103, 0.3261193117348413, -0.3516929754084138], "coverage_estimated_second_order_diff": [0.043734823137044576, 0.04547097117459975, 0.03951408797339995, 0.024621346243400066, 0.011745937007159979, 0.008391384011578906, 0.02816536711215556, 0.04955949827660011, 0.016957039421155562, 0.008706274683058957, 0.013330918905989808]}