{"coverage_estimated_first_order": [1.0233222533617212, 0.6199070427171304, 0.7265990851465697, 0.9432389204214039, 0.602782701291068, 0.7267180644478223, 0.6633386872857501, 0.9337522681762063, 0.5642159919281642, 0.6151638713573548, 0.6201903360759013], "coverage_estimated_second_order": [0.8544930372534, 1.0110169205762, 1.032046243431, 0.7523936280638, 0.03642877699357001, 0.2509582244006, 1.0370389677535, 0.7276733197794, 1.0241714385146, 0.05046368531551, 0.04125908732568], "sol": [0.0, 1.0, 1.0, 0.0, 0.0, 0.0, 1.0, 0.0, 1.0, 0.0, 0.0], "coverage": [0.8449479166666667, 1.0, 1.0, 0.7296831597222222, 0.004782986111111111, 0.22030381944444444, 1.0, 0.7275303819444444, 1.0, 0.020733506944444445, 0.011662326388888889], "coverage_estimated_first_order_diff": [0.17837433669505454, -0.3800929572828696, -0.2734009148534303, 0.2135557606991817, 0.5979997151799569, 0.5064142450033778, -0.3366613127142499, 0.20622188623176185, -0.4357840080718358, 0.5944303644129104, 0.6085280096870125], "coverage_estimated_second_order_diff": [0.009545120586733291, 0.011016920576200073, 0.03204624343100004, 0.02271046834157775, 0.0316457908824589, 0.030654404956155568, 0.03703896775349991, 0.00014293783495555878, 0.024171438514599908, 0.029730178371065556, 0.02959676093679111]}