{"coverage_estimated_first_order": [0.910274804086872, 0.8102757414248681, 0.6798595387203599, 0.8919100513737858, 0.6514519824583996, 0.7151632839418707, 0.6145947311963713, 0.8660674254891315, 0.7422012107472202, 0.6395175576687393, 0.6450773234766395], "coverage_estimated_second_order": [0.5219463859118, 0.41378699174579997, 0.9523516059634, 0.6305502014863, 0.20791940503152, 0.25350517601629996, 0.9858088049635, 0.5079711208294999, 0.37997743754339997, 1.00979799546044, 1.00905380588358], "sol": [0.0, 0.0, 1.0, 0.0, 0.0, 0.0, 1.0, 0.0, 0.0, 1.0, 1.0], "coverage": [0.5450998263888889, 0.4269140625, 1.0, 0.6682335069444445, 0.2042621527777778, 0.25732638888888887, 1.0, 0.5301866319444445, 0.4074522569444444, 1.0, 1.0], "coverage_estimated_first_order_diff": [0.3651749776979831, 0.3833616789248681, -0.32014046127964013, 0.22367654442934126, 0.4471898296806218, 0.4578368950529818, -0.3854052688036287, 0.33588079354468703, 0.3347489538027758, -0.3604824423312607, -0.3549226765233605], "coverage_estimated_second_order_diff": [-0.023153440477088894, -0.013127070754200054, -0.04764839403660004, -0.03768330545814447, 0.0036572522537422214, -0.0038212128725889083, -0.014191195036500015, -0.022215511114944575, -0.02747481940104446, 0.009797995460439912, 0.009053805883580068]}