{"coverage_estimated_first_order": [0.9152576348928042, 1.1028271215384995, 1.1985618196792776, 1.09439262566021, 0.9439445711645754, 0.6995851692758643, 0.8365831097034669, 0.8702351270315544, 0.9887635462636524, 0.9603722938304575, 0.6380252800361241], "coverage_estimated_second_order": [1.0290248441896002, 0.7224669877994, 0.7876934766074, 0.6599191414009, 0.62366050412015, 1.0104709676299901, 1.0149857654916, 1.0342034207816, 0.6065124196943, 0.6444722440201601, 1.0058638714833399], "sol": [1.0, 0.0, 0.0, 0.0, 0.0, 1.0, 1.0, 1.0, 0.0, 0.0, 1.0], "coverage": [1.0, 0.6985199652777778, 0.7834765625, 0.6723350694444444, 0.6228038194444444, 1.0, 1.0, 1.0, 0.6159809027777777, 0.6439930555555555, 1.0], "coverage_estimated_first_order_diff": [-0.0847423651071958, 0.40430715626072167, 0.4150852571792776, 0.42205755621576546, 0.321140751720131, -0.30041483072413566, -0.16341689029653306, -0.12976487296844563, 0.37278264348587464, 0.316379238274902, -0.36197471996387587], "coverage_estimated_second_order_diff": [0.029024844189600163, 0.023947022521622174, 0.004216914107399994, -0.01241592804354441, 0.0008566846757055435, 0.010470967629990113, 0.014985765491599912, 0.03420342078159999, -0.009468483083477697, 0.0004791884646045963, 0.005863871483339889]}