{"coverage_estimated_first_order": [1.0105336263657834, 0.6194976157519001, 0.7124868801083051, 0.9128173273918313, 0.6311764988274458, 0.6995851692758648, 0.6282835760919677, 0.8997117028181182, 0.7378520693545525, 0.7919071203062402, 0.46357550616985554], "coverage_estimated_second_order": [0.8156301324572, 1.0103870466859999, 1.0032232140799997, 0.6887614065534, 0.15292512064016, 0.20414903736639997, 1.0010138910499, 0.6348474061968, 0.3708443214538, 0.59199774780293, 0.9759339990884001], "sol": [0.0, 1.0, 1.0, 0.0, 0.0, 0.0, 1.0, 0.0, 0.0, 0.0, 1.0], "coverage": [0.8174609375, 1.0, 1.0, 0.7104730902777778, 0.17049913194444444, 0.22110677083333333, 1.0, 0.6586935763888889, 0.3991970486111111, 0.606796875, 1.0], "coverage_estimated_first_order_diff": [0.19307268886578333, -0.3805023842480999, -0.2875131198916949, 0.20234423711405347, 0.4606773668830013, 0.4784783984425315, -0.3717164239080323, 0.24101812642922926, 0.3386550207434414, 0.1851102453062402, -0.5364244938301445], "coverage_estimated_second_order_diff": [-0.0018308050428000877, 0.010387046685999879, 0.0032232140799997033, -0.021711683724377817, -0.01757401130428443, -0.016957733466933356, 0.0010138910499000175, -0.0238461701920889, -0.02835272715731113, -0.014799127197069994, -0.02406600091159994]}