{"coverage_estimated_first_order": [0.9222086679970185, 1.1091985002114955, 1.2143437856774821, 0.8458821924003337, 0.801938568589935, 0.84945412928604, 1.0517452513790277, 0.8830627146638289, 0.94280729153954, 0.7915575640774991, 0.8005786875970654], "coverage_estimated_second_order": [1.0346331515337999, 0.739027336019, 0.8189330393074, 1.0221599972258, 0.20974511401576, 0.16792079198881, 0.5773736039392999, 1.0507125537217998, 0.4698247692473, 1.01050746226797, 1.01062239960768], "sol": [1.0, 0.0, 0.0, 1.0, 0.0, 0.0, 0.0, 1.0, 0.0, 1.0, 1.0], "coverage": [1.0, 0.718203125, 0.7951475694444444, 1.0, 0.2042621527777778, 0.16490885416666667, 0.5751345486111111, 1.0, 0.46346788194444444, 1.0, 1.0], "coverage_estimated_first_order_diff": [-0.0777913320029815, 0.3909953752114954, 0.4191962162330377, -0.1541178075996663, 0.5976764158121571, 0.6845452751193734, 0.4766107027679166, -0.11693728533617109, 0.4793394095950956, -0.2084424359225009, -0.1994213124029346], "coverage_estimated_second_order_diff": [0.034633151533799866, 0.020824211018999894, 0.0237854698629556, 0.022159997225799977, 0.005482961237982198, 0.003011937822143318, 0.0022390553281887993, 0.050712553721799836, 0.006356887302855552, 0.010507462267969947, 0.010622399607679966]}