{"coverage_estimated_first_order": [0.9763565002201848, 0.59324165303695, 0.9463330108147578, 0.6235804836893045, 0.7934579850330401, 0.5079695648614009, 0.8749789799439249, 0.8705960019370707, 0.7647880118739225, 0.8066381825227943, 0.48212427671974256], "coverage_estimated_second_order": [0.7360962229562, 0.9487371781857998, 0.6575425030613999, 0.9361328041388001, 0.62179484764912, 1.00378823664686, 0.6059495424438, 0.5366911901928, 0.4386561739176, 0.63817087479705, 1.00307681633554], "sol": [0.0, 1.0, 0.0, 1.0, 0.0, 1.0, 0.0, 0.0, 0.0, 0.0, 1.0], "coverage": [0.8105251736111111, 1.0, 0.7493185763888889, 1.0, 0.6228038194444444, 1.0, 0.6675434027777778, 0.6185503472222222, 0.4892621527777778, 0.6395616319444445, 1.0], "coverage_estimated_first_order_diff": [0.16583132660907374, -0.40675834696305, 0.19701443442586897, -0.3764195163106955, 0.1706541655885957, -0.4920304351385991, 0.20743557716614713, 0.2520456547148484, 0.27552585909614474, 0.1670765505783498, -0.5178757232802574], "coverage_estimated_second_order_diff": [-0.07442895065491106, -0.051262821814200166, -0.09177607332748894, -0.06386719586119993, -0.0010089717953244426, 0.0037882366468600104, -0.061593860333977846, -0.08185915702942226, -0.050605978860177814, -0.0013907571473944502, 0.0030768163355399114]}