{"coverage_estimated_first_order": [0.4411709594768263, 0.673002626263046, 0.7094328584128198, 0.6520665136047427, 0.4815262694608389, 0.5534897501056376, 0.635717544818346, 0.6914455266441304, 0.35790451413329516, 0.6434290735771869, 0.3110733920966717], "coverage_estimated_second_order": [0.8796378922722001, 0.5615673132658, 0.5426950183707999, 0.4553648001604, 0.15207346465254, 0.24948463326870002, 0.43632555260719996, 0.55880458689, 0.9459407813884001, 0.5972986805245001, 0.97377788974454], "sol": [1.0, 0.0, 0.0, 0.0, 0.0, 0.0, 0.0, 0.0, 1.0, 0.0, 1.0], "coverage": [1.0, 0.6635590277777778, 0.6611154513888889, 0.5405164930555556, 0.17528211805555555, 0.2720920138888889, 0.5303038194444445, 0.6576388888888889, 1.0, 0.6147569444444444, 1.0], "coverage_estimated_first_order_diff": [-0.5588290405231737, 0.009443598485268212, 0.048317407023930836, 0.11155002054918706, 0.3062441514052833, 0.28139773621674874, 0.10541372537390148, 0.03380663775524151, -0.6420954858667048, 0.02867212913274253, -0.6889266079033283], "coverage_estimated_second_order_diff": [-0.12036210772779987, -0.10199171451197775, -0.11842043301808902, -0.08515169289515562, -0.023208653403015533, -0.022607380620188855, -0.09397826683724453, -0.09883430199888887, -0.0540592186115999, -0.017458263919944317, -0.02622211025545995]}