{"coverage_estimated_first_order": [1.1899099733625578, 1.05610291666558, 0.9808185063150386, 0.9153766873337249, 0.7727084142886291, 0.8597292187489081, 0.8688702249836078, 0.8882914399212931, 0.9772295326582094, 0.6109027992201661, 0.9552370693856692], "coverage_estimated_second_order": [0.7390776410124, 0.6045953038486, 1.0281128678429998, 1.0312892463345, 0.12902800851670998, 0.19795764123461002, 1.035065566712, 1.0089226132566997, 0.5221963830179, 0.97940916182521, 0.59544508590064], "sol": [0.0, 0.0, 1.0, 1.0, 0.0, 0.0, 1.0, 1.0, 0.0, 1.0, 0.0], "coverage": [0.7257465277777778, 0.5986371527777777, 1.0, 1.0, 0.1434982638888889, 0.21067274305555556, 1.0, 1.0, 0.49698350694444443, 1.0, 0.6069791666666666], "coverage_estimated_first_order_diff": [0.46416344558477995, 0.45746576388780225, -0.01918149368496136, -0.0846233126662751, 0.6292101503997403, 0.6490564756933526, -0.13112977501639222, -0.11170856007870689, 0.480246025713765, -0.3890972007798339, 0.3482579027190026], "coverage_estimated_second_order_diff": [0.013331113234622216, 0.005958151070822315, 0.028112867842999822, 0.03128924633450003, -0.014470255372178914, -0.01271510182094554, 0.035065566711999896, 0.00892261325669974, 0.025212876073455515, -0.020590838174790016, -0.011534080766026578]}