{"coverage_estimated_first_order": [1.4443054367732593, 1.279478776831648, 1.6557626509263674, 1.4998842691192107, 1.2660295838235271, 1.0579275394095935, 1.4751018048430542, 1.334893524589281, 1.1301564205059893, 1.1166733723764062, 1.130400669841602], "coverage_estimated_second_order": [1.0084466437368, 1.002302506879, 0.7889704737906, 0.6485660937471001, 0.64480034836138, 1.01171245736968, 0.6476038443009999, 0.9896762507023, 0.9998932070065001, 1.0092932902451601, 1.00916798807517], "sol": [1.0, 1.0, 0.0, 0.0, 0.0, 1.0, 0.0, 1.0, 1.0, 1.0, 1.0], "coverage": [1.0, 1.0, 0.7748394097222222, 0.6591145833333333, 0.6286501736111111, 1.0, 0.6518836805555556, 1.0, 1.0, 1.0, 1.0], "coverage_estimated_first_order_diff": [0.4443054367732593, 0.279478776831648, 0.8809232412041452, 0.8407696857858774, 0.6373794102124161, 0.0579275394095935, 0.8232181242874986, 0.334893524589281, 0.1301564205059893, 0.11667337237640618, 0.13040066984160203], "coverage_estimated_second_order_diff": [0.008446643736800041, 0.0023025068789999104, 0.01413106406837783, -0.010548489586233223, 0.01615017475026892, 0.011712457369680074, -0.004279836254555636, -0.010323749297699969, -0.00010679299349991567, 0.009293290245160124, 0.009167988075170053]}