{"coverage_estimated_first_order": [0.6677441055925529, 0.8783166492810637, 0.9531640677166836, 0.900576946864619, 0.7650641874966626, 0.5637648395685054, 0.6645414048310999, 0.9042756923896424, 0.6083644722404289, 0.6307419860233605, 0.6389389262237661], "coverage_estimated_second_order": [0.9603776813672, 0.6458633715391999, 0.6829786883828, 0.631878659821, 0.5348052844043899, 0.9774785662807002, 1.0044569798186997, 0.6390283814707001, 1.006534374755, 0.12248659999434, 0.12305344944022001], "sol": [1.0, 0.0, 0.0, 0.0, 0.0, 1.0, 1.0, 0.0, 1.0, 0.0, 0.0], "coverage": [1.0, 0.6901215277777778, 0.7158072916666667, 0.6358376736111111, 0.5486154513888889, 1.0, 1.0, 0.6757855902777777, 1.0, 0.13484809027777778, 0.1362109375], "coverage_estimated_first_order_diff": [-0.33225589440744707, 0.18819512150328588, 0.23735677605001693, 0.2647392732535079, 0.2164487361077737, -0.4362351604314946, -0.3354585951689001, 0.2284901021118647, -0.3916355277595711, 0.49589389574558274, 0.5027279887237661], "coverage_estimated_second_order_diff": [-0.03962231863279997, -0.04425815623857787, -0.03282860328386672, -0.003959013790111099, -0.013810166984498995, -0.02252143371929982, 0.004456979818699747, -0.03675720880707767, 0.006534374754999961, -0.012361490283437776, -0.013157488059779981]}