{"coverage_estimated_first_order": [1.443898789652604, 1.2936052472114672, 1.6673174904837187, 1.5168411734087044, 1.0854764866257585, 1.1846026297582333, 1.2436867829355394, 1.3095042607240137, 1.3355712500582282, 0.9515355227921259, 1.3121329382160904], "coverage_estimated_second_order": [1.0008828442604, 1.0051426313028, 0.7984742216142, 0.6880461752843, 1.0087144693847099, 1.00751109542798, 1.0038277957298, 0.9816386610892001, 0.6076834517859, 1.00574170178741, 0.6993194718776402], "sol": [1.0, 1.0, 0.0, 0.0, 1.0, 1.0, 1.0, 1.0, 0.0, 1.0, 0.0], "coverage": [1.0, 1.0, 0.7926128472222222, 0.7017230902777778, 1.0, 1.0, 1.0, 1.0, 0.6224522569444444, 1.0, 0.6839496527777778], "coverage_estimated_first_order_diff": [0.4438987896526041, 0.2936052472114672, 0.8747046432614964, 0.8151180831309266, 0.08547648662575846, 0.18460262975823327, 0.24368678293553936, 0.3095042607240137, 0.7131189931137838, -0.04846447720787406, 0.6281832854383127], "coverage_estimated_second_order_diff": [0.0008828442604000841, 0.005142631302800016, 0.005861374391977758, -0.013676914993477784, 0.008714469384709878, 0.007511095427980008, 0.0038277957298000764, -0.01836133891079994, -0.014768805158544396, 0.0057417017874099585, 0.015369819099862458]}