{"coverage_estimated_first_order": [0.888479657816556, 0.7985556760549678, 0.9393727140224284, 0.6496904049147394, 0.4806899126959109, 0.8622279555570447, 0.6354591314703678, 0.8475907729357482, 0.7545883871455581, 0.8121826039371925, 0.49280566047116015], "coverage_estimated_second_order": [0.42455340743939995, 0.3433022469062, 0.6092128795814, 0.9822216204758001, 1.01008341798312, 0.6740794353126, 0.9912429412426998, 0.43113839338219995, 0.39987372631150003, 0.64699203218754, 1.0116046788295798], "sol": [0.0, 0.0, 0.0, 1.0, 1.0, 0.0, 1.0, 0.0, 0.0, 0.0, 1.0], "coverage": [0.41597222222222224, 0.3231293402777778, 0.6208810763888889, 1.0, 1.0, 0.6734114583333334, 1.0, 0.4241015625, 0.4090885416666667, 0.6405598958333333, 1.0], "coverage_estimated_first_order_diff": [0.4725074355943338, 0.47542633577719, 0.3184916376335395, -0.3503095950852606, -0.5193100873040891, 0.1888164972237113, -0.3645408685296322, 0.4234892104357483, 0.3454998454788914, 0.17162270810385927, -0.5071943395288399], "coverage_estimated_second_order_diff": [0.008581185217177711, 0.020172906628422194, -0.011668196807488873, -0.017778379524199917, 0.010083417983119958, 0.0006679769792665713, -0.008757058757300151, 0.007036830882199974, -0.009214815355166661, 0.006432136354206697, 0.011604678829579829]}