{"coverage_estimated_first_order": [1.8920207822336446, 1.3909053562437506, 1.8741476669786246, 1.4805512561397138, 1.2660295838235271, 1.3835235505700905, 1.7060585938046116, 1.515185413218389, 1.3201055530155221, 1.2893384186448595, 1.3140893863335328], "coverage_estimated_second_order": [0.8512487820146, 0.9881370922441999, 0.7700560325136, 0.9997503532520999, 0.9646617924163797, 0.9719742288746201, 0.6934043193889999, 1.0051560914306, 1.004533046712, 0.9673530478453601, 0.96655446830388], "sol": [0.0, 1.0, 0.0, 1.0, 1.0, 1.0, 0.0, 1.0, 1.0, 1.0, 1.0], "coverage": [0.8705208333333333, 1.0, 0.8004947916666667, 1.0, 1.0, 1.0, 0.7074609375, 1.0, 1.0, 1.0, 1.0], "coverage_estimated_first_order_diff": [1.0214999489003111, 0.39090535624375056, 1.0736528753119579, 0.48055125613971383, 0.26602958382352715, 0.38352355057009047, 0.9985976563046115, 0.5151854132183891, 0.3201055530155221, 0.28933841864485954, 0.3140893863335328], "coverage_estimated_second_order_diff": [-0.01927205131873333, -0.011862907755800123, -0.030438759153066708, -0.00024964674790006747, -0.035338207583620274, -0.02802577112537985, -0.014056618111000119, 0.005156091430599918, 0.004533046711999944, -0.03264695215463986, -0.03344553169611997]}