{"coverage_estimated_first_order": [1.2157182733318495, 1.0900020509720776, 1.4633687491149454, 1.1222548587478889, 1.0660373597597326, 0.8900325894027246, 1.1183763425307645, 1.3677565873491075, 0.9821551116571711, 0.9355211112983624, 0.9478560506050179], "coverage_estimated_second_order": [1.0533796711666, 1.0428193304084, 0.8456071581078, 1.0122529354949998, 0.53795676002107, 0.9786844034840101, 1.0156363876021999, 0.7810989808013001, 1.0042592157949, 0.12558475601056, 0.12617993720417], "sol": [1.0, 1.0, 0.0, 1.0, 0.0, 1.0, 1.0, 0.0, 1.0, 0.0, 0.0], "coverage": [1.0, 1.0, 0.7955772569444445, 1.0, 0.5486154513888889, 1.0, 1.0, 0.7354774305555556, 1.0, 0.13484809027777778, 0.1362109375], "coverage_estimated_first_order_diff": [0.21571827333184945, 0.09000205097207759, 0.6677914921705009, 0.12225485874788888, 0.5174219083708437, -0.10996741059727544, 0.11837634253076446, 0.632279156793552, -0.017844888342828935, 0.8006730210205846, 0.8116451131050179], "coverage_estimated_second_order_diff": [0.05337967116659992, 0.042819330408399914, 0.050029901163355484, 0.01225293549499984, -0.01065869136781894, -0.02131559651598991, 0.015636387602199875, 0.04562155024574455, 0.004259215794899962, -0.009263334267217788, -0.010031000295829984]}