{"coverage_estimated_first_order": [0.9028756550175218, 0.7972542762415702, 0.9137024511256024, 0.8269104794964226, 0.813733468663994, 0.523186379451821, 0.8250481822776373, 0.6105488459232307, 0.7739987471228829, 0.6547461161060041, 0.6648687155543045], "coverage_estimated_second_order": [0.46319405224360005, 0.3499147293392, 0.49922669164320005, 0.3729376981807, 0.6461105449896, 1.0070379007654, 0.40532244063309997, 0.9003439656062, 0.4338640796599, 1.0131830764904, 1.0139267918229], "sol": [0.0, 0.0, 0.0, 0.0, 0.0, 1.0, 0.0, 1.0, 0.0, 1.0, 1.0], "coverage": [0.47296006944444446, 0.3511328125, 0.5200434027777778, 0.37730902777777775, 0.6286501736111111, 1.0, 0.4060373263888889, 1.0, 0.4474565972222222, 1.0, 1.0], "coverage_estimated_first_order_diff": [0.4299155855730773, 0.4461214637415702, 0.3936590483478246, 0.44960145171864485, 0.1850832950528829, -0.476813620548179, 0.4190108558887484, -0.38945115407676933, 0.32654214990066066, -0.3452538838939959, -0.3351312844456955], "coverage_estimated_second_order_diff": [-0.009766017200844412, -0.0012180831608000209, -0.02081671113457778, -0.0043713295970777555, 0.01746037137848888, 0.007037900765400007, -0.0007148857557889299, -0.0996560343938, -0.013592517562322215, 0.013183076490399959, 0.01392679182290002]}