{"coverage_estimated_first_order": [1.4045077867236577, 1.523791519910608, 1.4465201554239946, 1.3196553678297624, 1.0660373597597328, 1.1862436208769027, 1.532564577365254, 1.363924061543646, 1.1682023123002077, 1.1078366013380747, 1.1325875690267486], "coverage_estimated_second_order": [1.0213460403774002, 0.7679032071716, 0.9925004948489999, 0.9877515925835001, 1.00520913089308, 1.01157344507185, 0.7386876476983, 0.9989752589418, 0.9888463843091999, 0.18506821126872, 0.21395963121885003], "sol": [1.0, 0.0, 1.0, 1.0, 1.0, 1.0, 0.0, 1.0, 1.0, 0.0, 0.0], "coverage": [1.0, 0.7332552083333334, 1.0, 1.0, 1.0, 1.0, 0.7208810763888889, 1.0, 1.0, 0.18555989583333332, 0.2137543402777778], "coverage_estimated_first_order_diff": [0.4045077867236577, 0.7905363115772747, 0.4465201554239946, 0.31965536782976245, 0.0660373597597328, 0.18624362087690272, 0.8116835009763652, 0.3639240615436461, 0.16820231230020766, 0.9222767055047414, 0.9188332287489709], "coverage_estimated_second_order_diff": [0.021346040377400177, 0.034647998838266636, -0.007499505151000063, -0.012248407416499907, 0.00520913089307995, 0.011573445071850097, 0.0178065713094111, -0.0010247410582000516, -0.01115361569080009, -0.0004916845646133206, 0.00020529094107224477]}