{"coverage_estimated_first_order": [1.4854335960230722, 1.0210691702677148, 1.1785061622600603, 1.3212296308683114, 0.9155507736281974, 1.0229290959220005, 1.2913797259981805, 1.1255519663527453, 0.9539217095289583, 0.9554470387005738, 0.9781290068361228], "coverage_estimated_second_order": [0.9271015399720001, 1.04479688687, 1.054852089281, 0.7100804913873, 1.0074710601895798, 1.0140006346596901, 0.6954403226243, 1.0557505933084002, 1.0106477042813, 0.18710663743785, 0.21601365742557], "sol": [0.0, 1.0, 1.0, 0.0, 1.0, 1.0, 0.0, 1.0, 1.0, 0.0, 0.0], "coverage": [0.8761501736111111, 1.0, 1.0, 0.6903993055555555, 1.0, 1.0, 0.6757291666666667, 1.0, 1.0, 0.18555989583333332, 0.2137543402777778], "coverage_estimated_first_order_diff": [0.6092834224119611, 0.02106917026771482, 0.17850616226006033, 0.6308303253127558, -0.08444922637180263, 0.022929095922000542, 0.6156505593315138, 0.12555196635274535, -0.04607829047104173, 0.7698871428672405, 0.7643746665583451], "coverage_estimated_second_order_diff": [0.05095136636088893, 0.04479688686999994, 0.05485208928100005, 0.019681185831744497, 0.00747106018957977, 0.014000634659690148, 0.019711155957633286, 0.055750593308400154, 0.010647704281300019, 0.001546741604516677, 0.002259317147792206]}