{"coverage_estimated_first_order": [1.9331489414834575, 1.4235326976316967, 1.6560835022703766, 1.5220002667335357, 1.2457541001925734, 1.3679454359040846, 1.7308785859507745, 1.55613370929029, 1.329459189695889, 1.4417279812823605, 1.1325875690267488], "coverage_estimated_second_order": [0.8922321426274, 1.0142656305987998, 0.9732380362905998, 0.9772376524231, 1.0018312448542799, 1.0005905741517702, 0.7199210923168, 0.9765530910490001, 0.9866830105126998, 0.6692903272701101, 1.00171162639657], "sol": [0.0, 1.0, 1.0, 1.0, 1.0, 1.0, 0.0, 1.0, 1.0, 0.0, 1.0], "coverage": [0.8823090277777778, 1.0, 1.0, 1.0, 1.0, 1.0, 0.7244791666666667, 1.0, 1.0, 0.6573958333333333, 1.0], "coverage_estimated_first_order_diff": [1.0508399137056799, 0.42353269763169665, 0.6560835022703766, 0.5220002667335357, 0.24575410019257338, 0.3679454359040846, 1.006399419284108, 0.55613370929029, 0.32945918969588894, 0.7843321479490272, 0.13258756902674884], "coverage_estimated_second_order_diff": [0.009923114849622272, 0.014265630598799817, -0.026761963709400205, -0.02276234757689999, 0.0018312448542798787, 0.0005905741517702179, -0.004558074349866659, -0.02344690895099988, -0.013316989487300201, 0.011894493936776773, 0.0017116263965699652]}