{"coverage_estimated_first_order": [1.2424962504080979, 1.1032365485037299, 1.4633655308137352, 1.3461308304974668, 0.932986027855444, 1.0713731043543204, 1.0533105297473193, 1.1425963301920317, 0.9432914879090601, 1.1019423101598522, 0.775891519794305], "coverage_estimated_second_order": [1.026961694895, 1.0194330645354, 0.8458220734798, 0.7576328303386, 0.15961166254726, 0.33556940542507996, 1.0440715562265, 1.0117756205878001, 1.0336780787042998, 0.6067852596266, 0.9806187222017199], "sol": [1.0, 1.0, 0.0, 0.0, 0.0, 0.0, 1.0, 1.0, 1.0, 0.0, 1.0], "coverage": [1.0, 1.0, 0.7995095486111111, 0.7165190972222222, 0.17528211805555555, 0.34485243055555553, 1.0, 1.0, 1.0, 0.6158984375, 1.0], "coverage_estimated_first_order_diff": [0.24249625040809786, 0.10323654850372987, 0.6638559822026241, 0.6296117332752447, 0.7577039097998886, 0.7265206737987648, 0.05331052974731931, 0.14259633019203166, -0.056708512090939855, 0.48604387265985227, -0.22410848020569496], "coverage_estimated_second_order_diff": [0.026961694895, 0.019433064535399946, 0.046312524868688865, 0.04111373311637778, -0.015670455508295544, -0.009283025130475575, 0.04407155622649994, 0.011775620587800129, 0.03367807870429984, -0.009113177873399936, -0.01938127779828014]}