{"coverage_estimated_first_order": [1.2424962504080979, 0.8121996005518503, 1.204173206855676, 1.1260271816527458, 0.7824994417239088, 0.9084198794750038, 0.844968278354262, 0.8935490974113722, 0.7590230512021532, 0.9495527475223513, 0.6214329576036792], "coverage_estimated_second_order": [0.8807625871697999, 1.0303452236938, 0.7965608649018001, 0.7221854456236001, 0.15907574641136002, 0.3351471624347, 1.0442565583771, 1.0438267691386, 1.0268021183826999, 0.6063303630100502, 0.98028868176819], "sol": [0.0, 1.0, 0.0, 0.0, 0.0, 0.0, 1.0, 1.0, 1.0, 0.0, 1.0], "coverage": [0.8529817708333334, 1.0, 0.7763411458333334, 0.6971527777777777, 0.17528211805555555, 0.34485243055555553, 1.0, 1.0, 1.0, 0.6158984375, 1.0], "coverage_estimated_first_order_diff": [0.3895144795747645, -0.18780039944814975, 0.4278320610223427, 0.4288744038749681, 0.6072173236683533, 0.5635674489194482, -0.15503172164573797, -0.10645090258862777, -0.2409769487978468, 0.33365431002235135, -0.3785670423963208], "coverage_estimated_second_order_diff": [0.027780816336466563, 0.030345223693799994, 0.020219719068466757, 0.025032667845822365, -0.016206371644195527, -0.009705268120855537, 0.044256558377099964, 0.043826769138600064, 0.026802118382699858, -0.009568074489949785, -0.01971131823181005]}