{"coverage_estimated_first_order": [1.2440578055857245, 1.1222199653947935, 1.231192379368433, 1.1329209762365524, 0.7524329306576755, 1.1693858151678131, 1.079764776723886, 1.3739191927558534, 1.1227019978515107, 0.9354599119054094, 0.9561813470430377], "coverage_estimated_second_order": [1.002282687146, 0.992447253903, 1.0020709627279998, 1.0191449220206, 0.9772023964732, 0.6270638844552601, 1.0014671022991999, 0.7402555957068, 0.45956485431780003, 0.13214133253356003, 0.15604249110564997], "sol": [1.0, 1.0, 1.0, 1.0, 1.0, 0.0, 1.0, 0.0, 0.0, 0.0, 0.0], "coverage": [1.0, 1.0, 1.0, 1.0, 1.0, 0.6451736111111112, 1.0, 0.6947352430555556, 0.4318576388888889, 0.14844618055555556, 0.1722265625], "coverage_estimated_first_order_diff": [0.24405780558572454, 0.12221996539479352, 0.23119237936843295, 0.1329209762365524, -0.24756706934232453, 0.524212204056702, 0.07976477672388604, 0.6791839497002978, 0.6908443589626219, 0.7870137313498539, 0.7839547845430377], "coverage_estimated_second_order_diff": [0.0022826871459999953, -0.007552746096999963, 0.002070962727999781, 0.01914492202059992, -0.022797603526800048, -0.01810972665585109, 0.001467102299199885, 0.04552035265124443, 0.027707215428911136, -0.016304848021995527, -0.016184071394350047]}