{"coverage_estimated_first_order": [0.8760976779412736, 0.784019778709918, 0.9137056694268126, 0.602673207671259, 0.813733468663994, 0.5235476795274068, 0.8612901350483285, 0.8369517246080839, 0.7691371532665903, 0.6542486198852934, 0.6636260940265265], "coverage_estimated_second_order": [0.3564544369874, 0.27609297031839997, 0.49945866903119995, 0.9015843406928, 0.6461105449896, 1.0080985716970001, 0.5419232775099, 0.3757717822874, 0.4489275022229, 1.0133745769051998, 1.0139686594392001], "sol": [0.0, 0.0, 0.0, 1.0, 0.0, 1.0, 0.0, 0.0, 0.0, 1.0, 1.0], "coverage": [0.33438802083333335, 0.23359809027777778, 0.5190364583333333, 1.0, 0.6286501736111111, 1.0, 0.5814670138888889, 0.37888020833333336, 0.5006770833333334, 1.0, 1.0], "coverage_estimated_first_order_diff": [0.5417096571079403, 0.5504216884321402, 0.3946692110934793, -0.397326792328741, 0.1850832950528829, -0.4764523204725932, 0.27982312115943964, 0.4580715162747505, 0.2684600699332569, -0.34575138011470663, -0.3363739059734735], "coverage_estimated_second_order_diff": [0.022066416154066626, 0.042494880040622185, -0.019577789302133386, -0.09841565930719998, 0.01746037137848888, 0.008098571697000123, -0.03954373637898889, -0.0031084260459333657, -0.051749581110433374, 0.013374576905199831, 0.013968659439200115]}