{"coverage_estimated_first_order": [0.9152576348928043, 1.1028271215384993, 1.1985618196792776, 1.09439262566021, 0.7642278307317347, 0.8431180653335939, 0.8363832901054877, 0.868992505503777, 0.9874436353131611, 0.799145960154625, 0.8217139965280547], "coverage_estimated_second_order": [1.0290248441896002, 0.7224669877993999, 0.7876934766074, 0.6599191414009, 1.00898084106295, 1.01562408867879, 1.0145345959109, 1.0336240894416, 0.6000180749445, 0.17429293670776, 0.20900358935643998], "sol": [1.0, 0.0, 0.0, 0.0, 1.0, 1.0, 1.0, 1.0, 0.0, 0.0, 0.0], "coverage": [1.0, 0.6985199652777778, 0.7834765625, 0.6723350694444444, 1.0, 1.0, 1.0, 1.0, 0.6071484375, 0.17106770833333335, 0.2051779513888889], "coverage_estimated_first_order_diff": [-0.08474236510719568, 0.40430715626072145, 0.4150852571792776, 0.42205755621576546, -0.23577216926826527, -0.1568819346664061, -0.16361670989451227, -0.13100749449622295, 0.3802951978131611, 0.6280782518212917, 0.6165360451391657], "coverage_estimated_second_order_diff": [0.029024844189600163, 0.023947022521622063, 0.004216914107399994, -0.01241592804354441, 0.00898084106294994, 0.015624088678789949, 0.014534595910900006, 0.0336240894416, -0.007130362555500036, 0.003225228374426653, 0.0038256379675510876]}