{"coverage_estimated_first_order": [1.2494472835123118, 1.109607927176726, 1.4791474968119398, 1.0979816973131762, 0.932986027855444, 1.0427107248191732, 1.2966492985841598, 1.1549264216035953, 0.9384581501468725, 1.1010952577104005, 0.7756917001963272], "coverage_estimated_second_order": [1.0256302713166001, 1.0175269340016, 0.8723554703927999, 1.0478351524214, 0.15961166254728001, 0.25802611035756007, 0.6775610630889999, 1.0240027638706, 1.0261352348945998, 0.6055339093015201, 0.9806506935873599], "sol": [1.0, 1.0, 0.0, 1.0, 0.0, 0.0, 0.0, 1.0, 1.0, 0.0, 1.0], "coverage": [1.0, 1.0, 0.8122829861111112, 1.0, 0.17528211805555555, 0.2720920138888889, 0.6359592013888888, 1.0, 1.0, 0.6153298611111111, 1.0], "coverage_estimated_first_order_diff": [0.24944728351231182, 0.10960792717672607, 0.6668645107008286, 0.09798169731317619, 0.7577039097998886, 0.7706187109302842, 0.6606900971952709, 0.15492642160359527, -0.061541849853127495, 0.4857653965992894, -0.22430829980367284], "coverage_estimated_second_order_diff": [0.025630271316600117, 0.017526934001599992, 0.060072484281688765, 0.04783515242140002, -0.015670455508275533, -0.014065903531328805, 0.04160186170011104, 0.024002763870599964, 0.02613523489459979, -0.00979595180959103, -0.0193493064126401]}