{"coverage_estimated_first_order": [1.458655618946824, 1.298871620687942, 1.4377017045193297, 1.3170960078878688, 1.0660373597597326, 1.186243620876903, 1.5359639301619288, 1.6010020778182577, 1.1333285523795726, 1.1073391051173638, 1.1313449474989707], "coverage_estimated_second_order": [1.0041373053936002, 1.0106653746029999, 1.0064797852049998, 1.0152425143808, 1.0052091308930797, 1.0115734450718599, 0.7520167667894, 0.8046682904904, 1.0101755116163997, 0.18345140857168, 0.21035509014939], "sol": [1.0, 1.0, 1.0, 1.0, 1.0, 1.0, 0.0, 0.0, 1.0, 0.0, 0.0], "coverage": [1.0, 1.0, 1.0, 1.0, 1.0, 1.0, 0.7236631944444445, 0.7673828125, 1.0, 0.1837543402777778, 0.21014322916666667], "coverage_estimated_first_order_diff": [0.45865561894682405, 0.29887162068794204, 0.43770170451932966, 0.31709600788786885, 0.06603735975973257, 0.18624362087690294, 0.8123007357174843, 0.8336192653182577, 0.13332855237957264, 0.923584764839586, 0.921201718332304], "coverage_estimated_second_order_diff": [0.0041373053936002435, 0.010665374602999877, 0.006479785204999811, 0.015242514380799932, 0.0052091308930797275, 0.011573445071859867, 0.028353572344955502, 0.03728547799040005, 0.010175511616399735, -0.0003029317060977976, 0.00021186098272332754]}