{"coverage_estimated_first_order": [1.2173256435368773, 1.0882912241934497, 1.4235862811798552, 1.2686920402244137, 0.9349899004942235, 0.9926257252681838, 1.2436867829355394, 1.0954314734507242, 1.1288365095554982, 0.7982989077051733, 1.1574745564274869], "coverage_estimated_second_order": [1.0139481929984, 1.0153676208142, 0.7648973293151999, 0.5537867949771, 1.01166342232856, 1.0045999160929802, 0.5422848967682, 0.980111718075, 0.4959050008535, 1.00745436107137, 0.7014389150910902], "sol": [1.0, 1.0, 0.0, 0.0, 1.0, 1.0, 0.0, 1.0, 0.0, 1.0, 0.0], "coverage": [1.0, 1.0, 0.7556119791666667, 0.5546571180555555, 1.0, 1.0, 0.5299565972222222, 1.0, 0.5005381944444445, 1.0, 0.6837152777777777], "coverage_estimated_first_order_diff": [0.21732564353687733, 0.0882912241934497, 0.6679743020131885, 0.7140349221688582, -0.06501009950577652, -0.007374274731816177, 0.7137301857133171, 0.09543147345072422, 0.6282983151110537, -0.2017010922948267, 0.4737592786497091], "coverage_estimated_second_order_diff": [0.0139481929984, 0.015367620814199956, 0.009285350148533267, -0.0008703230784554705, 0.011663422328560102, 0.004599916092980161, 0.012328299545977806, -0.01988828192500003, -0.0046331935909444955, 0.007454361071369986, 0.0177236373133125]}