{"coverage_estimated_first_order": [0.9230634310828099, 1.101722116341978, 0.9531640677166836, 1.1424352932480792, 0.6027827012910683, 1.0519527755327334, 0.8571450413337572, 1.148657727407168, 0.7489113584347684, 0.787828917625808, 0.8038790525678319], "coverage_estimated_second_order": [1.032823389959, 0.7189926786173999, 1.0569192949128, 0.7494215444142001, 0.9779914737625699, 0.75163349207969, 1.0487066195146, 0.7702632675341, 1.0353770748058, 0.14652053716822, 0.16377451292258], "sol": [1.0, 0.0, 1.0, 0.0, 1.0, 0.0, 1.0, 0.0, 1.0, 0.0, 0.0], "coverage": [1.0, 0.6992751736111111, 1.0, 0.7069010416666667, 1.0, 0.7641362847222222, 1.0, 0.7503515625, 1.0, 0.16423177083333335, 0.18216145833333333], "coverage_estimated_first_order_diff": [-0.07693656891719014, 0.4024469427308668, -0.046835932283316395, 0.43553425158141257, -0.39721729870893174, 0.2878164908105112, -0.14285495866624276, 0.3983061649071681, -0.2510886415652316, 0.6235971467924746, 0.6217175942344986], "coverage_estimated_second_order_diff": [0.03282338995900003, 0.01971750500628877, 0.0569192949127999, 0.042520502747533384, -0.022008526237430104, -0.012502792642532179, 0.04870661951459998, 0.019911705034100002, 0.03537707480579999, -0.017711233665113346, -0.018386945410753336]}