{"coverage_estimated_first_order": [1.3707787765431951, 1.5041856437059598, 1.430741407727, 1.3432059291133036, 0.932986027855444, 1.3969691155148172, 1.296643901286351, 1.5792394703447128, 1.1244488386016993, 1.2741098602075946, 0.9583376147584577], "coverage_estimated_second_order": [0.9943767049454001, 0.7369069376459999, 1.011729469793, 0.9851019935533999, 1.01029156621727, 0.79840489081801, 0.9910433109468998, 0.7639460759217, 0.9828508060004, 0.65720130672096, 1.01250994543117], "sol": [1.0, 0.0, 1.0, 1.0, 1.0, 0.0, 1.0, 0.0, 1.0, 0.0, 1.0], "coverage": [1.0, 0.7282161458333334, 1.0, 1.0, 1.0, 0.7923741319444444, 1.0, 0.7631727430555556, 1.0, 0.6490885416666666, 1.0], "coverage_estimated_first_order_diff": [0.37077877654319513, 0.7759694978726264, 0.430741407727, 0.3432059291133036, -0.06701397214455596, 0.6045949835703728, 0.2966439012863511, 0.8160667272891572, 0.12444883860169931, 0.625021318540928, -0.04166238524154231], "coverage_estimated_second_order_diff": [-0.005623295054599908, 0.00869079181266652, 0.011729469792999936, -0.01489800644660011, 0.01029156621727001, 0.006030758873565634, -0.008956689053100209, 0.0007733328661444494, -0.01714919399960002, 0.00811276505429337, 0.0125099454311699]}