{"coverage_estimated_first_order": [0.46951049173070114, 0.7052205406857619, 0.47725648866630727, 0.6634552312445774, 0.6137412446001995, 0.32590644975863337, 0.6549535186349549, 0.696365510523099, 0.587221746486933, 0.47274680257850843, 0.48212427671974256], "coverage_estimated_second_order": [0.9652188221790001, 0.6534693676668, 0.9441568372049999, 0.496541031144, 0.5290243661883199, 0.9707700596081901, 0.4920257241207, 0.5974757766576, 0.38712476096799997, 0.09941020895305, 0.10921884046024], "sol": [1.0, 0.0, 1.0, 0.0, 0.0, 1.0, 0.0, 0.0, 0.0, 0.0, 0.0], "coverage": [1.0, 0.6816059027777778, 1.0, 0.5564236111111112, 0.5486154513888889, 1.0, 0.5399088541666667, 0.6723480902777778, 0.42290364583333334, 0.11411458333333334, 0.12454861111111111], "coverage_estimated_first_order_diff": [-0.5304895082692989, 0.023614637907984126, -0.5227435113336927, 0.10703162013346623, 0.06512579321131062, -0.6740935502413666, 0.1150446644682882, 0.024017420245321275, 0.1643181006535997, 0.3586322192451751, 0.35757566560863147], "coverage_estimated_second_order_diff": [-0.034781177820999876, -0.0281365351109778, -0.05584316279500012, -0.05988257996711116, -0.01959108520056896, -0.029229940391809928, -0.04788313004596667, -0.07487231362017777, -0.03577888486533337, -0.014704374380283339, -0.015329770650871113]}