{"coverage_estimated_first_order": [0.8691466448370594, 1.0686853479888014, 1.157116027386667, 1.070564689624685, 0.6514519824583999, 1.0403979950267817, 0.7972699379938121, 1.0736688659771794, 0.9131937991807899, 0.8121826039371924, 0.8287660399685699], "coverage_estimated_second_order": [0.9609563289531999, 0.6568301658559998, 0.6466826665332, 0.567334698032, 1.00738282882352, 0.6929966512906, 0.9784361607809, 0.5447473247418, 0.3765390433804, 1.00705494309064, 1.00694244946978], "sol": [1.0, 0.0, 0.0, 0.0, 1.0, 0.0, 1.0, 0.0, 0.0, 1.0, 1.0], "coverage": [1.0, 0.6901215277777778, 0.6691145833333333, 0.5873394097222222, 1.0, 0.6817144097222222, 1.0, 0.5681293402777777, 0.3933029513888889, 1.0, 1.0], "coverage_estimated_first_order_diff": [-0.1308533551629406, 0.37856382021102364, 0.4880014440533337, 0.4832252799024628, -0.34854801754160014, 0.35868358530455946, -0.20273006200618793, 0.5055395256994016, 0.5198908477919011, -0.18781739606280756, -0.1712339600314301], "coverage_estimated_second_order_diff": [-0.039043671046800066, -0.03329136192177795, -0.022431916800133345, -0.02000471169022222, 0.007382828823520038, 0.01128224156837776, -0.02156383921909999, -0.02338201553597774, -0.01676390800848887, 0.00705494309063992, 0.006942449469780065]}