{"coverage_estimated_first_order": [1.3975567536194435, 1.5174201412376118, 1.43073818942579, 1.5674432009384673, 0.9240313571850922, 1.3934373399573725, 1.2610491813671343, 1.352091466352793, 1.131912733100471, 0.9407159764840196, 1.2955406157836455], "coverage_estimated_second_order": [1.0306118361732, 0.7383855366286, 1.024775039819, 0.7381277394439, 1.0096978414562598, 0.7899722714869699, 1.0146777883523999, 1.0208185001572, 1.0113506861352, 1.0119121347111, 0.67744983910681], "sol": [1.0, 0.0, 1.0, 0.0, 1.0, 0.0, 1.0, 1.0, 1.0, 1.0, 0.0], "coverage": [1.0, 0.70765625, 1.0, 0.7161111111111111, 1.0, 0.7844704861111111, 1.0, 1.0, 1.0, 1.0, 0.6693967013888888], "coverage_estimated_first_order_diff": [0.39755675361944354, 0.8097638912376118, 0.43073818942579, 0.8513320898273562, -0.07596864281490778, 0.6089668538462614, 0.2610491813671343, 0.352091466352793, 0.13191273310047102, -0.05928402351598039, 0.6261439143947567], "coverage_estimated_second_order_diff": [0.030611836173199958, 0.030729286628599972, 0.02477503981900009, 0.022016628332788835, 0.009697841456259848, 0.00550178537585877, 0.014677788352399856, 0.020818500157200104, 0.011350686135199961, 0.011912134711099975, 0.008053137717921155]}