{"coverage_estimated_first_order": [1.4045077867236575, 1.2327545719587287, 1.1873278314659357, 1.0991904189094557, 0.7824994417239088, 1.2049922110247677, 1.295398465959443, 1.116119450290764, 0.9402086579888973, 1.121370741341353, 0.804921854497632], "coverage_estimated_second_order": [0.7434756391289999, 0.58011647378, 1.0069049211249999, 1.0215725980213999, 1.01260490893838, 0.7231370613142101, 0.6682243755916, 0.9992633928393, 1.0142316518977998, 0.6591096888837602, 1.01487993665077], "sol": [0.0, 0.0, 1.0, 1.0, 1.0, 0.0, 0.0, 1.0, 1.0, 0.0, 1.0], "coverage": [0.7424175347222223, 0.5933637152777778, 1.0, 1.0, 1.0, 0.7196137152777777, 0.6464453125, 1.0, 1.0, 0.6490928819444445, 1.0], "coverage_estimated_first_order_diff": [0.6620902520014352, 0.639390856680951, 0.18732783146593568, 0.09919041890945568, -0.21750055827609116, 0.48537849574699, 0.648953153459443, 0.11611945029076409, -0.0597913420111027, 0.4722778593969085, -0.19507814550236802], "coverage_estimated_second_order_diff": [0.0010581044067776713, -0.013247241497777784, 0.006904921124999852, 0.02157259802139988, 0.012604908938379955, 0.00352334603643234, 0.021779063091599937, -0.0007366071607000091, 0.014231651897799846, 0.010016806939315726, 0.01487993665076992]}