{"coverage_estimated_first_order": [1.2123428127309452, 0.7957398440798183, 0.9048840002209374, 1.066570766013575, 0.7845033143626882, 0.8296725003888674, 1.0498750315897234, 1.0907662756875907, 0.9233970910009908, 0.6454118488469618, 1.0017733727090832], "coverage_estimated_second_order": [0.8059878814732, 1.0063296141527998, 0.9770200734072001, 0.5502537432921, 1.01263555877672, 1.005423637735, 0.5484806576559, 0.6096112096629, 0.39232270671799996, 1.00790204813305, 0.69866539313024], "sol": [0.0, 1.0, 1.0, 0.0, 1.0, 1.0, 0.0, 0.0, 0.0, 1.0, 0.0], "coverage": [0.8172829861111112, 1.0, 1.0, 0.5844704861111111, 1.0, 1.0, 0.5623480902777778, 0.6518359375, 0.4151605902777778, 1.0, 0.6803125], "coverage_estimated_first_order_diff": [0.3950598266198341, -0.20426015592018165, -0.0951159997790626, 0.48210027990246396, -0.21549668563731184, -0.17032749961113258, 0.4875269413119456, 0.43893033818759064, 0.508236500723213, -0.3545881511530382, 0.3214608727090832], "coverage_estimated_second_order_diff": [-0.011295104637911169, 0.006329614152799756, -0.022979926592799904, -0.0342167428190111, 0.012635558776719957, 0.0054236377350000975, -0.013867432621877729, -0.04222472783709996, -0.02283788355977784, 0.007902048133050066, 0.018352893130240022]}