{"coverage_estimated_first_order": [1.4582489718261686, 1.021961143115882, 1.1900642201186216, 1.1139492633326413, 0.9147144168632696, 1.0064325902884965, 1.0964064764593364, 1.3278082027001084, 1.155794856175396, 0.9510380265714153, 0.9749299371909028], "coverage_estimated_second_order": [0.8604744556457999, 1.0166706423977998, 1.0544908021524, 1.0454818123237999, 1.00871795701592, 1.01521520988212, 1.0377154895279999, 0.6876925029516, 0.5623419725508001, 0.17236161352357, 0.20476292807486], "sol": [0.0, 1.0, 1.0, 1.0, 1.0, 1.0, 1.0, 0.0, 0.0, 0.0, 0.0], "coverage": [0.8325043402777778, 1.0, 1.0, 1.0, 1.0, 1.0, 1.0, 0.6635329861111111, 0.5322178819444444, 0.16878038194444445, 0.2004644097222222], "coverage_estimated_first_order_diff": [0.6257446315483909, 0.02196114311588193, 0.19006422011862156, 0.11394926333264133, -0.0852855831367304, 0.00643259028849652, 0.09640647645933642, 0.6642752165889972, 0.6235769742309515, 0.7822576446269709, 0.7744655274686806], "coverage_estimated_second_order_diff": [0.027970115368022186, 0.016670642397799806, 0.054490802152399986, 0.045481812323799886, 0.00871795701591993, 0.015215209882120106, 0.03771548952799986, 0.024159516840488893, 0.03012409060635568, 0.0035812315791255434, 0.004298518352637781]}