{"coverage_estimated_first_order": [0.5414297817557376, 0.19118755263819837, 0.48286787584270585, 0.452870140778067, 0.30180952902799796, 0.371787935078456, 0.44171137117235953, 0.47529744588539136, 0.17188923667619974, 0.3095376936329013, 0.31107339209667173], "coverage_estimated_second_order": [0.6196071149514, 0.8545941718796, 0.44568881329, 0.40210814353380003, 0.024031425565540002, 0.160089191988, 0.3913954017075, 0.4609825450114, 0.8964139631499999, 0.03673886316689, 0.028677125860539998], "sol": [0.0, 1.0, 0.0, 0.0, 0.0, 0.0, 0.0, 0.0, 1.0, 0.0, 0.0], "coverage": [0.79, 1.0, 0.6242144097222222, 0.5419835069444444, 0.004782986111111111, 0.14754340277777778, 0.5363107638888889, 0.6085460069444445, 1.0, 0.019921875, 0.01140625], "coverage_estimated_first_order_diff": [-0.2485702182442624, -0.8088124473618017, -0.14134653387951635, -0.08911336616637744, 0.29702654291688685, 0.2242445323006782, -0.09459939271652934, -0.13324856105905314, -0.8281107633238003, 0.2896158186329013, 0.2996671420966717], "coverage_estimated_second_order_diff": [-0.17039288504860006, -0.14540582812040004, -0.1785255964322222, -0.13987536341064438, 0.01924843945442889, 0.01254578921022223, -0.1449153621813889, -0.14756346193304448, -0.10358603685000012, 0.01681698816689, 0.01727087586054]}