{"coverage_estimated_first_order": [1.4443054367732597, 0.9884418288797686, 1.3965703269683083, 1.2797806202744895, 0.9358262572591513, 1.0385072105880064, 1.2665597338520178, 1.0846036702808446, 0.9445680728485915, 0.8030574760630729, 1.1596308241429067], "coverage_estimated_second_order": [0.8440070393872001, 0.9985746392573999, 0.7251568545786, 0.6085331415259, 1.0104165255022, 1.0091751120486003, 0.6259074061302, 1.0222226572320001, 0.9973189049887999, 1.01017427641495, 0.7055702138306201], "sol": [0.0, 1.0, 0.0, 0.0, 1.0, 1.0, 0.0, 1.0, 1.0, 1.0, 0.0], "coverage": [0.8439496527777778, 1.0, 0.7426388888888888, 0.6325434027777778, 1.0, 1.0, 0.6428385416666667, 1.0, 1.0, 1.0, 0.6855902777777778], "coverage_estimated_first_order_diff": [0.600355783995482, -0.011558171120231386, 0.6539314380794194, 0.6472372174967117, -0.06417374274084875, 0.038507210588006435, 0.6237211921853512, 0.08460367028084459, -0.055431927151408544, -0.19694252393692713, 0.47404054636512893], "coverage_estimated_second_order_diff": [5.738660942233853e-05, -0.0014253607426001347, -0.01748203431028883, -0.024010261251877774, 0.010416525502199958, 0.009175112048600331, -0.016931135536466635, 0.02222265723200012, -0.002681095011200063, 0.010174276414949945, 0.019979936052842318]}