{"coverage_estimated_first_order": [1.0031344772964332, 0.8975130985204817, 1.205522116471607, 1.0675601042836036, 0.8019385685899348, 0.8490928292104543, 1.0189026514050112, 0.8937378522535874, 0.9127951254751974, 0.7915575640774991, 0.8005786875970654], "coverage_estimated_second_order": [1.0155261361434, 1.017235392363, 0.7645997063614001, 0.5500129415836, 0.20974511401576, 0.16583837585368, 0.45194397771850003, 0.9808216997874001, 0.35794214290899995, 1.0105074622679702, 1.01062239960779], "sol": [1.0, 1.0, 0.0, 0.0, 0.0, 0.0, 0.0, 1.0, 0.0, 1.0, 1.0], "coverage": [1.0, 1.0, 0.7556119791666667, 0.5505164930555555, 0.2042621527777778, 0.16076822916666667, 0.4336328125, 1.0, 0.35486979166666666, 1.0, 1.0], "coverage_estimated_first_order_diff": [0.0031344772964332357, -0.10248690147951833, 0.44991013730494034, 0.5170436112280481, 0.597676415812157, 0.6883246000437876, 0.5852698389050113, -0.10626214774641263, 0.5579253338085307, -0.2084424359225009, -0.1994213124029346], "coverage_estimated_second_order_diff": [0.015526136143400038, 0.01723539236299998, 0.008987727194733397, -0.0005035514719554657, 0.005482961237982198, 0.005070146687013333, 0.018311165218500014, -0.01917830021259992, 0.0030723512423332933, 0.010507462267970169, 0.0106223996077901]}