{"coverage_estimated_first_order": [1.3456081696719746, 1.4892403193956798, 1.3909621580931197, 1.2657671388402505, 1.1147066409270643, 1.1746888403709512, 1.4872199740725502, 1.5333172351311828, 1.3113137711986285, 1.1316927914287485, 1.1562319348997088], "coverage_estimated_second_order": [1.0135880962996002, 0.7305862185859999, 1.0350165533584, 1.0126053608393, 0.9715996345287599, 0.9740843283495101, 0.6859137310064, 0.6934166187777, 0.532563373785, 0.97437122859625, 0.9742772375808101], "sol": [1.0, 0.0, 1.0, 1.0, 1.0, 1.0, 0.0, 0.0, 0.0, 1.0, 1.0], "coverage": [1.0, 0.7248741319444445, 1.0, 1.0, 1.0, 1.0, 0.6852430555555555, 0.6876128472222223, 0.5333810763888889, 1.0, 1.0], "coverage_estimated_first_order_diff": [0.3456081696719746, 0.7643661874512353, 0.39096215809311974, 0.2657671388402505, 0.11470664092706429, 0.17468884037095123, 0.8019769185169947, 0.8457043879089605, 0.7779326948097396, 0.13169279142874846, 0.15623193489970877], "coverage_estimated_second_order_diff": [0.013588096299600227, 0.005712086641555425, 0.03501655335839993, 0.012605360839299973, -0.02840036547124014, -0.025915671650489913, 0.0006706754508444268, 0.0058037715554777325, -0.0008177026038889146, -0.025628771403749973, -0.025722762419189915]}