{"coverage_estimated_first_order": [0.4872819495325713, 0.707144399812744, 0.7508786507054303, 0.6755331495646819, 0.4522961151595333, 0.5347411599577725, 0.646654269768742, 0.48726666239143884, 0.3910314333037418, 0.4624247524911128, 0.4667745758150754], "coverage_estimated_second_order": [0.9607162750560001, 0.6407080199866, 0.69093583042, 0.55107370397, 0.031218509527400004, 0.16711678189659002, 0.487301765978, 0.9852799580739999, 0.9741336027834, 0.04534394813126, 0.03929778805341], "sol": [1.0, 0.0, 0.0, 0.0, 0.0, 0.0, 0.0, 1.0, 1.0, 0.0, 0.0], "coverage": [1.0, 0.6720269097222222, 0.7568793402777778, 0.6129383680555556, 0.004782986111111111, 0.14754340277777778, 0.5518055555555555, 1.0, 1.0, 0.021727430555555555, 0.015017361111111112], "coverage_estimated_first_order_diff": [-0.5127180504674287, 0.035117490090521786, -0.006000689572347562, 0.06259478150912634, 0.44751312904842216, 0.3871977571799947, 0.09484871421318641, -0.5127333376085612, -0.6089685666962582, 0.4406973219355573, 0.4517572147039643], "coverage_estimated_second_order_diff": [-0.0392837249439999, -0.031318889735622246, -0.06594350985777786, -0.061864664085555576, 0.026435523416288895, 0.01957337911881224, -0.06450378957755554, -0.014720041926000071, -0.0258663972166, 0.023616517575704443, 0.024280426942298886]}