{"coverage_estimated_first_order": [1.1491884612334007, 1.300386052849694, 1.4465201554239946, 1.0770744212951306, 0.7735447710535572, 1.2018217355429088, 1.2827606340905842, 1.1200395227468312, 0.9414873805890489, 0.787479361397067, 1.1408822339950417], "coverage_estimated_second_order": [1.0318833377338001, 0.7393930769766, 0.830197175233, 1.0461997893306, 1.01199971823958, 0.7146369053343101, 0.6532809625219999, 1.0548113934287, 1.0288069115032998, 1.0149997990263702, 0.67951655288906], "sol": [1.0, 0.0, 0.0, 1.0, 1.0, 0.0, 0.0, 1.0, 1.0, 1.0, 0.0], "coverage": [1.0, 0.718203125, 0.7972309027777778, 1.0, 1.0, 0.7117100694444445, 0.6268098958333334, 1.0, 1.0, 1.0, 0.6693836805555555], "coverage_estimated_first_order_diff": [0.14918846123340068, 0.5821829278496939, 0.6492892526462168, 0.07707442129513065, -0.22645522894644277, 0.49011166609846435, 0.6559507382572508, 0.12003952274683116, -0.058512619410951094, -0.21252063860293302, 0.4714985534394862], "coverage_estimated_second_order_diff": [0.03188333773380014, 0.021189951976599897, 0.03296627245522221, 0.046199789330600094, 0.011999718239579904, 0.002926835889865642, 0.0264710666886665, 0.054811393428700006, 0.028806911503299837, 0.014999799026370164, 0.010132872333504461]}