{"coverage_estimated_first_order": [0.4245196417788131, 0.2518683035714287, 0.26997493152605256, 0.28667637163561077, 0.4626872115467565, 0.5745147973818149, 0.7970194989001036, 0.2385441009963768, 0.40468246150362325, 0.9264286738699106, 1.098005305383023, 0.33971669038992414], "coverage_estimated_second_order": [0.2362836371527778, 0.007242838541666668, 0.007022569444444444, 0.009534505208333334, 0.22303276909722222, 0.3814290364583333, 0.6485525173611111, 1.0, 1.0, 0.7137055121527778, 0.7966590711805556, 1.0], "sol": [0.0, 0.0, 0.0, 0.0, 0.0, 0.0, 0.0, 1.0, 1.0, 0.0, 0.0, 1.0], "coverage": [0.23406684027777777, 0.006866319444444445, 0.0065625, 0.009296875, 0.22292100694444444, 0.3814279513888889, 0.6486588541666667, 1.0, 1.0, 0.7110677083333333, 0.7955034722222222, 1.0], "coverage_estimated_first_order_diff": [0.1904528015010353, 0.24500198412698426, 0.26341243152605254, 0.2773794966356108, 0.23976620460231207, 0.19308684599292597, 0.1483606447334369, -0.7614558990036232, -0.5953175384963767, 0.21536096553657724, 0.3025018331608008, -0.6602833096100759], "coverage_estimated_second_order_diff": [0.0022167968750000377, 0.00037651909722222297, 0.00046006944444444437, 0.00023763020833333405, 0.0001117621527777779, 1.0850694444064501e-06, -0.00010633680555560687, 0.0, 0.0, 0.002637803819444451, 0.0011555989583333925, 0.0]}