{"coverage_estimated_first_order": [0.33527104360766047, 0.332965671368185, 0.3571690147299861, 0.45335004744651486, 0.7950749034894755, 1.0872302584756728, 0.9670945102225672, 1.0465787477355073, 1.0825168138586956, 0.8500571460921327, 0.5549073849422014, 0.8327148194875775], "coverage_estimated_second_order": [0.073310546875, 0.0052701822916666665, 0.0050802951388888885, 0.10596354166666667, 0.35277669270833334, 0.5370453559027779, 0.8119053819444445, 0.7780783420138887, 0.686667751736111, 0.778078342013889, 0.9661729600694444, 0.52755859375], "sol": [0.0, 0.0, 0.0, 0.0, 0.0, 0.0, 1.0, 1.0, 0.0, 1.0, 1.0, 0.0], "coverage": [0.07179253472222222, 0.004670138888888889, 0.004505208333333333, 0.10544704861111111, 0.35268663194444444, 0.5518836805555556, 1.0, 1.0, 0.7042751736111111, 1.0, 1.0, 0.5263194444444445], "coverage_estimated_first_order_diff": [0.2634785088854382, 0.3282955324792961, 0.35266380639665273, 0.34790299883540377, 0.4423882715450311, 0.5353465779201172, -0.032905489777432795, 0.0465787477355073, 0.37824164024758444, -0.14994285390786732, -0.4450926150577986, 0.3063953750431331], "coverage_estimated_second_order_diff": [0.0015180121527777757, 0.0006000434027777779, 0.0005750868055555552, 0.0005164930555555669, 9.00607638888995e-05, -0.014838324652777679, -0.1880946180555555, -0.2219216579861113, -0.017607421875000084, -0.22192165798611097, -0.03382703993055558, 0.0012391493055555758]}