{"coverage_estimated_first_order": [0.7982007311076607, 0.7595028521825399, 0.8182859029934438, 1.316278319638544, 0.5739280592218774, 0.8529879200094896, 0.7997120266131814, 0.7303645455917874, 0.6613773965881642, 0.2518651548481712, 0.5729789941338854, 0.43577046939699793], "coverage_estimated_second_order": [0.42376736111111113, 0.9098209635416665, 0.9098209635416667, 0.7036555989583332, 0.9102300347222223, 0.5760329861111111, 0.5396527777777778, 0.47633572048611117, 0.4327788628472223, 0.9995909288194444, 0.31201931423611107, 0.19306966145833335], "sol": [0.0, 1.0, 1.0, 0.0, 1.0, 0.0, 0.0, 0.0, 0.0, 1.0, 0.0, 0.0], "coverage": [0.4240364583333333, 1.0, 1.0, 0.7734765625, 1.0, 0.5760069444444444, 0.5395876736111112, 0.4761458333333333, 0.43059461805555554, 1.0, 0.31182725694444446, 0.19308159722222223], "coverage_estimated_first_order_diff": [0.37416427277432734, -0.24049714781746012, -0.18171409700655616, 0.542801757138544, -0.4260719407781226, 0.2769809755650452, 0.26012435300207026, 0.2542187122584541, 0.23078277853260865, -0.7481348451518288, 0.26115173718944096, 0.2426888721747757], "coverage_estimated_second_order_diff": [-0.000269097222222181, -0.09017903645833347, -0.09017903645833325, -0.06982096354166678, -0.0897699652777777, 2.6041666666642982e-05, 6.510416666660745e-05, 0.00018988715277784562, 0.002184244791666734, -0.0004090711805555536, 0.00019205729166660301, -1.1935763888887285e-05]}