{"coverage_estimated_first_order": [0.5157463983781919, 0.6031892900276055, 0.7278587414811942, 0.3610700537008281, 0.9370871883626635, 0.9798266881254316, 0.5437079613095238, 1.0679823935688406, 0.8545542912137681, 0.5580108938276398, 0.975689403252243, 0.3607479484773982], "coverage_estimated_second_order": [0.2862456597222222, 0.35470811631944443, 0.4815386284722223, 0.9999707031249999, 0.6607942708333333, 0.7035774739583335, 1.0, 0.7132714843750001, 0.5596397569444443, 0.999970703125, 0.6501909722222222, 0.9999707031249999], "sol": [0.0, 0.0, 0.0, 1.0, 0.0, 0.0, 1.0, 0.0, 0.0, 1.0, 0.0, 1.0], "coverage": [0.2841970486111111, 0.3518532986111111, 0.47933159722222224, 1.0, 0.6607248263888889, 0.7034895833333333, 1.0, 0.7133246527777778, 0.5570225694444444, 1.0, 0.6491666666666667, 1.0], "coverage_estimated_first_order_diff": [0.2315493497670808, 0.2513359914164944, 0.248527144258972, -0.6389299462991719, 0.2763623619737746, 0.2763371047920983, -0.4562920386904762, 0.3546577407910628, 0.29753172176932374, -0.4419891061723602, 0.3265227365855763, -0.6392520515226018], "coverage_estimated_second_order_diff": [0.0020486111111110983, 0.002854817708333346, 0.0022070312500000466, -2.9296875000084377e-05, 6.94444444444553e-05, 8.789062500014211e-05, 0.0, -5.3168402777692414e-05, 0.002617187499999951, -2.9296874999973355e-05, 0.0010243055555555491, -2.9296875000084377e-05]}