{"coverage_estimated_first_order": [0.2785162207772601, 0.8090993007030712, 0.8501801511818502, 0.2611726837474121, 0.6046994964199446, 0.46711122703157365, 0.3736329499870601, 0.33153779815821255, 0.22549503698671508, 0.6072600257720844, 0.66883014686853, 0.5677975031271567], "coverage_estimated_second_order": [0.9988617621527778, 0.6577615017361111, 0.6963368055555555, 0.9988617621527778, 0.39938910590277776, 0.23147786458333333, 0.10002821180555556, 0.06805555555555555, 0.9988617621527778, 0.4342708333333334, 0.5136371527777778, 0.4152604166666667], "sol": [1.0, 0.0, 0.0, 1.0, 0.0, 0.0, 0.0, 0.0, 1.0, 0.0, 0.0, 0.0], "coverage": [1.0, 0.6561588541666666, 0.6956857638888889, 1.0, 0.3993359375, 0.2313888888888889, 0.09989583333333334, 0.06807725694444444, 1.0, 0.4322829861111111, 0.5129730902777778, 0.41463975694444444], "coverage_estimated_first_order_diff": [-0.7214837792227399, 0.1529404465364046, 0.15449438729296128, -0.7388273162525879, 0.20536355891994457, 0.23572233814268476, 0.27373711665372674, 0.2634605412137681, -0.774504963013285, 0.17497703966097328, 0.15585705659075222, 0.15315774618271227], "coverage_estimated_second_order_diff": [-0.0011382378472222232, 0.0016026475694445041, 0.0006510416666666297, -0.0011382378472222232, 5.3168402777747925e-05, 8.897569444443754e-05, 0.0001323784722222221, -2.170138888889228e-05, -0.0011382378472222232, 0.001987847222222283, 0.0006640624999999512, 0.0006206597222222499]}