{"coverage_estimated_first_order": [0.25159816306504484, 0.624024982207557, 0.5707442713724984, 0.526414283557626, 0.7950749034894756, 1.073828518590407, 0.7962492883022774, 0.848989394625604, 0.8063535250603864, 0.9477206505564184, 0.3668548487103174, 0.8465303010697032], "coverage_estimated_second_order": [1.0, 0.36612521701388895, 0.27680881076388886, 0.19716796874999998, 0.35277669270833334, 0.5517437065972224, 0.9999999999999999, 0.9999999999999998, 0.556540798611111, 0.572580295138889, 1.0, 0.6522591145833332], "sol": [1.0, 0.0, 0.0, 0.0, 0.0, 0.0, 1.0, 1.0, 0.0, 0.0, 1.0, 0.0], "coverage": [1.0, 0.3650998263888889, 0.2762847222222222, 0.1964453125, 0.35268663194444444, 0.5516579861111112, 1.0, 1.0, 0.5547092013888889, 0.5715104166666667, 1.0, 0.6508463541666667], "coverage_estimated_first_order_diff": [-0.7484018369349552, 0.2589251558186681, 0.29445954915027617, 0.329968971057626, 0.4423882715450312, 0.5221705324792959, -0.20375071169772263, -0.15101060537439603, 0.25164432367149747, 0.3762102338897517, -0.6331451512896826, 0.19568394690303648], "coverage_estimated_second_order_diff": [0.0, 0.0010253906250000666, 0.0005240885416666341, 0.0007226562499999811, 9.00607638888995e-05, 8.572048611121819e-05, -1.1102230246251565e-16, -2.220446049250313e-16, 0.0018315972222221477, 0.0010698784722222854, 0.0, 0.001412760416666492]}