{"coverage_estimated_first_order": [0.6361337209929263, 0.3640276861197379, 0.9073463999956869, 1.0221179746808144, 0.6493736925250173, 1.1984837495686684, 0.5303600031271567, 1.0837501509661838, 0.2399972071256039, 0.8480454165588338, 0.7094231743875087, 0.4897680539380608], "coverage_estimated_second_order": [0.4469498697916667, 1.0, 0.6369335937500001, 0.7070442708333333, 0.9999999999999999, 0.7741579861111112, 1.0, 0.7459244791666667, 1.0, 0.6483680555555555, 0.48060980902777783, 0.266875], "sol": [0.0, 1.0, 0.0, 0.0, 1.0, 0.0, 1.0, 0.0, 1.0, 0.0, 0.0, 0.0], "coverage": [0.44438368055555555, 1.0, 0.6310069444444445, 0.7039409722222222, 1.0, 0.7741145833333334, 1.0, 0.7460286458333333, 1.0, 0.6457291666666667, 0.47975694444444444, 0.26621527777777776], "coverage_estimated_first_order_diff": [0.19175004043737076, -0.6359723138802621, 0.2763394555512424, 0.31817700245859226, -0.3506263074749827, 0.42436916623533505, -0.4696399968728433, 0.3377215051328505, -0.7600027928743961, 0.20231624989216712, 0.22966622994306424, 0.22355277616028302], "coverage_estimated_second_order_diff": [0.002566189236111127, 0.0, 0.005926649305555642, 0.0031032986111111382, -1.1102230246251565e-16, 4.340277777781232e-05, 0.0, -0.00010416666666657193, 0.0, 0.0026388888888888573, 0.0008528645833333903, 0.0006597222222222143]}