{"coverage_estimated_first_order": [0.7932394161922017, 0.636084128601622, 1.2798731964932717, 0.8580007224810213, 0.7204276251940991, 0.9712949286145622, 0.7038985075914426, 0.532775192481884, 0.5127724184782609, 0.47126288334627336, 0.7479909770747069, 0.22858035714285715], "coverage_estimated_second_order": [0.5688422309027779, 0.9099609375, 0.6672026909722223, 0.9099609374999998, 0.9154134114583332, 0.5693880208333333, 0.3603873697916667, 0.22303276909722222, 0.2623990885416666, 0.1870583767361111, 0.5089344618055556, 0.9945475260416665], "sol": [0.0, 1.0, 0.0, 1.0, 1.0, 0.0, 0.0, 0.0, 0.0, 0.0, 0.0, 1.0], "coverage": [0.5735026041666667, 1.0, 0.7388368055555555, 1.0, 1.0, 0.5693315972222223, 0.3602430555555556, 0.22292100694444444, 0.26233072916666667, 0.18684461805555555, 0.5103559027777778, 1.0], "coverage_estimated_first_order_diff": [0.21973681202553508, -0.363915871398378, 0.5410363909377162, -0.14199927751897867, -0.2795723748059009, 0.40196333139234, 0.343655452035887, 0.30985418553743954, 0.2504416893115943, 0.2844182652907178, 0.2376350742969291, -0.7714196428571428], "coverage_estimated_second_order_diff": [-0.004660373263888795, -0.09003906250000004, -0.07163411458333324, -0.09003906250000016, -0.08458658854166679, 5.642361111102279e-05, 0.00014431423611110938, 0.0001117621527777779, 6.835937499993783e-05, 0.00021375868055553693, -0.0014214409722221877, -0.005452473958333481]}