{"coverage_estimated_first_order": [0.5145821040372672, 0.2810314467952036, 0.8182859029934438, 0.8529405247153208, 0.31698600058229814, 0.7125717682453419, 0.7004350144496204, 0.6373708484299517, 0.5811281325483093, 0.16783116049861976, 0.486039631319013, 0.35902900976966867], "coverage_estimated_second_order": [0.3835579427083333, 0.9999999999999999, 0.6368174913194444, 0.6687369791666666, 1.0, 0.5603385416666666, 0.5396527777777778, 0.47633572048611117, 0.4330013020833333, 0.9999999999999999, 0.31119574652777776, 0.19247178819444444], "sol": [0.0, 1.0, 0.0, 0.0, 1.0, 0.0, 0.0, 0.0, 0.0, 1.0, 0.0, 0.0], "coverage": [0.3816189236111111, 1.0, 0.6306944444444444, 0.6655381944444444, 1.0, 0.5603559027777778, 0.5395876736111112, 0.4761458333333333, 0.4302517361111111, 1.0, 0.31049913194444445, 0.19186197916666667], "coverage_estimated_first_order_diff": [0.13296318042615612, -0.7189685532047965, 0.1875914585489994, 0.18740233027087638, -0.6830139994177018, 0.15221586546756405, 0.16084734083850927, 0.1612250150966184, 0.1508763964371982, -0.8321688395013802, 0.17554049937456856, 0.167167030603002], "coverage_estimated_second_order_diff": [0.0019390190972222165, -1.1102230246251565e-16, 0.006123046874999982, 0.0031987847222222365, 0.0, -1.7361111111169336e-05, 6.510416666660745e-05, 0.00018988715277784562, 0.002749565972222201, -1.1102230246251565e-16, 0.0006966145833333104, 0.000609809027777769]}