{"coverage_estimated_first_order": [0.2655277184696342, 0.25049564354727405, 0.26861189559610066, 0.35984232121290544, 0.5336455637508626, 0.7077017878709454, 0.36939924624741194, 1.0465787477355073, 0.9505142663043478, 0.5687338439225327, 0.399018463703416, 0.7594735108264319], "coverage_estimated_second_order": [0.073310546875, 0.0052701822916666665, 0.0050802951388888885, 0.10596354166666667, 0.3224142795138889, 0.5380479600694444, 1.0, 0.7703255208333334, 0.694765625, 1.0, 1.0, 0.52755859375], "sol": [0.0, 0.0, 0.0, 0.0, 0.0, 0.0, 1.0, 0.0, 0.0, 1.0, 1.0, 0.0], "coverage": [0.07179253472222222, 0.004670138888888889, 0.004505208333333333, 0.10544704861111111, 0.32235243055555557, 0.5379861111111112, 1.0, 0.7704253472222222, 0.6919227430555556, 1.0, 1.0, 0.5263194444444445], "coverage_estimated_first_order_diff": [0.19373518374741197, 0.24582550465838515, 0.2641066872627673, 0.25439527260179434, 0.21129313319530701, 0.16971567675983423, -0.6306007537525881, 0.2761534005132851, 0.2585915232487922, -0.4312661560774673, -0.600981536296584, 0.23315406638198743], "coverage_estimated_second_order_diff": [0.0015180121527777757, 0.0006000434027777779, 0.0005750868055555552, 0.0005164930555555669, 6.184895833333259e-05, 6.184895833327708e-05, 0.0, -9.98263888888351e-05, 0.0028428819444444864, 0.0, 0.0, 0.0012391493055555758]}