{"coverage_estimated_first_order": [0.15341620568064182, 0.5391959190605589, 0.47984670462387863, 0.42907409204623886, 0.5336455637508627, 0.7077017878709455, 0.36939924624741194, 0.9749886964070049, 0.6467467164855073, 0.3522426754442719, 0.5256855212646652, 0.5050120826863354], "coverage_estimated_second_order": [1.0, 0.3663075086805555, 0.27699327256944445, 0.19717447916666664, 0.3224142795138889, 0.5380479600694444, 1.0, 0.7132714843750001, 0.4986382378472223, 1.0, 0.36198567708333335, 0.36545030381944443], "sol": [1.0, 0.0, 0.0, 0.0, 0.0, 0.0, 1.0, 0.0, 0.0, 1.0, 0.0, 0.0], "coverage": [1.0, 0.36527777777777776, 0.2764626736111111, 0.19639756944444445, 0.32235243055555557, 0.5379861111111112, 1.0, 0.7133246527777778, 0.4955685763888889, 1.0, 0.36128038194444445, 0.36426649305555553], "coverage_estimated_first_order_diff": [-0.8465837943193582, 0.1739181412827811, 0.20338403101276753, 0.23267652260179442, 0.21129313319530713, 0.16971567675983434, -0.6306007537525881, 0.2616640436292271, 0.1511781400966184, -0.6477573245557281, 0.16440513932022072, 0.14074558963077982], "coverage_estimated_second_order_diff": [0.0, 0.001029730902777748, 0.0005305989583333504, 0.000776909722222191, 6.184895833333259e-05, 6.184895833327708e-05, 0.0, -5.3168402777692414e-05, 0.0030696614583333726, 0.0, 0.0007052951388888951, 0.001183810763888904]}