{"coverage_estimated_first_order": [0.21915405290286408, 0.16619279190389924, 0.17821770671583856, 0.1881084476363009, 0.20125787180814353, 0.20838806666235332, 0.37016945684523805, 0.43613345410628024, 0.42134697690217393, 0.4256350850802279, 0.7685238607444789, 0.4754530279503105], "coverage_estimated_second_order": [0.08437391493055556, 0.0014865451388888888, 0.0013465711805555555, 0.0013780381944444445, 0.0, 0.01875759548611111, 0.21723849826388889, 0.29745985243055556, 1.0, 1.0, 0.5691764322916667, 0.3132443576388889], "sol": [0.0, 0.0, 0.0, 0.0, 0.0, 0.0, 0.0, 0.0, 1.0, 1.0, 0.0, 0.0], "coverage": [0.08303385416666667, 0.0013758680555555555, 0.0012760416666666666, 0.001349826388888889, 0.0, 0.018832465277777776, 0.21723524305555555, 0.2974175347222222, 1.0, 1.0, 0.5688758680555556, 0.3129166666666667], "coverage_estimated_first_order_diff": [0.1361201987361974, 0.16481692384834368, 0.1769416650491719, 0.18675862124741202, 0.20125787180814353, 0.18955560138457556, 0.1529342137896825, 0.13871591938405803, -0.5786530230978261, -0.574364914919772, 0.1996479926889233, 0.16253636128364385], "coverage_estimated_second_order_diff": [0.0013400607638888867, 0.00011067708333333329, 7.052951388888886e-05, 2.821180555555563e-05, 0.0, -7.486979166666449e-05, 3.2552083333303727e-06, 4.231770833335036e-05, 0.0, 0.0, 0.0003005642361111338, 0.00032769097222223875]}