{"coverage_estimated_first_order": [0.2825216986930641, 0.8906798546411319, 0.9808568355331267, 0.5284466388457557, 1.272819374353002, 0.7491465342477571, 1.3723785611844375, 0.5610163987016907, 0.4369434254227054, 0.5600839318064184, 0.45521367106625255, 0.44780473872066945], "coverage_estimated_second_order": [1.0, 0.6582801649305555, 0.7170703125, 1.0, 0.7718793402777777, 1.0, 0.8514116753472222, 1.0, 0.15011284722222223, 0.27497504340277784, 0.1467458767361111, 0.18042534722222223], "sol": [1.0, 0.0, 0.0, 1.0, 0.0, 1.0, 0.0, 1.0, 0.0, 0.0, 0.0, 0.0], "coverage": [1.0, 0.6558723958333333, 0.7156684027777778, 1.0, 0.7717230902777777, 1.0, 0.8513715277777778, 1.0, 0.14850694444444446, 0.27393663194444445, 0.1462152777777778, 0.17949652777777778], "coverage_estimated_first_order_diff": [-0.7174783013069359, 0.23480745880779852, 0.265188432755349, -0.4715533611542443, 0.5010962840752243, -0.2508534657522429, 0.5210070334066597, -0.43898360129830927, 0.28843648097826097, 0.2861472998619739, 0.3089983932884748, 0.2683082109428917], "coverage_estimated_second_order_diff": [0.0, 0.002407769097222179, 0.0014019097222222054, 0.0, 0.00015624999999996891, 0.0, 4.014756944437092e-05, 0.0, 0.001605902777777779, 0.001038411458333388, 0.0005305989583333226, 0.0009288194444444509]}