{"coverage_estimated_first_order": [1.0532039049919486, 0.9650245382950887, 0.9373292132145733, 1.1919250327093396, 0.9935208018820451, 0.27590140650161027, 0.878981720511272, 1.0433784281904186], "coverage_estimated_second_order": [0.3875260416666666, 0.39339735243055557, 0.7390776909722222, 0.737550998263889, 0.7379546440972224, 0.9958072916666669, 0.6112000868055555, 0.2774414062499999], "sol": [0.0, 0.0, 1.0, 1.0, 1.0, 1.0, 0.0, 0.0], "coverage": [0.45875, 0.4335763888888889, 1.0, 1.0, 1.0, 1.0, 0.6105859375, 0.4121223958333333], "coverage_estimated_first_order_diff": [0.5944539049919486, 0.5314481494061998, -0.0626707867854267, 0.19192503270933958, -0.006479198117954943, -0.7240985934983897, 0.268395783011272, 0.6312560323570853], "coverage_estimated_second_order_diff": [-0.07122395833333339, -0.04017903645833332, -0.2609223090277778, -0.26244900173611097, -0.26204535590277755, -0.004192708333333073, 0.0006141493055554781, -0.1346809895833334]}