{"coverage_estimated_first_order": [0.5620265763385669, 1.0846686858393721, 0.9492846530293881, 1.1908787364130438, 0.5504734551127214, 0.2844400349738325, 0.39147985230475046, 0.6119165723128019], "coverage_estimated_second_order": [0.9056380208333333, 0.7370648871527777, 0.5384006076388888, 0.6516840277777778, 0.9056380208333334, 0.02480577256944444, 0.12627278645833337, 0.9056380208333334], "sol": [1.0, 0.0, 0.0, 0.0, 1.0, 0.0, 0.0, 1.0], "coverage": [1.0, 0.7491796875, 0.5793489583333333, 0.7288888888888889, 1.0, 0.024526909722222223, 0.12595052083333333, 1.0], "coverage_estimated_first_order_diff": [-0.4379734236614331, 0.3354889983393722, 0.3699356946960548, 0.46198984752415484, -0.4495265448872786, 0.2599131252516103, 0.2655293314714171, -0.38808342768719806], "coverage_estimated_second_order_diff": [-0.09436197916666667, -0.012114800347222232, -0.04094835069444458, -0.07720486111111113, -0.09436197916666655, 0.00027886284722221724, 0.00032226562500003997, -0.09436197916666655]}