{"coverage_estimated_first_order": [0.5503390763385669, 0.5556305417169887, 0.1603844290962157, 0.6349301529790659, 0.4619420604367955, 0.656683644072061, 0.10197235431763285, 0.4592185109702092], "coverage_estimated_second_order": [0.38532335069444446, 0.4069694010416667, 0.9999999999999999, 0.48803819444444446, 0.30413411458333334, 0.6110948350694443, 0.9999999999999999, 0.3006228298611111], "sol": [0.0, 0.0, 1.0, 0.0, 0.0, 0.0, 1.0, 0.0], "coverage": [0.3850173611111111, 0.4065581597222222, 1.0, 0.48651475694444446, 0.30266493055555554, 0.6078949652777778, 1.0, 0.29954427083333335], "coverage_estimated_first_order_diff": [0.1653217152274558, 0.14907238199476647, -0.8396155709037842, 0.1484153960346214, 0.15927712988123993, 0.04878867879428328, -0.8980276456823671, 0.15967424013687587], "coverage_estimated_second_order_diff": [0.0003059895833333326, 0.0004112413194444775, -1.1102230246251565e-16, 0.0015234375000000022, 0.0014691840277777923, 0.003199869791666532, -1.1102230246251565e-16, 0.001078559027777759]}