{"coverage_estimated_first_order": [0.7686158917069243, 0.756448055052335, 0.884306354418277, 0.5162238451086957, 0.9978168088264894, 0.18667872509057967, 0.8302143719806762, 0.46243798434983896], "coverage_estimated_second_order": [0.39856011284722226, 0.4429893663194444, 0.5390831163194444, 0.9991048177083331, 0.6593066406250001, 0.9991048177083334, 0.6747515190972222, 0.9991048177083333], "sol": [0.0, 0.0, 0.0, 1.0, 0.0, 1.0, 0.0, 1.0], "coverage": [0.3985416666666667, 0.4428211805555556, 0.5384375, 1.0, 0.6553732638888888, 1.0, 0.6722222222222223, 1.0], "coverage_estimated_first_order_diff": [0.37007422504025766, 0.31362687449677945, 0.34586885441827697, -0.4837761548913043, 0.34244354493760054, -0.8133212749094203, 0.15799214975845388, -0.537562015650161], "coverage_estimated_second_order_diff": [1.8446180555575786e-05, 0.00016818576388882844, 0.0006456163194443754, -0.0008951822916668517, 0.0039333767361112715, -0.0008951822916666297, 0.00252929687499992, -0.0008951822916667407]}