{"coverage_estimated_first_order": [0.20140224939613527, 0.8359242338466185, 0.5036218674516908, 0.464606078904992, 0.375546516455314, 0.6632429612016907, 0.13729078603059586, 0.49019463944243147], "coverage_estimated_second_order": [1.0, 0.7509168836805555, 0.33339952256944444, 0.25139539930555554, 0.17038736979166666, 0.6114214409722222, 1.0, 0.3348068576388889], "sol": [1.0, 0.0, 0.0, 0.0, 0.0, 0.0, 1.0, 0.0], "coverage": [1.0, 0.7504513888888888, 0.3328689236111111, 0.25127604166666667, 0.170078125, 0.6085677083333333, 1.0, 0.33450520833333336], "coverage_estimated_first_order_diff": [-0.7985977506038647, 0.08547284495772967, 0.1707529438405797, 0.21333003723832533, 0.205468391455314, 0.054675252868357394, -0.8627092139694041, 0.1556894311090981], "coverage_estimated_second_order_diff": [0.0, 0.0004654947916666874, 0.0005305989583333504, 0.00011935763888887285, 0.00030924479166666297, 0.002853732638888884, 0.0, 0.00030164930555554026]}