{"coverage_estimated_first_order": [1.117552718649356, 1.0696747119061998, 0.884306354418277, 0.9776559354871175, 1.3141033049013686, 0.2782798787238325, 0.932186726298309, 0.7242487733997582], "coverage_estimated_second_order": [0.464787326388889, 0.5300705295138889, 0.8186284722222222, 0.8194650607638887, 0.5478331163194444, 0.996215277777778, 0.6721549479166667, 0.8188910590277778], "sol": [0.0, 0.0, 1.0, 1.0, 0.0, 1.0, 0.0, 1.0], "coverage": [0.5420920138888888, 0.5695008680555556, 1.0, 1.0, 0.6789800347222222, 1.0, 0.6726128472222223, 1.0], "coverage_estimated_first_order_diff": [0.5754607047604671, 0.5001738438506442, -0.11569364558172301, -0.02234406451288251, 0.6351232701791464, -0.7217201212761675, 0.25957387907608676, -0.27575122660024176], "coverage_estimated_second_order_diff": [-0.07730468749999986, -0.039430338541666665, -0.18137152777777776, -0.1805349392361113, -0.1311469184027778, -0.0037847222222220367, -0.0004578993055555092, -0.1811089409722222]}