{"coverage_estimated_first_order": [1.4018601549919487, 0.748879623339372, 0.8066085824275364, 1.4614097851247987, 0.6454050611413044, 0.8898872534219, 0.3899186543880838, 1.065008491847826], "coverage_estimated_second_order": [0.7890885416666665, 0.9578059895833333, 0.9570366753472223, 0.8260264756944444, 0.9583257378472223, 0.621030815972222, 0.997290581597222, 0.5936371527777777], "sol": [0.0, 1.0, 1.0, 0.0, 1.0, 0.0, 1.0, 0.0], "coverage": [0.8286675347222222, 1.0, 1.0, 0.8624392361111111, 1.0, 0.6197612847222222, 1.0, 0.6058637152777778], "coverage_estimated_first_order_diff": [0.5731926202697265, -0.25112037666062803, -0.1933914175724636, 0.5989705490136876, -0.35459493885869564, 0.27012596869967775, -0.6100813456119162, 0.45914477657004815], "coverage_estimated_second_order_diff": [-0.03957899305555568, -0.042194010416666705, -0.042963324652777746, -0.036412760416666634, -0.0416742621527777, 0.0012695312499997335, -0.002709418402778052, -0.012226562500000093]}