{"coverage_estimated_first_order": [0.5324650890700483, 0.4460651481984703, 0.7777859299516909, 0.557019908665459, 0.5305901708433978, 0.18430025286835747, 0.20239682090378422, 0.6339978801831723], "coverage_estimated_second_order": [0.27936740451388886, 0.2053233506944444, 0.5287358940972222, 1.0, 1.0, 0.0057584635416666665, 0.005476345486111111, 0.3737380642361111], "sol": [0.0, 0.0, 0.0, 1.0, 1.0, 0.0, 0.0, 0.0], "coverage": [0.2793185763888889, 0.2053472222222222, 0.5277083333333333, 1.0, 1.0, 0.005646701388888889, 0.0053211805555555556, 0.37278645833333335], "coverage_estimated_first_order_diff": [0.2531465126811594, 0.2407179259762481, 0.2500775966183576, -0.44298009133454097, -0.46940982915660223, 0.17865355147946857, 0.19707564034822866, 0.2612114218498389], "coverage_estimated_second_order_diff": [4.882812499995559e-05, -2.3871527777802326e-05, 0.0010275607638888795, 0.0, 0.0, 0.0001117621527777779, 0.00015516493055555552, 0.0009516059027777635]}