{"coverage_estimated_first_order": [1.1234210132347022, 0.5189593900966184, 0.47623239985909827, 0.9043648475241545, 0.6463936317431562, 0.2328542169887279, 0.86403916943438, 0.6960408740942028], "coverage_estimated_second_order": [0.7430761718749999, 0.998955078125, 0.9989550781250001, 0.5485416666666667, 0.3438302951388889, 0.9989550781250002, 0.6716948784722224, 0.39867513020833334], "sol": [0.0, 1.0, 1.0, 0.0, 0.0, 1.0, 0.0, 0.0], "coverage": [0.7429861111111111, 1.0, 1.0, 0.547109375, 0.34247395833333333, 1.0, 0.6698567708333333, 0.39803385416666665], "coverage_estimated_first_order_diff": [0.3804349021235911, -0.4810406099033816, -0.5237676001409017, 0.35725547252415446, 0.3039196734098229, -0.7671457830112721, 0.1941823986010467, 0.29800701992753614], "coverage_estimated_second_order_diff": [9.006076388873296e-05, -0.0010449218750000488, -0.0010449218749999378, 0.0014322916666666963, 0.0013563368055555802, -0.0010449218749998268, 0.0018381076388891415, 0.000641276041666694]}