{"coverage_estimated_first_order": [0.8043650236513689, 0.7717754566727054, 0.6077941764794685, 0.6349051240438807, 0.9935208018820451, 0.18395086050724635, 0.7784896902677132, 0.7242487733997582], "coverage_estimated_second_order": [0.42712239583333333, 0.41683810763888884, 0.9988422309027778, 0.9988422309027778, 0.6447829861111113, 0.9988422309027779, 0.6128938802083334, 0.3743912760416666], "sol": [0.0, 0.0, 1.0, 1.0, 0.0, 1.0, 0.0, 0.0], "coverage": [0.42703559027777777, 0.4165668402777778, 1.0, 1.0, 0.640546875, 1.0, 0.6105338541666666, 0.3736892361111111], "coverage_estimated_first_order_diff": [0.3773294333735911, 0.3552086163949276, -0.39220582352053146, -0.36509487595611934, 0.3529739268820451, -0.8160491394927536, 0.16795583610104659, 0.35055953728864714], "coverage_estimated_second_order_diff": [8.680555555556912e-05, 0.00027126736111104943, -0.0011577690972222054, -0.0011577690972222054, 0.004236111111111329, -0.0011577690972220944, 0.0023600260416667407, 0.0007020399305555092]}