{"coverage_estimated_first_order": [1.1234210132347022, 1.1124797390801129, 0.8194698382145733, 1.1954728638285024, 0.8762845838365539, 0.33101468775161036, 1.0013299554649757, 0.9888277916163444], "coverage_estimated_second_order": [0.7383810763888887, 0.7379806857638889, 0.7502745225694445, 0.4800119357638889, 0.3742024739583333, 0.9853721788194446, 0.6748697916666668, 0.41547851562499993], "sol": [1.0, 1.0, 1.0, 0.0, 0.0, 1.0, 0.0, 0.0], "coverage": [1.0, 1.0, 1.0, 0.5985503472222222, 0.4122309027777778, 1.0, 0.6859071180555556, 0.4748046875], "coverage_estimated_first_order_diff": [0.12342101323470223, 0.11247973908011288, -0.1805301617854267, 0.5969225166062802, 0.46405368105877615, -0.6689853122483896, 0.3154228374094201, 0.5140231041163443], "coverage_estimated_second_order_diff": [-0.2616189236111113, -0.26201931423611113, -0.2497254774305555, -0.11853841145833333, -0.038028428819444515, -0.01462782118055539, -0.011037326388888768, -0.059326171875000056]}