{"coverage_estimated_first_order": [1.1172721417069242, 0.5403031400966183, 0.75358572363124, 0.7857085975241547, 0.6497010680857487, 0.8006645720108694, 0.34115130585748804, 0.48406804800724634], "coverage_estimated_second_order": [0.7920410156249997, 0.9940516493055556, 0.44792860243055554, 0.4581597222222221, 0.37147026909722225, 0.6183930121527779, 0.9940516493055553, 0.9940516493055555], "sol": [0.0, 1.0, 0.0, 0.0, 0.0, 0.0, 1.0, 1.0], "coverage": [0.7939930555555555, 1.0, 0.4472309027777778, 0.4566015625, 0.3701953125, 0.6179079861111111, 1.0, 1.0], "coverage_estimated_first_order_diff": [0.3232790861513687, -0.4596968599033817, 0.3063548208534622, 0.32910703502415467, 0.2795057555857487, 0.1827565858997583, -0.658848694142512, -0.5159319519927537], "coverage_estimated_second_order_diff": [-0.0019520399305558156, -0.0059483506944444375, 0.0006976996527777724, 0.0015581597222221188, 0.0012749565972222654, 0.00048502604166678065, -0.00594835069444466, -0.0059483506944445486]}