{"coverage_estimated_first_order": [1.1172721417069242, 1.1338234890801129, 1.096823161986715, 1.0768166138285025, 0.8795920201791465, 0.8988250427737519, 0.47844209188808384, 0.7768549655293879], "coverage_estimated_second_order": [0.808269314236111, 0.8060091145833331, 0.4293044704861111, 0.42448242187499985, 0.37956922743055554, 0.6049869791666667, 0.951726345486111, 0.8409581163194444], "sol": [1.0, 1.0, 0.0, 0.0, 0.0, 0.0, 1.0, 1.0], "coverage": [1.0, 1.0, 0.48776475694444443, 0.4664800347222222, 0.39068576388888887, 0.6180425347222223, 1.0, 1.0], "coverage_estimated_first_order_diff": [0.11727214170692424, 0.13382348908011288, 0.6090584050422706, 0.6103365791062803, 0.48890625629025763, 0.2807825080515296, -0.5215579081119162, -0.22314503447061207], "coverage_estimated_second_order_diff": [-0.19173068576388896, -0.19399088541666687, -0.058460286458333344, -0.041997612847222365, -0.011116536458333326, -0.013055555555555598, -0.048273654513888986, -0.1590418836805556]}