{"coverage_estimated_first_order": [0.8863084050422705, 0.8463364155595816, 1.1081774481682771, 0.5605677397846217, 0.9439441236413044, 0.33176324099235105, 0.4266498465177135, 0.8943154690016102], "coverage_estimated_second_order": [0.8483127170138889, 0.8483127170138888, 0.5542762586805555, 0.8483127170138889, 0.5848600260416668, 0.08502929687500002, 0.15185438368055557, 0.4835590277777777], "sol": [1.0, 1.0, 0.0, 1.0, 0.0, 0.0, 0.0, 0.0], "coverage": [1.0, 1.0, 0.6722178819444444, 1.0, 0.6381814236111111, 0.08488715277777778, 0.1518359375, 0.5249522569444445], "coverage_estimated_first_order_diff": [-0.11369159495772951, -0.1536635844404184, 0.4359595662238327, -0.4394322602153783, 0.30576270003019335, 0.24687608821457327, 0.2748139090177135, 0.3693632120571657], "coverage_estimated_second_order_diff": [-0.15168728298611112, -0.15168728298611123, -0.1179416232638889, -0.15168728298611112, -0.05332139756944432, 0.00014214409722224097, 1.8446180555575786e-05, -0.04139322916666677]}