{"coverage_estimated_first_order": [0.9758864356884057, 0.44813661810587757, 0.636616828955314, 0.6164308197463768, 0.47576270003019316, 0.7063355537942833, 0.7620668151167471, 0.6316378069645732], "coverage_estimated_second_order": [0.6667165798611109, 0.9310677083333333, 0.28241210937500005, 0.19351453993055556, 0.08322157118055555, 0.9310677083333334, 0.9310677083333334, 0.2908865017361111], "sol": [0.0, 1.0, 0.0, 0.0, 0.0, 1.0, 1.0, 0.0], "coverage": [0.6781640625, 1.0, 0.28247395833333333, 0.1935546875, 0.08335503472222222, 1.0, 1.0, 0.2926302083333333], "coverage_estimated_first_order_diff": [0.29772237318840566, -0.5518633818941224, 0.3541428706219807, 0.4228761322463768, 0.39240766530797094, -0.29366444620571674, -0.23793318488325288, 0.33900759863123986], "coverage_estimated_second_order_diff": [-0.011447482638889173, -0.0689322916666667, -6.184895833327708e-05, -4.0147569444426434e-05, -0.00013346354166667018, -0.06893229166666659, -0.06893229166666659, -0.0017437065972222276]}