{"coverage_estimated_first_order": [0.5207388159219002, 0.5189593900966184, 0.1595432832628824, 0.6349051240438807, 0.4629306310386473, 0.09160115363325283, 0.6765848996074878, 0.40938054800724627], "coverage_estimated_second_order": [0.34396484375, 0.35665147569444444, 1.0, 0.48835503472222225, 0.30551866319444443, 1.0, 0.6126649305555556, 0.23816514756944443], "sol": [0.0, 0.0, 1.0, 0.0, 0.0, 1.0, 0.0, 0.0], "coverage": [0.34369791666666666, 0.3561935763888889, 1.0, 0.4867361111111111, 0.3039366319444444, 1.0, 0.609453125, 0.2371310763888889], "coverage_estimated_first_order_diff": [0.17704089925523353, 0.16276581370772952, -0.8404567167371176, 0.14816901293276957, 0.15899399909420286, -0.9083988463667472, 0.06713177460748776, 0.17224947161835738], "coverage_estimated_second_order_diff": [0.0002669270833333681, 0.0004578993055555647, 0.0, 0.001618923611111156, 0.0015820312500000044, 0.0, 0.003211805555555558, 0.0010340711805555403]}