{"coverage_estimated_first_order": [1.153021273651369, 1.1491508907004833, 0.8203109840479066, 1.1954978927636877, 0.8752960132347021, 0.8960971781904186, 0.4267174101751209, 1.0386657545793074], "coverage_estimated_second_order": [0.7123122829861109, 0.7118207465277776, 0.749443359375, 0.4793337673611111, 0.3728363715277777, 0.6073220486111108, 0.9588422309027776, 0.47249782986111105], "sol": [1.0, 1.0, 1.0, 0.0, 0.0, 0.0, 1.0, 0.0], "coverage": [1.0, 1.0, 1.0, 0.5982421875, 0.41095052083333333, 0.6180598958333333, 1.0, 0.5330295138888889], "coverage_estimated_first_order_diff": [0.15302127365136897, 0.14915089070048326, -0.1796890159520934, 0.5972557052636877, 0.46434549240136874, 0.27803728235708525, -0.5732825898248791, 0.5056362406904186], "coverage_estimated_second_order_diff": [-0.28768771701388907, -0.2881792534722224, -0.25055664062500005, -0.11890842013888892, -0.03811414930555562, -0.010737847222222485, -0.04115776909722235, -0.06053168402777781]}