{"coverage_estimated_first_order": [1.7583168351982235, 1.7579187479459903, 1.6155165434008247, 1.6141033150961692, 1.5498222669131605, 1.6465620953649864, 1.9468636729375046, 1.6621017476753188, 1.214071801864474, 1.6073075105351404, 0.9041350005099914], "coverage_estimated_second_order": [0.636885963884, 0.6865845948343998, 0.7436881466640002, 0.657816317957, 0.7353054649262001, 0.7839310737291999, 0.7119967060854, 0.6493392044543, 0.4530664973673, 0.5907385606205999, 0.9844836044460002], "sol": [1.0, 1.0, 1.0, 1.0, 1.0, 1.0, 0.0, 0.0, 0.0, 0.0, 1.0], "coverage": [1.0, 1.0, 1.0, 1.0, 1.0, 1.0, 0.8196788194444444, 0.6983159722222222, 0.46909288194444443, 0.682734375, 1.0], "coverage_estimated_first_order_diff": [0.7583168351982235, 0.7579187479459903, 0.6155165434008247, 0.6141033150961692, 0.5498222669131605, 0.6465620953649864, 1.1271848534930602, 0.9637857754530966, 0.7449789199200296, 0.9245731355351404, -0.0958649994900086], "coverage_estimated_second_order_diff": [-0.363114036116, -0.3134154051656002, -0.2563118533359998, -0.342183682043, -0.2646945350737999, -0.2160689262708001, -0.10768211335904443, -0.04897676776792215, -0.016026384577144448, -0.09199581437940008, -0.015516395553999751]}