{"coverage_estimated_first_order": [1.0620644810625455, 1.0449292388521907, 1.0736660651884988, 1.0166805697005206, 0.717020339442648, 1.1534945631493887, 1.175844883889021, 0.716045977363743, 0.5211452197703428, 0.5878963118098177, 0.8118077056085435], "coverage_estimated_second_order": [0.5486621140848, 0.5181273514464, 0.6401616330909, 0.5765981688174, 0.9945693264425999, 0.7978223143382001, 0.7848004243564001, 1.025256629674, 1.0204175693096, 0.9723458040099999, 0.53236264380865], "sol": [0.0, 0.0, 0.0, 0.0, 1.0, 0.0, 0.0, 1.0, 1.0, 1.0, 0.0], "coverage": [0.5685980902777777, 0.5382335069444445, 0.6545008680555555, 0.5853949652777778, 1.0, 0.8095963541666666, 0.7853168402777778, 1.0, 1.0, 1.0, 0.5255555555555556], "coverage_estimated_first_order_diff": [0.49346639078476773, 0.5066957319077462, 0.4191651971329433, 0.4312856044227428, -0.282979660557352, 0.34389820898272205, 0.39052804361124316, -0.283954022636257, -0.4788547802296572, -0.4121036881901823, 0.286252150052988], "coverage_estimated_second_order_diff": [-0.01993597619297771, -0.02010615549804451, -0.0143392349646555, -0.008796796460377787, -0.005430673557400123, -0.011774039828466587, -0.0005164159213777442, 0.025256629673999997, 0.020417569309600037, -0.027654195990000074, 0.0068070882530943955]}