{"coverage_estimated_first_order": [0.8765038374567609, 0.832897778873588, 0.8654156101501356, 0.5010070475168404, 0.7828943037252714, 0.8071588847503569, 0.8876457543424867, 0.44406378506708866, 0.5202240667978608, 0.38303220087107726, 0.5191899586234845], "coverage_estimated_second_order": [0.67384901388, 0.5898835565639999, 0.6943264612622, 0.974399358362, 0.586034661074, 0.5490586262499999, 0.679529696236, 0.9662277794235999, 0.2531763110916, 0.975615905505, 0.25417533741785], "sol": [0.0, 0.0, 0.0, 1.0, 0.0, 0.0, 0.0, 1.0, 0.0, 1.0, 0.0], "coverage": [0.7154210069444444, 0.6333854166666667, 0.7321180555555555, 1.0, 0.6177473958333334, 0.5855381944444444, 0.7106814236111111, 1.0, 0.2675824652777778, 1.0, 0.26979166666666665], "coverage_estimated_first_order_diff": [0.16108283051231642, 0.19951236220692126, 0.13329755459458004, -0.49899295248315956, 0.16514690789193798, 0.22162069030591247, 0.17696433073137563, -0.5559362149329113, 0.252641601520083, -0.6169677991289227, 0.24939829195681784], "coverage_estimated_second_order_diff": [-0.04157199306444448, -0.04350186010266677, -0.037791594293355546, -0.02560064163800002, -0.03171273475933334, -0.036479568194444534, -0.03115172737511107, -0.03377222057640006, -0.0144061541861778, -0.024384094495000008, -0.015616329248816674]}