{"coverage_estimated_first_order": [0.917445238298316, 0.8684935901675044, 1.135011558060166, 0.8014135606584816, 0.9804285857118807, 1.0444720552260174, 1.1010260769651299, 0.9665070307498753, 0.44249277123170505, 0.8463092015214894, 0.7276123877000971], "coverage_estimated_second_order": [1.0489110188859998, 1.0286441678279998, 0.7103841563522001, 1.01384041401, 0.531473927202, 0.5465994627639998, 0.6084843556962001, 0.5206499679504, 0.9720258678031001, 0.4287484882002, 0.38423050718595003], "sol": [1.0, 1.0, 0.0, 1.0, 0.0, 0.0, 0.0, 0.0, 1.0, 0.0, 0.0], "coverage": [1.0, 1.0, 0.6827256944444444, 1.0, 0.5075651041666667, 0.5328385416666667, 0.60328125, 0.5253342013888889, 1.0, 0.41192274305555554, 0.39871961805555556], "coverage_estimated_first_order_diff": [-0.08255476170168397, -0.13150640983249562, 0.45228586361572165, -0.19858643934151843, 0.47286348154521407, 0.5116335135593507, 0.4977448269651299, 0.44117282936098645, -0.557507228768295, 0.4343864584659338, 0.3288927696445415], "coverage_estimated_second_order_diff": [0.0489110188859998, 0.028644167827999834, 0.02765846190775567, 0.013840414009999913, 0.02390882303533337, 0.013760921097333179, 0.005203105696200083, -0.004684233438488894, -0.027974132196899926, 0.016825745144644466, -0.014489110869605526]}