{"coverage_estimated_first_order": [1.4199515811627907, 1.7420916816492615, 1.2342720538782117, 1.3160596606696966, 1.5621067437271532, 1.329584038953449, 1.7670689673644462, 1.2195962812035483, 0.8484643534262263, 1.3185316803055556, 1.1359498518318172], "coverage_estimated_second_order": [0.9637029056148, 0.8406950450453999, 0.9706358371698001, 0.9552562490526, 0.706336072487, 0.9854503524382, 0.8742917471552, 1.0083096473331, 1.0155493288802, 0.6114615626865001, 0.57357219650425], "sol": [1.0, 0.0, 1.0, 1.0, 0.0, 1.0, 0.0, 1.0, 1.0, 0.0, 0.0], "coverage": [1.0, 0.8699913194444444, 1.0, 1.0, 0.7314583333333333, 1.0, 0.8850564236111111, 1.0, 1.0, 0.6283420138888889, 0.5628211805555555], "coverage_estimated_first_order_diff": [0.41995158116279074, 0.8721003622048171, 0.2342720538782117, 0.3160596606696966, 0.8306484103938199, 0.329584038953449, 0.882012543753335, 0.21959628120354835, -0.15153564657377372, 0.6901896664166667, 0.5731286712762617], "coverage_estimated_second_order_diff": [-0.03629709438520001, -0.029296274399044475, -0.029364162830199936, -0.04474375094740002, -0.02512226084633329, -0.014549647561799994, -0.01076467645591117, 0.008309647333099912, 0.015549328880199997, -0.01688045120238879, 0.010751015948694431]}