{"coverage_estimated_first_order": [0.5754733013167952, 0.6363956232065984, 0.24149620197177424, 0.5483741417211506, 0.2335924139905457, 0.6016943548618401, 0.5274859583942979, 0.4349456220186726, 0.2960259438356601, 0.5624103310091009, 0.289996427143359], "coverage_estimated_second_order": [0.525938582284, 0.67018235228, 0.937254297682, 0.5143125761380001, 0.9318711758239999, 0.5484877655820001, 0.321595088608, 0.18356615658880002, 0.0328517156774, 0.6035511468979999, 0.02000570839225], "sol": [0.0, 0.0, 1.0, 0.0, 1.0, 0.0, 0.0, 0.0, 0.0, 0.0, 0.0], "coverage": [0.6036067708333334, 0.7470572916666667, 1.0, 0.5828211805555555, 1.0, 0.5976041666666667, 0.3536111111111111, 0.19083333333333333, 0.01579861111111111, 0.6481423611111111, 0.0], "coverage_estimated_first_order_diff": [-0.028133469516538168, -0.11066166846006831, -0.7585037980282258, -0.03444703883440492, -0.7664075860094544, 0.004090188195173372, 0.1738748472831868, 0.24411228868533927, 0.280227332724549, -0.08573203010201025, 0.289996427143359], "coverage_estimated_second_order_diff": [-0.07766818854933333, -0.07687493938666667, -0.06274570231800003, -0.06850860441755546, -0.06812882417600008, -0.04911640108466664, -0.032016022503111086, -0.00726717674453331, 0.01705310456628889, -0.044591214213111185, 0.02000570839225]}