{"coverage_estimated_first_order": [1.4680338206379566, 1.4026500762375507, 1.621969397302477, 1.3421031459262742, 1.2269143458267338, 1.7091932298946677, 1.3692330115750517, 1.5298726801082412, 0.7840721004840319, 1.2687620462950848, 1.0656608481486656], "coverage_estimated_second_order": [0.8902511174100002, 0.9009918566624, 0.6963367285062001, 0.898298722711, 0.9183972053660001, 0.781886768086, 0.9388813556102003, 0.7661246548358, 1.0033901252417001, 0.49648581224260013, 0.477880618674], "sol": [1.0, 1.0, 0.0, 1.0, 1.0, 0.0, 1.0, 0.0, 1.0, 0.0, 0.0], "coverage": [1.0, 1.0, 0.7350868055555555, 1.0, 1.0, 0.8433637152777778, 1.0, 0.7791883680555556, 1.0, 0.5155729166666667, 0.48530815972222224], "coverage_estimated_first_order_diff": [0.4680338206379566, 0.40265007623755067, 0.8868825917469214, 0.3421031459262742, 0.22691434582673375, 0.86582951461689, 0.36923301157505173, 0.7506843120526856, -0.21592789951596814, 0.7531891296284181, 0.5803526884264434], "coverage_estimated_second_order_diff": [-0.10974888258999982, -0.0990081433376, -0.0387500770493554, -0.10170127728900002, -0.08160279463399989, -0.061476947191777764, -0.06111864438979975, -0.013063713219755635, 0.003390125241700126, -0.01908710442406658, -0.0074275410482222415]}