{"coverage_estimated_first_order": [0.8571825399435633, 1.3093524382453627, 0.9161062078374832, 1.0544879857614418, 0.9779241237440714, 1.0633495728575495, 0.7927161621663446, 0.9786972079305607, 0.6347559212902198, 0.7549993792098691, 0.6280448875919273], "coverage_estimated_second_order": [1.0427777104940001, 0.9409437198880002, 1.046602592166, 0.6566403804859999, 0.54993903259, 0.6159624722760001, 0.9707061821420001, 0.5631214409273999, 0.1879196410323, 1.0228829178835999, 0.17999570482635002], "sol": [1.0, 0.0, 1.0, 0.0, 0.0, 0.0, 1.0, 0.0, 0.0, 1.0, 0.0], "coverage": [1.0, 0.8864192708333334, 1.0, 0.6369487847222223, 0.5525, 0.6348654513888888, 1.0, 0.5835199652777778, 0.20147569444444444, 1.0, 0.193515625], "coverage_estimated_first_order_diff": [-0.1428174600564367, 0.42293316741202935, -0.0838937921625168, 0.4175392010392195, 0.42542412374407146, 0.42848412146866066, -0.20728383783365545, 0.39517724265278287, 0.4332802268457754, -0.24500062079013085, 0.43452926259192737], "coverage_estimated_second_order_diff": [0.04277771049400014, 0.0545244490546668, 0.046602592166000045, 0.01969159576377766, -0.0025609674100000035, -0.01890297911288874, -0.029293817857999893, -0.020398524350377922, -0.013556053412144442, 0.022882917883599863, -0.013519920173649974]}