{"coverage_estimated_first_order": [1.0969547065136103, 1.4613870858267257, 0.9785485667028635, 1.3415119689943777, 0.9389713002649266, 1.4095953797882967, 1.457577824334656, 0.9621355056763212, 0.9632550060093004, 1.1409943233257982, 0.664188172195164], "coverage_estimated_second_order": [1.0409714774096002, 0.8760398095294, 1.0178675744325, 0.7782383527898, 1.0186326815986, 0.834343625689, 0.8647243745382001, 1.0305849085067, 0.5324741328104001, 0.662262461843, 1.01526892130495], "sol": [1.0, 0.0, 1.0, 0.0, 1.0, 0.0, 0.0, 1.0, 0.0, 0.0, 1.0], "coverage": [1.0, 0.8597395833333333, 1.0, 0.7621440972222222, 1.0, 0.8309635416666666, 0.8596614583333333, 1.0, 0.5270789930555555, 0.6623350694444444, 1.0], "coverage_estimated_first_order_diff": [0.09695470651361027, 0.6016475024933924, -0.021451433297136502, 0.5793678717721555, -0.06102869973507341, 0.5786318381216301, 0.5979163660013227, -0.03786449432367878, 0.43617601295374486, 0.4786592538813538, -0.335811827804836], "coverage_estimated_second_order_diff": [0.040971477409600165, 0.016300226196066636, 0.01786757443250009, 0.01609425556757782, 0.018632681598599987, 0.003380084022333363, 0.005062916204866763, 0.030584908506700037, 0.0053951397548446245, -7.260760144445211e-05, 0.015268921304949945]}