{"coverage_estimated_first_order": [1.9751334517563695, 1.985624860837582, 1.576774392407835, 1.5225424579115896, 1.47946963286483, 1.9867616688726175, 1.7014020755712218, 1.4981152225374987, 1.3037945209876565, 1.3304760064402479, 1.0022366326437324], "coverage_estimated_second_order": [0.7616662348994, 0.7930238508103999, 0.9293832500432999, 0.8845839932835999, 0.8831598646123999, 0.7875741249992, 0.8783194523212001, 0.9196841159722999, 0.5457679340935999, 0.9452841237433999, 0.9781574034420001], "sol": [0.0, 0.0, 1.0, 1.0, 1.0, 0.0, 1.0, 1.0, 0.0, 1.0, 1.0], "coverage": [0.842734375, 0.8603993055555555, 1.0, 1.0, 1.0, 0.8732855902777777, 1.0, 1.0, 0.5500737847222222, 1.0, 1.0], "coverage_estimated_first_order_diff": [1.1323990767563694, 1.1252255552820265, 0.576774392407835, 0.5225424579115896, 0.47946963286483, 1.1134760785948399, 0.7014020755712218, 0.49811522253749874, 0.7537207362654342, 0.3304760064402479, 0.002236632643732417], "coverage_estimated_second_order_diff": [-0.08106814010060004, -0.0673754547451556, -0.07061674995670009, -0.11541600671640007, -0.11684013538760007, -0.08571146527857776, -0.12168054767879988, -0.08031588402770007, -0.004305850628622321, -0.05471587625660013, -0.021842596557999916]}