{"coverage_estimated_first_order": [1.7366395037524385, 1.6739115932482151, 1.983900536346984, 1.5929217285556279, 1.4776430654972297, 1.9316422808112224, 1.9952217499105067, 1.407609059613477, 1.2583492842058983, 1.2505623691793013, 0.9541845993385227], "coverage_estimated_second_order": [0.8085770386714001, 0.8393777013654, 0.7780332739971001, 0.8141106200109, 0.8618394729469999, 0.7388830659064, 0.8176137892382, 0.9658900924396999, 0.5205519153071999, 0.909775971406, 1.0033167317055], "sol": [1.0, 1.0, 0.0, 1.0, 1.0, 0.0, 0.0, 1.0, 0.0, 1.0, 1.0], "coverage": [1.0, 1.0, 0.8933897569444444, 1.0, 1.0, 0.8395789930555555, 0.8888888888888888, 1.0, 0.5275, 1.0, 1.0], "coverage_estimated_first_order_diff": [0.7366395037524385, 0.6739115932482151, 1.0905107794025395, 0.5929217285556279, 0.4776430654972297, 1.0920632877556669, 1.1063328610216179, 0.40760905961347693, 0.7308492842058983, 0.2505623691793013, -0.04581540066147727], "coverage_estimated_second_order_diff": [-0.19142296132859993, -0.16062229863459998, -0.11535648294734435, -0.18588937998910005, -0.13816052705300008, -0.10069592714915554, -0.07127509965068879, -0.03410990756030008, -0.006948084692800061, -0.09022402859400003, 0.0033167317055000645]}