{"coverage_estimated_first_order": [1.6696736283413949, 1.9513176726074417, 1.8648200363632097, 1.574294672670156, 1.4914609955768416, 1.9949651724638264, 1.716602715390365, 1.5284692425000723, 1.00918416290409, 1.2005376931452063, 1.2948543796287912], "coverage_estimated_second_order": [0.8447569653927999, 0.7453683674208, 0.7731624767738998, 0.8382359412384, 0.8483947040326001, 0.7407613565502, 0.8321478198723999, 0.8681896001642, 0.9689582329703, 0.9485355519542, 0.5531180312271999], "sol": [1.0, 0.0, 0.0, 1.0, 1.0, 0.0, 1.0, 1.0, 1.0, 1.0, 0.0], "coverage": [1.0, 0.8311284722222222, 0.8351171875, 1.0, 1.0, 0.8633029513888889, 1.0, 1.0, 1.0, 1.0, 0.5539236111111111], "coverage_estimated_first_order_diff": [0.6696736283413949, 1.1201892003852194, 1.0297028488632098, 0.5742946726701561, 0.49146099557684164, 1.1316622210749374, 0.7166027153903649, 0.5284692425000723, 0.009184162904090076, 0.2005376931452063, 0.7409307685176801], "coverage_estimated_second_order_diff": [-0.15524303460720013, -0.08576010480142215, -0.06195471072610015, -0.16176405876160005, -0.1516052959673999, -0.12254159483868887, -0.16785218012760006, -0.1318103998358, -0.031041767029699963, -0.05146444804579997, -0.0008055798839111672]}