{"coverage_estimated_first_order": [1.1773703726177973, 1.1578282739854542, 0.7218254669074482, 0.7834616207841734, 1.1000258119904363, 0.8064989259086301, 1.20631894092649, 0.6985564731289307, 0.7010835865723238, 0.923479032805022, 0.6983338912750789], "coverage_estimated_second_order": [0.8200403532380001, 0.79570170321, 1.0008305911884001, 1.051825561196, 0.76755715131, 1.046303463548, 0.8353664714960001, 1.0171353632378999, 0.34048548317599997, 0.609300265356, 0.33919703870245], "sol": [0.0, 0.0, 1.0, 1.0, 0.0, 1.0, 0.0, 1.0, 0.0, 0.0, 0.0], "coverage": [0.8043967013888889, 0.7971701388888889, 1.0, 1.0, 0.7269010416666667, 1.0, 0.8193489583333333, 1.0, 0.35529947916666665, 0.6210069444444445, 0.35409722222222223], "coverage_estimated_first_order_diff": [0.37297367122890845, 0.3606581350965653, -0.2781745330925518, -0.21653837921582664, 0.37312477032376956, -0.19350107409136985, 0.38696998259315674, -0.30144352687106934, 0.3457841074056572, 0.3024720883605775, 0.3442366690528567], "coverage_estimated_second_order_diff": [0.015643651849111206, -0.0014684356788888797, 0.0008305911884001205, 0.0518255611959999, 0.04065610964333333, 0.04630346354799997, 0.016017513162666752, 0.01713536323789988, -0.014813995990666684, -0.011706679088444472, -0.014900183519772237]}