{"coverage_estimated_first_order": [1.6083268881469075, 1.9201170246756323, 1.8459940578401488, 1.838610285386693, 1.543236791159223, 1.7210480597720028, 1.7709867610160133, 1.548502572047494, 1.3369122905716393, 1.1997951608567847, 1.0363823517236475], "coverage_estimated_second_order": [0.8456422176254001, 0.7278602588566, 0.7719639792103, 0.6477533852116001, 0.8033219889226, 0.7517805545942001, 0.7471917527050002, 0.8012542859473, 0.5587260376044999, 0.9544233326154001, 0.9542064061435501], "sol": [1.0, 0.0, 0.0, 0.0, 1.0, 1.0, 1.0, 1.0, 0.0, 1.0, 1.0], "coverage": [1.0, 0.8222482638888889, 0.83578125, 0.7699435763888889, 1.0, 1.0, 1.0, 1.0, 0.5730555555555555, 1.0, 1.0], "coverage_estimated_first_order_diff": [0.6083268881469075, 1.0978687607867434, 1.0102128078401487, 1.0686667089978041, 0.5432367911592231, 0.7210480597720028, 0.7709867610160133, 0.5485025720474941, 0.7638567350160838, 0.19979516085678473, 0.036382351723647455], "coverage_estimated_second_order_diff": [-0.15435778237459985, -0.09438800503228895, -0.06381727078970001, -0.1221901911772888, -0.19667801107740002, -0.24821944540579988, -0.25280824729499984, -0.19874571405270003, -0.014329517951055637, -0.04557666738459987, -0.04579359385644988]}