{"coverage_estimated_first_order": [1.4577393071006168, 1.4331835382918947, 1.759294758586658, 1.3323819411679239, 1.2343451109595656, 1.6468263689295846, 1.6258799104081048, 1.4014589840304463, 0.7385009888861607, 1.0670310243631376, 1.017608814843456], "coverage_estimated_second_order": [0.8915310666940002, 0.908524271588, 0.8312606862014, 0.8979600496438, 0.9240118739178002, 0.7099759033142, 0.6689704862726, 0.5799739903778, 0.9700225642488, 0.9477880281936, 0.38481656832449995], "sol": [1.0, 1.0, 0.0, 1.0, 1.0, 0.0, 0.0, 0.0, 1.0, 1.0, 0.0], "coverage": [1.0, 1.0, 0.8933810763888889, 1.0, 1.0, 0.7547916666666666, 0.7062760416666667, 0.6022960069444444, 1.0, 1.0, 0.39871961805555556], "coverage_estimated_first_order_diff": [0.45773930710061683, 0.4331835382918947, 0.8659136821977692, 0.33238194116792386, 0.23434511095956556, 0.8920347022629179, 0.9196038687414381, 0.7991629770860019, -0.26149901111383933, 0.06703102436313757, 0.6188891967879006], "coverage_estimated_second_order_diff": [-0.10846893330599983, -0.09147572841200002, -0.06212039018748883, -0.10203995035619995, -0.07598812608219985, -0.04481576335246662, -0.03730555539406666, -0.022322016566644454, -0.029977435751200043, -0.052211971806400026, -0.013903049731055606]}