{"coverage_estimated_first_order": [0.27918920371525113, 0.24092334041409058, 0.224793849703472, 0.2612729867267915, 0.2449523068492339, 0.2844202266045091, 0.3670312635570054, 0.0, 0.22513700211588725, 0.1837016905781053, 0.22919353148012564], "coverage_estimated_second_order": [0.18720109124, 0.077607694016, 0.057457858061, 0.19221832254, 0.18780834235, 0.27000346409, 0.48053171825, 0.90113435871, 0.23807502717, 0.040592862086, 0.24456041715], "sol": [0.0, 0.0, 0.0, 0.0, 0.0, 0.0, 0.0, 1.0, 0.0, 0.0, 0.0], "coverage": [0.155234375, 0.02118489583333333, 0.008541666666666666, 0.1747048611111111, 0.18908854166666667, 0.29430555555555554, 0.5396484375, 1.0, 0.2649652777777778, 0.007200520833333333, 0.26979166666666665], "coverage_estimated_first_order_diff": [0.12395482871525113, 0.21973844458075725, 0.21625218303680532, 0.08656812561568039, 0.05586376518256722, -0.009885328951046435, -0.17261717394299464, -1.0, -0.03982827566189054, 0.17650116974477195, -0.04059813518654101], "coverage_estimated_second_order_diff": [0.03196671624, 0.05642279818266667, 0.04891619139433333, 0.017513461428888877, -0.0012801993166666747, -0.024302091465555564, -0.059116719250000005, -0.09886564128999997, -0.026890250607777777, 0.033392341252666664, -0.025231249516666665]}