{"coverage_estimated_first_order": [1.1839275757211631, 1.248635163398962, 0.8860833977172003, 0.7463291483402055, 1.0180201709814365, 1.0812972806229957, 0.7798935145698573, 0.9793671892984642, 0.6352001135658771, 0.7427500403923718, 0.6280448875919273], "coverage_estimated_second_order": [0.8239696083559999, 0.8978563486360001, 1.0456236891919999, 1.02546130634, 0.642830902078, 0.666425263196, 0.9629410460100001, 0.5744378797527999, 0.1894465790316, 1.0352313588176, 0.17999570482635], "sol": [0.0, 0.0, 1.0, 1.0, 0.0, 0.0, 1.0, 0.0, 0.0, 1.0, 0.0], "coverage": [0.8009895833333334, 0.8553298611111111, 1.0, 1.0, 0.6472222222222223, 0.6890885416666667, 1.0, 0.5944140625, 0.20311197916666668, 1.0, 0.193515625], "coverage_estimated_first_order_diff": [0.3829379923878298, 0.393305302287851, -0.11391660228279965, -0.2536708516597945, 0.37079794875921424, 0.392208738956329, -0.22010648543014266, 0.3849531267984643, 0.43208813439921046, -0.2572499596076282, 0.43452926259192737], "coverage_estimated_second_order_diff": [0.022980025022666495, 0.04252648752488897, 0.04562368919199988, 0.02546130633999999, -0.004391320144222277, -0.022663278470666626, -0.03705895398999992, -0.019976182747200033, -0.013665400135066674, 0.03523135881760009, -0.013519920173650002]}