{"coverage_estimated_first_order": [1.1438660478893012, 1.4673575097407094, 1.4131378250414595, 1.0623969758153091, 1.3658128009041823, 1.0898964694913333, 1.1134457919670773, 1.270370304167809, 0.8161428422794197, 0.8113997051018805, 0.8071888202435216], "coverage_estimated_second_order": [1.009546030798, 0.8470489270820001, 0.854499100792, 1.006665528248, 0.779455583978, 1.017815132254, 1.0102030405320002, 0.6609914501759, 0.2532592718949, 1.0091711668068, 0.24652823393525], "sol": [1.0, 0.0, 0.0, 1.0, 0.0, 1.0, 1.0, 0.0, 0.0, 1.0, 0.0], "coverage": [1.0, 0.830546875, 0.8370008680555555, 1.0, 0.7700477430555556, 1.0, 1.0, 0.6448090277777778, 0.2525, 1.0, 0.2468142361111111], "coverage_estimated_first_order_diff": [0.14386604788930124, 0.6368106347407094, 0.576136956985904, 0.06239697581530912, 0.5957650578486268, 0.08989646949133334, 0.11344579196707727, 0.6255612763900311, 0.5636428422794197, -0.18860029489811947, 0.5603745841324105], "coverage_estimated_second_order_diff": [0.009546030797999983, 0.016502052082000063, 0.017498232736444463, 0.00666552824799993, 0.0094078409224444, 0.01781513225400011, 0.010203040532000163, 0.016182422398122176, 0.0007592718948999932, 0.009171166806799969, -0.0002860021758611109]}