{"coverage_estimated_first_order": [1.14047337038411, 1.1560255984273027, 0.7214325602193647, 0.7458946371825811, 1.0715706601753618, 0.7891944074225624, 1.1255580402039218, 0.9858005727951336, 0.770657877660287, 0.9230797948550394, 0.4691403597949533], "coverage_estimated_second_order": [0.742934704244, 0.7897444971072, 1.0004101439508, 1.0386851506219998, 0.7307097868998, 1.020311936235, 0.7021821566562, 0.5945715839956001, 0.4610224107074, 0.6083544291963999, 0.9955412387440502], "sol": [0.0, 0.0, 1.0, 1.0, 0.0, 1.0, 0.0, 0.0, 0.0, 0.0, 1.0], "coverage": [0.7345746527777778, 0.7904904513888888, 1.0, 1.0, 0.7135329861111112, 1.0, 0.7175043402777778, 0.6162413194444445, 0.4677387152777778, 0.6206032986111111, 1.0], "coverage_estimated_first_order_diff": [0.4058987176063321, 0.36553514703841383, -0.27856743978063525, -0.2541053628174189, 0.3580376740642507, -0.21080559257743758, 0.40805369992614404, 0.36955925335068907, 0.30291916238250927, 0.30247649624392836, -0.5308596402050467], "coverage_estimated_second_order_diff": [0.008360051466222207, -0.0007459542816888876, 0.00041014395079996824, 0.03868515062199984, 0.017176800788688884, 0.02031193623499994, -0.015322183621577778, -0.02166973544884443, -0.006716304570377751, -0.01224886941471115, -0.004458761255949795]}