{"coverage_estimated_first_order": [0.6273081976909737, 0.24092334041409058, 0.5895240589009292, 0.5300885074997498, 0.4792744891960451, 0.5314943708167553, 0.6433397221317507, 0.2048514573159083, 0.3724240473641302, 0.43562773430608914, 0.3741917450518051], "coverage_estimated_second_order": [0.630214941384, 0.87742558047, 0.5671454909590001, 0.4471814981919999, 0.337584030362, 0.39408819397399997, 0.650255842704, 0.9235466133410001, 0.2460141264188, 0.3262421955132, 0.2500972452518], "sol": [0.0, 1.0, 0.0, 0.0, 0.0, 0.0, 0.0, 1.0, 0.0, 0.0, 0.0], "coverage": [0.7344357638888889, 1.0, 0.6563411458333334, 0.5353428819444445, 0.40815538194444445, 0.4632986111111111, 0.7376215277777778, 1.0, 0.2660894097222222, 0.38192274305555557, 0.26979166666666665], "coverage_estimated_first_order_diff": [-0.10712756619791519, -0.7590766595859094, -0.06681708693240418, -0.005254374444694676, 0.07111910725160064, 0.06819575970564423, -0.09428180564602706, -0.7951485426840917, 0.10633463764190798, 0.053704991250533574, 0.10440007838513843], "coverage_estimated_second_order_diff": [-0.10422082250488884, -0.12257441953000003, -0.08919565487433323, -0.08816138375244453, -0.07057135158244443, -0.06921041713711112, -0.08736568507377773, -0.07645338665899992, -0.02007528330342223, -0.055680547542355574, -0.01969442141486666]}