{"coverage_estimated_first_order": [1.1080943471764686, 1.1367047302094944, 0.6946564299893973, 0.9915740774021472, 0.9415276359887922, 1.1100945572000982, 0.9125806501758187, 0.8225475038975785, 0.8599613442036413, 0.9104236733056278, 0.5672419919286942], "coverage_estimated_second_order": [0.6579270180276001, 0.7421598643172, 0.9461012340866, 0.5180770558175, 0.4503904310886, 0.648962213625, 1.0287437411022, 1.0388089138903, 0.5708840283301999, 0.5685622968305999, 1.0050696932486], "sol": [0.0, 0.0, 1.0, 0.0, 0.0, 0.0, 1.0, 1.0, 0.0, 0.0, 1.0], "coverage": [0.693046875, 0.7935720486111111, 1.0, 0.5300520833333333, 0.44876302083333336, 0.6268619791666666, 1.0, 1.0, 0.5481987847222223, 0.5982986111111112, 1.0], "coverage_estimated_first_order_diff": [0.41504747217646865, 0.3431326815983833, -0.30534357001060275, 0.4615219940688139, 0.49276461515545883, 0.48323257803343156, -0.08741934982418131, -0.17745249610242153, 0.31176255948141907, 0.31212506219451663, -0.4327580080713058], "coverage_estimated_second_order_diff": [-0.03511985697239983, -0.051412184293911034, -0.05389876591340004, -0.011975027515833347, 0.001627410255266637, 0.022100234458333312, 0.028743741102200016, 0.038808913890300056, 0.022685243607977634, -0.029736314280511267, 0.005069693248600071]}