{"coverage_estimated_first_order": [0.8981811689025461, 0.9169049335713635, 0.49703161720397626, 0.5221886340573818, 0.8550735051412024, 0.522078699304121, 0.8392876773694846, 0.6985564731289307, 0.47594658445643656, 0.7397773422269167, 0.4691403597949533], "coverage_estimated_second_order": [0.7416371862219999, 0.7891413514999999, 1.002447197556, 1.0425095175119998, 0.730795202728, 0.9972127207999999, 0.5763328002079999, 0.37804870168800003, 0.136393818358, 0.6075350902658, 0.12519266695285003], "sol": [0.0, 0.0, 1.0, 1.0, 0.0, 1.0, 0.0, 0.0, 0.0, 0.0, 0.0], "coverage": [0.7345746527777778, 0.7904904513888888, 1.0, 1.0, 0.7135329861111112, 1.0, 0.5944618055555555, 0.38591579861111114, 0.1355251736111111, 0.6206032986111111, 0.12377170138888889], "coverage_estimated_first_order_diff": [0.1636065161247683, 0.12641448218247464, -0.5029683827960237, -0.4778113659426182, 0.14154051903009124, -0.477921300695879, 0.24482587181392912, 0.3126406745178195, 0.34042141084532546, 0.11917404361580564, 0.3453686584060644], "coverage_estimated_second_order_diff": [0.007062533444222141, -0.0013490998888889827, 0.0024471975560000914, 0.04250951751199983, 0.01726221661688887, -0.0027872792000001034, -0.01812900534755557, -0.007867096923111105, 0.0008686447468888858, -0.013068208345311083, 0.001420965563961138]}