{"coverage_estimated_first_order": [1.9319682534827456, 1.893210581323693, 1.412311626853146, 1.5228411460930529, 1.534674474370325, 1.6942631103950554, 2.0447560252598898, 1.4983985304511371, 1.1445409918782161, 1.510976106664857, 1.1359498518318172], "coverage_estimated_second_order": [0.7118811434808, 0.7138044402534, 0.9169451873553001, 0.8731525058307998, 0.8521870947226001, 0.8435645075111999, 0.7819150966814001, 0.8921691623501001, 0.9336671255658, 0.6143608046477, 0.93957433762505], "sol": [0.0, 0.0, 1.0, 1.0, 1.0, 1.0, 0.0, 1.0, 1.0, 0.0, 1.0], "coverage": [0.8089713541666667, 0.8034288194444444, 1.0, 1.0, 1.0, 1.0, 0.8734157986111111, 1.0, 1.0, 0.6700954861111111, 1.0], "coverage_estimated_first_order_diff": [1.122996899316079, 1.0897817618792485, 0.41231162685314593, 0.5228411460930529, 0.5346744743703249, 0.6942631103950554, 1.1713402266487787, 0.49839853045113713, 0.14454099187821612, 0.8408806205537459, 0.13594985183181718], "coverage_estimated_second_order_diff": [-0.09709021068586665, -0.08962437919104449, -0.08305481264469994, -0.12684749416920016, -0.14781290527739988, -0.15643549248880007, -0.09150070192971094, -0.10783083764989987, -0.0663328744342, -0.055734681463411095, -0.06042566237494995]}