{"coverage_estimated_first_order": [1.404428537127226, 1.456058823587413, 1.3407745944956397, 1.5473081978410628, 1.4839483026305371, 1.2850408667106752, 1.698648933264195, 1.4710760728263104, 0.9175007306328726, 1.3707279757905846, 0.9067563203516916], "coverage_estimated_second_order": [0.9317397336404, 0.9473222285545998, 0.9468737810618, 0.6393120010944, 0.6341383903634, 0.9459344671334, 0.8114736815888001, 0.7048648698550999, 0.9998561000547999, 0.6170031699563, 1.00053648321165], "sol": [1.0, 1.0, 1.0, 0.0, 0.0, 1.0, 0.0, 0.0, 1.0, 0.0, 1.0], "coverage": [1.0, 1.0, 1.0, 0.6810416666666667, 0.6753472222222222, 1.0, 0.840703125, 0.7234071180555556, 1.0, 0.6300434027777778, 1.0], "coverage_estimated_first_order_diff": [0.40442853712722604, 0.456058823587413, 0.34077459449563974, 0.8662665311743961, 0.8086010804083149, 0.2850408667106752, 0.857945808264195, 0.7476689547707548, -0.08249926936712737, 0.7406845730128068, -0.09324367964830838], "coverage_estimated_second_order_diff": [-0.06826026635960003, -0.0526777714454002, -0.05312621893820002, -0.04172966557226665, -0.04120883185882218, -0.054065532866599986, -0.02922944341119993, -0.01854224820045569, -0.00014389994520014326, -0.013040232821477815, 0.0005364832116498963]}