{"coverage_estimated_first_order": [1.3789529522038078, 1.7895917289731629, 1.3654890724994901, 1.54020017495252, 1.4410279379390347, 1.614489822303371, 1.4437072126123907, 1.259791232013733, 0.859892923406107, 1.1221738681780387, 1.149856166057112], "coverage_estimated_second_order": [0.9615852804708, 0.8792755281308001, 0.9898490231214, 0.6660603329384001, 0.5617319586788, 0.6937622564363999, 0.9666605660966001, 0.9811486431161, 0.9859734496311, 0.9787552253394001, 0.56247379912495], "sol": [1.0, 0.0, 1.0, 0.0, 0.0, 0.0, 1.0, 1.0, 1.0, 1.0, 0.0], "coverage": [1.0, 0.886796875, 1.0, 0.6832291666666667, 0.5827213541666667, 0.7044401041666667, 1.0, 1.0, 1.0, 1.0, 0.5539236111111111], "coverage_estimated_first_order_diff": [0.37895295220380776, 0.9027948539731628, 0.36548907249949014, 0.8569710082858534, 0.858306583772368, 0.9100497181367043, 0.44370721261239066, 0.259791232013733, -0.140107076593893, 0.12217386817803866, 0.595932554946001], "coverage_estimated_second_order_diff": [-0.03841471952919995, -0.007521346869199919, -0.010150976878600004, -0.017168833728266608, -0.020989395487866713, -0.01067784773026681, -0.033339433903399884, -0.01885135688390005, -0.014026550368899993, -0.02124477466059993, 0.008550188013838889]}