{"coverage_estimated_first_order": [1.8017710405352767, 1.505580855567552, 1.4923098088864317, 1.306378988832557, 1.2523423533282476, 1.6822998783619132, 1.3244089077545247, 1.4157225801872042, 0.9312332709161619, 1.215397906962004, 0.9180413147352862], "coverage_estimated_second_order": [0.7627518632499999, 0.831892585798, 0.830401701098, 0.902629508947, 0.9314701352439999, 0.77157614476, 0.9113923279130002, 0.5927082165906, 0.19137962480569998, 0.85513714189, 0.18088345285860002], "sol": [0.0, 1.0, 1.0, 1.0, 1.0, 0.0, 1.0, 0.0, 0.0, 1.0, 0.0], "coverage": [0.8479427083333333, 1.0, 1.0, 1.0, 1.0, 0.8161979166666666, 1.0, 0.6124175347222223, 0.20397569444444444, 1.0, 0.193515625], "coverage_estimated_first_order_diff": [0.9538283322019434, 0.5055808555675521, 0.4923098088864317, 0.306378988832557, 0.2523423533282476, 0.8661019616952466, 0.3244089077545247, 0.8033050454649819, 0.7272575764717175, 0.215397906962004, 0.7245256897352862], "coverage_estimated_second_order_diff": [-0.08519084508333341, -0.16810741420200004, -0.16959829890199996, -0.097370491053, -0.06852986475600009, -0.04462177190666661, -0.08860767208699982, -0.019709318131622244, -0.012596069638744462, -0.14486285811, -0.012632172141399972]}