{"coverage_estimated_first_order": [0.8612698004846258, 0.5470602062695101, 0.9721062227107099, 0.7329887840272942, 0.7063902149402254, 0.7622200272304543, 0.816915144296839, 0.6893935011068199, 0.2945491508006568, 0.4353988421180481, 0.5826141741284179], "coverage_estimated_second_order": [0.62264416541, 0.99108456715, 0.8802627960730001, 0.4131884744648, 0.3583322405658, 0.38174444173019995, 0.4705212804176, 0.31700529225339996, 0.9690451633624, 1.0338145257064, 0.38174937271305], "sol": [0.0, 1.0, 0.0, 0.0, 0.0, 0.0, 0.0, 0.0, 1.0, 1.0, 0.0], "coverage": [0.6177430555555555, 1.0, 0.8716753472222222, 0.3990842013888889, 0.3361458333333333, 0.36167100694444443, 0.45348524305555554, 0.28756510416666664, 1.0, 1.0, 0.39871961805555556], "coverage_estimated_first_order_diff": [0.24352674492907023, -0.45293979373048987, 0.10043087548848773, 0.3339045826384053, 0.37024438160689205, 0.4005490202860099, 0.36342990124128344, 0.4018283969401532, -0.7054508491993432, -0.5646011578819519, 0.18389455607286231], "coverage_estimated_second_order_diff": [0.004901109854444474, -0.00891543284999996, 0.00858744885077789, 0.014104273075911111, 0.022186407232466676, 0.020073434785755517, 0.017036037362044454, 0.02944018808673332, -0.030954836637600014, 0.03381452570639998, -0.016970245342505574]}