{"coverage_estimated_first_order": [1.8063534780947692, 1.4350390678869105, 1.3320173133754423, 1.301732407105531, 1.5808337544521005, 1.3643657912628553, 1.4826273995012353, 1.2352696462303734, 1.041203848970852, 1.377136098464953, 1.0363823517236472], "coverage_estimated_second_order": [0.84714180092, 0.9614969748359999, 0.9755366896882003, 0.925693079833, 0.684944297432, 0.911844476856, 0.9152882630500002, 0.9376022331614999, 0.3818349251730999, 0.6465050213738, 0.39035214120465], "sol": [0.0, 1.0, 1.0, 1.0, 0.0, 1.0, 1.0, 1.0, 0.0, 0.0, 0.0], "coverage": [0.8807855902777778, 1.0, 1.0, 1.0, 0.7354991319444445, 1.0, 1.0, 1.0, 0.3851909722222222, 0.64515625, 0.3937326388888889], "coverage_estimated_first_order_diff": [0.9255678878169914, 0.4350390678869105, 0.33201731337544227, 0.30173240710553095, 0.845334622507656, 0.3643657912628553, 0.48262739950123534, 0.23526964623037339, 0.6560128767486297, 0.731979848464953, 0.6426497128347584], "coverage_estimated_second_order_diff": [-0.03364378935777779, -0.03850302516400006, -0.024463310311799713, -0.07430692016700002, -0.05055483451244447, -0.08815552314399999, -0.08471173694999978, -0.06239776683850007, -0.0033560470491222905, 0.0013487713737999618, -0.00338049768423887]}