{"coverage_estimated_first_order": [0.9081723091922231, 0.8630815916656445, 1.1228432681836944, 1.0877026104693852, 0.9696896737018859, 1.0986521821622406, 0.9201299616806662, 0.7766589570928885, 0.7126380313683177, 0.8489386053485055, 0.7122402055003735], "coverage_estimated_second_order": [1.030262384902, 1.0334952080700002, 0.7390132571868001, 0.706209431251, 0.520915801226, 0.64303677941, 1.03550571758, 1.0314024777733999, 0.3408533514048, 0.4451820355608, 0.34654828551425004], "sol": [1.0, 1.0, 0.0, 0.0, 0.0, 0.0, 1.0, 1.0, 0.0, 0.0, 0.0], "coverage": [1.0, 1.0, 0.7015798611111111, 0.6705772569444445, 0.4989105902777778, 0.6090668402777778, 1.0, 1.0, 0.33534722222222224, 0.4300086805555556, 0.3409418402777778], "coverage_estimated_first_order_diff": [-0.09182769080777686, -0.13691840833435553, 0.42126340707258325, 0.41712535352494073, 0.47077908342410807, 0.4895853418844628, -0.07987003831933381, -0.22334104290711154, 0.3772908091460955, 0.41892992479294994, 0.3712983652225957], "coverage_estimated_second_order_diff": [0.03026238490200006, 0.03349520807000017, 0.03743339607568896, 0.03563217430655552, 0.02200521094822222, 0.03396993913222224, 0.035505717579999985, 0.031402477773399884, 0.005506129182577757, 0.015173355005244415, 0.005606445236472246]}