{"coverage_estimated_first_order": [1.690758579476088, 1.666892204645974, 1.971527411725575, 1.8423769941040269, 1.4401033539837302, 1.968122203984249, 1.7312541579580782, 1.498855010039662, 1.303357542226624, 1.2529628808182764, 1.0022366326437324], "coverage_estimated_second_order": [0.8504990784574, 0.8856038416184, 0.8413139254127001, 0.6850737561026, 0.878827114483, 0.7663903134883999, 0.8568755949762001, 0.9211863887126999, 0.5456686155920999, 0.9401181058766002, 0.9781574034420001], "sol": [1.0, 1.0, 0.0, 0.0, 1.0, 0.0, 1.0, 1.0, 0.0, 1.0, 1.0], "coverage": [1.0, 1.0, 0.8994487847222222, 0.7765668402777778, 1.0, 0.8657378472222222, 1.0, 1.0, 0.5498611111111111, 1.0, 1.0], "coverage_estimated_first_order_diff": [0.690758579476088, 0.666892204645974, 1.0720786270033527, 1.065810153826249, 0.44010335398373024, 1.1023843567620268, 0.7312541579580782, 0.49885501003966204, 0.7534964311155128, 0.25296288081827645, 0.002236632643732417], "coverage_estimated_second_order_diff": [-0.14950092154259997, -0.1143961583816, -0.05813485930952211, -0.09149308417517776, -0.121172885517, -0.09934753373382232, -0.14312440502379986, -0.07881361128730013, -0.004192495519011241, -0.05988189412339984, -0.021842596557999916]}