{"coverage_estimated_first_order": [1.0585680864677467, 1.371449428305741, 1.2384132095819589, 1.3376032378698528, 1.0443679590623043, 1.1882019729905982, 1.1473085986259548, 1.3450545523397548, 0.9645131829033382, 1.0160934702786795, 0.6621906066718423], "coverage_estimated_second_order": [0.9571621668060002, 0.6777762704414, 0.5370365719389999, 0.7080992503047001, 0.988245134386, 0.9960115128020001, 0.99762843776, 0.7752280045734, 0.5228753133752, 0.39643283927500006, 1.00400717875455], "sol": [1.0, 0.0, 0.0, 0.0, 1.0, 1.0, 1.0, 0.0, 0.0, 0.0, 1.0], "coverage": [1.0, 0.7090668402777778, 0.5673871527777777, 0.7259505208333333, 1.0, 1.0, 1.0, 0.7643793402777778, 0.5181336805555555, 0.41342881944444443, 1.0], "coverage_estimated_first_order_diff": [0.058568086467746694, 0.6623825880279632, 0.6710260568041811, 0.6116527170365195, 0.044367959062304285, 0.18820197299059815, 0.1473085986259548, 0.580675212061977, 0.4463795023477827, 0.602664650834235, -0.33780939332815774], "coverage_estimated_second_order_diff": [-0.04283783319399981, -0.03129056983637779, -0.03035058083877784, -0.017851270528633223, -0.011754865613999965, -0.003988487197999935, -0.0023715622400000136, 0.010848664295622257, 0.004741632819644459, -0.01699598016944437, 0.004007178754549923]}