{"coverage_estimated_first_order": [0.8171210121117014, 0.8381798698869147, 0.8674454911372853, 0.7542381383940727, 0.837857904884842, 0.5592185813188746, 0.5726879604657332, 0.7898087548170141, 0.5209371162959575, 0.4004893456984392, 0.5171923931001627], "coverage_estimated_second_order": [0.535144944392, 0.578537817398, 0.6510974501219999, 0.48705553505200005, 0.692359920656, 1.03276255086, 1.027646812468, 0.5777514779729, 0.252408575664, 0.9765423461, 0.24707463281950004], "sol": [0.0, 0.0, 0.0, 0.0, 0.0, 1.0, 1.0, 0.0, 0.0, 1.0, 0.0], "coverage": [0.5492578125, 0.5920876736111111, 0.6564756944444444, 0.49149739583333335, 0.6844010416666667, 1.0, 1.0, 0.5609331597222222, 0.2515234375, 1.0, 0.2468142361111111], "coverage_estimated_first_order_diff": [0.26786319961170135, 0.2460921962758036, 0.21096979669284088, 0.26274074256073937, 0.1534568632181753, -0.4407814186811254, -0.4273120395342668, 0.22887559509479183, 0.2694136787959575, -0.5995106543015608, 0.27037815698905165], "coverage_estimated_second_order_diff": [-0.014112868108000054, -0.013549856213111111, -0.005378244322444492, -0.0044418607813332955, 0.00795887898933334, 0.03276255086000002, 0.027646812468000048, 0.01681831825067781, 0.0008851381639999878, -0.023457653899999986, 0.0002603967083889269]}