{"coverage_estimated_first_order": [1.470894110229092, 1.6411418061586844, 1.471097925738055, 1.5942153037550868, 1.4448318435245902, 1.2761201010851213, 1.4547110394221394, 0.8741825523408944, 0.9142059197271153, 1.3491272324980947, 1.3328002230852039, 1.169120773892217, 1.3350315179893926, 1.0059969799961774, 0.8889619248944578], "coverage_estimated_second_order": [0.5113948363149999, 0.5780540840324999, 0.8114810126536001, 0.8034153764968001, 0.8161013983804, 0.47338164380552006, 0.7578353695596, 0.9799139458008, 0.9993849850242, 0.6771206216896, 0.6606059741875999, 0.5064609400993, 0.8347137557964, 0.43732026989725004, 1.0094723212194001], "sol": [0.0, 0.0, 1.0, 1.0, 1.0, 0.0, 0.0, 1.0, 1.0, 0.0, 0.0, 0.0, 1.0, 0.0, 1.0], "coverage": [0.5943012152777778, 0.6862196180555555, 1.0, 1.0, 1.0, 0.5327734375, 0.7712760416666666, 1.0, 1.0, 0.6851475694444444, 0.6651388888888888, 0.5243663194444445, 1.0, 0.4496310763888889, 1.0], "coverage_estimated_first_order_diff": [0.8765928949513142, 0.9549221881031289, 0.471097925738055, 0.5942153037550868, 0.44483184352459015, 0.7433466635851214, 0.6834349977554728, -0.12581744765910563, -0.08579408027288471, 0.6639796630536503, 0.667661334196315, 0.6447544544477725, 0.33503151798939257, 0.5563659036072885, -0.1110380751055422], "coverage_estimated_second_order_diff": [-0.08290637896277786, -0.10816553402305562, -0.18851898734639994, -0.19658462350319994, -0.18389860161960003, -0.05939179369447989, -0.013440672107066676, -0.020086054199199954, -0.0006150149757999657, -0.008026947754844471, -0.004532914701288915, -0.017905379345144468, -0.16528624420360005, -0.012310806491638848, 0.009472321219400115]}