{"coverage_estimated_first_order": [0.0, 0.4172015195625642, 0.30234377702767506, 0.24935286078755986, 0.22660719825986092, 0.12522737435238585, 0.18858367914572774, 0.1414567497109182, 0.13980414089492654, 0.14566914540791964, 0.16027047791483545, 0.13573546767373823, 0.21321971691749947, 0.12070476011187681, 0.15394159521993073], "coverage_estimated_second_order": [0.90051479102, 0.60330498583, 0.38162946705, 0.24592453464, 0.19477021325, 0.010290362505, 0.14106994068, 0.058912497804, 0.014057188978, 0.014700411992, 0.053680784904, 0.017556650194, 0.19618806531, 0.035799183267, 0.067922606128], "sol": [1.0, 0.0, 0.0, 0.0, 0.0, 0.0, 0.0, 0.0, 0.0, 0.0, 0.0, 0.0, 0.0, 0.0, 0.0], "coverage": [1.0, 0.6833246527777778, 0.45483072916666667, 0.30022569444444447, 0.23151475694444446, 0.0, 0.16270399305555555, 0.06971788194444445, 0.004913194444444445, 0.004861111111111111, 0.04806857638888889, 0.009765625, 0.23897569444444444, 0.038524305555555555, 0.06828559027777778], "coverage_estimated_first_order_diff": [-1.0, -0.2661231332152136, -0.1524869521389916, -0.05087283365688461, -0.004907558684583535, 0.12522737435238585, 0.025879686090172188, 0.07173886776647376, 0.1348909464504821, 0.14080803429680852, 0.11220190152594656, 0.12596984267373823, -0.025755977526944973, 0.08218045455632125, 0.08565600494215295], "coverage_estimated_second_order_diff": [-0.09948520898000002, -0.08001966694777773, -0.07320126211666667, -0.05430115980444447, -0.036744543694444465, 0.010290362505, -0.021634052375555546, -0.010805384140444449, 0.009143994533555556, 0.009839300880888888, 0.005612208515111114, 0.007791025194, -0.04278762913444445, -0.002725122288555558, -0.00036298414977778415]}