{"coverage_estimated_first_order": [0.9736862742935148, 0.6295431772741049, 1.0536685510072723, 0.6478830084777429, 0.9751651289512038, 0.7299610519196551, 0.7310321875416484, 0.6293828365849916, 0.7393795135872905, 0.8332605529723083, 0.694972308811684, 0.41628564119074113, 0.925141004704962, 0.359284041735463, 0.6180241979502181], "coverage_estimated_second_order": [0.7484972485208001, 1.0253943156588, 0.7823251486573999, 1.0110627403056, 0.7228561881008, 0.5077773375831, 0.38833174414820004, 0.30229273547659996, 0.4353711839508, 0.5618555146082, 0.3453726771558, 0.9644510559778001, 0.6623063655946, 0.9992225795810199, 0.2737034435506], "sol": [0.0, 1.0, 0.0, 1.0, 0.0, 0.0, 0.0, 0.0, 0.0, 0.0, 0.0, 1.0, 0.0, 1.0, 0.0], "coverage": [0.7302951388888889, 1.0, 0.7723784722222222, 1.0, 0.7269010416666667, 0.52921875, 0.40460069444444446, 0.3151085069444444, 0.456171875, 0.5850911458333333, 0.36312065972222224, 1.0, 0.6592404513888889, 1.0, 0.2892925347222222], "coverage_estimated_first_order_diff": [0.24339113540462598, -0.3704568227258951, 0.2812900787850501, -0.35211699152225706, 0.24826408728453708, 0.20074230191965514, 0.326431493097204, 0.3142743296405472, 0.2832076385872905, 0.24816940713897495, 0.3318516490894618, -0.5837143588092588, 0.2659005533160731, -0.640715958264537, 0.3287316632279959], "coverage_estimated_second_order_diff": [0.018202109631911267, 0.025394315658799904, 0.00994667643517766, 0.01106274030560006, -0.004044853565866702, -0.021441412416900008, -0.016268950296244422, -0.012815771467844461, -0.020800691049200015, -0.02323563122513328, -0.017747982566422238, -0.03554894402219988, 0.0030659142057111177, -0.0007774204189801015, -0.015589091171622216]}