{"coverage_estimated_first_order": [0.4387155476226019, 0.49049515982818703, 0.5782250302549199, 0.3026312000591514, 0.6510450007595154, 0.4064100143893661, 0.35266702769229524, 0.315128865901076, 0.28216971601805396, 0.29373619441427784, 0.285773957988298, 0.271346821854291, 0.27852655627440875, 0.3117393787957025, 0.26618509907870547], "coverage_estimated_second_order": [0.369516238298, 0.44243586497599996, 0.598283194182, 1.01169624598, 0.739376104934, 0.369786363014, 0.173813581595, 0.158276072458, 0.0307279932078, 0.0315992380064, 0.035202981956799995, 0.0300562885116, 1.03281485092, 0.1776921236484, 0.039582488389], "sol": [0.0, 0.0, 0.0, 1.0, 0.0, 0.0, 0.0, 0.0, 0.0, 0.0, 0.0, 0.0, 1.0, 0.0, 0.0], "coverage": [0.3701953125, 0.44667100694444445, 0.5986241319444444, 1.0, 0.7250086805555556, 0.3618532986111111, 0.17374565972222222, 0.15895399305555555, 0.012339409722222222, 0.011805555555555555, 0.014513888888888889, 0.011940104166666667, 1.0, 0.177265625, 0.021336805555555557], "coverage_estimated_first_order_diff": [0.06852023512260191, 0.043824152883742584, -0.020399101689524524, -0.6973687999408487, -0.07396367979604013, 0.044556715778254985, 0.17892136797007302, 0.15617487284552048, 0.2698303062958317, 0.28193063885872227, 0.27126006909940914, 0.2594067176876243, -0.7214734437255912, 0.1344737537957025, 0.2448482935231499], "coverage_estimated_second_order_diff": [-0.000679074201999974, -0.004235141968444489, -0.000340937762444371, 0.011696245980000075, 0.014367424378444404, 0.007933064402888879, 6.792187277776529e-05, -0.0006779205975555591, 0.01838858348557778, 0.019793682450844445, 0.020689093067911106, 0.018116184344933332, 0.032814850919999916, 0.00042649864839999774, 0.01824568283344444]}