{"coverage_estimated_first_order": [1.0052451060478247, 1.0813926662840934, 1.3936574734240958, 0.9115556576818408, 1.1789089288209627, 0.7443959751729575, 0.7024194869138303, 0.999975380959467, 0.9557703154746973, 0.5892528540575794, 0.8525398321890666, 0.8847114366336638, 1.0948504246350617, 0.7020387137470595, 0.7855962620217152], "coverage_estimated_second_order": [0.992793951418, 1.00140064217, 0.8124470504546, 0.975229027288, 0.6886122353942999, 0.32041673872942, 0.966346255141, 0.6681675576796, 0.5818231858174, 0.9643697834972, 0.3765413765562, 0.4893967773772, 0.6119219447363999, 0.30879897548147, 0.32998910453960006], "sol": [1.0, 1.0, 0.0, 1.0, 0.0, 0.0, 1.0, 0.0, 0.0, 1.0, 0.0, 0.0, 0.0, 0.0, 0.0], "coverage": [1.0, 1.0, 0.8177517361111111, 1.0, 0.69875, 0.34283854166666666, 1.0, 0.6748350694444445, 0.6091753472222222, 1.0, 0.3976822916666667, 0.5129644097222222, 0.6198003472222222, 0.3139279513888889, 0.3482204861111111], "coverage_estimated_first_order_diff": [0.005245106047824688, 0.08139266628409336, 0.5759057373129848, -0.08844434231815923, 0.48015892882096267, 0.40155743350629086, -0.29758051308616973, 0.32514031151502254, 0.34659496825247504, -0.41074714594242057, 0.4548575405223999, 0.37174702691144157, 0.47505007741283944, 0.3881107623581706, 0.43737577591060406], "coverage_estimated_second_order_diff": [-0.007206048582000024, 0.0014006421699999105, -0.005304685656511099, -0.024770972712000017, -0.01013776460570004, -0.02242180293724666, -0.03365374485899997, -0.00666751176484448, -0.027352161404822217, -0.03563021650279996, -0.021140915110466674, -0.023567632345022238, -0.007878402485822278, -0.005128975907418898, -0.01823138157151105]}