{"coverage_estimated_first_order": [0.2760011406853, 0.33084877652055195, 0.0, 0.31367698017160733, 0.2629988057470787, 0.18996106851786693, 0.19134013725561544, 0.15154020949462188, 0.1397680695301964, 0.14563935593509128, 0.14527482834926947, 0.1363200560312309, 0.23571980748101837, 0.11676052675660564, 0.13882752750618188], "coverage_estimated_second_order": [0.37329748582, 0.47731357695, 0.86970166561, 0.42976913253, 0.32064607495, 0.17078264406, 0.14498336082, 0.086019262969, 0.013890757351, 0.014560228531, 0.028513190486, 0.018873794188, 0.27201738054, 0.024451528003, 0.041874324577], "sol": [0.0, 0.0, 1.0, 0.0, 0.0, 0.0, 0.0, 0.0, 0.0, 0.0, 0.0, 0.0, 0.0, 0.0, 0.0], "coverage": [0.45483072916666667, 0.5750998263888889, 1.0, 0.5247743055555556, 0.3936328125, 0.19160590277777778, 0.16809461805555556, 0.10204861111111112, 0.004787326388888889, 0.004678819444444445, 0.023038194444444444, 0.011284722222222222, 0.3397309027777778, 0.0253515625, 0.04188368055555555], "coverage_estimated_first_order_diff": [-0.17882958848136665, -0.24425104986833696, -1.0, -0.21109732538394826, -0.1306340067529213, -0.0016448342599108545, 0.023245519200059878, 0.04949159838351076, 0.1349807431413075, 0.14096053649064683, 0.12223663390482503, 0.1250353338090087, -0.10401109529675942, 0.09140896425660563, 0.09694384695062633], "coverage_estimated_second_order_diff": [-0.08153324334666667, -0.09778624943888892, -0.13029833439000005, -0.09500517302555561, -0.07298673754999996, -0.020823258717777793, -0.02311125723555557, -0.016029348142111113, 0.009103430962111112, 0.009881409086555555, 0.005474996041555557, 0.007589071965777778, -0.06771352223777777, -0.0009000344970000011, -9.355978555551647e-06]}