{"coverage_estimated_first_order": [1.4670985729372021, 1.611670156272675, 1.6361577298229255, 1.59635857405621, 1.4647711329581434, 1.3492163899106295, 1.2571398251803414, 1.051857458395256, 1.1584479658726283, 1.2699424937543773, 1.1426152636034903, 0.8232234378947869, 1.6451447547232034, 0.7300339496576557, 1.0414555541879387], "coverage_estimated_second_order": [0.6277511419937001, 0.5841972948257002, 0.545869294951, 0.6249118632650001, 0.6937245201928, 0.6744654607429399, 0.421792150396, 0.31579739608330004, 0.4292890208147001, 0.5550387488356, 0.3644687602144, 0.9517577936499, 0.5226986417836, 0.9720783784712701, 0.3073867676932], "sol": [1.0, 1.0, 1.0, 1.0, 1.0, 0.0, 0.0, 0.0, 0.0, 0.0, 0.0, 1.0, 0.0, 1.0, 0.0], "coverage": [1.0, 1.0, 1.0, 1.0, 1.0, 0.6893098958333334, 0.4594965277777778, 0.341953125, 0.45655815972222225, 0.5854036458333334, 0.39212239583333336, 1.0, 0.7186935763888889, 1.0, 0.32969184027777776], "coverage_estimated_first_order_diff": [0.46709857293720214, 0.611670156272675, 0.6361577298229255, 0.5963585740562101, 0.46477113295814343, 0.6599064940772962, 0.7976432974025636, 0.7099043333952559, 0.7018898061504061, 0.6845388479210439, 0.750492867770157, -0.1767765621052131, 0.9264511783343146, -0.26996605034234433, 0.7117637139101609], "coverage_estimated_second_order_diff": [-0.3722488580062999, -0.41580270517429985, -0.454130705049, -0.37508813673499986, -0.30627547980720005, -0.01484443509039346, -0.03770437738177779, -0.026155728916699983, -0.02726913890752214, -0.03036489699773337, -0.02765363561893336, -0.048242206350100014, -0.19599493460528883, -0.0279216215287299, -0.022305072584577756]}