{"coverage_estimated_first_order": [1.678058917719832, 1.411882007194631, 1.5208795288511365, 1.8600988285035787, 1.301812884094338, 1.1732349115889993, 1.1302262041780855, 1.3655295602272461, 1.125383319263326, 1.2123352326931023, 1.3636378814613312, 0.9713411708072291, 1.2762430056416045, 0.9124000746616289, 0.9287549525530647], "coverage_estimated_second_order": [0.7029689650483, 0.8720086058197, 0.8634686109109999, 0.7880682059282, 0.9102346991604998, 0.51693449794462, 0.9738837761219001, 0.7058151060980999, 0.35368756237160004, 0.4319711535284, 0.6822390877168001, 1.0042131477629, 0.9049081208062002, 0.24761819797485002, 0.9826982270912], "sol": [0.0, 1.0, 1.0, 0.0, 1.0, 0.0, 1.0, 0.0, 0.0, 0.0, 0.0, 1.0, 1.0, 0.0, 1.0], "coverage": [0.7845138888888888, 1.0, 1.0, 0.8809895833333333, 1.0, 0.524609375, 1.0, 0.7098697916666666, 0.36102430555555554, 0.4382508680555556, 0.6890842013888889, 1.0, 1.0, 0.24172743055555557, 1.0], "coverage_estimated_first_order_diff": [0.8935450288309431, 0.411882007194631, 0.5208795288511365, 0.9791092451702453, 0.30181288409433793, 0.6486255365889992, 0.1302262041780855, 0.6556597685605795, 0.7643590137077705, 0.7740843646375467, 0.6745536800724423, -0.02865882919277085, 0.27624300564160453, 0.6706726441060733, -0.07124504744693527], "coverage_estimated_second_order_diff": [-0.08154492384058887, -0.12799139418030003, -0.1365313890890001, -0.09292137740513329, -0.08976530083950018, -0.007674877055380058, -0.026116223878099865, -0.004054685568566696, -0.007336743183955496, -0.006279714527155589, -0.006845113672088843, 0.004213147762899938, -0.0950918791937998, 0.0058907674192944515, -0.017301772908799973]}