{"coverage_estimated_first_order": [1.2749373202761536, 1.8423651914873247, 1.5324850185915602, 1.5495290944968216, 1.4138801546757855, 1.3415294329531826, 0.989218133191182, 1.235399792862071, 0.9510042632103348, 1.4001851548931143, 1.1625055480169508, 1.1034512132556238, 1.6297448253796765, 0.820075159444069, 1.0675198016406506], "coverage_estimated_second_order": [0.8624102621248, 0.7497158641916999, 0.8222368382978001, 0.8417089044576002, 0.8743854367009001, 0.6870273628402201, 0.9579883205572001, 0.6137793441051002, 0.9804534171439999, 0.6896586117413999, 0.4179583533554999, 0.39107594116699995, 0.7151252678694999, 1.01782904708286, 0.3629971427058001], "sol": [1.0, 0.0, 1.0, 1.0, 1.0, 0.0, 1.0, 0.0, 1.0, 0.0, 0.0, 0.0, 0.0, 1.0, 0.0], "coverage": [1.0, 0.8681727430555556, 1.0, 1.0, 1.0, 0.68765625, 1.0, 0.6380815972222222, 1.0, 0.7008333333333333, 0.4572395833333333, 0.42322482638888886, 0.7872395833333333, 1.0, 0.39417534722222225], "coverage_estimated_first_order_diff": [0.2749373202761536, 0.9741924484317691, 0.5324850185915602, 0.5495290944968216, 0.41388015467578554, 0.6538731829531826, -0.010781866808817986, 0.5973181956398488, -0.04899573678966518, 0.699351821559781, 0.7052659646836175, 0.6802263868667349, 0.8425052420463431, -0.17992484055593105, 0.6733444544184284], "coverage_estimated_second_order_diff": [-0.1375897378752, -0.1184568788638557, -0.17776316170219986, -0.15829109554239984, -0.12561456329909992, -0.0006288871597798229, -0.04201167944279993, -0.024302253117122086, -0.019546582856000083, -0.011174721591933445, -0.0392812299778334, -0.03214888522188891, -0.0721143154638334, 0.017829047082859928, -0.03117820451642217]}