{"coverage_estimated_first_order": [0.3954789657504739, 0.43011086581059343, 0.48061161256717105, 0.5825859798453454, 0.19984370903539467, 0.540086720572194, 0.2943135977217639, 0.2607984629323543, 0.3899240717000961, 0.4104174680454318, 0.2842910235407119, 0.2797524011764221, 0.5242464746322577, 0.13328462105371025, 0.2616514216378592], "coverage_estimated_second_order": [0.2477820947626, 0.2826036262444, 0.3750384805202, 0.597337762771, 0.924191856685, 0.587433002366, 0.035801121829, 0.0304017174422, 0.2425330332726, 0.258182176045, 0.028493557255800002, 0.041816852827, 0.503647342356, 0.99278562522, 0.026083876133999997], "sol": [0.0, 0.0, 0.0, 0.0, 1.0, 0.0, 0.0, 0.0, 0.0, 0.0, 0.0, 0.0, 0.0, 1.0, 0.0], "coverage": [0.2700390625, 0.3119357638888889, 0.418984375, 0.6607552083333333, 1.0, 0.6132378472222222, 0.009283854166666666, 0.009848090277777779, 0.23120225694444443, 0.24581597222222223, 0.0006597222222222222, 0.01884548611111111, 0.5510026041666667, 1.0, 0.0016536458333333334], "coverage_estimated_first_order_diff": [0.12543990325047394, 0.11817510192170455, 0.061627237567171034, -0.07816922848798791, -0.8001562909646054, -0.07315112665002821, 0.28502974355509725, 0.25095037265457654, 0.15872181475565164, 0.16460149582320954, 0.2836313013184897, 0.260906915065311, -0.02675612953440898, -0.8667153789462898, 0.2599977758045259], "coverage_estimated_second_order_diff": [-0.02225696773739999, -0.029332137644488887, -0.04394589447980002, -0.06341744556233331, -0.07580814331499997, -0.025804844856222142, 0.02651726766233333, 0.020553627164422224, 0.011330776328155573, 0.012366203822777755, 0.02783383503357778, 0.022971366715888886, -0.04735526181066674, -0.007214374779999977, 0.024430230300666662]}