{"coverage_estimated_first_order": [0.17999267782074282, 0.6284028607065344, 0.5187625509744986, 0.4546918838080666, 0.40381682927588364, 0.25045474870477485, 0.614374958314206, 0.1414567497109182, 0.2801694607474282, 0.31156194461876385, 0.33105978830171895, 0.3395363056185372, 0.42393844610017883, 0.233198440869122, 0.30365609590035086], "coverage_estimated_second_order": [0.936655966025, 0.685595939458, 0.460811558574, 0.30207202860500004, 0.2152534654352, 0.018894700748339998, 0.6879710592500001, 0.980612308966, 0.027576983910799997, 0.0737645362032, 0.143794185581, 0.18364016303300001, 0.3133790043978, 0.044748355000809995, 0.123331739454], "sol": [1.0, 0.0, 0.0, 0.0, 0.0, 0.0, 0.0, 1.0, 0.0, 0.0, 0.0, 0.0, 0.0, 0.0, 0.0], "coverage": [1.0, 0.7370095486111111, 0.5031076388888889, 0.3294184027777778, 0.23316840277777778, 0.0, 0.7115755208333333, 1.0, 0.010069444444444445, 0.060672743055555554, 0.13907552083333333, 0.1819704861111111, 0.3466579861111111, 0.044830729166666666, 0.11395399305555555], "coverage_estimated_first_order_diff": [-0.8200073221792572, -0.10860668790457673, 0.015654912085609762, 0.1252734810302888, 0.17064842649810585, 0.25045474870477485, -0.09720056251912734, -0.8585432502890817, 0.27010001630298375, 0.2508892015632083, 0.19198426746838562, 0.1575658195074261, 0.07728045998906774, 0.18836771170245534, 0.18970210284479533], "coverage_estimated_second_order_diff": [-0.06334403397499999, -0.051413609153111106, -0.04229608031488885, -0.027346374172777743, -0.01791493734257779, 0.018894700748339998, -0.02360446158333318, -0.019387691033999954, 0.017507539466355554, 0.01309179314764445, 0.004718664747666662, 0.0016696769218889074, -0.03327898171331112, -8.237416585667179e-05, 0.00937774639844445]}