{"coverage_estimated_first_order": [1.1363916324964733, 0.8021375622257647, 1.25396041685694, 1.2474742516716453, 1.2174624914712855, 0.5539795735980217, 0.8655258903930125, 0.7659533120688984, 1.060972917068344, 0.6627299015379179, 0.6513466051246823, 0.9285597234427411, 0.7763595783176975, 0.8804618209187423, 0.9148213446968964], "coverage_estimated_second_order": [0.7304448693694, 1.0004280388665998, 0.7806277592446, 0.7737074689173999, 0.7931276994890001, 1.01264446129774, 0.3678508321878, 0.3098888568325, 0.7250923862776999, 1.0178216928797998, 1.0194348151838, 0.5451419629059999, 1.0413261150358, 0.60627791219944, 0.5510225932666], "sol": [0.0, 1.0, 0.0, 0.0, 0.0, 1.0, 0.0, 0.0, 0.0, 1.0, 1.0, 0.0, 1.0, 0.0, 0.0], "coverage": [0.7300607638888889, 1.0, 0.7774175347222222, 0.7651345486111111, 0.7799565972222222, 1.0, 0.38201822916666667, 0.3174739583333333, 0.7115321180555556, 1.0, 1.0, 0.5379383680555555, 1.0, 0.6098133680555555, 0.5426909722222222], "coverage_estimated_first_order_diff": [0.4063308686075845, -0.1978624377742353, 0.47654288213471785, 0.4823397030605342, 0.4375058942490633, -0.44602042640197825, 0.48350766122634586, 0.4484793537355651, 0.34944079901278835, -0.3372700984620821, -0.34865339487531766, 0.39062135538718556, -0.22364042168230247, 0.27064845286318673, 0.3721303724746742], "coverage_estimated_second_order_diff": [0.00038410548051115434, 0.0004280388665998114, 0.003210224522377847, 0.008572920306288867, 0.013171102266777868, 0.012644461297740106, -0.014167396978866653, -0.007585101500833302, 0.01356026822214429, 0.017821692879799844, 0.01943481518379997, 0.007203594850444417, 0.04132611503579997, -0.003535455856115477, 0.00833162104437779]}