{"coverage_estimated_first_order": [1.2273399010147983, 1.3895374192704881, 1.1601501184814622, 1.1146297463549764, 1.3414280813975392, 0.9266700867333808, 1.085153094556698, 0.982721174580273, 0.9563017642066038, 1.0099913406506074, 1.1089156285353887, 1.1583275165370992, 1.273329564559693, 0.9084801632223466, 0.9848779317170241], "coverage_estimated_second_order": [0.5455954986846, 0.6810774764286, 1.0176121839806, 1.0058721290484, 0.6815881075996001, 0.39092900664234, 0.9976237412208001, 0.9999399102138001, 1.0431155993092, 1.0452262690932002, 0.5025102310303999, 0.5965686148446001, 0.610357749608, 0.37327903954334, 0.40967598144660006], "sol": [0.0, 0.0, 1.0, 1.0, 0.0, 0.0, 1.0, 1.0, 1.0, 1.0, 0.0, 0.0, 0.0, 0.0, 0.0], "coverage": [0.5433637152777778, 0.6685850694444444, 1.0, 1.0, 0.6664800347222222, 0.3900868055555556, 1.0, 1.0, 1.0, 1.0, 0.4871918402777778, 0.5692317708333333, 0.5997309027777777, 0.35528645833333333, 0.39684027777777775], "coverage_estimated_first_order_diff": [0.6839761857370205, 0.7209523498260437, 0.1601501184814622, 0.11462974635497636, 0.674948046675317, 0.5365832811778253, 0.08515309455669806, -0.01727882541972703, -0.043698235793396156, 0.009991340650607361, 0.621723788257611, 0.5890957457037659, 0.6735986617819152, 0.5531937048890132, 0.5880376539392463], "coverage_estimated_second_order_diff": [0.0022317834068221742, 0.012492406984155546, 0.01761218398060005, 0.0058721290484000654, 0.01510807287737792, 0.0008422010867843999, -0.0023762587791998913, -6.008978619986838e-05, 0.04311559930920006, 0.045226269093200155, 0.015318390752622146, 0.027336844011266792, 0.010626846830222303, 0.017992581210006686, 0.012835703668822307]}