{"coverage_estimated_first_order": [0.6529673100645427, 0.7149845576246321, 0.8354674040728209, 0.5976422587241051, 0.5476412386324647, 0.6650937902790687, 0.3127990693020845, 0.6811557207469283, 0.4210042229453305, 0.4432950336260981, 0.4676777125623245, 0.4816246280575077, 0.757119203777019, 0.36144816957661813, 0.4401889266707446], "coverage_estimated_second_order": [0.47094814003759994, 0.537518286441, 0.700957161203, 1.0829830860138001, 1.0805228261174, 0.5235570682616, 0.9722574317320001, 0.604144187328, 0.0395076107656, 0.0553604668706, 0.14247708157300001, 0.1993700225584, 0.633042288623, 0.07813005246894, 0.14332815896], "sol": [0.0, 0.0, 0.0, 1.0, 1.0, 0.0, 1.0, 0.0, 0.0, 0.0, 0.0, 0.0, 0.0, 0.0, 0.0], "coverage": [0.45938368055555556, 0.5234418402777777, 0.6638368055555556, 1.0, 1.0, 0.480859375, 1.0, 0.6213411458333333, 0.015251736111111112, 0.03362413194444445, 0.13016059027777777, 0.1895703125, 0.5987717013888889, 0.07225260416666666, 0.12997395833333333], "coverage_estimated_first_order_diff": [0.1935836295089871, 0.19154271734685435, 0.17163059851726536, -0.40235774127589485, -0.4523587613675353, 0.1842344152790687, -0.6872009306979154, 0.05981457491359499, 0.4057524868342194, 0.40967090168165365, 0.3375171222845467, 0.2920543155575077, 0.1583475023881301, 0.28919556540995145, 0.31021496833741125], "coverage_estimated_second_order_diff": [0.011564459482044376, 0.014076446163222234, 0.037120355647444425, 0.08298308601380011, 0.08052282611740003, 0.0426976932616, -0.027742568267999923, -0.017196958505333315, 0.024255874654488887, 0.02173633492615555, 0.012316491295222248, 0.009799710058399996, 0.03427058723411114, 0.005877448302273339, 0.013354200626666674]}