{"coverage_estimated_first_order": [1.401547386436615, 1.1320421522809414, 1.2344165319765446, 1.4751824484955645, 1.4001120411257217, 0.8093499739839528, 0.8280076989752518, 1.107964335903906, 0.811358940256669, 1.2546782146713171, 1.0055277971236964, 0.967640791997805, 1.3050303296606056, 0.7945816747102896, 0.9179756636341132], "coverage_estimated_second_order": [0.7487759460314, 1.020706743805, 1.0268528562359998, 0.789402793337, 0.7725348444577, 1.0001793147359401, 0.9807286920766001, 0.6309693044514001, 0.9871482227616, 0.6961464775326, 0.4031321983459, 0.39643732662959996, 0.6939236629714001, 1.02334051571223, 0.346603423951], "sol": [0.0, 1.0, 1.0, 0.0, 0.0, 1.0, 1.0, 0.0, 1.0, 0.0, 0.0, 0.0, 0.0, 1.0, 0.0], "coverage": [0.7326736111111111, 1.0, 1.0, 0.7799435763888889, 0.7649435763888889, 1.0, 1.0, 0.6405815972222222, 1.0, 0.7008159722222222, 0.4350390625, 0.4231901041666667, 0.6892447916666666, 1.0, 0.37081597222222223], "coverage_estimated_first_order_diff": [0.668873775325504, 0.1320421522809414, 0.23441653197654455, 0.6952388721066756, 0.6351684647368329, -0.1906500260160472, -0.17199230102474816, 0.4673827386816838, -0.188641059743331, 0.5538622424490949, 0.5704887346236964, 0.5444506878311383, 0.615785537993939, -0.20541832528971038, 0.547159691411891], "coverage_estimated_second_order_diff": [0.016102334920288897, 0.020706743804999928, 0.026852856235999756, 0.009459216948111138, 0.007591268068811163, 0.00017931473594012814, -0.019271307923399927, -0.009612292770822095, -0.01285177723840003, -0.0046694946896223, -0.031906864154100045, -0.02675277753706673, 0.004678871304733434, 0.023340515712229948, -0.024212548271222212]}