{"coverage_estimated_first_order": [0.5713408933802697, 0.6290567284541732, 0.7107126170714462, 0.3888569948135495, 0.7472938400235536, 0.5970467206098192, 0.4631104955524894, 0.40406937088668293, 0.39006681165448553, 0.8110815292005026, 0.5324968208214464, 0.4855162947918849, 0.7022126534785482, 0.33695807361120367, 0.46905562241930476], "coverage_estimated_second_order": [0.304347731327, 0.354799913517, 0.4917239808326, 0.9127468585798, 0.6302670368298, 0.49326270910430003, 0.1082802037482, 0.07921494803979999, 0.9899531756403999, 0.6824560663756, 0.2985323211851, 0.2355855986422, 0.5468667186912001, 1.0183098728624, 0.2383538511388], "sol": [0.0, 0.0, 0.0, 1.0, 0.0, 0.0, 0.0, 0.0, 1.0, 0.0, 0.0, 0.0, 0.0, 1.0, 0.0], "coverage": [0.34010416666666665, 0.39598090277777775, 0.5512065972222222, 1.0, 0.6997439236111112, 0.5233376736111112, 0.09650607638888889, 0.06959635416666667, 1.0, 0.6798220486111111, 0.31570746527777777, 0.24815104166666666, 0.5965885416666666, 1.0, 0.2546571180555556], "coverage_estimated_first_order_diff": [0.23123672671360307, 0.2330758256763954, 0.15950601984922397, -0.6111430051864505, 0.04754991641244244, 0.07370904699870806, 0.36660441916360054, 0.3344730167200163, -0.6099331883455145, 0.13125948058939152, 0.21678935554366868, 0.23736525312521825, 0.10562411181188158, -0.6630419263887963, 0.2143985043637492], "coverage_estimated_second_order_diff": [-0.03575643533966666, -0.041180989260777734, -0.05948261638962221, -0.08725314142020002, -0.06947688678131114, -0.03007496450681113, 0.011774127359311104, 0.009618593873133324, -0.010046824359600137, 0.002634017764488905, -0.017175144092677785, -0.01256544302446666, -0.04972182297546657, 0.018309872862400045, -0.01630326691675557]}