{"coverage_estimated_first_order": [0.9598657600146087, 1.042867616753467, 1.2940374677905375, 1.1168946807023477, 0.985457631849813, 0.6338238287193886, 0.9615955180175735, 0.8571531229823867, 0.9564966535125947, 0.6096457439919266, 0.8801148509450252, 0.9527670412797247, 1.0270425975433322, 0.6987360238920695, 0.800816892526624], "coverage_estimated_second_order": [0.9963820787951, 0.9822292140017999, 0.6820676736313, 0.4690564602380001, 0.3461240332597, 0.057669898510039994, 0.9784069880624001, 1.0015144669840002, 0.5816210605568, 0.9641067345575999, 0.397263105859, 0.5403758595456, 0.45080901091759995, 0.29395613273143, 0.3375120902784], "sol": [1.0, 1.0, 0.0, 0.0, 0.0, 0.0, 1.0, 1.0, 0.0, 1.0, 0.0, 0.0, 0.0, 0.0, 0.0], "coverage": [1.0, 1.0, 0.6608897569444444, 0.43502604166666664, 0.31279947916666667, 0.03509548611111111, 1.0, 1.0, 0.6092100694444444, 1.0, 0.4124435763888889, 0.5428298611111111, 0.40901475694444445, 0.29532118055555556, 0.3547092013888889], "coverage_estimated_first_order_diff": [-0.04013423998539134, 0.04286761675346695, 0.6331477108460931, 0.681868639035681, 0.6726581526831463, 0.5987283426082775, -0.03840448198242652, -0.14284687701761334, 0.3472865840681503, -0.3903542560080734, 0.4676712745561363, 0.4099371801686136, 0.6180278405988877, 0.4034148433365139, 0.44610769113773513], "coverage_estimated_second_order_diff": [-0.00361792120490001, -0.017770785998200145, 0.021177916686855647, 0.03403041857133343, 0.03332455409303331, 0.022574412398928885, -0.021593011937599882, 0.0015144669840001512, -0.027589008887644484, -0.035893265442400124, -0.015180470529888912, -0.0024540015655111214, 0.041794253973155504, -0.0013650478241255537, -0.017197111110488883]}