{"coverage_estimated_first_order": [1.1830624253047486, 1.2531598085106281, 1.5548829856690978, 1.4897082951544298, 0.9850372038347769, 0.9378907238401101, 0.8635734094942961, 1.1247294002564794, 0.8054549292915425, 1.2131220380362318, 0.8783300716762521, 1.0780283234495842, 1.2554911143029297, 0.8211138045054958, 1.1324404518610574], "coverage_estimated_second_order": [0.9820360697544, 0.9858406625067999, 0.78579545108, 0.7892846607583002, 0.9639864657142, 0.43533329402284004, 0.9729935173372, 0.6540167346898, 1.0129344684341002, 0.6809584472647998, 1.0250540725364, 0.5620679903988, 0.5975400077836999, 0.32936523590153, 0.6425862741788], "sol": [1.0, 1.0, 0.0, 0.0, 1.0, 0.0, 1.0, 0.0, 1.0, 0.0, 1.0, 0.0, 0.0, 0.0, 0.0], "coverage": [1.0, 1.0, 0.7950564236111111, 0.8165711805555556, 1.0, 0.4630989583333333, 1.0, 0.6565017361111111, 1.0, 0.6699652777777778, 1.0, 0.5557682291666667, 0.6225868055555556, 0.33950086805555557, 0.62953125], "coverage_estimated_first_order_diff": [0.1830624253047486, 0.25315980851062814, 0.7598265620579867, 0.6731371145988743, -0.014962796165223113, 0.47479176550677676, -0.13642659050570394, 0.4682276641453683, -0.1945450707084575, 0.5431567602584539, -0.1216699283237479, 0.5222600942829175, 0.6329043087473741, 0.4816129364499402, 0.5029092018610574], "coverage_estimated_second_order_diff": [-0.017963930245599946, -0.014159337493200086, -0.009260972531111022, -0.027286519797255382, -0.03601353428580001, -0.027765664310493265, -0.027006482662800035, -0.0024850014213110283, 0.012934468434100177, 0.010993169487022003, 0.025054072536399907, 0.006299761232133272, -0.0250467977718557, -0.010135632154025576, 0.013055024178800001]}