{"coverage_estimated_first_order": [0.6144001764286753, 0.6631739440542564, 0.7035705664154609, 0.7102333704609738, 0.6341535864186223, 0.421065242288186, 0.3764150826926214, 0.7292719098476182, 0.49680630594011, 0.49860582222951594, 0.6667007624166119, 0.5644685620622641, 0.3760267731228437, 0.4188672557280852, 0.3067240518868193], "coverage_estimated_second_order": [0.38804216481139997, 0.42324223702880004, 0.45159085274960004, 0.4597078362986, 0.36822813770159996, 0.15886771121794, 1.0028668829582, 0.6440597932105999, 0.2360684475952, 0.21004738920079996, 0.5429670171630001, 0.387162119357, 0.948253810014, 0.17830617494324003, 0.9856174820314001], "sol": [0.0, 0.0, 0.0, 0.0, 0.0, 0.0, 1.0, 0.0, 0.0, 0.0, 0.0, 0.0, 1.0, 0.0, 1.0], "coverage": [0.420234375, 0.4552126736111111, 0.4841796875, 0.4986979166666667, 0.4040234375, 0.17210503472222222, 1.0, 0.6416015625, 0.25332465277777777, 0.22697916666666668, 0.5683420138888889, 0.40728732638888887, 1.0, 0.1810546875, 1.0], "coverage_estimated_first_order_diff": [0.1941658014286753, 0.20796127044314533, 0.21939087891546089, 0.2115354537943071, 0.23013014891862227, 0.24896020756596376, -0.6235849173073786, 0.08767034734761825, 0.24348165316233222, 0.27162665556284926, 0.09835874852772297, 0.15718123567337527, -0.6239732268771563, 0.2378125682280852, -0.6932759481131807], "coverage_estimated_second_order_diff": [-0.03219221018860002, -0.03197043658231108, -0.032588834750399975, -0.03899008036806667, -0.03579529979840007, -0.013237323504282222, 0.0028668829581999233, 0.002458230710599918, -0.017256205182577783, -0.016931777465866715, -0.025374996725888832, -0.02012520703188886, -0.051746189986, -0.00274851255675998, -0.014382517968599906]}