{"coverage_estimated_first_order": [0.9518840559694495, 1.059175091569868, 1.1613160738436346, 0.8016729865286395, 1.0784292756504605, 0.736709018215514, 0.9675550486514037, 0.8992304520390892, 1.0260485968533475, 0.7408688940247021, 0.9796092695238507, 0.8171065271900669, 1.0352945802919158, 0.690775903664345, 0.8561276523528508], "coverage_estimated_second_order": [0.4044199086161, 0.4889947046498, 0.6190013161971, 0.9186557829082, 0.5904903118106002, 0.30760020651633996, 0.9662655647292001, 0.9601412260534, 0.6452438058329999, 0.991166599064, 0.5091037796586001, 0.9698931631828, 0.5236469025962, 0.28481399116493, 0.43919138050240003], "sol": [0.0, 0.0, 0.0, 1.0, 0.0, 0.0, 1.0, 1.0, 0.0, 1.0, 0.0, 1.0, 0.0, 0.0, 0.0], "coverage": [0.4328168402777778, 0.5208072916666666, 0.6689626736111111, 1.0, 0.6555598958333333, 0.33695746527777776, 1.0, 1.0, 0.6348697916666667, 1.0, 0.5106857638888889, 1.0, 0.5567534722222223, 0.2878776041666667, 0.42993055555555554], "coverage_estimated_first_order_diff": [0.5190672156916717, 0.5383677999032015, 0.4923534002325235, -0.1983270134713605, 0.42286937981712724, 0.3997515529377363, -0.03244495134859626, -0.10076954796091075, 0.3911788051866808, -0.25913110597529787, 0.4689235056349619, -0.18289347280993307, 0.4785411080696935, 0.40289829949767836, 0.4261970967972953], "coverage_estimated_second_order_diff": [-0.028396931661677782, -0.03181258701686662, -0.04996135741401109, -0.08134421709179995, -0.0650695840227331, -0.0293572587614378, -0.03373443527079989, -0.03985877394659998, 0.010374014166333212, -0.008833400936000046, -0.0015819842302887688, -0.030106836817199945, -0.03310656962602232, -0.003063613001736687, 0.009260824946844493]}