{"coverage_estimated_first_order": [0.3954789657504739, 0.8473123853731576, 0.7829553895948461, 0.8319388406329054, 0.4264509072952556, 0.6653140949245798, 0.4828972768674916, 0.4022552126432726, 0.5297282125950227, 0.5560866134533514, 0.4445615014555474, 0.41548786885016026, 0.7374661915497572, 0.25398938116558706, 0.41559301685778993], "coverage_estimated_second_order": [0.9989440063746, 0.7674424908504, 0.6529347587202, 0.7408592984060001, 0.9944615507037999, 0.5899574979054001, 0.1655832404816, 0.0813744039818, 0.25132298436620004, 0.2673821316472, 0.075767776892, 0.0543590756386, 0.610278299934, 1.00380186779441, 0.087553966905], "sol": [1.0, 0.0, 0.0, 0.0, 1.0, 0.0, 0.0, 0.0, 0.0, 0.0, 0.0, 0.0, 0.0, 1.0, 0.0], "coverage": [1.0, 0.7720008680555556, 0.6752430555555555, 0.764375, 1.0, 0.6132378472222222, 0.16971788194444445, 0.07767795138888889, 0.23565104166666667, 0.25017361111111114, 0.04869357638888889, 0.028489583333333332, 0.6092491319444444, 1.0, 0.06975260416666666], "coverage_estimated_first_order_diff": [-0.6045210342495261, 0.075311517317602, 0.10771233403929059, 0.06756384063290533, -0.5735490927047444, 0.052076247702357636, 0.31317939492304714, 0.3245772612543837, 0.294077170928356, 0.3059130023422403, 0.3958679250666585, 0.3869982855168269, 0.12821705960531282, -0.7460106188344129, 0.34584041269112326], "coverage_estimated_second_order_diff": [-0.0010559936253999869, -0.004558377205155617, -0.022308296835355512, -0.02351570159399996, -0.005538449296200065, -0.023280349316822102, -0.004134641462844452, 0.003696452592911112, 0.01567194269953337, 0.017208520536088845, 0.027074200503111108, 0.025869492305266667, 0.0010291679895555461, 0.003801867794410052, 0.01780136273833334]}