{"coverage_estimated_first_order": [1.3241910955052933, 0.9957987143272782, 1.4785457594586962, 1.5308805154807401, 1.1369221277343373, 0.9234558005868077, 1.0469567773723683, 0.8932049775608225, 1.0911395879592642, 1.1764553747551187, 1.1777286378917022, 0.7681748056371742, 1.2990295003696224, 0.7083519279292712, 0.7448547947979228], "coverage_estimated_second_order": [0.7548686060893, 0.9897869706207999, 0.8037659741164, 0.8273590588842001, 1.0274364032574, 1.01701513999254, 0.4217411163084, 0.3101131642972, 0.5671376759912, 0.6504457659574, 0.6521540761946, 1.0023429484526, 0.6667965392842, 0.98363066630357, 1.009503081796], "sol": [0.0, 1.0, 0.0, 0.0, 1.0, 1.0, 0.0, 0.0, 0.0, 0.0, 0.0, 1.0, 0.0, 1.0, 1.0], "coverage": [0.7629036458333334, 1.0, 0.8094270833333334, 0.8063541666666667, 1.0, 1.0, 0.44155381944444444, 0.32875868055555557, 0.5798394097222223, 0.6626432291666666, 0.6530729166666667, 1.0, 0.6578385416666667, 1.0, 1.0], "coverage_estimated_first_order_diff": [0.56128744967196, -0.004201285672721822, 0.6691186761253628, 0.7245263488140734, 0.13692212773433732, -0.07654419941319235, 0.6054029579279239, 0.5644462970052669, 0.511300178237042, 0.5138121455884521, 0.5246557212250356, -0.23182519436282578, 0.6411909587029557, -0.29164807207072885, -0.2551452052020772], "coverage_estimated_second_order_diff": [-0.008035039744033412, -0.0102130293792001, -0.005661109216933302, 0.021004892217533433, 0.027436403257399933, 0.017015139992540007, -0.01981270313604444, -0.018645516258355588, -0.012701733731022236, -0.012197463209266624, -0.0009188404720666954, 0.00234294845260008, 0.008957997617533353, -0.01636933369643001, 0.009503081796000012]}