{"coverage_estimated_first_order": [0.5962372260825375, 0.6521514226846516, 0.7345586465636671, 0.400744659317524, 0.7246597620041816, 0.48625426951073597, 0.7827698302982744, 0.2909317597355795, 0.49241087413325446, 0.5093405606685333, 0.6557789256733493, 0.5574159229905552, 0.6577436366970452, 0.3388471210034259, 0.2842083708559315], "coverage_estimated_second_order": [0.35596810181, 0.4118950712717, 0.5521121347860001, 0.921837555887, 0.5854917885008001, 0.30632435265654, 0.6983342343306, 0.9889453992238001, 0.2264412300444, 0.2309156691846, 0.531938185372, 0.3869257014248, 0.48520826322140004, 0.03356311218431, 0.9744727159670001], "sol": [0.0, 0.0, 0.0, 1.0, 0.0, 0.0, 0.0, 1.0, 0.0, 0.0, 0.0, 0.0, 0.0, 0.0, 1.0], "coverage": [0.38915364583333334, 0.45549913194444447, 0.6137673611111111, 1.0, 0.6555598958333333, 0.33695746527777776, 0.7068532986111111, 1.0, 0.24358506944444444, 0.24944010416666668, 0.5610633680555556, 0.4118706597222222, 0.5382248263888889, 0.02861979166666667, 1.0], "coverage_estimated_first_order_diff": [0.20708358024920415, 0.19665229074020718, 0.12079128545255602, -0.599255340682476, 0.06909986617084829, 0.1492968042329582, 0.07591653168716328, -0.7090682402644205, 0.24882580468881002, 0.2599004565018666, 0.09471555761779371, 0.145545263268333, 0.11951881030815625, 0.3102273293367592, -0.7157916291440685], "coverage_estimated_second_order_diff": [-0.033185544023333347, -0.04360406067274447, -0.061655226325111, -0.078162444113, -0.07006810733253321, -0.030633112621237746, -0.00851906428051108, -0.011054600776199908, -0.017143839400044436, -0.018524434982066684, -0.029125182683555573, -0.024944958297422215, -0.05301656316748887, 0.0049433205176433286, -0.025527284032999864]}