{"coverage_estimated_first_order": [1.0544992748567934, 0.8231272819023956, 0.8165835603743575, 0.9727955951620062, 1.1058355158817685, 0.6884034139589182, 0.9777808074518238, 0.47654967278537175, 0.8672579084280193, 0.8196336112652838], "coverage_estimated_second_order": [0.7548693206500001, 1.0291520583839997, 1.038076619386, 0.679945010032, 0.8083554401640001, 0.9999212555560001, 0.5947076061601, 1.00075737479996, 0.69062585246962, 0.37492059220810003], "sol": [0.0, 1.0, 1.0, 0.0, 0.0, 1.0, 0.0, 1.0, 0.0, 0.0], "coverage": [0.7407248263888889, 1.0, 1.0, 0.6558333333333334, 0.8053385416666666, 1.0, 0.6048220486111111, 1.0, 0.6847005208333333, 0.38546440972222223], "coverage_estimated_first_order_diff": [0.3137744484679045, -0.1768727180976044, -0.18341643962564247, 0.3169622618286728, 0.3004969742151019, -0.31159658604108176, 0.3729587588407127, -0.5234503272146283, 0.18255738759468598, 0.43416920154306154], "coverage_estimated_second_order_diff": [0.014144494261111196, 0.0291520583839997, 0.038076619386000043, 0.02411167669866665, 0.0030168984973334423, -7.874444399991187e-05, -0.010114442451011119, 0.0007573747999600755, 0.005925331636286724, -0.0105438175141222]}