{"coverage_estimated_first_order": [0.7631613396770558, 0.8469924270977754, 0.5769620934757023, 0.5106618450452584, 0.8567395080263817, 0.4674582621470315, 0.761704005079479, 0.4774188118885355, 0.46969810427225767, 0.6143607674073459], "coverage_estimated_second_order": [0.548172800126, 0.708496677696, 0.981852816678, 1.002578012224, 0.759634307948, 0.964563950635, 0.575746521452, 0.02102277478328, 0.011930116644930003, 0.30338293536780003], "sol": [0.0, 0.0, 1.0, 1.0, 0.0, 1.0, 0.0, 0.0, 0.0, 0.0], "coverage": [0.5752994791666667, 0.7272092013888889, 1.0, 1.0, 0.7939626736111111, 1.0, 0.6026996527777778, 0.02133246527777778, 0.01259982638888889, 0.3283767361111111], "coverage_estimated_first_order_diff": [0.1878618605103891, 0.11978322570888655, -0.42303790652429774, -0.48933815495474164, 0.0627768344152706, -0.5325417378529684, 0.15900435230170118, 0.45608634661075775, 0.45709827788336876, 0.2859840312962348], "coverage_estimated_second_order_diff": [-0.02712667904066668, -0.018712523692888894, -0.01814718332200005, 0.0025780122240000036, -0.03432836566311104, -0.035436049365, -0.026953131325777813, -0.0003096904944977774, -0.0006697097439588868, -0.02499380074331109]}