{"coverage_estimated_first_order": [0.7429605698712659, 1.1109085931004592, 1.0975263253143488, 0.6821171095257721, 1.075188500994555, 0.9803572846766401, 0.6954471415967384, 0.47697147108481186, 0.8673644856837462, 0.8977116900014546], "coverage_estimated_second_order": [0.9885817757840001, 0.810367474266, 0.7940453070619999, 1.0021174232099999, 0.7252810353079999, 0.6455219421839999, 1.0064158739937001, 1.00109799303263, 0.69065318396082, 0.5976412727096], "sol": [1.0, 0.0, 0.0, 1.0, 0.0, 0.0, 1.0, 1.0, 0.0, 0.0], "coverage": [1.0, 0.8357855902777778, 0.8094140625, 1.0, 0.7479817708333333, 0.6553342013888889, 1.0, 1.0, 0.6844661458333333, 0.6194748263888888], "coverage_estimated_first_order_diff": [-0.2570394301287341, 0.27512300282268143, 0.28811226281434876, -0.3178828904742279, 0.3272067301612217, 0.3250230832877512, -0.30455285840326163, -0.5230285289151881, 0.18289833985041293, 0.2782368636125657], "coverage_estimated_second_order_diff": [-0.011418224215999917, -0.02541811601177779, -0.015368755438000092, 0.002117423209999858, -0.02270073552533336, -0.009812259204888929, 0.0064158739937001386, 0.0010979930326300291, 0.006187038127486666, -0.021833553679288853]}