{"coverage_estimated_first_order": [1.2588127535147942, 1.6374616754077593, 1.5743403014844568, 1.3646998918980842, 1.3473888605719297, 1.1948131763932714, 1.5352696271285322, 1.0343510625944718, 1.0227728421468556, 1.0439498195507197], "coverage_estimated_second_order": [1.015435701198, 0.838057068271, 0.7234068108799999, 0.5628057202100001, 1.023513197671, 1.0262316629050001, 0.876386715318, 1.0005499719215, 1.00046032007183, 1.0229515557927], "sol": [1.0, 0.0, 0.0, 0.0, 1.0, 1.0, 0.0, 1.0, 1.0, 1.0], "coverage": [1.0, 0.8249826388888889, 0.7204991319444445, 0.5663237847222222, 1.0, 1.0, 0.8572178819444445, 1.0, 1.0, 1.0], "coverage_estimated_first_order_diff": [0.25881275351479416, 0.8124790365188704, 0.8538411695400123, 0.7983761071758619, 0.34738886057192975, 0.19481317639327145, 0.6780517451840877, 0.03435106259447185, 0.0227728421468556, 0.04394981955071975], "coverage_estimated_second_order_diff": [0.015435701197999974, 0.013074429382111119, 0.0029076789355554356, -0.003518064512222141, 0.023513197670999908, 0.02623166290500012, 0.01916883337355557, 0.0005499719215000809, 0.00046032007183005597, 0.02295155579270003]}