{"coverage_estimated_first_order": [1.2390760464524997, 1.6719529771989003, 1.3527398353211533, 1.1793352272159574, 1.6252218628123483, 1.1415153353314433, 1.4427972088937646, 1.0362859164251168, 1.0241263665985079, 1.2299912304230356], "coverage_estimated_second_order": [1.0120129566199998, 0.917864886154, 1.0441764212540001, 1.025524354102, 0.8530510658079999, 1.0050895511140001, 0.6627189349227, 0.99966584109488, 0.9992275249404501, 0.4629722680746], "sol": [1.0, 0.0, 1.0, 1.0, 0.0, 1.0, 0.0, 1.0, 1.0, 0.0], "coverage": [1.0, 0.8952473958333333, 1.0, 1.0, 0.8457638888888889, 1.0, 0.671640625, 1.0, 1.0, 0.47955295138888887], "coverage_estimated_first_order_diff": [0.2390760464524997, 0.776705581365567, 0.35273983532115327, 0.1793352272159574, 0.7794579739234594, 0.14151533533144334, 0.7711565838937646, 0.036285916425116804, 0.024126366598507865, 0.7504382790341467], "coverage_estimated_second_order_diff": [0.012012956619999793, 0.022617490320666622, 0.04417642125400012, 0.025524354102000046, 0.007287176919111071, 0.005089551114000113, -0.008921690077300037, -0.0003341589051200078, -0.0007724750595499152, -0.016580683314288858]}