{"coverage_estimated_first_order": [1.3041642764470447, 1.3871728159005179, 1.6763289978914626, 1.1665285862865904, 1.3482941859040556, 1.4902664828140095, 1.1798731861254008, 0.7941794085651358, 1.1796338646240687, 1.324304760401998], "coverage_estimated_second_order": [1.02928644931, 1.0339103670399998, 0.9224510256659998, 1.026410435773, 1.028038476982, 0.7969694262039999, 1.0199630896089, 1.0008530795336, 0.69131299177785, 0.6829235628342], "sol": [1.0, 1.0, 0.0, 1.0, 1.0, 0.0, 1.0, 1.0, 0.0, 0.0], "coverage": [1.0, 1.0, 0.8862934027777778, 1.0, 1.0, 0.7718229166666667, 1.0, 1.0, 0.6850130208333334, 0.6606076388888888], "coverage_estimated_first_order_diff": [0.3041642764470447, 0.3871728159005179, 0.7900355951136848, 0.1665285862865904, 0.3482941859040556, 0.7184435661473428, 0.17987318612540082, -0.2058205914348642, 0.49462084379073534, 0.6636971215131091], "coverage_estimated_second_order_diff": [0.029286449310000018, 0.033910367039999834, 0.036157622888221996, 0.02641043577299995, 0.028038476981999905, 0.025146509537333217, 0.01996308960890003, 0.0008530795335999208, 0.00629997094451662, 0.022315923945311122]}