{"coverage_estimated_first_order": [1.0081551188308093, 1.0986080480394886, 0.7898397700761262, 0.9710800044946379, 0.8325426998654422, 0.734316738063834, 1.001747306959967, 0.8758859355662657, 0.4687763339746106, 0.8217066752457263], "coverage_estimated_second_order": [0.621512927334, 0.766689797018, 0.9975205170079999, 0.6858395685759999, 1.026916176369, 1.021932719185, 0.6467044193018, 0.6975688095584899, 0.99981586828198, 0.3746920825094], "sol": [0.0, 0.0, 1.0, 0.0, 1.0, 1.0, 0.0, 0.0, 1.0, 0.0], "coverage": [0.625703125, 0.7722092013888889, 1.0, 0.6869878472222222, 1.0, 1.0, 0.6277430555555555, 0.6913020833333333, 1.0, 0.3792751736111111], "coverage_estimated_first_order_diff": [0.3824519938308093, 0.3263988466505997, -0.21016022992387384, 0.28409215727241577, -0.16745730013455784, -0.265683261936166, 0.3740042514044114, 0.1845838522329324, -0.5312236660253894, 0.44243150163461514], "coverage_estimated_second_order_diff": [-0.0041901976660000395, -0.005519404370888936, -0.0024794829920000705, -0.001148278646222245, 0.02691617636900001, 0.02193271918500006, 0.018961363746244464, 0.00626672622515656, -0.0001841317180200086, -0.004583091101711123]}