{"coverage_estimated_first_order": [1.045360762165896, 1.4359793977826278, 1.1059597315740888, 0.9693336179432903, 1.3741004701149402, 1.2369995776272993, 1.0085414091738127, 0.7946930192623071, 0.7820953570486798, 0.9063479996817965], "coverage_estimated_second_order": [1.0495736361699999, 0.960423343232, 1.056375774496, 1.048282967952, 0.857032231768, 0.7456239209389999, 1.024430420974, 0.02733419379135, 0.01447652583134, 1.0266146278713002], "sol": [1.0, 0.0, 1.0, 1.0, 0.0, 0.0, 1.0, 0.0, 0.0, 1.0], "coverage": [1.0, 0.8992664930555555, 1.0, 1.0, 0.8144314236111111, 0.7157855902777778, 1.0, 0.02703125, 0.014453125, 1.0], "coverage_estimated_first_order_diff": [0.04536076216589602, 0.5367129047270723, 0.10595973157408878, -0.030666382056709685, 0.5596690465038291, 0.5212139873495215, 0.008541409173812742, 0.7676617692623071, 0.7676422320486799, -0.09365200031820353], "coverage_estimated_second_order_diff": [0.04957363616999988, 0.061156850176444455, 0.056375774496000064, 0.048282967952000044, 0.042600808156888936, 0.0298383306612221, 0.024430420974000056, 0.0003029437913499994, 2.3400831340000122e-05, 0.0266146278713002]}