{"coverage_estimated_first_order": [1.0642820600854836, 1.119688716332694, 1.3767869038987606, 1.1759879021175863, 1.1319450960253328, 1.0368466999992205, 1.0180952493152335, 0.7928269676610915, 0.7805815892979779, 1.1460346473275242], "coverage_estimated_second_order": [1.044735222994, 1.04369038419, 0.8463015438459999, 0.642054814979, 1.0294999727799998, 1.0226437805939999, 1.0199827821540002, 0.019804782055640003, 0.008760481528550001, 0.7134009297606001], "sol": [1.0, 1.0, 0.0, 0.0, 1.0, 1.0, 1.0, 0.0, 0.0, 0.0], "coverage": [1.0, 1.0, 0.8000260416666667, 0.6115928819444445, 1.0, 1.0, 1.0, 0.01802517361111111, 0.007925347222222223, 0.6834939236111112], "coverage_estimated_first_order_diff": [0.06428206008548365, 0.11968871633269407, 0.5767608622320939, 0.5643950201731418, 0.13194509602533278, 0.03684669999922052, 0.01809524931523354, 0.7748017940499804, 0.7726562420757557, 0.4625407237164131], "coverage_estimated_second_order_diff": [0.0447352229939999, 0.04369038419000004, 0.04627550217933318, 0.030461933034555466, 0.029499972779999828, 0.02264378059399985, 0.019982782154000178, 0.0017796084445288914, 0.0008351343063277786, 0.029907006149488935]}