{"coverage_estimated_first_order": [1.00702463778437, 1.4168891851394534, 1.0975263253143488, 0.9637507667277687, 1.3515561481479, 1.2156997770487574, 0.9259806848526737, 0.6359336968838599, 1.02405334279455, 1.0989826212152456], "coverage_estimated_second_order": [1.04059821498, 0.93491912522, 1.0571702419459998, 1.049667363462, 0.8062742712519999, 0.699823172413, 1.0195606806116002, 1.00165358753118, 0.69208897230809, 0.6290857282463], "sol": [1.0, 0.0, 1.0, 1.0, 0.0, 0.0, 1.0, 1.0, 0.0, 0.0], "coverage": [1.0, 0.8922178819444444, 1.0, 1.0, 0.7840972222222222, 0.6889539930555556, 1.0, 1.0, 0.6851649305555556, 0.6274696180555556], "coverage_estimated_first_order_diff": [0.007024637784369903, 0.524671303195009, 0.0975263253143488, -0.036249233272231285, 0.5674589259256777, 0.5267457839932018, -0.07401931514732629, -0.3640663031161401, 0.33888841223899435, 0.47151300315969], "coverage_estimated_second_order_diff": [0.040598214979999936, 0.04270124327555558, 0.057170241945999845, 0.04966736346199996, 0.022177049029777685, 0.010869179357444358, 0.019560680611600212, 0.0016535875311800563, 0.00692404175253436, 0.0016161101907444797]}