{"coverage_estimated_first_order": [0.8163064857490121, 0.5695387338237805, 0.5664202131431877, 0.7532267231497405, 0.8562683170005913, 0.46709940091904356, 0.7560993429028381, 0.47654967278537175, 0.4690428197253509, 0.6269989897318347], "coverage_estimated_second_order": [0.71902391933, 0.9919538614419998, 1.0018286308939999, 0.644606178818, 0.77003384208, 0.9715390221660001, 0.567937571176, 0.018661924945060002, 0.009323359496620002, 0.355718451938], "sol": [0.0, 1.0, 1.0, 0.0, 0.0, 1.0, 0.0, 0.0, 0.0, 0.0], "coverage": [0.7386501736111111, 1.0, 1.0, 0.6495789930555556, 0.8049609375, 1.0, 0.6042751736111112, 0.019322916666666665, 0.009210069444444444, 0.38278211805555556], "coverage_estimated_first_order_diff": [0.07765631213790103, -0.4304612661762195, -0.4335797868568123, 0.10364773009418493, 0.05130737950059128, -0.5329005990809564, 0.15182416929172693, 0.45722675611870506, 0.4598327502809064, 0.2442168716762791], "coverage_estimated_second_order_diff": [-0.01962625428111109, -0.008046138558000182, 0.0018286308939998719, -0.004972814237555578, -0.03492709541999994, -0.028460977833999923, -0.036337602435111194, -0.000660991721606663, 0.00011329005217555754, -0.027063666117555563]}