{"coverage_estimated_first_order": [1.3302998404274862, 1.3823978833483124, 1.6217553312637552, 1.3916803095143777, 1.3468288308169822, 1.5007545266575117, 1.2484819079531633, 0.7930342174468171, 1.1789677506884289, 1.1249420965347081], "coverage_estimated_second_order": [1.003252656686, 1.007041308658, 0.8241054138379998, 0.630386326389, 1.0175996331, 0.817028211884, 1.0127864634122998, 0.99939720927462, 0.6900944746549801, 0.9942660280774], "sol": [1.0, 1.0, 0.0, 0.0, 1.0, 0.0, 1.0, 1.0, 0.0, 1.0], "coverage": [1.0, 1.0, 0.8032161458333333, 0.6144097222222222, 1.0, 0.7917621527777777, 1.0, 1.0, 0.6846440972222222, 1.0], "coverage_estimated_first_order_diff": [0.33029984042748617, 0.3823978833483124, 0.8185391854304218, 0.7772705872921555, 0.34682883081698224, 0.708992373879734, 0.24848190795316327, -0.20696578255318288, 0.49432365346620666, 0.12494209653470811], "coverage_estimated_second_order_diff": [0.003252656686000055, 0.007041308657999901, 0.020889268004666506, 0.01597660416677782, 0.0175996330999999, 0.02526605910622226, 0.012786463412299831, -0.0006027907253800535, 0.005450377432757891, -0.005733971922599945]}