{"coverage_estimated_first_order": [1.009844546084589, 1.1125035995286972, 0.8392185168376581, 0.7420518166513763, 0.7993245908629876, 0.9664325078387483, 0.9418437792211487, 0.87723837647031, 0.469613520598033, 0.8073421667867509], "coverage_estimated_second_order": [0.6159630094720001, 0.7893520904119999, 1.030092330278, 1.038854699122, 1.0049091778469998, 0.5939979661999999, 0.471050015517, 0.69986690282358, 1.00059125467637, 0.3180465814099], "sol": [0.0, 0.0, 1.0, 1.0, 1.0, 0.0, 0.0, 0.0, 1.0, 0.0], "coverage": [0.6036197916666667, 0.7680598958333333, 1.0, 1.0, 1.0, 0.5876605902777777, 0.46038194444444447, 0.6924305555555555, 1.0, 0.3136805555555556], "coverage_estimated_first_order_diff": [0.4062247544179224, 0.3444437036953638, -0.16078148316234186, -0.2579481833486237, -0.20067540913701243, 0.3787719175609706, 0.48146183477670423, 0.18480782091475445, -0.530386479401967, 0.4936616112311953], "coverage_estimated_second_order_diff": [0.012343217805333428, 0.0212921945786666, 0.030092330278000068, 0.038854699122000014, 0.004909177846999846, 0.006337375922222166, 0.010668071072555518, 0.007436347268024446, 0.0005912546763700011, 0.004366025854344424]}