{"coverage_estimated_first_order": [1.522876821427898, 1.6248753568398933, 1.2985998707982058, 1.415800599734691, 1.354221419594837, 1.1982245647221252, 1.5276709603790777, 1.034645257944713, 1.0232485256340773, 1.0143412967791754], "coverage_estimated_second_order": [0.744174514488, 0.829275782097, 1.006816596906, 0.704696674744, 1.034675367247, 1.028075864751, 0.8708567731258999, 1.0007070692525402, 1.0004119232180302, 1.0110501052727], "sol": [0.0, 0.0, 1.0, 0.0, 1.0, 1.0, 0.0, 1.0, 1.0, 1.0], "coverage": [0.7471050347222222, 0.8300911458333333, 1.0, 0.7011067708333333, 1.0, 1.0, 0.8542100694444444, 1.0, 1.0, 1.0], "coverage_estimated_first_order_diff": [0.7757717867056758, 0.7947842110065599, 0.2985998707982058, 0.7146938289013577, 0.354221419594837, 0.19822456472212524, 0.6734608909346332, 0.03464525794471296, 0.02324852563407731, 0.014341296779175394], "coverage_estimated_second_order_diff": [-0.0029305202342222447, -0.0008153637363332855, 0.006816596905999894, 0.003589903910666714, 0.03467536724699993, 0.02807586475099999, 0.016646703681455488, 0.0007070692525401601, 0.0004119232180301857, 0.011050105272699895]}