{"coverage_estimated_first_order": [1.844757257849456, 1.9658321686613016, 1.9349257513823723, 1.6733139667163743, 1.8967733539056182, 1.968212788804543, 1.714648918251461, 1.111900956742631, 1.4925798246916706, 1.5255756916157888], "coverage_estimated_second_order": [0.786422040572, 0.759573658156, 0.77411650147, 0.822061471867, 0.8083970569199999, 0.720047942711, 0.8900518375244, 0.99693105482147, 0.6908480370993401, 0.8961758893001001], "sol": [1.0, 1.0, 1.0, 1.0, 1.0, 0.0, 1.0, 1.0, 0.0, 1.0], "coverage": [1.0, 1.0, 1.0, 1.0, 1.0, 0.8030685763888888, 1.0, 1.0, 0.6859071180555556, 1.0], "coverage_estimated_first_order_diff": [0.844757257849456, 0.9658321686613016, 0.9349257513823723, 0.6733139667163743, 0.8967733539056182, 1.1651442124156541, 0.714648918251461, 0.11190095674263101, 0.806672706636115, 0.5255756916157888], "coverage_estimated_second_order_diff": [-0.21357795942799995, -0.24042634184400002, -0.22588349853, -0.17793852813300004, -0.19160294308000014, -0.08302063367788881, -0.10994816247560002, -0.003068945178529958, 0.004940919043784464, -0.10382411069989994]}