{"coverage_estimated_first_order": [1.7511156887020751, 2.2095166411399476, 1.887366095390475, 1.65319711402041, 1.9077312008599971, 1.7146740227404742, 1.6971944485567054, 1.3528574066510775, 1.3361408196583566, 1.719418365247181], "coverage_estimated_second_order": [0.896797397182, 0.7909501267479999, 0.8634779038159999, 0.879132102388, 0.8435168720949999, 0.878427543968, 0.8982571872793, 0.9960003859344901, 0.9972509453760501, 0.6565057065975], "sol": [1.0, 0.0, 1.0, 1.0, 1.0, 1.0, 1.0, 1.0, 1.0, 0.0], "coverage": [1.0, 0.9014930555555556, 1.0, 1.0, 1.0, 1.0, 1.0, 1.0, 1.0, 0.6853602430555555], "coverage_estimated_first_order_diff": [0.7511156887020751, 1.308023585584392, 0.887366095390475, 0.65319711402041, 0.9077312008599971, 0.7146740227404742, 0.6971944485567054, 0.35285740665107745, 0.3361408196583566, 1.0340581221916256], "coverage_estimated_second_order_diff": [-0.10320260281799998, -0.11054292880755567, -0.13652209618400013, -0.12086789761200001, -0.15648312790500007, -0.12157245603199995, -0.10174281272069996, -0.00399961406550986, -0.0027490546239499203, -0.02885453645805558]}