{"coverage_estimated_first_order": [1.027489692765279, 1.0958060426241851, 0.7725517740791646, 0.9553824402853113, 1.1048413518204856, 0.6992503190304086, 1.051994191456227, 0.47627362077021684, 0.8672470790392862, 0.6076327250735053], "coverage_estimated_second_order": [0.685927408906, 0.766513024595, 0.968833791682, 0.644537014276, 0.806803695554, 1.003233825052, 0.8016842587105001, 1.0006687144502902, 0.6907220591647301, 0.9970955226613001], "sol": [0.0, 0.0, 1.0, 0.0, 0.0, 1.0, 0.0, 1.0, 0.0, 1.0], "coverage": [0.7242317708333333, 0.8102256944444445, 1.0, 0.6818185763888889, 0.8359244791666667, 1.0, 0.8142144097222223, 1.0, 0.6848394097222222, 1.0], "coverage_estimated_first_order_diff": [0.3032579219319457, 0.28558034817974065, -0.22744822592083536, 0.2735638638964224, 0.2689168726538189, -0.3007496809695914, 0.2377797817340047, -0.5237263792297832, 0.18240766931706398, -0.3923672749264947], "coverage_estimated_second_order_diff": [-0.03830436192733333, -0.04371266984944444, -0.031166208317999988, -0.03728156211288891, -0.02912078361266668, 0.0032338250520000944, -0.012530151011722168, 0.0006687144502901532, 0.005882649442507826, -0.002904477338699918]}