{"coverage_estimated_first_order": [1.049789845192426, 0.8073064641526686, 1.1421364399269005, 0.703980348773084, 0.796249759725969, 0.9633289809521582, 0.9417409761200108, 0.4771124509770899, 0.8674076845354293, 0.8185903558012821], "coverage_estimated_second_order": [0.7423588780700001, 1.021481134406, 0.9082794043019999, 1.038350177952, 1.0219176509839998, 0.596389720508, 0.4859322390724, 1.0009535445412001, 0.69076988283296, 0.36341285307619997], "sol": [0.0, 1.0, 0.0, 1.0, 1.0, 0.0, 0.0, 1.0, 0.0, 0.0], "coverage": [0.7320138888888889, 1.0, 0.8837673611111111, 1.0, 1.0, 0.5921397569444444, 0.4867708333333333, 1.0, 0.6845138888888889, 0.36723090277777776], "coverage_estimated_first_order_diff": [0.31777595630353705, -0.1926935358473314, 0.2583690788157894, -0.296019651226916, -0.203750240274031, 0.3711892240077138, 0.4549701427866775, -0.5228875490229101, 0.1828937956465404, 0.4513594530235044], "coverage_estimated_second_order_diff": [0.010344989181111264, 0.02148113440599997, 0.024512043190888844, 0.03835017795199991, 0.02191765098399978, 0.004249963563555559, -0.0008385942609333008, 0.0009535445412001131, 0.00625599394407117, -0.003818049701577786]}