{"coverage_estimated_first_order": [0.4920963489222814, 0.5141045325566381, 0.5083260912063408, 0.45058684894115975, 0.5318894058220005, 0.5158283539198611, 0.2212795292599099, 0.5585980012270129, 0.1560130064650577, 0.466951338112286], "coverage_estimated_second_order": [0.30225739813999997, 0.29539680362, 0.297021721156, 0.269058963686, 0.394399750238, 0.45246557379499996, 0.856369711055, 0.6904494747289, 0.99697551193794, 0.3792049382144], "sol": [0.0, 0.0, 0.0, 0.0, 0.0, 0.0, 1.0, 0.0, 1.0, 0.0], "coverage": [0.2636545138888889, 0.24059895833333333, 0.2559982638888889, 0.2529644097222222, 0.39981336805555556, 0.49062934027777777, 1.0, 0.6867013888888889, 1.0, 0.39309895833333336], "coverage_estimated_first_order_diff": [0.2284418350333925, 0.2735055742233048, 0.25232782731745185, 0.19762243921893752, 0.13207603776644494, 0.02519901364208338, -0.7787204707400901, -0.128103387661876, -0.8439869935349423, 0.07385237977895265], "coverage_estimated_second_order_diff": [0.03860288425111108, 0.05479784528666665, 0.041023457267111096, 0.01609455396377779, -0.0054136178175555605, -0.038163766482777806, -0.14363028894499996, 0.003748085840011073, -0.0030244880620600156, -0.01389402011893337]}