{"coverage_estimated_first_order": [1.5625578353606158, 1.6954121085833096, 1.681668543970237, 1.4451751431837323, 1.6489474799474972, 1.430602577367539, 1.7059437241625173, 0.9532947798176666, 1.3363957455388304, 1.4644679133266734], "coverage_estimated_second_order": [0.9007956042240001, 0.8765100043099999, 0.8679575067879999, 0.898919926054, 0.90555551093, 0.934490284215, 0.6756063048648, 0.9993963951342901, 0.6916237208567401, 0.5090099934783], "sol": [1.0, 1.0, 1.0, 1.0, 1.0, 1.0, 0.0, 1.0, 0.0, 0.0], "coverage": [1.0, 1.0, 1.0, 1.0, 1.0, 1.0, 0.6970355902777777, 1.0, 0.6857118055555556, 0.5183116319444444], "coverage_estimated_first_order_diff": [0.5625578353606158, 0.6954121085833096, 0.681668543970237, 0.4451751431837323, 0.6489474799474972, 0.43060257736753904, 1.0089081338847397, -0.04670522018233336, 0.6506839399832749, 0.946156281382229], "coverage_estimated_second_order_diff": [-0.09920439577599993, -0.12348999569000008, -0.13204249321200012, -0.10108007394600005, -0.09444448907000003, -0.06550971578499998, -0.021429285412977728, -0.0006036048657098725, 0.005911915301184512, -0.009301638466144402]}