{"coverage_estimated_first_order": [0.7561604168353855, 1.138652035202493, 0.784066521892592, 0.9627534555085464, 1.077792141105783, 0.9831019503352421, 0.6899452825212352, 0.8762282574748682, 0.46891503719944316, 0.899101723311412], "coverage_estimated_second_order": [1.0206854370960001, 0.884611071506, 1.0073402189819998, 0.668770882668, 0.7429535438679999, 0.6643893038969999, 0.9991245966845, 0.6991091969095798, 1.00008234024162, 0.6022601337758999], "sol": [1.0, 0.0, 1.0, 0.0, 0.0, 0.0, 1.0, 0.0, 1.0, 0.0], "coverage": [1.0, 0.8818402777777777, 1.0, 0.6724869791666667, 0.7617013888888889, 0.6821831597222222, 1.0, 0.6942100694444444, 1.0, 0.6080078125], "coverage_estimated_first_order_diff": [-0.24383958316461452, 0.2568117574247152, -0.21593347810740804, 0.29026647634187974, 0.316090752216894, 0.30091879061301985, -0.3100547174787648, 0.1820181880304238, -0.5310849628005568, 0.291093910811412], "coverage_estimated_second_order_diff": [0.020685437096000125, 0.0027707937282223094, 0.007340218981999769, -0.0037160964986666656, -0.018747845020888998, -0.017793855825222304, -0.0008754033154999563, 0.004899127465135433, 8.234024161990483e-05, -0.0057476787241000915]}