{"coverage_estimated_first_order": [0.7989256242434414, 0.8476362248225684, 1.1044170671913949, 0.9335159869192516, 0.7920208408142897, 0.9626622582819067, 0.9438377837939624, 0.8760750420169053, 0.4684825525639044, 0.8495889118827837], "coverage_estimated_second_order": [1.0410568170540002, 1.04301512219, 0.8024332912179999, 0.5801418148299999, 1.0002317597769999, 0.591857127301, 0.4945125168341, 0.69841734231865, 0.99957013140753, 0.44750854408400004], "sol": [1.0, 1.0, 0.0, 0.0, 1.0, 0.0, 0.0, 0.0, 1.0, 0.0], "coverage": [1.0, 1.0, 0.7845486111111111, 0.5794791666666667, 1.0, 0.59453125, 0.5040277777777777, 0.6927517361111111, 1.0, 0.4383463541666667], "coverage_estimated_first_order_diff": [-0.20107437575655862, -0.1523637751774316, 0.3198684560802838, 0.354036820252585, -0.2079791591857103, 0.3681310082819067, 0.4398100060161847, 0.18332330590579426, -0.5315174474360955, 0.41124255771611706], "coverage_estimated_second_order_diff": [0.041056817054000216, 0.04301512218999992, 0.017884680106888817, 0.0006626481633332792, 0.0002317597769998514, -0.0026741226989999145, -0.009515260943677717, 0.005665606207538976, -0.0004298685924699619, 0.009162189917333363]}