{"coverage_estimated_first_order": [0.7567624827589086, 0.8172760578588398, 0.8531362262667131, 0.4708747864995979, 0.5803718608730368, 0.5102680593653572, 0.7855677014864844, 0.47662914917620935, 0.46901069375624527, 0.6276820204023198], "coverage_estimated_second_order": [0.522979201212, 0.6266760011499999, 0.745010560374, 0.978618809926, 0.9895307085859999, 0.9977820365660001, 0.630395399862, 0.0184021992914, 0.00924576455828, 0.33790850070239997], "sol": [0.0, 0.0, 0.0, 1.0, 1.0, 1.0, 0.0, 0.0, 0.0, 0.0], "coverage": [0.5484592013888889, 0.6568185763888889, 0.7676171875, 1.0, 1.0, 1.0, 0.6291189236111111, 0.018146701388888888, 0.009162326388888888, 0.34487413194444444], "coverage_estimated_first_order_diff": [0.20830328137001963, 0.16045748146995098, 0.08551903876671318, -0.5291252135004021, -0.4196281391269632, -0.48973194063464276, 0.15644877787537326, 0.45848244778732045, 0.4598483673673564, 0.28280788845787536], "coverage_estimated_second_order_diff": [-0.025480000176888895, -0.03014257523888897, -0.022606627125999923, -0.021381190073999967, -0.010469291414000104, -0.0022179634339999366, 0.0012764762508888916, 0.00025549790251111135, 8.343816939111216e-05, -0.006965631242044468]}