{"coverage_estimated_first_order": [2.054654184282897, 1.8909497305330873, 1.9142542044903263, 1.665229042759502, 1.9113017976390603, 1.714499827244137, 1.6890910434170372, 1.3532247505958725, 1.3361955783803063, 1.7005397974536243], "coverage_estimated_second_order": [0.6837613834180001, 0.8529652427299999, 0.829939190958, 0.8507022375729999, 0.8270233695689999, 0.86832166395, 0.8888833723775001, 0.9953177964544, 0.9969459843366002, 0.6153857018875], "sol": [0.0, 1.0, 1.0, 1.0, 1.0, 1.0, 1.0, 1.0, 1.0, 0.0], "coverage": [0.7867881944444445, 1.0, 1.0, 1.0, 1.0, 1.0, 1.0, 1.0, 1.0, 0.650078125], "coverage_estimated_first_order_diff": [1.2678659898384526, 0.8909497305330873, 0.9142542044903263, 0.665229042759502, 0.9113017976390603, 0.714499827244137, 0.6890910434170372, 0.35322475059587255, 0.33619557838030634, 1.0504616724536242], "coverage_estimated_second_order_diff": [-0.1030268110264444, -0.14703475727000015, -0.17006080904200005, -0.1492977624270001, -0.1729766304310001, -0.13167833605, -0.11111662762249985, -0.0046822035456000055, -0.0030540156633998006, -0.03469242311249998]}