{"coverage_estimated_first_order": [1.5687501060137634, 1.667178044646695, 1.6007947084795484, 1.6470518285482267, 1.8968621926347753, 1.383760287721872, 1.7414347355872484, 1.1941760997004003, 1.1797281850083994, 1.2426294527475241], "coverage_estimated_second_order": [0.961414560146, 0.961605946253, 0.96147044925, 0.6691259494519999, 0.834244615692, 0.9789652742810001, 0.8181367488755, 0.99825271299273, 0.99880669850328, 0.9779691044041002], "sol": [1.0, 1.0, 1.0, 0.0, 0.0, 1.0, 0.0, 1.0, 1.0, 1.0], "coverage": [1.0, 1.0, 1.0, 0.6856032986111111, 0.8619704861111112, 1.0, 0.8320008680555555, 1.0, 1.0, 1.0], "coverage_estimated_first_order_diff": [0.5687501060137634, 0.6671780446466951, 0.6007947084795484, 0.9614485299371156, 1.034891706523664, 0.383760287721872, 0.9094338675316929, 0.19417609970040028, 0.17972818500839938, 0.24262945274752412], "coverage_estimated_second_order_diff": [-0.03858543985399998, -0.038394053747, -0.038529550749999975, -0.016477349159111254, -0.02772587041911112, -0.02103472571899989, -0.013864119180055479, -0.0017472870072700042, -0.001193301496720034, -0.02203089559589977]}