{"coverage_estimated_first_order": [0.7671424214228089, 1.1494050855716298, 0.797984231321647, 0.9732100825587646, 1.135207058269177, 0.7622799942339685, 0.7642027480425062, 0.6345812559798156, 0.625001067468459, 0.9207125081407719], "coverage_estimated_second_order": [1.034922251278, 0.911449629088, 1.03241710457, 0.6918236220580001, 0.880094961682, 1.045161944854, 1.04047839238, 0.020060588534770003, 0.010137399233900002, 0.6504475118547001], "sol": [1.0, 0.0, 1.0, 0.0, 0.0, 1.0, 1.0, 0.0, 0.0, 0.0], "coverage": [1.0, 0.8862022569444444, 1.0, 0.6749609375, 0.8474782986111111, 1.0, 1.0, 0.020199652777777778, 0.010091145833333334, 0.6348177083333333], "coverage_estimated_first_order_diff": [-0.23285757857719114, 0.26320282862718536, -0.20201576867835302, 0.29824914505876465, 0.28772875965806577, -0.23772000576603147, -0.2357972519574938, 0.6143816032020378, 0.6149099216351256, 0.2858947998074386], "coverage_estimated_second_order_diff": [0.03492225127800008, 0.025247372143555546, 0.03241710456999991, 0.016862684558000107, 0.03261666307088884, 0.045161944853999936, 0.04047839238000006, -0.00013906424300777487, 4.625340056666795e-05, 0.01562980352136678]}