{"coverage_estimated_first_order": [1.2588127535147942, 1.318894764800899, 1.2985998707982058, 1.1341669425326943, 1.0778537724414923, 0.962882072350008, 1.2971374171231422, 0.8756830321456648, 0.8665596685232738, 0.8130703655653846], "coverage_estimated_second_order": [0.658504761974, 0.665231296467, 0.638372612418, 0.519056278322, 1.0102849266009999, 1.028578172073, 0.853488568308, 1.00105677089559, 1.0009829933038001, 1.0022127574206998], "sol": [0.0, 0.0, 0.0, 0.0, 1.0, 1.0, 0.0, 1.0, 1.0, 1.0], "coverage": [0.6495182291666667, 0.6517621527777778, 0.6229123263888889, 0.5079123263888888, 1.0, 1.0, 0.8368532986111111, 1.0, 1.0, 1.0], "coverage_estimated_first_order_diff": [0.6092945243481275, 0.6671326120231212, 0.6756875444093169, 0.6262546161438055, 0.07785377244149227, -0.037117927649992, 0.4602841185120311, -0.12431696785433521, -0.13344033147672618, -0.1869296344346154], "coverage_estimated_second_order_diff": [0.008986532807333303, 0.01346914368922214, 0.015460286029111092, 0.01114395193311113, 0.010284926600999889, 0.028578172073000063, 0.016635269696888888, 0.0010567708955899757, 0.0009829933038001393, 0.002212757420699818]}