{"coverage_estimated_first_order": [1.0190186119204545, 1.382803897159283, 1.3558336955021189, 0.9062715215343369, 1.3471128907359469, 1.2224790413564555, 0.9992873951777874, 1.0359298675510331, 0.6254064999378762, 0.8971934559649108], "coverage_estimated_second_order": [1.0245872774979998, 0.867520965492, 0.832054096608, 1.015689165362, 0.79686661175, 0.702741960987, 1.0220671851965, 0.7035744722038899, 1.0007287547176302, 1.0272828281007], "sol": [1.0, 0.0, 0.0, 1.0, 0.0, 0.0, 1.0, 0.0, 1.0, 1.0], "coverage": [1.0, 0.8468272569444445, 0.8171354166666667, 1.0, 0.7791015625, 0.6825911458333334, 1.0, 0.6971831597222222, 1.0, 1.0], "coverage_estimated_first_order_diff": [0.01901861192045451, 0.5359766402148386, 0.5386982788354522, -0.09372847846566312, 0.5680113282359469, 0.5398878955231221, -0.0007126048222125814, 0.3387467078288109, -0.3745935000621238, -0.10280654403508915], "coverage_estimated_second_order_diff": [0.024587277497999827, 0.02069370854755548, 0.014918679941333335, 0.015689165361999935, 0.017765049249999998, 0.02015081515366668, 0.022067185196499972, 0.006391312481667688, 0.0007287547176302311, 0.02728282810070004]}