{"coverage_estimated_first_order": [1.564040676349396, 1.3327903162901076, 1.6506071573458403, 1.1477036327939147, 1.3177413483485383, 1.4267547506718483, 1.4672626942500457, 1.0360708474433111, 1.0236647874922276, 1.0107067432981875], "coverage_estimated_second_order": [0.8386399274760001, 1.035584496816, 0.920477630606, 1.0282818932559998, 1.022469866831, 0.6664378236149999, 0.7308285500536, 1.00037863996027, 0.9998832329826601, 1.0075709381763], "sol": [0.0, 1.0, 0.0, 1.0, 1.0, 0.0, 0.0, 1.0, 1.0, 1.0], "coverage": [0.8190625, 1.0, 0.8893446180555555, 1.0, 1.0, 0.6655729166666666, 0.7346006944444444, 1.0, 1.0, 1.0], "coverage_estimated_first_order_diff": [0.7449781763493959, 0.3327903162901076, 0.7612625392902848, 0.14770363279391474, 0.3177413483485383, 0.7611818340051817, 0.7326619998056013, 0.03607084744331113, 0.023664787492227557, 0.010706743298187549], "coverage_estimated_second_order_diff": [0.01957742747600011, 0.035584496815999955, 0.031133012550444428, 0.028281893255999835, 0.02246986683099994, 0.0008649069483332994, -0.0037721443908443897, 0.0003786399602700996, -0.00011676701733986938, 0.007570938176300057]}