{"coverage_estimated_first_order": [1.3472098304929383, 1.4220838462934193, 1.3592095245986593, 1.440926683891034, 1.6804242640268954, 1.2366407163993114, 1.298473741778353, 0.9523759527518648, 0.9375261027707887, 1.1327133943325502], "coverage_estimated_second_order": [0.980019249912, 0.9976977338609999, 1.008900247232, 0.721413080249, 0.9253957303239999, 1.009790769546, 0.9967344225040001, 0.02466770891161, 0.012119396778370001, 0.9735495896833001], "sol": [1.0, 1.0, 1.0, 0.0, 0.0, 1.0, 1.0, 0.0, 0.0, 1.0], "coverage": [1.0, 1.0, 1.0, 0.6952256944444445, 0.8968359375, 1.0, 1.0, 0.023563368055555554, 0.01181423611111111, 1.0], "coverage_estimated_first_order_diff": [0.3472098304929383, 0.42208384629341933, 0.3592095245986593, 0.7457009894465895, 0.7835883265268954, 0.2366407163993114, 0.29847374177835295, 0.9288125846963092, 0.9257118666596776, 0.13271339433255025], "coverage_estimated_second_order_diff": [-0.019980750088000043, -0.0023022661390000865, 0.008900247231999892, 0.026187385804555485, 0.028559792823999897, 0.009790769546, -0.003265577495999872, 0.0011043408560544449, 0.000305160667258891, -0.026450410316699924]}