{"coverage_estimated_first_order": [0.9789930602851488, 1.3498181330269, 1.298021542480847, 1.1297168581620771, 1.3577866777713612, 0.9690634710029995, 0.9766301985954665, 0.8758181042685416, 0.8665272990603238, 1.1041925859573354], "coverage_estimated_second_order": [0.98100643121, 0.767943637432, 0.6542140289099999, 0.508896498468, 0.8066110010899998, 1.026232011003, 1.0289245145812003, 1.00148660635873, 1.00117401327092, 0.6259467572517001], "sol": [1.0, 0.0, 0.0, 0.0, 0.0, 1.0, 1.0, 1.0, 1.0, 0.0], "coverage": [1.0, 0.7850477430555556, 0.6728298611111111, 0.5106684027777778, 0.8013151041666666, 1.0, 1.0, 1.0, 1.0, 0.6203298611111111], "coverage_estimated_first_order_diff": [-0.021006939714851236, 0.5647703899713443, 0.6251916813697359, 0.6190484553842993, 0.5564715736046946, -0.0309365289970005, -0.023369801404533486, -0.12418189573145844, -0.13347270093967623, 0.4838627248462243], "coverage_estimated_second_order_diff": [-0.018993568790000026, -0.017104105623555577, -0.018615832201111182, -0.0017719043097778053, 0.00529589692333321, 0.0262320110030001, 0.028924514581200267, 0.0014866063587299916, 0.001174013270919927, 0.005616896140589023]}