{"coverage_estimated_first_order": [1.3200461837586777, 1.0850529922550483, 1.0612626044362123, 1.187490691339575, 1.3205321195665922, 1.1518291836786083, 1.2077655308006776, 0.8769559966588715, 0.8674289811158019, 0.7980228264359239], "coverage_estimated_second_order": [0.8289894569020001, 1.0428768209439998, 1.0274448665300002, 0.6816999061319999, 0.7158791384800001, 0.5067426491329999, 0.6177722765033, 1.0009355849674302, 1.0005104509671299, 1.0018929519674], "sol": [0.0, 1.0, 1.0, 0.0, 0.0, 0.0, 0.0, 1.0, 1.0, 1.0], "coverage": [0.8002300347222222, 1.0, 1.0, 0.6679947916666666, 0.7047309027777777, 0.50515625, 0.6210850694444444, 1.0, 1.0, 1.0], "coverage_estimated_first_order_diff": [0.5198161490364555, 0.08505299225504825, 0.06126260443621234, 0.5194958996729084, 0.6158012167888145, 0.6466729336786083, 0.5866804613562332, -0.12304400334112853, -0.1325710188841981, -0.20197717356407607], "coverage_estimated_second_order_diff": [0.028759422179777894, 0.042876820943999805, 0.027444866530000223, 0.01370511446533329, 0.011148235702222342, 0.0015863991329999605, -0.0033127929411443935, 0.0009355849674301808, 0.0005104509671298718, 0.001892951967400025]}