{"coverage_estimated_first_order": [2.0768086665175858, 1.902329050113888, 1.9143988307029254, 1.658365477839173, 1.900903980439629, 1.6620972430439658, 1.9933332322871622, 1.353585145835081, 1.336439674872047, 1.4257048468382436], "coverage_estimated_second_order": [0.7282588129380001, 0.862527980059, 0.84908997354, 0.874725497794, 0.862412399039, 0.906713214998, 0.8078719004377, 0.9954861631528, 0.99666975624854, 0.9561174465110001], "sol": [0.0, 1.0, 1.0, 1.0, 1.0, 1.0, 0.0, 1.0, 1.0, 1.0], "coverage": [0.8245486111111111, 1.0, 1.0, 1.0, 1.0, 1.0, 0.8663671875, 1.0, 1.0, 1.0], "coverage_estimated_first_order_diff": [1.2522600554064747, 0.9023290501138881, 0.9143988307029254, 0.658365477839173, 0.900903980439629, 0.6620972430439658, 1.1269660447871623, 0.35358514583508094, 0.33643967487204707, 0.4257048468382436], "coverage_estimated_second_order_diff": [-0.09628979817311101, -0.137472019941, -0.15091002645999996, -0.125274502206, -0.13758760096099998, -0.09328678500200005, -0.058495287062300005, -0.00451383684719997, -0.0033302437514599603, -0.04388255348899994]}