{"coverage_estimated_first_order": [0.4925672203624001, 0.8334548998264641, 0.7843559051957317, 0.6821171095257721, 0.8016116250592638, 0.7482415149017259, 0.45981367455437566, 0.31706695758804593, 0.710441268791308, 0.6983490261341648], "coverage_estimated_second_order": [0.9070249346320001, 0.661775116078, 0.528025709632, 0.413839496508, 0.583106550326, 0.5670640288919999, 0.9459216005315001, 0.99852330748444, 0.6881722410586499, 0.55387249218], "sol": [1.0, 0.0, 0.0, 0.0, 0.0, 0.0, 1.0, 1.0, 0.0, 0.0], "coverage": [1.0, 0.7438802083333333, 0.6077690972222223, 0.47303819444444445, 0.6620616319444445, 0.6185590277777778, 1.0, 1.0, 0.6836024305555556, 0.5918923611111111], "coverage_estimated_first_order_diff": [-0.5074327796375999, 0.0895746914931308, 0.17658680797350945, 0.20907891508132764, 0.1395499931148193, 0.12968248712394803, -0.5401863254456243, -0.6829330424119541, 0.026838838235752394, 0.10645666502305373], "coverage_estimated_second_order_diff": [-0.09297506536799993, -0.08210509225533336, -0.07974338759022226, -0.059198697936444444, -0.07895508161844444, -0.05149499888577791, -0.054078399468499905, -0.0014766925155600408, 0.0045698105030943514, -0.03801986893111109]}