{"coverage_estimated_first_order": [1.033291396248216, 1.4085217291874899, 1.387473410443874, 0.926559459092775, 1.1220184698516922, 0.9848029770270375, 1.3279421003619993, 0.7940565020034637, 0.7814809703366256, 0.8585614743876548], "coverage_estimated_second_order": [1.051039834114, 0.9170871488329999, 0.900543042118, 1.0390559557180001, 1.0652454644779998, 1.049523217626, 0.9160765453299999, 0.025078153911400003, 0.012270672599459999, 1.0343710798524], "sol": [1.0, 0.0, 0.0, 1.0, 1.0, 1.0, 0.0, 0.0, 0.0, 1.0], "coverage": [1.0, 0.8684244791666667, 0.8532899305555556, 1.0, 1.0, 1.0, 0.8679383680555556, 0.02440972222222222, 0.012118055555555556, 1.0], "coverage_estimated_first_order_diff": [0.033291396248215976, 0.5400972500208232, 0.5341834798883184, -0.07344054090722496, 0.12201846985169218, -0.015197022972962548, 0.46000373230644376, 0.7696467797812414, 0.76936291478107, -0.14143852561234516], "coverage_estimated_second_order_diff": [0.05103983411399993, 0.04866266966633326, 0.04725311156244438, 0.039055955718000135, 0.06524546447799984, 0.04952321762600009, 0.04813817727444436, 0.0006684316891777814, 0.0001526170439044433, 0.034371079852399955]}