{"coverage_estimated_first_order": [1.258548468339675, 1.3760617413134835, 1.1030101901947433, 0.9710800044946379, 1.1061195758007332, 0.9664325078387483, 1.2373807740023297, 1.0357904490630316, 0.6256995508670489, 1.0210693391130161], "coverage_estimated_second_order": [0.658221954624, 0.8162020275699999, 1.033163028356, 1.042559741372, 1.039971788065, 1.026412702248, 0.6745743918292, 0.7022479029459099, 1.00092853754325, 0.4003319716771], "sol": [0.0, 0.0, 1.0, 1.0, 1.0, 1.0, 0.0, 0.0, 1.0, 0.0], "coverage": [0.6278472222222222, 0.7758159722222222, 1.0, 1.0, 1.0, 1.0, 0.6398133680555556, 0.6944878472222222, 1.0, 0.39022135416666665], "coverage_estimated_first_order_diff": [0.6307012461174528, 0.6002457690912613, 0.10301019019474333, -0.02891999550536206, 0.10611957580073317, -0.033567492161251655, 0.5975674059467742, 0.3413026018408094, -0.37430044913295113, 0.6308479849463495], "coverage_estimated_second_order_diff": [0.030374732401777793, 0.04038605534777773, 0.033163028356000046, 0.042559741372000026, 0.0399717880649999, 0.026412702248000075, 0.03476102377364443, 0.007760055723687653, 0.0009285375432499521, 0.01011061751043335]}