{"coverage_estimated_first_order": [1.3138539131055298, 1.4318539667985233, 1.417876870613152, 1.2161469553404707, 1.3421524950097516, 1.430602577367539, 1.4104067293813363, 0.7947427072249451, 1.1803097152698148, 1.250740741000408], "coverage_estimated_second_order": [0.97050629303, 0.968053587234, 0.9636401046119999, 0.9691759910540001, 0.978510459076, 0.6180585251809999, 0.5389960141188, 1.00025561919202, 0.6919923587825499, 0.4672031475476], "sol": [1.0, 1.0, 1.0, 1.0, 1.0, 0.0, 0.0, 1.0, 0.0, 0.0], "coverage": [1.0, 1.0, 1.0, 1.0, 1.0, 0.6150217013888889, 0.5360590277777778, 1.0, 0.6853949652777778, 0.4582465277777778], "coverage_estimated_first_order_diff": [0.3138539131055298, 0.4318539667985233, 0.41787687061315193, 0.21614695534047068, 0.34215249500975164, 0.8155808759786501, 0.8743477016035585, -0.2052572927750549, 0.494914749992037, 0.7924942132226303], "coverage_estimated_second_order_diff": [-0.029493706969999978, -0.031946412765999965, -0.03635989538800011, -0.030824008945999903, -0.021489540924000017, 0.0030368237921110097, 0.0029369863410222408, 0.0002556191920199957, 0.0065973935047721755, 0.008956619769822205]}