{"coverage_estimated_first_order": [1.5528681987021307, 1.6507309576853042, 1.9401206712485477, 1.395556774129852, 1.6550891708418014, 1.4902664828140095, 1.4754101809065818, 0.9527314811578573, 1.3357198948930846, 1.5380319327282632], "coverage_estimated_second_order": [0.959418906356, 0.957615667434, 0.8610906511199998, 0.9653959345869999, 0.9347191921760001, 0.945106327344, 0.9562183356089, 0.9990502967031201, 0.69085040592964, 0.6943105669505], "sol": [1.0, 1.0, 0.0, 1.0, 1.0, 1.0, 1.0, 1.0, 0.0, 0.0], "coverage": [1.0, 1.0, 0.89046875, 1.0, 1.0, 1.0, 1.0, 1.0, 0.6852560763888889, 0.6877213541666667], "coverage_estimated_first_order_diff": [0.5528681987021307, 0.6507309576853042, 1.0496519212485476, 0.395556774129852, 0.6550891708418014, 0.49026648281400953, 0.4754101809065818, -0.04726851884214267, 0.6504638185041958, 0.8503105785615965], "coverage_estimated_second_order_diff": [-0.04058109364399998, -0.04238433256600005, -0.029378098880000203, -0.034604065413000096, -0.06528080782399992, -0.05489367265599998, -0.043781664391099984, -0.0009497032968799335, 0.0055943295407511195, 0.006589212783833287]}