{"coverage_estimated_first_order": [1.2741728991728123, 1.361317215055107, 1.0348081974411205, 1.1867724118914293, 1.0474264346570914, 1.1982245647221252, 1.2321339655978967, 0.8760931853519913, 0.8671624953650615, 0.8006141244529101], "coverage_estimated_second_order": [0.7274326038200001, 0.8201187482679999, 1.010275225462, 0.688243645172, 1.022524590527, 0.650328365935, 0.7056682918397, 1.00120552297105, 1.00088907556111, 1.0048144120556], "sol": [0.0, 0.0, 1.0, 0.0, 1.0, 0.0, 0.0, 1.0, 1.0, 1.0], "coverage": [0.7348697916666667, 0.8226779513888889, 1.0, 0.6839149305555555, 1.0, 0.6485720486111111, 0.7144487847222222, 1.0, 1.0, 1.0], "coverage_estimated_first_order_diff": [0.5393031075061456, 0.5386392636662181, 0.034808197441120514, 0.5028574813358738, 0.0474264346570914, 0.5496525161110142, 0.5176851808756745, -0.12390681464800868, -0.13283750463493849, -0.19938587554708986], "coverage_estimated_second_order_diff": [-0.007437187846666582, -0.0025592031208889754, 0.010275225461999993, 0.004328714616444462, 0.022524590526999955, 0.001756317323888923, -0.00878049288252214, 0.0012055229710499216, 0.0008890755611099532, 0.004814412055599959]}