{"coverage_estimated_first_order": [0.7688318486765886, 1.1633006370608383, 0.847362978083179, 0.744181894715503, 1.1019889492667225, 0.9943957640088826, 0.704299220303688, 0.6359336968838599, 0.6258382540918814, 0.9063479996817965], "coverage_estimated_second_order": [1.032741594606, 0.924410075454, 1.050157895878, 1.044234644498, 0.7962397282079999, 0.6905173463209999, 1.013467221198, 0.02446611056428, 0.013212702267370001, 0.6223912999133], "sol": [1.0, 0.0, 1.0, 1.0, 0.0, 0.0, 1.0, 0.0, 0.0, 0.0], "coverage": [1.0, 0.8907942708333333, 1.0, 1.0, 0.7837586805555555, 0.6878949652777778, 1.0, 0.025160590277777777, 0.013328993055555556, 0.6255989583333333], "coverage_estimated_first_order_diff": [-0.2311681513234114, 0.272506366227505, -0.15263702191682105, -0.255818105284497, 0.318230268711167, 0.3065007987311048, -0.29570077969631203, 0.6107731066060822, 0.6125092610363259, 0.2807490413484631], "coverage_estimated_second_order_diff": [0.0327415946059999, 0.03361580462066671, 0.050157895878000014, 0.044234644497999964, 0.0124810476524444, 0.0026223810432220995, 0.013467221198000034, -0.0006944797134977761, -0.00011629078818555481, -0.0032076584200333436]}