{"coverage_estimated_first_order": [1.262529550085428, 1.3599074891804774, 1.0482918973544368, 1.2030952926427543, 1.115052037913091, 1.0293231358824217, 1.001747306959967, 1.0342848627055043, 0.6247893404396683, 1.096541625861107], "coverage_estimated_second_order": [0.68665445899, 0.802823195212, 1.014049781572, 0.714860280532, 1.030416865191, 1.028064918191, 1.0205592887338, 0.6985650540954399, 0.99993844605624, 0.6088204351801001], "sol": [0.0, 0.0, 1.0, 0.0, 1.0, 1.0, 1.0, 0.0, 1.0, 0.0], "coverage": [0.6813845486111111, 0.7943967013888888, 1.0, 0.6990581597222222, 1.0, 1.0, 1.0, 0.6918315972222222, 1.0, 0.6052473958333333], "coverage_estimated_first_order_diff": [0.581145001474317, 0.5655107877915886, 0.04829189735443684, 0.5040371329205321, 0.11505203791309104, 0.029323135882421747, 0.0017473069599669433, 0.34245326548328214, -0.3752106595603317, 0.4912942300277736], "coverage_estimated_second_order_diff": [0.005269910378888909, 0.008426493823111114, 0.014049781571999986, 0.01580212080977783, 0.030416865190999953, 0.028064918190999988, 0.020559288733799974, 0.006733456873217691, -6.155394375995105e-05, 0.003573039346766782]}