{"coverage_estimated_first_order": [1.0864365423201723, 1.1310680359134948, 1.3769315301113596, 1.1691243371972573, 1.1215472788259016, 0.9844441157990496, 1.3223374381853583, 0.7931873629002999, 0.7808256857897187, 0.8711996967121436], "coverage_estimated_second_order": [1.036448532414, 1.033403380135, 0.8416413705199999, 0.63136695689, 1.036968706538, 1.038277167518, 0.8971842414640001, 0.02102778287392, 0.00964157873178, 1.0144269287016001], "sol": [1.0, 1.0, 0.0, 0.0, 1.0, 1.0, 0.0, 0.0, 0.0, 1.0], "coverage": [1.0, 1.0, 0.7975564236111111, 0.6042100694444444, 1.0, 1.0, 0.8588975694444444, 0.0191796875, 0.008697916666666666, 1.0], "coverage_estimated_first_order_diff": [0.08643654232017228, 0.1310680359134948, 0.5793751065002485, 0.5649142677528128, 0.12154727882590155, -0.015555884200950443, 0.4634398687409139, 0.7740076754002999, 0.772127769123052, -0.1288003032878564], "coverage_estimated_second_order_diff": [0.036448532414000034, 0.033403380134999994, 0.044084946908888756, 0.027156887445555555, 0.036968706537999996, 0.03827716751800003, 0.03828667201955571, 0.0018480953739200001, 0.0009436620651133345, 0.014426928701600117]}