{"coverage_estimated_first_order": [1.0739716967439688, 0.8458029566238392, 0.8425943459341987, 0.9950733218060765, 0.8562683170005913, 0.7452516905094867, 1.0104965825657788, 0.6347222358720936, 0.625044266320142, 0.8415911739405993], "coverage_estimated_second_order": [0.786911365802, 1.0463250355379998, 1.050475331002, 0.723039291264, 1.04513630137, 1.022348909266, 0.672279534786, 0.020447824071080003, 0.010086635721790003, 0.440114060944], "sol": [0.0, 1.0, 1.0, 0.0, 1.0, 1.0, 0.0, 0.0, 0.0, 0.0], "coverage": [0.7487369791666667, 1.0, 1.0, 0.6864626736111111, 1.0, 1.0, 0.6497612847222223, 0.019700520833333332, 0.009418402777777777, 0.4331640625], "coverage_estimated_first_order_diff": [0.32523471757730205, -0.1541970433761608, -0.15740565406580131, 0.3086106481949654, -0.14373168299940875, -0.2547483094905133, 0.3607352978435565, 0.6150217150387604, 0.6156258635423643, 0.40842711144059934], "coverage_estimated_second_order_diff": [0.038174386635333346, 0.046325035537999826, 0.05047533100200008, 0.03657661765288889, 0.04513630136999991, 0.022348909266000083, 0.022518250063777723, 0.0007473032377466708, 0.0006682329440122255, 0.006949998444000016]}