{"coverage_estimated_first_order": [1.0460281940119691, 0.7915582258306331, 1.1241250511110605, 0.6931517270456419, 1.0785719666667921, 0.9797010322417017, 0.6869418011679943, 0.8775378891173808, 0.4692041557030274, 0.8783148881713543], "coverage_estimated_second_order": [0.744235544296, 0.99006647644, 0.863049428638, 1.0248133596509998, 0.73928767306, 0.6486543525249999, 0.9935212747674, 0.7022162375074501, 1.00040287284857, 0.5496242886247], "sol": [0.0, 1.0, 0.0, 1.0, 0.0, 0.0, 1.0, 0.0, 1.0, 0.0], "coverage": [0.7715928819444444, 1.0, 0.8646657986111111, 1.0, 0.7634114583333333, 0.6662717013888889, 1.0, 0.6965190972222223, 1.0, 0.5821614583333333], "coverage_estimated_first_order_diff": [0.2744353120675247, -0.20844177416936693, 0.2594592524999494, -0.3068482729543581, 0.31516050833345877, 0.31342933085281277, -0.3130581988320057, 0.18101879189515857, -0.5307958442969726, 0.29615342983802095], "coverage_estimated_second_order_diff": [-0.02735733764844439, -0.00993352355999999, -0.001616369973111098, 0.024813359650999844, -0.024123785273333365, -0.017617348863888993, -0.006478725232599958, 0.005697140285227831, 0.00040287284857010164, -0.032537169708633296]}