{"coverage_estimated_first_order": [1.0464990654520878, 1.1109085931004592, 1.4001548651004514, 0.9246819876302541, 1.3482941859040556, 1.2121141932235664, 0.9254759464624601, 0.6360068454784139, 1.0236324180292775, 1.1097125761932332], "coverage_estimated_second_order": [1.059148844248, 1.062293930744, 0.9182578709139999, 1.042961504997, 0.8006423353979999, 0.688179765542, 1.0189447087469001, 1.00128320287239, 0.69143745373306, 0.6487360755814], "sol": [1.0, 1.0, 0.0, 1.0, 0.0, 0.0, 1.0, 1.0, 0.0, 0.0], "coverage": [1.0, 1.0, 0.8658463541666667, 1.0, 0.7714973958333333, 0.6735286458333334, 1.0, 1.0, 0.6848871527777778, 0.63140625], "coverage_estimated_first_order_diff": [0.04649906545208782, 0.1109085931004592, 0.5343085109337847, -0.07531801236974589, 0.5767967900707223, 0.538585547390233, -0.07452405353753988, -0.3639931545215861, 0.3387452652514997, 0.4783063261932332], "coverage_estimated_second_order_diff": [0.05914884424799993, 0.062293930744000026, 0.05241151674733324, 0.04296150499700002, 0.029144939564666572, 0.014651119708666616, 0.01894470874690013, 0.0012832028723899214, 0.006550300955282196, 0.01732982558140006]}