{"coverage_estimated_first_order": [1.313383041665411, 1.1125035995286972, 1.1418470566237608, 0.9846166947558583, 1.0724302757724882, 1.1981894163856746, 1.1718725840868705, 1.0362737508639122, 0.6258814529435646, 1.0193430529785292], "coverage_estimated_second_order": [0.7745167872159999, 1.0345153899459998, 1.042683080508, 1.0252053880339997, 1.025749816925, 0.618823470582, 0.504954969998, 0.70318459060628, 1.00078311018166, 0.3881388919369], "sol": [0.0, 1.0, 1.0, 1.0, 1.0, 0.0, 0.0, 0.0, 1.0, 0.0], "coverage": [0.7328168402777778, 1.0, 1.0, 1.0, 1.0, 0.5954166666666667, 0.48712239583333333, 0.6962065972222222, 1.0, 0.3711111111111111], "coverage_estimated_first_order_diff": [0.5805662013876333, 0.11250359952869715, 0.14184705662376085, -0.015383305244141665, 0.07243027577248817, 0.6027727497190078, 0.6847501882535372, 0.34006715364168993, -0.37411854705643544, 0.6482319418674181], "coverage_estimated_second_order_diff": [0.0416999469382221, 0.034515389945999786, 0.04268308050800007, 0.025205388033999743, 0.02574981692499989, 0.02340680391533334, 0.017832574164666715, 0.006977993384057801, 0.0007831101816599961, 0.017027780825788874]}