{"coverage_estimated_first_order": [1.0659714873392634, 0.8150173572150423, 1.1504252199740415, 0.7164267649089346, 0.8291918988924406, 1.0370313657308712, 0.7200595115710251, 0.6355113781163286, 0.6252056022978186, 0.9007906848832137], "coverage_estimated_second_order": [0.794701085914, 1.034132652316, 0.9190283681379999, 1.0448562893549997, 1.05285561902, 0.794350261418, 1.02499054349, 0.02302289560358, 0.01093675052635, 0.6095323169933999], "sol": [0.0, 1.0, 0.0, 1.0, 1.0, 0.0, 1.0, 0.0, 0.0, 0.0], "coverage": [0.7783376736111111, 1.0, 0.8829383680555556, 1.0, 1.0, 0.7651388888888889, 1.0, 0.023055555555555555, 0.010876736111111111, 0.6122612847222222], "coverage_estimated_first_order_diff": [0.28763381372815233, -0.18498264278495768, 0.26748685191848587, -0.28357323509106536, -0.1708081011075594, 0.27189247684198226, -0.2799404884289749, 0.612455822560773, 0.6143288661867076, 0.2885294001609915], "coverage_estimated_second_order_diff": [0.016363412302888958, 0.034132652315999934, 0.03609000008244434, 0.044856289354999745, 0.05285561902000002, 0.0292113725291111, 0.02499054348999996, -3.2659951975554796e-05, 6.001441523888901e-05, -0.0027289677288222514]}