{"coverage_estimated_first_order": [1.00681805151937, 1.0403718413570426, 1.0170861919284202, 0.8953074441812128, 1.0535681255513953, 0.9797361805781524, 0.7472031826790205, 0.71735732360546, 0.7104851981245245, 0.6595859596457352], "coverage_estimated_second_order": [0.553713010058, 0.518066335396, 0.46928465705800004, 0.398233380496, 0.6002407867819999, 0.5990480587789999, 0.9752559642432, 1.0011296454267098, 1.0010684550434301, 0.9888418277452], "sol": [0.0, 0.0, 0.0, 0.0, 0.0, 0.0, 1.0, 1.0, 1.0, 1.0], "coverage": [0.46344618055555553, 0.41574652777777776, 0.3620963541666667, 0.3036328125, 0.5264019097222222, 0.5394314236111111, 1.0, 1.0, 1.0, 1.0], "coverage_estimated_first_order_diff": [0.5433718709638146, 0.6246253135792649, 0.6549898377617536, 0.5916746316812127, 0.5271662158291731, 0.4403047569670413, -0.25279681732097947, -0.28264267639454, -0.2895148018754755, -0.3404140403542648], "coverage_estimated_second_order_diff": [0.09026682950244447, 0.10231980761822224, 0.10718830289133335, 0.09460056799599997, 0.07383887705977765, 0.05961663516788884, -0.024744035756799954, 0.001129645426709791, 0.0010684550434301165, -0.01115817225479998]}