{"coverage_estimated_first_order": [1.6008939597421419, 1.714502321226484, 1.6901019502299768, 1.450757994399254, 1.6714918019145375, 1.451902377946081, 1.7885044484836565, 1.112054102196114, 1.0944377597929604, 1.2718332917932242], "coverage_estimated_second_order": [0.864159768646, 0.832334565475, 0.8418963391159999, 0.8885935207719999, 0.87689494342, 0.9334516280630001, 0.856762386838, 0.028643963141520002, 0.01484468268915, 0.9512005385218001], "sol": [1.0, 1.0, 1.0, 1.0, 1.0, 1.0, 0.0, 0.0, 0.0, 1.0], "coverage": [1.0, 1.0, 1.0, 1.0, 1.0, 1.0, 0.8699565972222222, 0.028736979166666666, 0.015377604166666666, 1.0], "coverage_estimated_first_order_diff": [0.6008939597421419, 0.714502321226484, 0.6901019502299768, 0.4507579943992539, 0.6714918019145375, 0.4519023779460809, 0.9185478512614343, 1.0833171230294472, 1.0790601556262938, 0.27183329179322424], "coverage_estimated_second_order_diff": [-0.13584023135400003, -0.16766543452500005, -0.15810366088400007, -0.11140647922800007, -0.12310505658000004, -0.06654837193699992, -0.013194210384222194, -9.301602514666385e-05, -0.0005329214775166655, -0.04879946147819991]}