{"coverage_estimated_first_order": [1.0300006165078779, 1.0749900369215595, 1.0940109742449227, 0.6861951992191653, 1.1349927197689036, 0.7697259812119184, 0.8354126506936684, 0.6356148356071734, 0.6252793565833102, 0.6879247868089358], "coverage_estimated_second_order": [0.67012273964, 0.6972223838889999, 0.771796432952, 0.9874385031399999, 0.862525621866, 1.013927731242, 1.02748747037, 0.02286291940037, 0.01111542945857, 0.9936323443774], "sol": [0.0, 0.0, 0.0, 1.0, 0.0, 1.0, 1.0, 0.0, 0.0, 1.0], "coverage": [0.6892100694444444, 0.7300954861111111, 0.7956597222222223, 1.0, 0.8606119791666667, 1.0, 1.0, 0.0225, 0.010833333333333334, 1.0], "coverage_estimated_first_order_diff": [0.3407905470634335, 0.3448945508104484, 0.2983512520227004, -0.3138048007808347, 0.27438074060223694, -0.23027401878808162, -0.16458734930633157, 0.6131148356071734, 0.6144460232499769, -0.31207521319106424], "coverage_estimated_second_order_diff": [-0.019087329804444386, -0.03287310222211115, -0.0238632892702223, -0.012561496860000076, 0.0019136426993333622, 0.013927731242000085, 0.0274874703700001, 0.0003629194003700008, 0.00028209612523666557, -0.006367655622599999]}