{"coverage_estimated_first_order": [1.301336545907073, 1.3797811584866175, 1.0570146869173165, 1.2096754550774982, 1.137783490986957, 1.0511049933995646, 1.0847099665701818, 0.7928451109961775, 0.7810464433964667, 0.9044252383642015], "coverage_estimated_second_order": [0.78303192992, 0.858847511875, 1.0259273490199998, 0.722334285752, 1.0335128044039998, 1.01142239828, 1.01518310046, 0.020331231131300004, 0.01050896691237, 1.0132647128907002], "sol": [0.0, 0.0, 1.0, 0.0, 1.0, 1.0, 1.0, 0.0, 0.0, 1.0], "coverage": [0.7571267361111111, 0.8354991319444445, 1.0, 0.6972265625, 1.0, 1.0, 1.0, 0.0195703125, 0.010108506944444444, 1.0], "coverage_estimated_first_order_diff": [0.5442098097959618, 0.5442820265421731, 0.05701468691731648, 0.5124488925774981, 0.13778349098695708, 0.05110499339956465, 0.08470996657018182, 0.7732747984961775, 0.7709379364520222, -0.09557476163579848], "coverage_estimated_second_order_diff": [0.025905193808888893, 0.023348379930555496, 0.025927349019999824, 0.025107723251999947, 0.03351280440399984, 0.011422398279999912, 0.015183100460000043, 0.0007609186313000046, 0.00040045996792555626, 0.013264712890700192]}