{"coverage_estimated_first_order": [1.0759254091728676, 1.1210984422073236, 1.3633032039854445, 1.1596650213662612, 1.0643194927693331, 1.2057481288389242, 1.2484819079531633, 0.6346352903075784, 1.022954744223371, 0.8501071459193275], "coverage_estimated_second_order": [1.042310242826, 1.0359488554279999, 0.8229495792259999, 0.6105895209679999, 1.0152526875119998, 0.6670602989119999, 0.7327017045183001, 0.99982148411573, 0.69021332595823, 1.0107761655914], "sol": [1.0, 1.0, 0.0, 0.0, 1.0, 0.0, 0.0, 1.0, 0.0, 1.0], "coverage": [1.0, 1.0, 0.7945225694444444, 0.5971137152777778, 1.0, 0.6562586805555556, 0.7238454861111111, 1.0, 0.6845659722222223, 1.0], "coverage_estimated_first_order_diff": [0.07592540917286761, 0.12109844220732358, 0.568780634541, 0.5625513060884834, 0.06431949276933313, 0.5494894482833687, 0.5246364218420522, -0.36536470969242163, 0.3383887720011488, -0.14989285408067254], "coverage_estimated_second_order_diff": [0.042310242826000044, 0.03594885542799986, 0.028427009781555435, 0.013475805690222109, 0.015252687511999818, 0.010801618356444331, 0.008856218407188976, -0.00017851588426998077, 0.005647353736007776, 0.010776165591400044]}