{"coverage_estimated_first_order": [1.2908254127597683, 1.3698115647804463, 1.0433863607914011, 1.2002161392465023, 1.0805557049303889, 1.2724090064394393, 1.0108544363379868, 0.634293038403456, 1.0231755018301192, 0.8833326875713854], "coverage_estimated_second_order": [0.76811869407, 0.845276312924, 1.0245689220619998, 0.7126802583959999, 1.054809833764, 0.8270901747299999, 1.0467382860325, 1.00079282189577, 0.6908106868570801, 1.0306175528997001], "sol": [0.0, 0.0, 1.0, 0.0, 1.0, 0.0, 1.0, 1.0, 0.0, 1.0], "coverage": [0.7520095486111111, 0.8334505208333334, 1.0, 0.6942621527777778, 1.0, 0.7881510416666667, 1.0, 1.0, 0.6848177083333333, 1.0], "coverage_estimated_first_order_diff": [0.5388158641486571, 0.5363610439471129, 0.043386360791401124, 0.5059539864687245, 0.08055570493038888, 0.4842579647727726, 0.010854436337986773, -0.36570696159654403, 0.33835779349678585, -0.11666731242861461], "coverage_estimated_second_order_diff": [0.016109145458888863, 0.011825792090666587, 0.024568922061999787, 0.018418105618222103, 0.05480983376399995, 0.03893913306333319, 0.046738286032500076, 0.0007928218957700128, 0.005992978523746806, 0.03061755289970014]}