{"coverage_estimated_first_order": [1.522876821427898, 1.9434422674467537, 1.5743403014844568, 1.646333549100081, 1.623756507725275, 1.430155668765389, 1.7658031703844674, 1.19331328839352, 1.1794616992576592, 1.2452207507645106], "coverage_estimated_second_order": [0.9928968592, 0.892486260443, 0.980820775442, 0.6883724535139999, 0.986708933457, 0.989704247261, 0.8654431138819001, 0.9993056229109499, 0.99933280146198, 1.0011730325927], "sol": [1.0, 0.0, 1.0, 0.0, 1.0, 1.0, 0.0, 1.0, 1.0, 1.0], "coverage": [1.0, 0.9067534722222222, 1.0, 0.7027777777777777, 1.0, 1.0, 0.8668402777777777, 1.0, 1.0, 1.0], "coverage_estimated_first_order_diff": [0.522876821427898, 1.0366887952245314, 0.5743403014844568, 0.9435557713223033, 0.6237565077252749, 0.4301556687653889, 0.8989628926066897, 0.19331328839352002, 0.1794616992576592, 0.24522075076451055], "coverage_estimated_second_order_diff": [-0.007103140799999963, -0.0142672117792223, -0.01917922455800003, -0.01440532426377783, -0.013291066543000052, -0.010295752738999964, -0.001397163895877629, -0.0006943770890500689, -0.0006671985380199974, 0.001173032592699963]}