{"coverage_estimated_first_order": [1.063460563596664, 1.1544002735245285, 1.1047064504945348, 1.2161469553404707, 1.0685756190744604, 1.198486807592625, 1.1747732623389735, 0.6348381937281793, 1.0233864983773766, 1.0513780771331183], "coverage_estimated_second_order": [1.0283837538620002, 1.04735854542, 1.043021727856, 0.719408905676, 1.023343556446, 0.625797931196, 0.5287335909526001, 1.00071841959544, 0.6910106916809999, 0.4627035837665999], "sol": [1.0, 1.0, 1.0, 0.0, 1.0, 0.0, 0.0, 1.0, 0.0, 0.0], "coverage": [1.0, 1.0, 1.0, 0.6816493055555556, 1.0, 0.6030425347222222, 0.5176996527777777, 1.0, 0.6848046875, 0.44828993055555555], "coverage_estimated_first_order_diff": [0.06346056359666408, 0.15440027352452845, 0.10470645049453475, 0.5344976497849151, 0.06857561907446041, 0.5954442728704027, 0.6570736095611958, -0.3651618062718207, 0.3385818108773766, 0.6030881465775627], "coverage_estimated_second_order_diff": [0.028383753862000205, 0.047358545420000064, 0.04302172785599989, 0.037759600120444436, 0.023343556446000058, 0.022755396473777778, 0.011033938174822344, 0.0007184195954399453, 0.0062060041809999245, 0.014413653211044375]}