{"coverage_estimated_first_order": [1.032689330324693, 1.4113307959242825, 1.0426632753835017, 1.1879051787363337, 1.3499036619540008, 1.2257057639536586, 0.9941874713913601, 1.0349875798533155, 0.6251721401562416, 0.899101723311412], "coverage_estimated_second_order": [1.041962666304, 0.928493692938, 1.0235167911799998, 0.698596067858, 0.818017775942, 0.721593024897, 1.0200734052770999, 0.7014335104339898, 1.00046357401816, 1.0276116341519002], "sol": [1.0, 0.0, 1.0, 0.0, 0.0, 0.0, 1.0, 0.0, 1.0, 1.0], "coverage": [1.0, 0.8975998263888889, 1.0, 0.6912022569444445, 0.8085807291666667, 0.7099175347222222, 1.0, 0.6953645833333333, 1.0, 1.0], "coverage_estimated_first_order_diff": [0.0326893303246929, 0.5137309695353935, 0.042663275383501675, 0.49670292179188924, 0.5413229327873341, 0.5157882292314364, -0.0058125286086399, 0.3396229965199822, -0.37482785984375844, -0.10089827668858797], "coverage_estimated_second_order_diff": [0.04196266630400003, 0.030893866549111082, 0.02351679117999983, 0.00739381091355551, 0.009437046775333302, 0.011675490174777758, 0.020073405277099887, 0.00606892710065654, 0.00046357401815999566, 0.027611634151900155]}