{"coverage_estimated_first_order": [0.7989256242434414, 0.529069314215708, 0.8286766365051437, 0.7029830375538617, 0.5224857526838522, 0.730731154238643, 0.7057055737885725, 0.7174070115680982, 0.3122693789403226, 0.6187094578974486], "coverage_estimated_second_order": [0.668338726978, 0.9318595952019999, 0.703140753492, 0.511195270754, 0.937951428933, 0.525395248487, 0.4087089616146, 0.69564403596263, 0.9985903410133, 0.322674127923], "sol": [0.0, 1.0, 0.0, 0.0, 1.0, 0.0, 0.0, 0.0, 1.0, 0.0], "coverage": [0.7256336805555555, 1.0, 0.7806857638888889, 0.5734765625, 1.0, 0.5734201388888889, 0.45374565972222225, 0.6918098958333333, 1.0, 0.3496050347222222], "coverage_estimated_first_order_diff": [0.07329194368788583, -0.470930685784292, 0.04799087261625479, 0.1295064750538617, -0.4775142473161478, 0.1573110153497541, 0.2519599140663502, 0.025597115734764864, -0.6877306210596774, 0.26910442317522637], "coverage_estimated_second_order_diff": [-0.05729495357755554, -0.0681404047980001, -0.07754501039688888, -0.062281291746000056, -0.06204857106700001, -0.04802489040188884, -0.04503669810762223, 0.003834140129296726, -0.0014096589866999798, -0.02693090679922222]}