{"coverage_estimated_first_order": [1.3300355552523673, 1.1209979492540365, 1.1504252199740415, 0.9980604221109313, 1.1055595460457854, 1.2723738581029886, 0.9505930548269605, 0.7944736039153768, 0.7818944594086222, 1.1020616160970045], "coverage_estimated_second_order": [0.818440673018, 1.035193254012, 1.0280982738839999, 1.010317861735, 1.0376725264059998, 0.804504636327, 1.0150272342239999, 0.02615560109421, 0.013550703615180001, 0.6302203823677001], "sol": [0.0, 1.0, 1.0, 1.0, 1.0, 0.0, 1.0, 0.0, 0.0, 0.0], "coverage": [0.7794748263888889, 1.0, 1.0, 1.0, 1.0, 0.7693272569444445, 1.0, 0.025464409722222223, 0.013090277777777777, 0.6170269097222222], "coverage_estimated_first_order_diff": [0.5505607288634784, 0.12099794925403651, 0.15042521997404146, -0.0019395778890687332, 0.10555954604578544, 0.5030466011585442, -0.04940694517303945, 0.7690091941931546, 0.7688041816308444, 0.4850347063747823], "coverage_estimated_second_order_diff": [0.03896584662911118, 0.03519325401199991, 0.02809827388399988, 0.010317861734999934, 0.03767252640599983, 0.035177379382555496, 0.015027234223999875, 0.0006911913719877781, 0.00046042583740222437, 0.013193472645477877]}