{"coverage_estimated_first_order": [1.0396902531663632, 1.119671187819565, 0.835558846966612, 0.7358135682730456, 1.1288510288745994, 0.7100620757654481, 1.0659461939496038, 0.6361781342669827, 0.6259552072290561, 0.6143607674073459], "coverage_estimated_second_order": [0.724698287128, 0.825550040551, 1.037762185356, 1.04085887504, 0.870460791586, 1.019427048965, 0.837892174718, 0.02519096896593, 0.013717446804510001, 1.0064197742548], "sol": [0.0, 0.0, 1.0, 1.0, 0.0, 1.0, 0.0, 0.0, 0.0, 1.0], "coverage": [0.7244791666666667, 0.8100694444444444, 1.0, 1.0, 0.8544010416666666, 1.0, 0.8297005208333333, 0.025633680555555555, 0.014071180555555556, 1.0], "coverage_estimated_first_order_diff": [0.31521108649969654, 0.3096017433751207, -0.16444115303338802, -0.26418643172695444, 0.2744499872079328, -0.2899379242345519, 0.23624567311627043, 0.6105444537114271, 0.6118840266735005, -0.3856392325926541], "coverage_estimated_second_order_diff": [0.00021912046133332197, 0.01548059610655561, 0.037762185355999955, 0.040858875040000076, 0.016059749919333344, 0.019427048964999916, 0.008191653884666694, -0.0004427115896255551, -0.00035373375104555405, 0.006419774254800004]}