{"coverage_estimated_first_order": [0.764644180665836, 0.8029375454114338, 0.821641137537557, 0.4437232840208306, 0.7950684645578604, 0.6955415394946043, 0.7611551851723974, 0.7188629099629871, 0.31318031984923667, 0.39147905136419525], "coverage_estimated_second_order": [0.532145878522, 0.5610892598899999, 0.635823932698, 0.901203346862, 0.539160403316, 0.390013859149, 0.552040103323, 0.69848939065676, 0.99975013467607, 0.9420527411203], "sol": [0.0, 0.0, 0.0, 1.0, 0.0, 0.0, 0.0, 0.0, 1.0, 1.0], "coverage": [0.5991536458333333, 0.6400390625, 0.7198784722222222, 1.0, 0.5994618055555555, 0.4262934027777778, 0.5958116319444444, 0.6931770833333334, 1.0, 1.0], "coverage_estimated_first_order_diff": [0.16549053483250264, 0.16289848291143383, 0.10176266531533473, -0.5562767159791694, 0.1956066590023049, 0.2692481367168265, 0.16534355322795302, 0.025685826629653685, -0.6868196801507633, -0.6085209486358047], "coverage_estimated_second_order_diff": [-0.06700776731133329, -0.07894980261000006, -0.08405453952422226, -0.09879665313800001, -0.06030140223955549, -0.03627954362877778, -0.0437715286214444, 0.005312307323426579, -0.0002498653239300097, -0.05794725887969998]}