{"coverage_estimated_first_order": [1.0298465518651319, 1.1024142433751198, 1.3915767017501708, 0.9112382602751812, 1.3151649156307583, 1.1379297515062523, 1.1467554757223701, 0.8778069924269493, 0.86761941156422, 1.026994013074758], "coverage_estimated_second_order": [1.0410859352140003, 1.056234914506, 0.898074761838, 1.016212987702, 0.691558977078, 0.452930733009, 0.4379001878528, 0.9999991825796701, 1.00012159709431, 0.4138129432859], "sol": [1.0, 1.0, 0.0, 1.0, 0.0, 0.0, 0.0, 1.0, 1.0, 0.0], "coverage": [1.0, 1.0, 0.8638107638888889, 1.0, 0.6606727430555556, 0.42636284722222223, 0.4239192708333333, 1.0, 1.0, 0.39446614583333334], "coverage_estimated_first_order_diff": [0.029846551865131854, 0.10241424337511984, 0.5277659378612819, -0.08876173972481882, 0.6544921725752028, 0.71156690428403, 0.7228362048890369, -0.12219300757305074, -0.13238058843578004, 0.6325278672414245], "coverage_estimated_second_order_diff": [0.04108593521400028, 0.05623491450599993, 0.03426399794911106, 0.01621298770200008, 0.030886234022444392, 0.026567885786777767, 0.013980917019466688, -8.174203298683125e-07, 0.00012159709431003307, 0.019346797452566677]}