{"coverage_estimated_first_order": [1.3225571075012765, 1.0642369865524226, 1.3827218046019703, 0.9183034502734291, 1.3506834875150098, 1.2223048458601182, 0.9911839900381192, 1.036297211495828, 0.6254612586598258, 0.8783148881713543], "coverage_estimated_second_order": [0.8477699085139999, 1.0348688130039998, 0.898765099092, 1.035553373453, 0.8110578928700001, 0.7122506561989999, 1.0294356188840001, 0.7047961258288701, 1.0009412694017201, 1.0343257099307], "sol": [0.0, 1.0, 0.0, 1.0, 0.0, 0.0, 1.0, 0.0, 1.0, 1.0], "coverage": [0.8200911458333333, 1.0, 0.8699782986111111, 1.0, 0.7952473958333334, 0.6973697916666667, 1.0, 0.6983029513888889, 1.0, 1.0], "coverage_estimated_first_order_diff": [0.5024659616679432, 0.0642369865524226, 0.5127435059908592, -0.08169654972657092, 0.5554360916816764, 0.5249350541934515, -0.00881600996188081, 0.3379942601069391, -0.3745387413401742, -0.12168511182864572], "coverage_estimated_second_order_diff": [0.027678762680666602, 0.0348688130039998, 0.028786800480888886, 0.035553373453000026, 0.015810497036666704, 0.014880864532333171, 0.029435618884000148, 0.006493174439981209, 0.000941269401720124, 0.034325709930699944]}