{"coverage_estimated_first_order": [1.513187184769413, 1.8987611165487481, 1.8327924287627675, 1.5967151800462005, 1.6298981986195789, 1.4898195742118592, 1.5352696271285322, 1.1927499897337106, 1.1787858486119132, 1.3187847701661002], "coverage_estimated_second_order": [0.9582644190760002, 0.8007605812509999, 0.6995560816539999, 0.555339464576, 0.9561464138909999, 0.9514686899989999, 0.9496880087960001, 0.9985222070470501, 0.9996012737647999, 0.9711780882681], "sol": [1.0, 0.0, 0.0, 0.0, 1.0, 1.0, 1.0, 1.0, 1.0, 1.0], "coverage": [1.0, 0.8271701388888889, 0.7301215277777777, 0.5776779513888889, 1.0, 1.0, 1.0, 1.0, 1.0, 1.0], "coverage_estimated_first_order_diff": [0.5131871847694129, 1.0715909776598593, 1.1026709009849898, 1.0190372286573117, 0.6298981986195789, 0.4898195742118592, 0.5352696271285322, 0.1927499897337106, 0.17878584861191316, 0.3187847701661002], "coverage_estimated_second_order_diff": [-0.04173558092399976, -0.026409557637888992, -0.030565446123777873, -0.022338486812888858, -0.04385358610900014, -0.04853131000100008, -0.05031199120399987, -0.001477792952949919, -0.00039872623520009753, -0.028821911731899963]}