{"coverage_estimated_first_order": [1.3210742665124966, 1.1082918682387641, 1.1380427605401155, 0.9852420112978568, 1.4123545309835313, 0.9942215685125454, 0.9917328099452007, 0.7948531134213764, 0.7819790430828468, 1.101196604214505], "coverage_estimated_second_order": [0.814827479938, 1.035135253364, 1.0442231163279998, 1.026867373877, 0.917184792162, 1.0388899750769998, 1.033234688482, 0.026987924256239998, 0.01387381976463, 0.6313618694670999], "sol": [0.0, 1.0, 1.0, 1.0, 0.0, 1.0, 1.0, 0.0, 0.0, 0.0], "coverage": [0.7785503472222223, 1.0, 1.0, 1.0, 0.8678645833333334, 1.0, 1.0, 0.026124131944444445, 0.0135546875, 0.6171223958333333], "coverage_estimated_first_order_diff": [0.5425239192902743, 0.10829186823876413, 0.13804276054011555, -0.014757988702143177, 0.5444899476501979, -0.005778431487454605, -0.008267190054799256, 0.768728981476932, 0.7684243555828468, 0.48407420838117166], "coverage_estimated_second_order_diff": [0.036277132715777705, 0.03513525336399992, 0.0442231163279998, 0.026867373877, 0.04932020882866661, 0.03888997507699976, 0.03323468848200006, 0.0008637923117955533, 0.00031913226462999995, 0.014239473633766653]}