{"coverage_estimated_first_order": [1.3138539131055298, 1.1132870561916628, 1.1421364399269005, 0.9856140059750806, 1.072617406879314, 1.1986714733242756, 1.1722745193759463, 0.636074676776138, 1.0240965416462329, 1.019861287015073], "coverage_estimated_second_order": [0.7754531492640001, 1.0349632539759999, 1.042289587546, 1.024815414646, 1.026280724418, 0.620418899509, 0.5062964979583, 1.0010140229892301, 0.69192122108812, 0.38963731055960005], "sol": [0.0, 1.0, 1.0, 1.0, 1.0, 0.0, 0.0, 1.0, 0.0, 0.0], "coverage": [0.7331857638888889, 1.0, 1.0, 1.0, 1.0, 0.5966753472222223, 0.48835069444444446, 1.0, 0.6850607638888889, 0.3722612847222222], "coverage_estimated_first_order_diff": [0.5806681492166409, 0.1132870561916628, 0.1421364399269005, -0.014385994024919357, 0.07261740687931395, 0.6019961261020533, 0.6839238249315018, -0.36392532322386195, 0.33903577775734395, 0.6476000022928508], "coverage_estimated_second_order_diff": [0.04226738537511121, 0.034963253975999864, 0.042289587546000096, 0.02481541464600001, 0.02628072441799989, 0.023743552286777714, 0.01794580351385555, 0.0010140229892301456, 0.006860457199231118, 0.01737602583737785]}