{"coverage_estimated_first_order": [1.084835189833614, 1.1299988057436336, 1.4085882713601914, 0.9302648388457757, 1.3708385078710958, 1.2334139938021083, 1.0080366707835993, 0.794766167856861, 0.7816744322834076, 0.917077954659784], "coverage_estimated_second_order": [1.0415048940220002, 1.0515739148499998, 0.923553467674, 1.0424152309049999, 0.843240298118, 0.7319082036639999, 1.0202955172319998, 0.026775919885360003, 0.01307351916109, 1.0163186947554], "sol": [1.0, 1.0, 0.0, 1.0, 0.0, 0.0, 1.0, 0.0, 0.0, 1.0], "coverage": [1.0, 1.0, 0.8681640625, 1.0, 0.8005034722222222, 0.7005772569444444, 1.0, 0.026236979166666667, 0.013042534722222223, 1.0], "coverage_estimated_first_order_diff": [0.08483518983361393, 0.12999880574363365, 0.5404242088601914, -0.06973516115422429, 0.5703350356488737, 0.5328367368576639, 0.008036670783599265, 0.7685291886901944, 0.7686318975611853, -0.08292204534021597], "coverage_estimated_second_order_diff": [0.041504894022000194, 0.05157391484999985, 0.05538940517400004, 0.04241523090499988, 0.042736825895777875, 0.0313309467195555, 0.02029551723199985, 0.0005389407186933357, 3.0984438867776715e-05, 0.016318694755399932]}