{"coverage_estimated_first_order": [1.0287082485789398, 1.108918137450428, 0.821641137537557, 0.7253569412228273, 1.0714361117112055, 0.9308840318667216, 0.9916887284283328, 0.8778251357620352, 0.46986917696004027, 0.5927499825779861], "coverage_estimated_second_order": [0.683189475314, 0.788431569496, 1.010843575232, 1.02478060035, 0.69146187267, 0.49174029384599993, 0.6181958312170001, 0.7014571837119099, 1.00092074456932, 0.9797447590785], "sol": [0.0, 0.0, 1.0, 1.0, 0.0, 0.0, 0.0, 0.0, 1.0, 1.0], "coverage": [0.6933984375, 0.7880164930555555, 1.0, 1.0, 0.6874392361111111, 0.49707899305555553, 0.6214539930555556, 0.6943055555555555, 1.0, 1.0], "coverage_estimated_first_order_diff": [0.33530981107893987, 0.32090164439487245, -0.17835886246244304, -0.27464305877717266, 0.3839968756000943, 0.4338050388111661, 0.3702347353727772, 0.18351958020647974, -0.5301308230399597, -0.40725001742201394], "coverage_estimated_second_order_diff": [-0.010208962185999981, 0.0004150764404444729, 0.010843575231999969, 0.02478060034999996, 0.0040226365588889035, -0.005338699209555597, -0.00325816183855554, 0.007151628156354395, 0.0009207445693200089, -0.020255240921499995]}