{"coverage_estimated_first_order": [1.356171119232809, 1.4347899273086917, 1.3715919840325852, 1.4537450947041086, 1.3736292790891498, 1.5147930059897545, 1.2573339866601128, 0.9519964432458652, 0.9374415190965641, 1.1335784062150498], "coverage_estimated_second_order": [0.956834809868, 0.9694623982799999, 0.9947112509339999, 0.7220617128710001, 1.00298570696, 0.82508421319, 1.005582092934, 0.02386108287811, 0.01192850446901, 0.9729619704833001], "sol": [1.0, 1.0, 1.0, 0.0, 1.0, 0.0, 1.0, 0.0, 0.0, 1.0], "coverage": [1.0, 1.0, 1.0, 0.6959678819444445, 1.0, 0.7972352430555556, 1.0, 0.023129340277777778, 0.011671006944444444, 1.0], "coverage_estimated_first_order_diff": [0.356171119232809, 0.4347899273086917, 0.3715919840325852, 0.7577772127596641, 0.3736292790891498, 0.7175577629341989, 0.25733398666011276, 0.9288671029680874, 0.9257705121521197, 0.1335784062150498], "coverage_estimated_second_order_diff": [-0.04316519013200004, -0.030537601720000085, -0.005288749066000076, 0.026093830926555595, 0.0029857069599998898, 0.02784897013444443, 0.005582092934000027, 0.0007317426003322219, 0.00025749752456555655, -0.02703802951669987]}