{"coverage_estimated_first_order": [1.3048926243656591, 1.419147885783251, 1.4054944111792258, 1.203328544527396, 1.6489474799474972, 1.152450287777096, 1.4515464844995765, 0.7951222167309447, 1.1803942989440395, 1.2498757291179086], "coverage_estimated_second_order": [0.9947928708320002, 0.9933711021839999, 0.991674190884, 0.98423675272, 0.859087593468, 0.992906433357, 0.6709924588148, 1.0005337819595, 0.6921676984298699, 0.49209031136150005], "sol": [1.0, 1.0, 1.0, 1.0, 0.0, 1.0, 0.0, 1.0, 0.0, 0.0], "coverage": [1.0, 1.0, 1.0, 1.0, 0.8506770833333334, 1.0, 0.6728385416666667, 1.0, 0.6855815972222222, 0.48875], "coverage_estimated_first_order_diff": [0.3048926243656591, 0.4191478857832509, 0.4054944111792258, 0.20332854452739602, 0.7982703966141639, 0.1524502877770959, 0.7787079428329098, -0.20487778326905526, 0.49481270172181724, 0.7611257291179085], "coverage_estimated_second_order_diff": [-0.005207129167999813, -0.006628897816000068, -0.008325809116000005, -0.015763247280000003, 0.008410510134666649, -0.007093566642999982, -0.001846082851866715, 0.0005337819594999349, 0.006586101207647688, 0.003340311361500037]}