{"coverage_estimated_first_order": [1.577711394753634, 1.361317215055107, 1.3374367372272233, 1.4293372899959114, 1.3205321195665922, 1.4299814732690515, 1.4621627704636184, 1.0351285597455935, 1.023430427710593, 1.0126150106446885], "coverage_estimated_second_order": [0.8445635927800001, 1.0439563997919998, 1.04103427669, 0.719399203052, 1.025115722079, 0.663713026121, 0.7207808551459001, 1.00067107840982, 1.00017240769395, 1.0068911613256], "sol": [0.0, 1.0, 1.0, 0.0, 1.0, 0.0, 0.0, 1.0, 1.0, 1.0], "coverage": [0.81625, 1.0, 1.0, 0.6891666666666667, 1.0, 0.6559852430555555, 0.7255425347222222, 1.0, 1.0, 1.0], "coverage_estimated_first_order_diff": [0.7614613947536341, 0.36131721505510694, 0.33743673722722334, 0.7401706233292447, 0.3205321195665922, 0.773996230213496, 0.7366202357413962, 0.03512855974559348, 0.023430427710593005, 0.012615010644688507], "coverage_estimated_second_order_diff": [0.02831359278000012, 0.043956399791999834, 0.04103427669000004, 0.030232536385333297, 0.025115722078999925, 0.007727783065444527, -0.00476167957632212, 0.0006710784098200584, 0.0001724076939499941, 0.00689116132559997]}