{"coverage_estimated_first_order": [1.3210742665124966, 1.4268587788456246, 1.4137831912263668, 1.2157749606632466, 1.6818896191139687, 1.2261526725558087, 1.2298650199505907, 0.9535211438701835, 0.9381922167064286, 1.33207605819984], "coverage_estimated_second_order": [0.9889938907479999, 0.9777717429119999, 0.97383376347, 0.974025025135, 0.8952985326759999, 1.0055168507669998, 1.012910924692, 0.028442579253160002, 0.014543822190520002, 0.6889073076941], "sol": [1.0, 1.0, 1.0, 1.0, 0.0, 1.0, 1.0, 0.0, 0.0, 0.0], "coverage": [1.0, 1.0, 1.0, 1.0, 0.8747309027777778, 1.0, 1.0, 0.027469618055555554, 0.014470486111111111, 0.6619618055555555], "coverage_estimated_first_order_diff": [0.3210742665124966, 0.4268587788456246, 0.41378319122636675, 0.21577496066324664, 0.807158716336191, 0.22615267255580873, 0.22986501995059072, 0.9260515258146279, 0.9237217305953175, 0.6701142526442846], "coverage_estimated_second_order_diff": [-0.011006109252000074, -0.022228257088000136, -0.026166236530000053, -0.025974974865, 0.02056762989822214, 0.005516850766999815, 0.012910924692000059, 0.000972961197604448, 7.333607940889116e-05, 0.02694550213854452]}