{"coverage_estimated_first_order": [0.7761037101626795, 1.1621111665869022, 0.8103666907555728, 0.9860284933718393, 0.8284120733314313, 1.0404322838244116, 0.723062992924266, 0.634201746473816, 0.6249164837942344, 0.9215775200232714], "coverage_estimated_second_order": [1.048457526332, 0.9346960759199999, 1.0481799595719998, 0.71865039747, 1.05872118394, 0.8011993552059999, 1.036694160268, 0.01907012087868, 0.00980603273425, 0.6657186471533], "sol": [1.0, 0.0, 1.0, 0.0, 1.0, 0.0, 1.0, 0.0, 0.0, 0.0], "coverage": [1.0, 0.8951909722222222, 1.0, 0.6909722222222222, 1.0, 0.7676258680555555, 1.0, 0.019457465277777777, 0.009756944444444445, 0.6538194444444444], "coverage_estimated_first_order_diff": [-0.22389628983732046, 0.26692019436467995, -0.18963330924442723, 0.2950562711496171, -0.1715879266685687, 0.272806415768856, -0.276937007075734, 0.6147442811960382, 0.61515953934979, 0.267758075578827], "coverage_estimated_second_order_diff": [0.048457526331999956, 0.03950510369777771, 0.04817995957199983, 0.027678175247777825, 0.05872118393999992, 0.03357348715044439, 0.03669416026799999, -0.00038734439909777693, 4.9088289805555504e-05, 0.011899202708855583]}