{"coverage_estimated_first_order": [0.7690961338517075, 0.7875667499413933, 0.7672122280003902, 0.6767358833881694, 0.8041880577770439, 0.7589142244768788, 0.5259236534191106, 0.31715824951768595, 0.7104851981245245, 0.4674695721488298], "coverage_estimated_second_order": [0.5135395127419999, 0.47164463255, 0.422306262014, 0.36050869023000004, 0.556733416428, 0.567132841992, 0.9498525334286001, 0.99819085746226, 0.68816335071737, 0.9736139281792], "sol": [0.0, 0.0, 0.0, 0.0, 0.0, 0.0, 1.0, 1.0, 0.0, 1.0], "coverage": [0.46305121527777776, 0.4150260416666667, 0.36102864583333333, 0.30270833333333336, 0.5263237847222222, 0.5392404513888889, 1.0, 1.0, 0.683671875, 1.0], "coverage_estimated_first_order_diff": [0.30604491857392974, 0.37254070827472663, 0.4061835821670569, 0.374027550054836, 0.27786427305482175, 0.21967377308798997, -0.4740763465808894, -0.6828417504823141, 0.026813323124524446, -0.5325304278511702], "coverage_estimated_second_order_diff": [0.050488297464222176, 0.05661859088333332, 0.06127761618066668, 0.05780035689666668, 0.030409631705777818, 0.027892390603111106, -0.0501474665713999, -0.001809142537740005, 0.004491475717369964, -0.026386071820799994]}