{"coverage_estimated_first_order": [0.8155781378303975, 0.8561305745479078, 1.1129952305416755, 0.9469597142743247, 0.8251501110875871, 1.0368466999992205, 0.7225582545340525, 0.63427489506837, 0.6244955590289621, 0.932307475001259], "coverage_estimated_second_order": [1.051511089208, 1.045261920088, 0.8259390013459998, 0.620734781553, 1.04237886669, 0.791015094192, 1.027899416168, 0.0183478661059, 0.00811056131204, 0.6769445676060001], "sol": [1.0, 1.0, 0.0, 0.0, 1.0, 0.0, 1.0, 0.0, 0.0, 0.0], "coverage": [1.0, 1.0, 0.79390625, 0.6042925347222222, 1.0, 0.7637934027777777, 1.0, 0.01727864583333333, 0.007473958333333333, 0.6560720486111111], "coverage_estimated_first_order_diff": [-0.18442186216960255, -0.14386942545209225, 0.31908898054167545, 0.34266717955210246, -0.17484988891241293, 0.2730532972214428, -0.27744174546594746, 0.6169962492350366, 0.6170216006956288, 0.27623542639014786], "coverage_estimated_second_order_diff": [0.05151108920799996, 0.04526192008800001, 0.03203275134599981, 0.016442246830777774, 0.04237886669000002, 0.02722169141422226, 0.027899416167999957, 0.0010692202725666698, 0.0006366029787066669, 0.020872518994888956]}