{"coverage_estimated_first_order": [1.0540284034166747, 1.1409107358462904, 1.092034607757469, 1.2023312333081737, 1.3751834729053802, 0.9198524610635808, 1.2155110821681379, 1.0354167773219531, 0.6252559933489327, 1.049994831214075], "coverage_estimated_second_order": [1.044656836384, 1.0585366912960001, 1.0435862183299998, 0.694686288724, 0.850097542712, 1.0153630318470002, 0.6499981476457001, 0.70220643286694, 1.00041625881764, 0.4753035698202001], "sol": [1.0, 1.0, 1.0, 0.0, 0.0, 1.0, 0.0, 0.0, 1.0, 0.0], "coverage": [1.0, 1.0, 1.0, 0.6562239583333334, 0.8152473958333334, 1.0, 0.6413151041666667, 0.695703125, 1.0, 0.46122395833333335], "coverage_estimated_first_order_diff": [0.0540284034166747, 0.14091073584629044, 0.09203460775746897, 0.5461072749748404, 0.5599360770720468, -0.08014753893641924, 0.5741959780014712, 0.33971365232195316, -0.37474400665106733, 0.5887708728807417], "coverage_estimated_second_order_diff": [0.04465683638400009, 0.05853669129600014, 0.04358621832999976, 0.0384623303906666, 0.03485014687866661, 0.015363031847000164, 0.00868304347903337, 0.006503307866939978, 0.0004162588176399584, 0.014079611486866761]}