{"coverage_estimated_first_order": [0.7982581923973682, 1.173490486167703, 0.8105113169681718, 0.97916492845151, 0.8180142561320002, 0.9880296996242406, 1.0273051817943908, 0.6345621417130244, 0.625160580285975, 0.6467425694078908], "coverage_estimated_second_order": [1.051980982814, 0.9448409302819999, 1.0395061996339998, 0.705282065936, 1.0365701415019999, 0.672358586218, 0.7387447797660001, 0.01991750912476, 0.01067618297767, 1.025595457894], "sol": [1.0, 0.0, 1.0, 0.0, 1.0, 0.0, 0.0, 0.0, 0.0, 1.0], "coverage": [1.0, 0.901484375, 1.0, 0.6833463541666667, 1.0, 0.6588715277777778, 0.7301345486111112, 0.01967013888888889, 0.010572916666666666, 1.0], "coverage_estimated_first_order_diff": [-0.20174180760263183, 0.2720061111677029, -0.1894886830318282, 0.29581857428484337, -0.18198574386799982, 0.3291581718464628, 0.29717063318327963, 0.6148920028241355, 0.6145876636193083, -0.35325743059210923], "coverage_estimated_second_order_diff": [0.0519809828140001, 0.04335655528199989, 0.03950619963399982, 0.021935711769333288, 0.03657014150199989, 0.013487058440222244, 0.008610231154888903, 0.00024737023587111107, 0.00010326631100333362, 0.025595457894000084]}