{"coverage_estimated_first_order": [1.0985059082378523, 1.158525704508633, 1.0954178512415742, 1.2118984960477723, 1.3736292790891498, 1.2366407163993114, 1.002936746997172, 0.7938238801591433, 0.7814400725017729, 0.918986222006285], "coverage_estimated_second_order": [1.0182678558559999, 1.032347437326, 1.0312815598999998, 0.7279599372209999, 0.849324188004, 0.74340570028, 1.014329797552, 0.02375119488791, 0.011910744904550002, 1.0030461380973001], "sol": [1.0, 1.0, 1.0, 0.0, 0.0, 0.0, 1.0, 0.0, 0.0, 1.0], "coverage": [1.0, 1.0, 1.0, 0.6899262152777778, 0.814375, 0.7147743055555555, 1.0, 0.02293402777777778, 0.011510416666666667, 1.0], "coverage_estimated_first_order_diff": [0.09850590823785232, 0.15852570450863301, 0.0954178512415742, 0.5219722807699946, 0.5592542790891498, 0.5218664108437558, 0.002936746997171946, 0.7708898523813655, 0.7699296558351063, -0.08101377799371501], "coverage_estimated_second_order_diff": [0.01826785585599988, 0.032347437325999984, 0.03128155989999981, 0.03803372194322219, 0.03494918800400004, 0.028631394724444426, 0.014329797552000034, 0.0008171671101322199, 0.0004003282378833347, 0.003046138097300144]}