{"coverage_estimated_first_order": [1.336829891829038, 1.0899548185806294, 1.4143615195437256, 0.9385913878318672, 1.1255890666307553, 0.9846287815307001, 1.319838695222331, 0.7944238459482585, 0.7815357290585752, 0.8396829065940983], "coverage_estimated_second_order": [0.8694340192260002, 1.056848673045, 0.949057705594, 1.0479099469339999, 1.063493234658, 1.0491159454380001, 0.906240634608, 0.02640531762237, 0.01263673322161, 1.0273977235314002], "sol": [0.0, 1.0, 0.0, 1.0, 1.0, 1.0, 0.0, 0.0, 0.0, 1.0], "coverage": [0.8236111111111111, 1.0, 0.8908203125, 1.0, 1.0, 1.0, 0.8648263888888889, 0.02588107638888889, 0.01275607638888889, 1.0], "coverage_estimated_first_order_diff": [0.5132187807179269, 0.08995481858062937, 0.5235412070437255, -0.06140861216813276, 0.1255890666307553, -0.015371218469299897, 0.45501230633344225, 0.7685427695593696, 0.7687796526696863, -0.16031709340590172], "coverage_estimated_second_order_diff": [0.045822908114889094, 0.056848673044999964, 0.058237393094, 0.04790994693399986, 0.06349323465799994, 0.04911594543800013, 0.04141424571911112, 0.0005242412334811111, -0.00011934316727888958, 0.027397723531400242]}