{"coverage_estimated_first_order": [0.7440910509177053, 0.7926274560004944, 0.7898397700761262, 0.6894463472926413, 0.5561750527120972, 0.4989742456917167, 0.7712137637040316, 0.7169237097672176, 0.312087476863807, 0.6204357440319355], "coverage_estimated_second_order": [0.46171488345000006, 0.518517898314, 0.5338218876299999, 0.442276293166, 0.9329640497269999, 0.975853936331, 0.5862253799898001, 0.6933967913678399, 0.99807358893591, 0.31211591424179996], "sol": [0.0, 0.0, 0.0, 0.0, 1.0, 1.0, 0.0, 0.0, 1.0, 0.0], "coverage": [0.4810373263888889, 0.5423177083333334, 0.5585590277777778, 0.47426649305555557, 1.0, 1.0, 0.6000260416666666, 0.6879513888888888, 1.0, 0.31788194444444445], "coverage_estimated_first_order_diff": [0.2630537245288164, 0.2503097476671611, 0.23128074229834839, 0.21517985423708574, -0.4438249472879028, -0.5010257543082832, 0.171187722037365, 0.028972320878328794, -0.687912523136193, 0.302553799587491], "coverage_estimated_second_order_diff": [-0.01932244293888885, -0.0237998100193334, -0.024737140147777836, -0.03199019988955559, -0.06703595027300013, -0.024146063668999962, -0.013800661676866555, 0.005445402478951089, -0.0019264110640899723, -0.00576603020264449]}