{"coverage_estimated_first_order": [1.0103154175247078, 1.1132870561916628, 0.8395079001407979, 0.7430491278705986, 0.7995117219698132, 0.9669145647773494, 0.9422457145102245, 0.4770393023825359, 0.8678286093007015, 0.8078604008232946], "coverage_estimated_second_order": [0.617930618318, 0.7920579372579999, 1.029983115374, 1.0388741113500002, 1.0055502742559999, 0.5957700139569999, 0.4725660587631, 1.00030096465783, 0.6914203979335201, 0.32002356250380004], "sol": [0.0, 0.0, 1.0, 1.0, 1.0, 0.0, 0.0, 1.0, 0.0, 0.0], "coverage": [0.6062977430555555, 0.7714800347222223, 1.0, 1.0, 1.0, 0.5892404513888889, 0.4619184027777778, 1.0, 0.6847048611111111, 0.31616319444444446], "coverage_estimated_first_order_diff": [0.40401767446915227, 0.34180702146944053, -0.1604920998592021, -0.2569508721294014, -0.20048827803018676, 0.37767411338846046, 0.48032731173244675, -0.5229606976174641, 0.18312374818959043, 0.4916972063788501], "coverage_estimated_second_order_diff": [0.011632875262444498, 0.020577902535777626, 0.029983115374000002, 0.038874111350000184, 0.005550274255999854, 0.0065295625681109914, 0.01064765598532219, 0.00030096465783002735, 0.006715536822408996, 0.003860368059355579]}