{"coverage_estimated_first_order": [1.5587961841801592, 1.679663870261274, 1.6636571551543968, 1.43434652145629, 1.9312696868883203, 1.4469746286570824, 1.4511445492105006, 1.3537202179579575, 0.9381922167064286, 1.5241924456967455], "coverage_estimated_second_order": [0.9415934390740001, 0.923990224648, 0.9209095898959999, 0.932443922101, 0.8451030004519999, 0.967402297914, 0.9798376986051, 0.7051208632193698, 1.00012995096815, 0.669722852121], "sol": [1.0, 1.0, 1.0, 1.0, 0.0, 1.0, 1.0, 0.0, 1.0, 0.0], "coverage": [1.0, 1.0, 1.0, 1.0, 0.8748871527777777, 1.0, 1.0, 0.6987065972222222, 1.0, 0.6628689236111112], "coverage_estimated_first_order_diff": [0.5587961841801592, 0.6796638702612741, 0.6636571551543968, 0.43434652145629005, 1.0563825341105426, 0.4469746286570824, 0.4511445492105006, 0.6550136207357353, -0.061807783293571394, 0.8613235220856343], "coverage_estimated_second_order_diff": [-0.05840656092599994, -0.07600977535200004, -0.07909041010400009, -0.06755607789899998, -0.029784152325777802, -0.03259770208599999, -0.02016230139490005, 0.006414265997147672, 0.00012995096815004992, 0.0068539285098888625]}