{"coverage_estimated_first_order": [0.5120396422495754, 0.8561305745479078, 0.8103666907555728, 0.7043948361698424, 0.5520444261780865, 0.8050897914522943, 0.4925294496683307, 0.4752395206747678, 0.46822762668343065, 0.7203065888094804], "coverage_estimated_second_order": [0.96478935168, 0.754241795002, 0.6455466726019998, 0.509434583904, 0.980381334254, 0.73764500511, 1.002268932052, 0.013681850801080002, 0.0060191148873, 0.625085467658], "sol": [1.0, 0.0, 0.0, 0.0, 1.0, 0.0, 1.0, 0.0, 0.0, 0.0], "coverage": [1.0, 0.8017751736111111, 0.7004904513888889, 0.5489105902777778, 1.0, 0.7566319444444445, 1.0, 0.012473958333333333, 0.004670138888888889, 0.6416362847222222], "coverage_estimated_first_order_diff": [-0.48796035775042457, 0.054355400936796694, 0.10987623936668389, 0.15548424589206467, -0.44795557382191353, 0.04845784700784983, -0.5074705503316693, 0.4627655623414345, 0.46355748779454176, 0.07867030408725817], "coverage_estimated_second_order_diff": [-0.03521064831999998, -0.04753337860911111, -0.05494377878688905, -0.039476006373777794, -0.01961866574600002, -0.018986939334444508, 0.002268932051999961, 0.0012078924677466681, 0.0013489759984111113, -0.016550817064222234]}