{"coverage_estimated_first_order": [1.0111369140135273, 1.0785754989998286, 1.1115883535450237, 0.7028900746477142, 0.8628811989206857, 0.8052744571839449, 0.7855677014864844, 0.6350280763154481, 0.6250237002213029, 0.9025169710177003], "coverage_estimated_second_order": [0.618844555598, 0.696668553778, 0.797234372438, 1.009525099158, 1.0161977086519998, 1.02452045926, 1.011131137418, 0.02020100326073, 0.01000803089057, 0.5804128304484], "sol": [0.0, 0.0, 0.0, 1.0, 1.0, 1.0, 1.0, 0.0, 0.0, 0.0], "coverage": [0.6128081597222222, 0.6879557291666667, 0.7781163194444445, 1.0, 1.0, 1.0, 1.0, 0.018758680555555556, 0.009370659722222223, 0.5675651041666666], "coverage_estimated_first_order_diff": [0.3983287542913051, 0.39061976983316193, 0.33347203410057924, -0.29710992535228575, -0.1371188010793143, -0.19472554281605514, -0.21443229851351564, 0.6162693957598926, 0.6156530404990808, 0.33495186685103373], "coverage_estimated_second_order_diff": [0.006036395875777756, 0.00871282461133327, 0.019118052993555512, 0.009525099158000039, 0.016197708651999765, 0.024520459259999905, 0.011131137418000092, 0.0014423227051744425, 0.0006373711683477779, 0.012847726281733363]}