{"coverage_estimated_first_order": [1.303693405006926, 1.0678224486306918, 1.4002991839020715, 0.934998325701978, 1.0785719666667921, 1.2578533218321448, 0.941339040830935, 1.0357104522041027, 0.6252056022978186, 1.092907072380119], "coverage_estimated_second_order": [0.8039757849420001, 1.042496729448, 0.9290777974939999, 1.050854656723, 1.059422760115, 0.801045677779, 1.029416557832, 0.70325051809252, 1.00058762716638, 0.6148022902960999], "sol": [0.0, 1.0, 0.0, 1.0, 1.0, 0.0, 1.0, 0.0, 1.0, 0.0], "coverage": [0.7796137152777778, 1.0, 0.8851519097222222, 1.0, 1.0, 0.7657682291666666, 1.0, 0.6969184027777777, 1.0, 0.6139973958333333], "coverage_estimated_first_order_diff": [0.5240796897291482, 0.06782244863069176, 0.5151472741798493, -0.06500167429802195, 0.07857196666679211, 0.4920850926654782, -0.058660959169065, 0.338792049426325, -0.37479439770218137, 0.47890967654678573], "coverage_estimated_second_order_diff": [0.024362069664222274, 0.04249672944800009, 0.04392588777177764, 0.050854656722999936, 0.05942276011499992, 0.035277448612333395, 0.029416557832000034, 0.006332115314742315, 0.0005876271663800559, 0.0008048944627665477]}