{"coverage_estimated_first_order": [0.7719160421519269, 0.8017480749374976, 0.7846448502099508, 0.6855698826771668, 0.5214915886225693, 0.7415780593101333, 0.7799189577929755, 0.7171309595529431, 0.3122585495515895, 0.40670857170567015], "coverage_estimated_second_order": [0.55958435547, 0.5541207595519999, 0.5198872274340001, 0.415465568512, 0.892163815859, 0.550439896045, 0.6274217142702001, 0.69411981618346, 0.99840564974904, 0.9656671926344], "sol": [0.0, 0.0, 0.0, 0.0, 1.0, 0.0, 0.0, 0.0, 1.0, 1.0], "coverage": [0.6192838541666666, 0.6196006944444444, 0.5919661458333333, 0.4648090277777778, 1.0, 0.6189800347222222, 0.688828125, 0.6893923611111111, 1.0, 1.0], "coverage_estimated_first_order_diff": [0.15263218798526024, 0.18214738049305312, 0.1926787043766175, 0.22076085489938901, -0.4785084113774307, 0.12259802458791114, 0.09109083279297547, 0.02773859844183202, -0.6877414504484105, -0.5932914282943298], "coverage_estimated_second_order_diff": [-0.059699498696666686, -0.06547993489244452, -0.07207891839933322, -0.04934345926577777, -0.10783618414100005, -0.0685401386772222, -0.06140641072979991, 0.004727455072348841, -0.0015943502509599972, -0.03433280736559996]}