{"coverage_estimated_first_order": [1.0796422057435016, 0.8435442559800417, 0.8372547998554243, 0.9980604221109313, 0.8319826701104944, 1.0402580883280743, 0.7149595877845979, 0.6345690904186109, 0.6249712425161839, 0.9026989522297146], "coverage_estimated_second_order": [0.8138491204280001, 1.055650514334, 1.0616221167139999, 0.7329721828389999, 1.060011868252, 0.7958505270959999, 1.024772277294, 0.01987583051666, 0.009782496327560002, 0.6197038246633001], "sol": [0.0, 1.0, 1.0, 0.0, 1.0, 0.0, 1.0, 0.0, 0.0, 0.0], "coverage": [0.7760720486111111, 1.0, 1.0, 0.6910590277777777, 1.0, 0.7621918402777778, 1.0, 0.019205729166666668, 0.008958333333333334, 0.6153602430555556], "coverage_estimated_first_order_diff": [0.30357015713239044, -0.15645574401995832, -0.16274520014457572, 0.30700139433315354, -0.16801732988950557, 0.27806624805029656, -0.2850404122154021, 0.6153633612519442, 0.6160129091828506, 0.28733870917415905], "coverage_estimated_second_order_diff": [0.03777707181688894, 0.055650514334000034, 0.061622116713999864, 0.041913155061222174, 0.06001186825199989, 0.03365868681822215, 0.024772277294, 0.0006701013499933323, 0.0008241629942266678, 0.004343581607744507]}