{"coverage_estimated_first_order": [1.348899257746718, 1.4359793977826278, 1.4085882713601914, 1.2118984960477723, 1.647206155024441, 1.4687564861742253, 1.2385702140395347, 0.9537283936559091, 0.9383632893942112, 1.1183488858735748], "coverage_estimated_second_order": [0.96930546371, 0.9678803040539998, 0.97379602031, 0.9904802077609999, 0.839555322864, 0.738595173105, 0.9958945633459999, 0.02887836570309, 0.015047771416540002, 0.9857308535357], "sol": [1.0, 1.0, 1.0, 1.0, 0.0, 0.0, 1.0, 0.0, 0.0, 1.0], "coverage": [1.0, 1.0, 1.0, 1.0, 0.8204166666666667, 0.7200737847222223, 1.0, 0.02845486111111111, 0.015073784722222223, 1.0], "coverage_estimated_first_order_diff": [0.34889925774671804, 0.43597939778262784, 0.4085882713601914, 0.21189849604777233, 0.8267894883577743, 0.748682701452003, 0.2385702140395347, 0.925273532544798, 0.923289504671989, 0.11834888587357484], "coverage_estimated_second_order_diff": [-0.030694536289999963, -0.03211969594600017, -0.02620397968999999, -0.009519792239000124, 0.019138656197333348, 0.018521388382777726, -0.004105436654000094, 0.0004235045919788877, -2.6013305682220933e-05, -0.014269146464299998]}