{"coverage_estimated_first_order": [1.027489692765279, 1.4143729532310456, 1.0482922047654157, 1.1859153896507013, 1.374376439950923, 0.9311814230736721, 1.2901264014616167, 0.634941651219024, 1.023460252662868, 0.8385121790588403], "coverage_estimated_second_order": [1.054243625482, 0.942108438613, 1.0347966024119999, 0.6941575982620001, 0.880363010842, 1.02969890867, 0.8495649785170001, 1.0013400849315701, 0.69124526268332, 1.0309873367743], "sol": [1.0, 0.0, 1.0, 0.0, 0.0, 1.0, 0.0, 1.0, 0.0, 1.0], "coverage": [1.0, 0.9031770833333334, 1.0, 0.6836675347222222, 0.8585677083333333, 1.0, 0.8314192708333333, 1.0, 0.6850694444444444, 1.0], "coverage_estimated_first_order_diff": [0.027489692765279017, 0.5111958698977123, 0.048292204765415736, 0.5022478549284791, 0.5158087316175898, -0.06881857692632787, 0.4587071306282834, -0.365058348780976, 0.3383908082184236, -0.16148782094115965], "coverage_estimated_second_order_diff": [0.05424362548200001, 0.038931355279666624, 0.03479660241199989, 0.010490063539777883, 0.02179530250866668, 0.029698908669999913, 0.018145707683666745, 0.001340084931570118, 0.0061758182388755856, 0.0309873367743001]}