{"coverage_estimated_first_order": [1.2552576885993372, 1.3610969596544136, 1.085288184682043, 0.9612486939864182, 1.3886289138483823, 0.9832866160668927, 0.9829835343393889, 1.0360168131155483, 0.6257111107373153, 1.081312105519632], "coverage_estimated_second_order": [0.659990751028, 0.7896928467459999, 1.031235598352, 1.041778781462, 0.8742907512720001, 1.0397388717020002, 1.0293332517026, 0.7025840990670298, 1.00093245658332, 0.5640770637704], "sol": [0.0, 0.0, 1.0, 1.0, 0.0, 1.0, 1.0, 0.0, 1.0, 0.0], "coverage": [0.6445355902777777, 0.7606944444444445, 1.0, 1.0, 0.8310590277777777, 1.0, 1.0, 0.6943402777777777, 1.0, 0.5567838541666666], "coverage_estimated_first_order_diff": [0.6107220983215594, 0.6004025152099691, 0.08528818468204302, -0.03875130601358179, 0.5575698860706045, -0.016713383933107284, -0.017016465660611102, 0.34167653533777054, -0.37428888926268467, 0.5245282513529653], "coverage_estimated_second_order_diff": [0.015455160750222241, 0.02899840230155548, 0.03123559835200007, 0.04177878146200009, 0.04323172349422233, 0.03973887170200019, 0.029333251702599927, 0.008243821289252051, 0.0009324565833199738, 0.007293209603733364]}