{"coverage_estimated_first_order": [0.7629547534120562, 1.1076089045290856, 1.048002821462276, 0.9032844212294822, 1.0978216616907526, 0.6953568737629537, 1.0591909229166057, 0.87617849950775, 0.4685563068493961, 0.6367230138085058], "coverage_estimated_second_order": [0.990091166446, 0.7771424901670001, 0.629565832582, 0.46543728782, 0.774559552386, 0.986549356131, 0.8026575401853, 0.6985800795468801, 0.99940050304805, 1.0196856906214], "sol": [1.0, 0.0, 0.0, 0.0, 0.0, 1.0, 0.0, 0.0, 1.0, 1.0], "coverage": [1.0, 0.7910373263888889, 0.6537543402777778, 0.4865581597222222, 0.7943315972222222, 1.0, 0.7980164930555556, 0.69296875, 1.0, 1.0], "coverage_estimated_first_order_diff": [-0.2370452465879438, 0.31657157814019665, 0.3942484811844983, 0.41672626150725994, 0.30349006446853033, -0.30464312623704626, 0.2611744298610501, 0.18320974950774993, -0.5314436931506039, -0.3632769861914942], "coverage_estimated_second_order_diff": [-0.009908833553999963, -0.013894836221888807, -0.02418850769577774, -0.021120871902222227, -0.01977204483622219, -0.013450643868999967, 0.004641047129744447, 0.0056113295468800395, -0.0005994969519500515, 0.01968569062140002]}