{"coverage_estimated_first_order": [1.3243650462528345, 1.123256649897834, 1.1557647660528159, 0.9950733218060765, 1.1298451929358824, 0.9773674602844009, 1.2461300496081416, 0.7946267493688596, 0.7819674832125804, 1.040953837807889], "coverage_estimated_second_order": [0.7863005954600001, 1.019321489964, 1.0162172005980001, 1.0088103225979999, 1.028063380488, 1.011073374901, 0.69092796499, 0.02670133130973, 0.013842532861910003, 0.45910383921180004], "sol": [0.0, 1.0, 1.0, 1.0, 1.0, 1.0, 0.0, 0.0, 0.0, 0.0], "coverage": [0.7503602430555556, 1.0, 1.0, 1.0, 1.0, 1.0, 0.6614930555555556, 0.025954861111111113, 0.013550347222222222, 0.44308159722222223], "coverage_estimated_first_order_diff": [0.5740048031972789, 0.12325664989783403, 0.15576476605281586, -0.0049266781939234505, 0.12984519293588237, -0.022632539715599087, 0.584636994052586, 0.7686718882577485, 0.7684171359903581, 0.5978722405856669], "coverage_estimated_second_order_diff": [0.03594035240444449, 0.01932148996399996, 0.016217200598000137, 0.008810322597999853, 0.028063380487999945, 0.01107337490099991, 0.02943490943444438, 0.0007464701986188878, 0.00029218563968778054, 0.0160222419895778]}