{"coverage_estimated_first_order": [1.8320858260082529, 1.9411835668029562, 1.8716292951917852, 1.8918855275094177, 1.8725765457446788, 1.9569189751309028, 1.7002949804690082, 1.3521955173336393, 1.3356566077992325, 1.5183294152454043], "coverage_estimated_second_order": [0.833884880442, 0.8332183352239999, 0.8643804022479998, 0.628212876473, 0.8730914705009999, 0.7321213371690001, 0.9215913184179, 0.9962841552298298, 0.9978133596521201, 0.9146845864152999], "sol": [1.0, 1.0, 1.0, 0.0, 1.0, 0.0, 1.0, 1.0, 1.0, 1.0], "coverage": [1.0, 1.0, 1.0, 0.7020789930555555, 1.0, 0.7979210069444445, 1.0, 1.0, 1.0, 1.0], "coverage_estimated_first_order_diff": [0.8320858260082529, 0.9411835668029562, 0.8716292951917852, 1.1898065344538622, 0.8725765457446788, 1.1589979681864584, 0.7002949804690082, 0.3521955173336393, 0.33565660779923245, 0.5183294152454043], "coverage_estimated_second_order_diff": [-0.16611511955799996, -0.1667816647760001, -0.13561959775200016, -0.0738661165825556, -0.1269085294990001, -0.06579966977544438, -0.07840868158210001, -0.0037158447701701736, -0.0021866403478798535, -0.08531541358470007]}