{"coverage_estimated_first_order": [1.2480373351923704, 1.6846590582141727, 1.3651222947550792, 1.1921536380290318, 1.3184268778746024, 1.4196676249218865, 1.4016574537755244, 1.0359064069191173, 1.0240417829242832, 1.2308562423055351], "coverage_estimated_second_order": [1.0148716472260002, 0.928516320996, 1.03665982699, 1.0232673774340002, 1.016040537455, 0.622848772016, 0.5339770785191, 0.99945106016161, 0.9992569706216201, 0.4505999507663], "sol": [1.0, 0.0, 1.0, 1.0, 1.0, 0.0, 0.0, 1.0, 1.0, 0.0], "coverage": [1.0, 0.8986631944444444, 1.0, 1.0, 1.0, 0.6137109375, 0.5345572916666667, 1.0, 1.0, 0.45104600694444447], "coverage_estimated_first_order_diff": [0.24803733519237037, 0.7859958637697283, 0.3651222947550792, 0.19215363802903185, 0.31842687787460244, 0.8059566874218864, 0.8671001621088578, 0.035906406919117284, 0.02404178292428316, 0.7798102353610907], "coverage_estimated_second_order_diff": [0.014871647226000206, 0.029853126551555587, 0.03665982699000003, 0.023267377434000203, 0.016040537454999892, 0.00913783451599992, -0.0005802131475666217, -0.0005489398383899946, -0.0007430293783798891, -0.0004460561781444716]}