{"coverage_estimated_first_order": [1.24885883168119, 1.6499475010223386, 1.637202748159305, 1.1519945848061475, 1.381796354825475, 1.258027517328482, 1.2449794407517842, 1.1938951808520293, 0.7812368738448848, 1.325512812499941], "coverage_estimated_second_order": [1.01447404383, 0.873959996684, 0.867054080832, 1.017582704628, 1.019317987237, 1.008766760245, 1.0082003197087002, 0.7029423621315999, 1.00036755052195, 0.6897024557978999], "sol": [1.0, 0.0, 0.0, 1.0, 1.0, 1.0, 1.0, 0.0, 1.0, 0.0], "coverage": [1.0, 0.8606553819444445, 0.850390625, 1.0, 1.0, 1.0, 1.0, 0.6968836805555556, 1.0, 0.6770572916666666], "coverage_estimated_first_order_diff": [0.24885883168118994, 0.7892921190778941, 0.786812123159305, 0.15199458480614747, 0.381796354825475, 0.25802751732848206, 0.24497944075178424, 0.4970115002964737, -0.21876312615511517, 0.6484555208332743], "coverage_estimated_second_order_diff": [0.01447404382999995, 0.013304614739555576, 0.016663455832000018, 0.017582704627999934, 0.019317987236999956, 0.008766760244999894, 0.008200319708700166, 0.006058681576044278, 0.000367550521950033, 0.012645164131233289]}