{"coverage_estimated_first_order": [0.23772191766766262, 0.5713720020225097, 0.5256143946142813, 0.44910451015843333, 0.5189151559047891, 0.4527530601445372, 0.4594117392652999, 0.5588671045365813, 0.15621317362358186, 0.42299584148224045], "coverage_estimated_second_order": [0.799511214116, 0.546922246796, 0.399652606278, 0.27621961978799997, 0.360250084494, 0.247572689871, 0.2424017084725, 0.6914692917212399, 0.9974611424581, 0.26824550642800005], "sol": [1.0, 0.0, 0.0, 0.0, 0.0, 0.0, 0.0, 0.0, 1.0, 0.0], "coverage": [1.0, 0.6871614583333333, 0.4882595486111111, 0.3137152777777778, 0.4245703125, 0.28227864583333334, 0.2615104166666667, 0.6874305555555555, 1.0, 0.3222699652777778], "coverage_estimated_first_order_diff": [-0.7622780823323374, -0.1157894563108236, 0.03735484600317018, 0.13538923238065553, 0.0943448434047891, 0.17047441431120386, 0.1979013225986332, -0.12856345101897426, -0.8437868263764181, 0.10072587620446266], "coverage_estimated_second_order_diff": [-0.200488785884, -0.14023921153733332, -0.08860694233311112, -0.03749565798977783, -0.06432022800600001, -0.034705955962333335, -0.019108708194166685, 0.004038736165684398, -0.002538857541899975, -0.054024458849777746]}