{"coverage_estimated_first_order": [1.3136473268405302, 1.0553366230161125, 1.3374367372272233, 1.1477036327939147, 1.044164472413247, 1.1946389808969342, 1.2316292272076832, 0.8761663339465453, 0.8667415705997894, 0.8113440794308978], "coverage_estimated_second_order": [0.822945934262, 1.0139658207939999, 0.784820212932, 0.5802126068899999, 1.010783231449, 0.6418885146489999, 0.7026749328240001, 1.00173634876754, 1.00119148803768, 1.01580838538], "sol": [0.0, 1.0, 0.0, 0.0, 1.0, 0.0, 0.0, 1.0, 1.0, 1.0], "coverage": [0.8148220486111111, 1.0, 0.7937673611111111, 0.5935894097222222, 1.0, 0.6485112847222222, 0.7164626736111112, 1.0, 1.0, 1.0], "coverage_estimated_first_order_diff": [0.49882527822941913, 0.05533662301611253, 0.5436693761161122, 0.5541142230716926, 0.04416447241324706, 0.546127696174712, 0.515166553596572, -0.1238336660534547, -0.1332584294002106, -0.1886559205691022], "coverage_estimated_second_order_diff": [0.008123885650888951, 0.013965820793999884, -0.00894714817911113, -0.013376802832222312, 0.010783231448999953, -0.006622770073222317, -0.013787740787111091, 0.0017363487675399192, 0.0011914880376799886, 0.015808385379999956]}