{"coverage_estimated_first_order": [1.0008832573447184, 1.4183644291202853, 1.1025764880899835, 0.9597663552036917, 1.3756546639311709, 0.9202113222915687, 1.2211157443447789, 1.0362859164251168, 0.6259112778958396, 1.0373566088895865], "coverage_estimated_second_order": [1.028845043396, 0.9354145255219999, 1.0655961833099998, 1.043486674226, 0.8700923961639999, 1.018180055832, 0.6721448331261, 0.7038800540145799, 1.00115268155443, 0.46707559795570003], "sol": [1.0, 0.0, 1.0, 1.0, 0.0, 1.0, 0.0, 0.0, 1.0, 0.0], "coverage": [1.0, 0.8941970486111112, 1.0, 1.0, 0.8456423611111111, 1.0, 0.6710850694444445, 0.6972048611111111, 1.0, 0.47852430555555553], "coverage_estimated_first_order_diff": [0.0008832573447183911, 0.5241673805091741, 0.10257648808998354, -0.04023364479630831, 0.5300123028200597, -0.07978867770843134, 0.5500306749003344, 0.3390810553140057, -0.37408872210416044, 0.558832303334031], "coverage_estimated_second_order_diff": [0.028845043395999914, 0.04121747691088873, 0.06559618330999983, 0.043486674226000055, 0.024450035052888786, 0.018180055831999997, 0.0010597636816555012, 0.006675192903468741, 0.0011526815544300462, -0.011448707599855501]}