{"coverage_estimated_first_order": [1.3030259731608527, 1.393676709975826, 1.1063934336788486, 0.9806472672342366, 1.1045653819845027, 1.2832207631744788, 1.0248064388313636, 0.7941975519002218, 0.7818836300198891, 0.8900607299052261], "coverage_estimated_second_order": [0.793621995258, 0.8807663284939999, 1.043270169284, 1.027507135322, 1.041879588282, 0.8421229880729999, 1.03167944479, 0.025710017121909998, 0.01382727572448, 1.0202569935173], "sol": [0.0, 0.0, 1.0, 1.0, 1.0, 0.0, 1.0, 0.0, 0.0, 1.0], "coverage": [0.7555598958333334, 0.8355208333333334, 1.0, 1.0, 1.0, 0.7971831597222222, 1.0, 0.025638020833333334, 0.014058159722222222, 1.0], "coverage_estimated_first_order_diff": [0.5474660773275193, 0.5581558766424927, 0.10639343367884857, -0.019352732765763436, 0.10456538198450271, 0.48603760345225655, 0.024806438831363575, 0.7685595310668885, 0.7678254702976669, -0.10993927009477389], "coverage_estimated_second_order_diff": [0.03806209942466665, 0.04524549516066656, 0.04327016928400007, 0.027507135321999998, 0.041879588282, 0.0449398283507777, 0.031679444789999955, 7.199628857666382e-05, -0.0002308839977422216, 0.020256993517300037]}