{"coverage_estimated_first_order": [1.597603180001804, 1.3809706289605537, 1.3966395140310253, 1.2103937345256441, 1.6844660518317491, 1.236825382130962, 1.2959749988153257, 0.9536124357998236, 0.9382361460396452, 1.101196604214505], "coverage_estimated_second_order": [0.861488153968, 1.022519078303, 1.0164009979620001, 1.003671151647, 0.9344026854940001, 1.0122679272289998, 1.010984938116, 0.029098787821750002, 0.01478979272319, 1.0121703570401002], "sol": [0.0, 1.0, 1.0, 1.0, 0.0, 1.0, 1.0, 0.0, 0.0, 1.0], "coverage": [0.8233897569444445, 1.0, 1.0, 1.0, 0.8981814236111111, 1.0, 1.0, 0.028628472222222222, 0.014956597222222222, 1.0], "coverage_estimated_first_order_diff": [0.7742134230573595, 0.38097062896055367, 0.39663951403102526, 0.21039373452564414, 0.786284628220638, 0.23682538213096205, 0.29597499881532574, 0.9249839635776014, 0.923279548817423, 0.10119660421450494], "coverage_estimated_second_order_diff": [0.03809839702355555, 0.02251907830300004, 0.01640099796200012, 0.0036711516470000483, 0.03622126188288899, 0.012267927228999831, 0.010984938116000098, 0.0004703155995277805, -0.00016680449903222136, 0.012170357040100166]}