{"coverage_estimated_first_order": [1.0291791200190588, 1.4282685047202541, 1.0976709515269478, 0.9568872018074397, 1.3411583309484687, 1.1632971928485862, 1.2302228737227985, 0.6362940921230683, 1.0242974392862905, 0.8241476705998649], "coverage_estimated_second_order": [1.047887696274, 0.9509807763679999, 1.054167624148, 1.044343985368, 0.768086021298, 0.544901692719, 0.6788271648672, 1.00118043535117, 0.6923455000944, 1.0212717353182001], "sol": [1.0, 0.0, 1.0, 1.0, 0.0, 0.0, 0.0, 1.0, 0.0, 1.0], "coverage": [1.0, 0.8993359375, 1.0, 1.0, 0.7347960069444445, 0.5311241319444444, 0.6619184027777778, 1.0, 0.6853949652777778, 1.0], "coverage_estimated_first_order_diff": [0.029179120019058757, 0.5289325672202542, 0.09767095152694782, -0.04311279819256031, 0.6063623240040242, 0.6321730609041418, 0.5683044709450207, -0.3637059078769317, 0.3389024740085127, -0.17585232940013507], "coverage_estimated_second_order_diff": [0.047887696274000024, 0.051644838867999976, 0.054167624148000026, 0.044343985368000105, 0.0332900143535555, 0.013777560774555608, 0.016908762089422158, 0.0011804353511699617, 0.0069505348166222225, 0.021271735318200147]}