{"coverage_estimated_first_order": [1.0596989124162075, 0.8200851245956324, 0.8109546309924434, 0.9747853842476386, 1.081362737884846, 0.9829277548389048, 0.6818418773815671, 0.8765956014196631, 0.46896979592139276, 0.8802231555178553], "coverage_estimated_second_order": [0.7751851729999999, 1.02641778891, 1.0339324532819998, 0.6932108889369999, 0.754351064462, 0.664315360045, 0.986633792854, 0.69983809052022, 0.9999123883532299, 0.5562826514535], "sol": [0.0, 1.0, 1.0, 0.0, 0.0, 0.0, 1.0, 0.0, 1.0, 0.0], "coverage": [0.7682465277777778, 1.0, 1.0, 0.6777213541666667, 0.7664279513888889, 0.6786371527777778, 1.0, 0.6944748263888889, 1.0, 0.5745399305555555], "coverage_estimated_first_order_diff": [0.2914523846384297, -0.17991487540436757, -0.18904536900755664, 0.29706403008097193, 0.3149347864959572, 0.304290602061127, -0.3181581226184329, 0.18212077503077417, -0.5310302040786072, 0.3056832249622998], "coverage_estimated_second_order_diff": [0.006938645222222095, 0.026417788909999906, 0.033932453281999786, 0.015489534770333213, -0.012076886926888908, -0.014321792732777783, -0.013366207146000009, 0.005363264131331036, -8.761164677006938e-05, -0.018257279102055546]}