{"coverage_estimated_first_order": [0.749761559917238, 0.7903687553566967, 0.7845002239973518, 0.692433447597496, 0.5318894058220005, 0.7939806435103043, 0.47567676892285066, 0.7167705643137348, 0.3120144530598489, 0.6815435223210508], "coverage_estimated_second_order": [0.48461149446, 0.5115628305340001, 0.51992373211, 0.445946727158, 0.9210415982269998, 0.695956599083, 0.9708559465196, 0.69291611811099, 0.99793591750266, 0.49882895157180007], "sol": [0.0, 0.0, 0.0, 0.0, 1.0, 0.0, 1.0, 0.0, 1.0, 0.0], "coverage": [0.5258072916666666, 0.5544704861111112, 0.5608637152777778, 0.47638888888888886, 1.0, 0.7318532986111111, 1.0, 0.6875651041666667, 1.0, 0.5195572916666666], "coverage_estimated_first_order_diff": [0.2239542682505714, 0.23589826924558555, 0.22363650871957397, 0.21604455870860717, -0.4681105941779995, 0.06212734489919314, -0.5243232310771493, 0.02920546014706804, -0.6879855469401511, 0.1619862306543841], "coverage_estimated_second_order_diff": [-0.04119579720666661, -0.04290765557711107, -0.040939983167777805, -0.030442161730888873, -0.07895840177300018, -0.03589669952811114, -0.029144053480399945, 0.005351013944323246, -0.002064082497340025, -0.02072834009486657]}