{"coverage_estimated_first_order": [1.068182676246658, 0.8029375454114338, 1.1242696773236596, 0.6862881621253127, 1.0681741494673611, 0.9272984480415305, 0.9911839900381192, 0.8778982843565892, 0.46944825219476816, 0.6034799375559737], "coverage_estimated_second_order": [0.798396952716, 1.0067313236339999, 0.8620994858000001, 1.00542017142, 0.69043091868, 0.48190103324699995, 0.623490954978, 0.7027782180429899, 1.00072742261801, 1.0014526225953], "sol": [0.0, 1.0, 0.0, 1.0, 0.0, 0.0, 0.0, 0.0, 1.0, 1.0], "coverage": [0.8031467013888889, 1.0, 0.8678559027777778, 1.0, 0.7041666666666667, 0.4995355902777778, 0.6423784722222222, 0.6962847222222223, 1.0, 1.0], "coverage_estimated_first_order_diff": [0.2650359748577691, -0.1970624545885662, 0.25641377454588177, -0.31371183787468726, 0.3640074828006944, 0.4277628577637527, 0.34880551781589697, 0.18161356213436697, -0.5305517478052318, -0.39652006244402627], "coverage_estimated_second_order_diff": [-0.004749748672888909, 0.006731323633999864, -0.005756416977777734, 0.005420171419999953, -0.013735747986666769, -0.01763455703077782, -0.01888751724422222, 0.006493495820767636, 0.0007274226180100651, 0.0014526225952999905]}