{"coverage_estimated_first_order": [1.3208676802474968, 1.050341435063214, 1.3333430578404382, 1.147331638116691, 1.3839015965174646, 0.9901890760852039, 1.0510875177769377, 1.0349447705917838, 0.6246240720364034, 0.8926793966303297], "coverage_estimated_second_order": [0.832756979556, 1.004920034691, 0.7727706412420001, 0.579431329239, 0.88437193323, 1.028499143923, 1.0319409589968003, 0.7011716904500899, 0.99979828369913, 1.0242468200950001], "sol": [0.0, 1.0, 0.0, 0.0, 0.0, 1.0, 1.0, 0.0, 1.0, 1.0], "coverage": [0.8219184027777777, 1.0, 0.7812586805555556, 0.5895572916666667, 0.8660980902777777, 1.0, 1.0, 0.6951822916666667, 1.0, 1.0], "coverage_estimated_first_order_diff": [0.49894927746971907, 0.05034143506321409, 0.5520843772848826, 0.5577743464500242, 0.5178035062396869, -0.0098109239147961, 0.05108751777693765, 0.33976247892511713, -0.37537592796359665, -0.10732060336967031], "coverage_estimated_second_order_diff": [0.010838576778222309, 0.004920034691000108, -0.008488039313555462, -0.010125962427666724, 0.01827384295222223, 0.028499143923000014, 0.03194095899680027, 0.005989398783423194, -0.0002017163008699585, 0.02424682009500012]}