{"coverage_estimated_first_order": [1.0561887021105731, 1.1555897439984646, 1.1417027378221407, 0.9743003566841344, 1.3421524950097516, 1.152450287777096, 1.1560094897183955, 0.6365701441382232, 1.0243082686750236, 1.0361485567916433], "coverage_estimated_second_order": [1.017530334426, 1.0290003323699999, 1.023260671704, 1.011024827244, 0.734820954708, 0.48749205321899997, 0.45872011041280003, 1.00022898380216, 0.6920742672157101, 0.4250403249288], "sol": [1.0, 1.0, 1.0, 1.0, 0.0, 0.0, 0.0, 1.0, 0.0, 0.0], "coverage": [1.0, 1.0, 1.0, 1.0, 0.6821267361111111, 0.44647135416666667, 0.42624131944444443, 1.0, 0.6851736111111111, 0.39891059027777775], "coverage_estimated_first_order_diff": [0.05618870211057314, 0.1555897439984646, 0.1417027378221407, -0.025699643315865606, 0.6600257588986406, 0.7059789336104292, 0.729768170273951, -0.3634298558617768, 0.3391346575639125, 0.6372379665138656], "coverage_estimated_second_order_diff": [0.01753033442600005, 0.02900033236999988, 0.023260671704000035, 0.01102482724399989, 0.05269421859688894, 0.0410206990523333, 0.0324787909683556, 0.00022898380216007652, 0.006900656104599001, 0.02612973465102225]}