{"coverage_estimated_first_order": [0.7704332011631467, 1.1643698672306997, 0.8157062368343472, 0.9830413930669846, 0.8526977202215281, 0.745425886005824, 1.018599987705447, 0.6343548919272988, 0.6249895075981925, 0.860469741734156], "coverage_estimated_second_order": [1.037200075802, 0.9321046414339998, 1.0420794357099998, 0.70960950187, 1.049682291716, 1.032338820518, 0.701974683026, 0.019613420374449998, 0.01010304167212, 0.5001077814174], "sol": [1.0, 0.0, 1.0, 0.0, 1.0, 1.0, 0.0, 0.0, 0.0, 0.0], "coverage": [1.0, 0.8958984375, 1.0, 0.6852951388888889, 1.0, 1.0, 0.6832378472222222, 0.019756944444444445, 0.010073784722222222, 0.4981684027777778], "coverage_estimated_first_order_diff": [-0.22956679883685327, 0.2684714297306997, -0.18429376316565282, 0.29774625417809564, -0.14730227977847188, -0.25457411399417595, 0.33536214048322477, 0.6145979474828543, 0.6149157228759703, 0.3623013389563782], "coverage_estimated_second_order_diff": [0.03720007580199991, 0.03620620393399987, 0.042079435709999835, 0.024314362981111115, 0.04968229171600003, 0.03233882051799997, 0.01873683580377772, -0.00014352406999444678, 2.9256949897778564e-05, 0.0019393786396221802]}