{"coverage_estimated_first_order": [0.8252677744888828, 0.9008117254459134, 0.8545431032633648, 0.9965780833282049, 0.819008420193283, 0.9771827945527503, 0.9530917977899878, 0.6348381937281793, 0.6251714096747081, 0.8587434555996691], "coverage_estimated_second_order": [1.025255129038, 1.044370000034, 1.0384932954139998, 0.7089409297479999, 1.017226290462, 0.61711168237, 0.5204784446780001, 0.02044293576075, 0.010570779027270001, 0.457597166414], "sol": [1.0, 1.0, 1.0, 0.0, 1.0, 0.0, 0.0, 0.0, 0.0, 0.0], "coverage": [1.0, 1.0, 1.0, 0.6761024305555555, 1.0, 0.6013107638888889, 0.5162152777777778, 0.019852430555555557, 0.010303819444444445, 0.4461935763888889], "coverage_estimated_first_order_diff": [-0.17473222551111722, -0.09918827455408663, -0.1454568967366352, 0.32047565277264933, -0.18099157980671698, 0.3758720306638613, 0.43687652001221, 0.6149857631726238, 0.6148675902302636, 0.41254987921078023], "coverage_estimated_second_order_diff": [0.02525512903800009, 0.044370000033999935, 0.03849329541399982, 0.032838499192444415, 0.01722629046199997, 0.015800918481111093, 0.004263166900222326, 0.0005905052051944429, 0.0002669595828255558, 0.011403590025111099]}