{"coverage_estimated_first_order": [1.0291791200190588, 1.1097015941133936, 0.8219305208406966, 0.7263542524420497, 1.071623242818031, 0.9313660888053228, 0.9920906637174086, 0.47762606167426114, 0.8680842656627087, 0.5932682166145298], "coverage_estimated_second_order": [0.68472174741, 0.7907772421799999, 1.010690199724, 1.024755197486, 0.692379472332, 0.493707929677, 0.6199672619187, 1.00075826081286, 0.69195129738335, 0.9805136617442001], "sol": [0.0, 0.0, 1.0, 1.0, 0.0, 0.0, 0.0, 1.0, 0.0, 1.0], "coverage": [0.6945225694444445, 0.7903385416666666, 1.0, 1.0, 0.6885720486111111, 0.4995659722222222, 0.6239149305555556, 1.0, 0.6852300347222222, 1.0], "coverage_estimated_first_order_diff": [0.3346565505746143, 0.319363052446727, -0.17806947915930338, -0.27364574755795035, 0.3830511942069199, 0.4318001165831006, 0.36817573316185304, -0.5223739383257389, 0.18285423094048647, -0.4067317833854702], "coverage_estimated_second_order_diff": [-0.009800822034444434, 0.00043870051333327886, 0.010690199724000093, 0.02475519748600008, 0.003807423720888936, -0.0058580425452222085, -0.0039476686368555836, 0.0007582608128600121, 0.006721262661127825, -0.01948633825579993]}