{"coverage_estimated_first_order": [0.5676025634939261, 0.30598059203899425, 0.3026285397861026, 0.5241985353064788, 0.5494733320628455, 0.46709940091904356, 0.46056234812165714, 0.3179976001926502, 0.31295678945633504, 0.41327181740556934], "coverage_estimated_second_order": [0.615733221106, 0.900842649056, 0.9073434711999999, 0.554787306906, 0.514473403866, 0.32519493400800004, 0.26412992118, 0.01432617460528, 0.007694378184380001, 0.240673392474], "sol": [0.0, 1.0, 1.0, 0.0, 0.0, 0.0, 0.0, 0.0, 0.0, 0.0], "coverage": [0.6981727430555555, 1.0, 1.0, 0.6323177083333333, 0.6123177083333333, 0.38764322916666666, 0.3140234375, 0.014813368055555555, 0.007842881944444444, 0.2677560763888889], "coverage_estimated_first_order_diff": [-0.13057017956162942, -0.6940194079610058, -0.6973714602138974, -0.10811917302685459, -0.06284437627048778, 0.0794561717523769, 0.14653891062165714, 0.30318423213709467, 0.3051139075118906, 0.14551574101668047], "coverage_estimated_second_order_diff": [-0.0824395219495555, -0.09915735094400002, -0.09265652880000008, -0.07753040142733336, -0.09784430446733328, -0.06244829515866662, -0.04989351632, -0.00048719345027555504, -0.00014850376006444316, -0.027082683914888883]}