{"coverage_estimated_first_order": [1.0435172702693702, 0.8123742315332587, 0.8026658509453025, 0.9623389681117879, 1.0484205987183743, 0.9092253700601918, 0.9035233419305527, 0.7181966742804243, 0.7111718781590035, 0.7980228264359239], "coverage_estimated_second_order": [0.713220379866, 1.00475890286, 1.008871544038, 0.6452688000739999, 0.623692355408, 0.41102432076300005, 0.3400046144571, 1.0006382314441802, 1.00062850883252, 0.2901476004282], "sol": [0.0, 1.0, 1.0, 0.0, 0.0, 0.0, 0.0, 1.0, 1.0, 0.0], "coverage": [0.7014887152777778, 1.0, 1.0, 0.6392361111111111, 0.6153038194444445, 0.3927126736111111, 0.3182248263888889, 1.0, 1.0, 0.2734765625], "coverage_estimated_first_order_diff": [0.34202855499159246, -0.18762576846674128, -0.19733414905469748, 0.32310285700067676, 0.4331167792739299, 0.5165126964490807, 0.5852985155416639, -0.28180332571957567, -0.2888281218409965, 0.524546263935924], "coverage_estimated_second_order_diff": [0.011731664588222168, 0.004758902859999914, 0.008871544038000057, 0.006032688962888777, 0.008388535963555599, 0.018311647151888932, 0.021779788068211126, 0.0006382314441801817, 0.0006285088325199695, 0.01667103792819996]}