{"coverage_estimated_first_order": [1.3230279789413952, 1.0650204432153882, 1.3830111879051101, 0.9193007614926514, 1.3508706186218356, 1.2227869027987193, 0.991585925327195, 0.6360981374080539, 1.0236763473624941, 0.878833122207898], "coverage_estimated_second_order": [0.848297216604, 1.035078891814, 0.899141299278, 1.0357135130489998, 0.811463724582, 0.713204688522, 1.029900927434, 1.0018345770334198, 0.6916210331962, 1.0345140191506], "sol": [0.0, 1.0, 0.0, 1.0, 0.0, 0.0, 1.0, 1.0, 0.0, 1.0], "coverage": [0.8201605902777778, 1.0, 0.8701736111111111, 1.0, 0.7952864583333333, 0.6977213541666667, 1.0, 1.0, 0.6851779513888889, 1.0], "coverage_estimated_first_order_diff": [0.5028673886636175, 0.06502044321538825, 0.512837576793999, -0.08069923850734861, 0.5555841602885022, 0.5250655486320526, -0.008414074672804972, -0.3639018625919461, 0.3384983959736052, -0.121166877792102], "coverage_estimated_second_order_diff": [0.02813662632622227, 0.035078891813999924, 0.028967688166888883, 0.035713513048999834, 0.016177266248666666, 0.015483334355333334, 0.02990092743400008, 0.0018345770334198264, 0.006443081807311124, 0.03451401915059993]}