{"coverage_estimated_first_order": [1.295202987707174, 1.055899824278385, 1.3882061077712855, 0.9231772261081259, 1.3855540827113637, 0.9801830891803027, 0.982880731238251, 0.6358908876223283, 1.0235052746747115, 1.0925602945341633], "coverage_estimated_second_order": [0.7854008608760001, 1.022404133062, 0.9105753265659999, 1.041771415495, 0.8947291229859999, 1.044422674926, 1.0417909575444, 1.0011999341589601, 0.69123835901727, 0.6108646428327], "sol": [0.0, 1.0, 0.0, 1.0, 0.0, 1.0, 1.0, 1.0, 0.0, 0.0], "coverage": [0.7789236111111111, 1.0, 0.8844140625, 1.0, 0.8630729166666666, 1.0, 1.0, 1.0, 0.6849435763888889, 0.6143619791666667], "coverage_estimated_first_order_diff": [0.5162793765960629, 0.055899824278385024, 0.5037920452712855, -0.07682277389187409, 0.5224811660446971, -0.019816910819697275, -0.017119268761748963, -0.36410911237767174, 0.3385616982858226, 0.4781983153674966], "coverage_estimated_second_order_diff": [0.006477249764889059, 0.022404133061999953, 0.026161264065999945, 0.041771415494999964, 0.0316562063193333, 0.04442267492599994, 0.04179095754439999, 0.0011999341589601364, 0.006294782628381124, -0.0034973363339666497]}