{"coverage_estimated_first_order": [1.5712610297563627, 1.327795128337209, 1.6465134779590553, 1.147331638116691, 1.6574784724527558, 1.2223048458601182, 1.2867209848193002, 1.1948492840885494, 0.7815472889288416, 1.0920420604976195], "coverage_estimated_second_order": [0.850988701758, 1.032335693723, 0.9147808780340001, 1.028342119739, 0.923146364288, 1.021397130927, 1.0252195822102002, 0.7054998826987899, 1.00070995267897, 1.0172350816581002], "sol": [0.0, 1.0, 0.0, 1.0, 0.0, 1.0, 1.0, 0.0, 1.0, 1.0], "coverage": [0.8236024305555556, 1.0, 0.8894835069444444, 1.0, 0.89375, 1.0, 1.0, 0.6988151041666667, 1.0, 1.0], "coverage_estimated_first_order_diff": [0.7476585992008071, 0.3277951283372089, 0.7570299710146109, 0.14733163811669092, 0.7637284724527558, 0.22230484586011823, 0.2867209848193002, 0.4960341799218827, -0.21845271107115838, 0.09204206049761954], "coverage_estimated_second_order_diff": [0.027386271202444412, 0.032335693722999936, 0.025297371089555654, 0.028342119738999916, 0.029396364287999965, 0.02139713092700002, 0.025219582210200153, 0.006684778532123237, 0.000709952678970005, 0.01723508165810017]}