{"coverage_estimated_first_order": [1.7894518130836012, 1.9100399431762618, 1.6200590709639635, 1.4282470158705416, 1.6607404346966002, 1.5040427192757524, 1.5416229628724545, 1.3529486985807175, 0.9379696602889049, 1.2959042897283968], "coverage_estimated_second_order": [0.7412947261139999, 0.815328491767, 0.9534710295959999, 0.952221504882, 0.9267205554949998, 0.937473156652, 0.9349056434598001, 0.70358901309347, 1.0002656824768001, 0.9720698421508001], "sol": [0.0, 0.0, 1.0, 1.0, 1.0, 1.0, 1.0, 0.0, 1.0, 1.0], "coverage": [0.7601605902777778, 0.8387717013888889, 1.0, 1.0, 1.0, 1.0, 1.0, 0.6976302083333333, 1.0, 1.0], "coverage_estimated_first_order_diff": [1.0292912228058233, 1.071268241787373, 0.6200590709639635, 0.4282470158705416, 0.6607404346966002, 0.5040427192757524, 0.5416229628724545, 0.6553184902473842, -0.06203033971109506, 0.2959042897283968], "coverage_estimated_second_order_diff": [-0.01886586416377789, -0.02344320962188895, -0.04652897040400006, -0.04777849511800003, -0.07327944450500024, -0.06252684334799996, -0.0650943565401999, 0.00595880476013666, 0.00026568247680014423, -0.027930157849199944]}