{"coverage_estimated_first_order": [0.7408002711773674, 1.0962295849482848, 1.047858195249677, 0.9101479861498114, 1.1082194788901838, 0.7477594579631248, 0.7549487340464808, 0.8758181042685416, 0.46831221035765536, 0.9115579644238864], "coverage_estimated_second_order": [0.969401187974, 0.7511147337459999, 0.6370433981879999, 0.49224983644799997, 0.793816456266, 1.019191157833, 1.0233578645287, 0.6976886684833298, 0.9991884388110199, 0.6193637947278], "sol": [1.0, 0.0, 0.0, 0.0, 0.0, 1.0, 1.0, 0.0, 1.0, 0.0], "coverage": [1.0, 0.7827039930555556, 0.6700564236111111, 0.5060807291666667, 0.8012282986111111, 1.0, 1.0, 0.6922135416666667, 1.0, 0.6190625], "coverage_estimated_first_order_diff": [-0.25919972882263265, 0.3135255918927292, 0.377801771638566, 0.4040672569831447, 0.3069911802790727, -0.2522405420368752, -0.24505126595351923, 0.18360456260187485, -0.5316877896423446, 0.2924954644238864], "coverage_estimated_second_order_diff": [-0.03059881202600001, -0.031589259309555695, -0.03301302542311113, -0.01383089271866672, -0.007411842345111164, 0.01919115783299996, 0.023357864528700034, 0.005475126816663067, -0.00081156118898007, 0.00030129472780004996]}