{"coverage_estimated_first_order": [1.0011475425198375, 1.0426305420008404, 1.0224257380071946, 0.8923203438763581, 1.0778537724414923, 0.6847297827595649, 1.0427401774602014, 0.7175104690589428, 0.7105582219284826, 0.5984781813566198], "coverage_estimated_second_order": [0.5540401570519999, 0.5396796655710001, 0.500195386914, 0.39660023677, 0.683179442234, 0.954861727683, 0.7542567595474, 1.00106501323716, 1.00101340200489, 0.9710394661925], "sol": [0.0, 0.0, 0.0, 0.0, 0.0, 1.0, 0.0, 1.0, 1.0, 1.0], "coverage": [0.5311892361111111, 0.5082986111111111, 0.4629817708333333, 0.35366753472222223, 0.6760807291666666, 1.0, 0.7588585069444445, 1.0, 1.0, 1.0], "coverage_estimated_first_order_diff": [0.4699583064087264, 0.5343319308897293, 0.5594439671738614, 0.5386528091541358, 0.40177304327482566, -0.31527021724043514, 0.28388167051575697, -0.2824895309410572, -0.2894417780715174, -0.4015218186433802], "coverage_estimated_second_order_diff": [0.022850920940888808, 0.031381054459889035, 0.0372136160806667, 0.04293270204777777, 0.00709871306733334, -0.04513827231699996, -0.004601747397044442, 0.0010650132371599064, 0.001013402004889974, -0.028960533807499966]}