{"coverage_estimated_first_order": [1.02701882132516, 1.41358949656808, 1.048002821462276, 1.184918078431479, 1.3741893088440973, 0.9306993661350711, 1.289724466172541, 1.0351407253067981, 0.6252451639601997, 0.8379939450222966], "coverage_estimated_second_order": [1.053950192914, 0.9405601763789999, 1.03443710885, 0.6916039677060001, 0.880009796388, 1.0291607335169999, 0.8486989348773002, 0.7017218380646301, 1.00050308156074, 1.0309859522950002], "sol": [1.0, 0.0, 1.0, 0.0, 0.0, 1.0, 0.0, 0.0, 1.0, 1.0], "coverage": [1.0, 0.9021657986111111, 1.0, 0.6814930555555555, 0.8585763888888889, 1.0, 0.8309982638888889, 0.69546875, 1.0, 1.0], "coverage_estimated_first_order_diff": [0.02701882132516009, 0.5114236979569688, 0.04800282146227608, 0.5034250228759235, 0.5156129199552084, -0.0693006338649289, 0.45872620228365224, 0.33967197530679816, -0.3747548360398003, -0.16200605497770337], "coverage_estimated_second_order_diff": [0.05395019291400005, 0.03839437776788879, 0.03443710884999995, 0.010110912150444573, 0.021433407499111157, 0.02916073351699988, 0.017700670988411327, 0.006253088064630097, 0.0005030815607400818, 0.03098595229500023]}