{"coverage_estimated_first_order": [1.0486515419062339, 1.4509441794416977, 1.1236817370867889, 0.97916492845151, 1.0915911320672913, 1.2201454693991547, 1.2629386488367538, 0.7944666552097902, 0.7820837971784133, 0.8461052332751806], "coverage_estimated_second_order": [1.05318275395, 0.9661387871439999, 1.0546724415739999, 1.0380110488079999, 1.0382396822520001, 0.700226302249, 0.7667896338860001, 0.02635045233842, 0.01443209753202, 1.02344422644], "sol": [1.0, 0.0, 1.0, 1.0, 1.0, 0.0, 0.0, 0.0, 0.0, 1.0], "coverage": [1.0, 0.9042230902777778, 1.0, 1.0, 1.0, 0.67171875, 0.7402126736111111, 0.02569010416666667, 0.014401041666666666, 1.0], "coverage_estimated_first_order_diff": [0.048651541906233886, 0.5467210891639199, 0.12368173708678887, -0.02083507154848996, 0.0915911320672913, 0.5484267193991547, 0.5227259752256427, 0.7687765510431236, 0.7676827555117466, -0.1538947667248194], "coverage_estimated_second_order_diff": [0.05318275395000005, 0.061915696866222114, 0.054672441573999864, 0.03801104880799988, 0.03823968225200014, 0.028507552248999923, 0.026576960274888983, 0.0006603481717533319, 3.105586535333445e-05, 0.023444226440000104]}