{"coverage_estimated_first_order": [1.8042608347740314, 1.6134960372590925, 1.6010837843717092, 1.665229042759502, 1.6377249217037693, 1.4823840574692226, 1.4534575763746744, 1.1933202370991065, 1.1792723614878682, 1.5011771335863344], "coverage_estimated_second_order": [0.7690420007260002, 0.979859282762, 0.9788596418879998, 0.6925195292249999, 0.958401979659, 0.9605688191590002, 0.9712246969899001, 0.99900576705817, 0.99946473240211, 0.6405333579668], "sol": [0.0, 1.0, 1.0, 0.0, 1.0, 1.0, 1.0, 1.0, 1.0, 0.0], "coverage": [0.7859461805555555, 1.0, 1.0, 0.7051085069444445, 1.0, 1.0, 1.0, 1.0, 1.0, 0.64859375], "coverage_estimated_first_order_diff": [1.018314654218476, 0.6134960372590925, 0.6010837843717092, 0.9601205358150575, 0.6377249217037693, 0.48238405746922264, 0.45345757637467443, 0.1933202370991065, 0.17927236148786818, 0.8525833835863345], "coverage_estimated_second_order_diff": [-0.016904179829555388, -0.02014071723800004, -0.021140358112000213, -0.01258897771944456, -0.04159802034100002, -0.039431180840999835, -0.028775303010099895, -0.0009942329418299867, -0.0005352675978900212, -0.00806039203319997]}