{"coverage_estimated_first_order": [1.3425004008285708, 1.4062630285436923, 1.6847624041512024, 1.172111437502112, 1.3708385078710958, 1.5115662833925514, 1.26243391044654, 0.952938730943583, 0.9376758788781987, 1.1316701388685488], "coverage_estimated_second_order": [0.993321686616, 1.0053395066839999, 0.918793448958, 1.013895275263, 1.005485543814, 0.828215705046, 1.004842147988, 0.02687373150965, 0.0130853311907, 0.9832067378274], "sol": [1.0, 1.0, 0.0, 1.0, 1.0, 0.0, 1.0, 0.0, 0.0, 1.0], "coverage": [1.0, 1.0, 0.8880772569444444, 1.0, 1.0, 0.7984027777777778, 1.0, 0.026432291666666666, 0.013203125, 1.0], "coverage_estimated_first_order_diff": [0.3425004008285708, 0.40626302854369234, 0.796685147206758, 0.172111437502112, 0.37083850787109585, 0.7131635056147736, 0.2624339104465401, 0.9265064392769162, 0.9244727538781987, 0.13167013886854884], "coverage_estimated_second_order_diff": [-0.006678313384000045, 0.005339506683999851, 0.030716192013555577, 0.01389527526299994, 0.005485543814000016, 0.029812927268222156, 0.0048421479880000895, 0.00044143984298333425, -0.0001177938093, -0.01679326217260002]}