{"coverage_estimated_first_order": [0.7399787746885481, 0.8123742315332587, 0.5000373111591999, 0.7197740900073059, 0.7753149138088737, 0.6774684615132656, 0.673494537064831, 0.5591612998868223, 0.554903945813472, 0.5860219402441454], "coverage_estimated_second_order": [0.44377736204600005, 0.585349833482, 0.851030123536, 0.5306732701479999, 0.47054354876, 0.32236649624900005, 0.26330713786290005, 0.9992097188114, 1.00051057622063, 0.1849015811382], "sol": [0.0, 0.0, 1.0, 0.0, 0.0, 0.0, 0.0, 1.0, 1.0, 0.0], "coverage": [0.4894357638888889, 0.6678819444444445, 1.0, 0.6243359375, 0.5177430555555556, 0.3390451388888889, 0.25473958333333335, 1.0, 1.0, 0.15763888888888888], "coverage_estimated_first_order_diff": [0.25054301079965924, 0.14449228708881423, -0.4999626888408001, 0.0954381525073058, 0.2575718582533182, 0.3384233226243767, 0.4187549537314976, -0.4408387001131777, -0.445096054186528, 0.42838305135525656], "coverage_estimated_second_order_diff": [-0.04565840184288883, -0.0825321109624445, -0.14896987646399995, -0.09366266735200013, -0.04719950679555557, -0.01667864263988883, 0.008567554529566701, -0.0007902811886000283, 0.0005105762206301101, 0.027262692249311105]}