{"coverage_estimated_first_order": [1.5418861941147073, 1.3214109967093068, 1.6504625311332413, 1.1545671977142438, 1.3281391655479695, 1.4791573348720195, 1.1630205053799207, 1.0357104522041027, 1.023420691000487, 1.2855416939135682], "coverage_estimated_second_order": [0.789635891554, 1.023907112596, 0.911675208694, 1.0337212113169998, 1.0395742546649998, 0.788311393669, 1.0167592404754, 1.00068864649931, 1.0000634096640102, 0.6101950993045], "sol": [0.0, 1.0, 0.0, 1.0, 1.0, 0.0, 1.0, 1.0, 1.0, 0.0], "coverage": [0.7802213541666667, 1.0, 0.8858940972222222, 1.0, 1.0, 0.7664322916666667, 1.0, 1.0, 1.0, 0.6154947916666667], "coverage_estimated_first_order_diff": [0.7616648399480406, 0.32141099670930684, 0.764568433911019, 0.15456719771424376, 0.3281391655479695, 0.7127250432053528, 0.16302050537992074, 0.03571045220410274, 0.02342069100048705, 0.6700469022469016], "coverage_estimated_second_order_diff": [0.009414537387333333, 0.02390711259599998, 0.02578111147177775, 0.03372121131699979, 0.03957425466499975, 0.02187910200233334, 0.016759240475400006, 0.0006886464993101082, 6.340966401019443e-05, -0.0052996923621666525]}