{"coverage_estimated_first_order": [0.5269222629981732, 0.5501324539957844, 0.5717671736095269, 0.22515172322778726, 0.5456883967835089, 0.4747195833933307, 0.5398756559124875, 0.3186638358752131, 0.31318031984923667, 0.19936266386728982], "coverage_estimated_second_order": [0.46793297144800006, 0.48899503850799997, 0.563792975884, 0.8458286244959999, 0.469294126366, 0.33684103495, 0.506739650396, 0.01664412914341, 0.008807144054849999, 0.914461217105], "sol": [0.0, 0.0, 0.0, 1.0, 0.0, 0.0, 0.0, 0.0, 0.0, 1.0], "coverage": [0.5978298611111111, 0.6378602430555556, 0.7164496527777777, 1.0, 0.599140625, 0.4256987847222222, 0.5954253472222222, 0.018806423611111112, 0.010056423611111111, 1.0], "coverage_estimated_first_order_diff": [-0.0709075981129379, -0.08772778905977119, -0.14468247916825083, -0.7748482767722127, -0.05345222821649109, 0.04902079867110848, -0.05554969130973464, 0.29985741226410195, 0.3031238962381256, -0.8006373361327102], "coverage_estimated_second_order_diff": [-0.12989688966311108, -0.14886520454755559, -0.1526566768937777, -0.15417137550400006, -0.129846498634, -0.08885774977222222, -0.08868569682622218, -0.0021622944677011126, -0.0012492795562611125, -0.08553878289500005]}