{"coverage_estimated_first_order": [1.2557285600394559, 1.3618804163173792, 1.0855775679851827, 0.9622460052056405, 1.388816044955208, 0.9837686730054938, 0.9833854696284647, 0.6358177390277743, 1.0239261994399838, 1.0818303395561757], "coverage_estimated_second_order": [0.66195596559, 0.792148278706, 1.03109497824, 1.04175246135, 0.874611361972, 1.039686579621, 1.0292382510591, 1.0008029163706602, 0.6919254265340901, 0.5658998320404], "sol": [0.0, 0.0, 1.0, 1.0, 0.0, 1.0, 1.0, 1.0, 0.0, 0.0], "coverage": [0.6476779513888888, 0.7641145833333334, 1.0, 1.0, 0.8316276041666667, 1.0, 1.0, 1.0, 0.6851909722222222, 0.5596267361111111], "coverage_estimated_first_order_diff": [0.608050608650567, 0.5977658329840458, 0.08557756798518268, -0.03775399479435948, 0.5571884407885414, -0.016231326994506245, -0.016614530371535263, -0.3641822609722257, 0.3387352272177615, 0.5222036034450646], "coverage_estimated_second_order_diff": [0.014278014201111189, 0.028033695372666645, 0.03109497824000007, 0.04175246134999999, 0.042983757805333256, 0.03968657962099997, 0.02923825105910005, 0.0008029163706602116, 0.00673445431186781, 0.006273095929288819]}