{"coverage_estimated_first_order": [1.0175357709316746, 1.4268587788456246, 1.111154651440264, 0.9732100825587646, 1.4087839342044681, 0.9943957640088826, 0.999836215084869, 0.7944857694765814, 0.7819242843608972, 1.1200751720080617], "coverage_estimated_second_order": [1.0431044740039999, 0.9446113731379999, 1.0601035180260001, 1.041782690008, 0.921821859946, 1.043043509805, 1.0438129072679998, 0.026579504344890002, 0.01395561724986, 0.6741317873221], "sol": [1.0, 0.0, 1.0, 1.0, 0.0, 1.0, 1.0, 0.0, 0.0, 0.0], "coverage": [1.0, 0.8950824652777778, 1.0, 1.0, 0.8697960069444445, 1.0, 1.0, 0.026219618055555557, 0.013927951388888889, 0.6534895833333333], "coverage_estimated_first_order_diff": [0.017535770931674577, 0.5317763135678468, 0.11115465144026393, -0.026789917441235378, 0.5389879272600236, -0.005604235991117368, -0.00016378491513102666, 0.768266151421026, 0.7679963329720083, 0.46658558867472844], "coverage_estimated_second_order_diff": [0.04310447400399986, 0.04952890786022213, 0.06010351802600011, 0.041782690008000056, 0.05202585300155549, 0.043043509804999935, 0.0438129072679998, 0.0003598862893344455, 2.7665860971111747e-05, 0.020642203988766705]}