{"coverage_estimated_first_order": [1.2875117628600885, 1.060111555568318, 1.3920104038549306, 0.9225519095661274, 1.0456298275003206, 1.1841509370534318, 1.1630205053799207, 0.877311525064864, 0.8674076845354293, 1.0107067432981875], "coverage_estimated_second_order": [0.7527206692820001, 1.0306237792619999, 0.9184512133659999, 1.043726379472, 1.031097416047, 0.605483230341, 0.4943943133554001, 1.00103600954784, 1.00041160376655, 0.3698082389631], "sol": [0.0, 1.0, 0.0, 1.0, 1.0, 0.0, 0.0, 1.0, 1.0, 0.0], "coverage": [0.7323480902777778, 1.0, 0.8843142361111112, 1.0, 1.0, 0.5925737847222222, 0.4869965277777778, 1.0, 1.0, 0.367890625], "coverage_estimated_first_order_diff": [0.5551636725823107, 0.06011155556831804, 0.5076961677438194, -0.07744809043387257, 0.04562982750032063, 0.5915771523312096, 0.676023977602143, -0.12268847493513602, -0.13259231546457073, 0.6428161182981875], "coverage_estimated_second_order_diff": [0.02037257900422229, 0.030623779261999884, 0.034136977254888734, 0.04372637947199998, 0.031097416046999893, 0.012909445618777826, 0.007397785577622273, 0.001036009547840111, 0.0004116037665500283, 0.0019176139630999733]}