{"coverage_estimated_first_order": [0.5080585605038225, 0.5537179160740535, 0.5893445529096281, 0.2418465986563362, 0.2735768759352911, 0.5102680593653572, 0.4900307067053034, 0.3180770765834878, 0.31292466348722947, 0.41395484807605454], "coverage_estimated_second_order": [0.41343514392400005, 0.516356264674, 0.63765272828, 0.9047968923540001, 0.8596362008999999, 0.47366386224199997, 0.374408956906, 0.014371985141190001, 0.00765494087928, 0.229483298489], "sol": [0.0, 0.0, 0.0, 1.0, 1.0, 0.0, 0.0, 0.0, 0.0, 0.0], "coverage": [0.5142013888888889, 0.6382769097222222, 0.7524001736111111, 1.0, 1.0, 0.5714322916666666, 0.44221354166666665, 0.015512152777777777, 0.008107638888888888, 0.2596614583333333], "coverage_estimated_first_order_diff": [-0.006142828385066412, -0.08455899364816866, -0.16305562070148305, -0.7581534013436638, -0.7264231240647089, -0.06116423230130941, 0.047817165038636755, 0.30256492380571004, 0.3048170245983406, 0.15429338974272122], "coverage_estimated_second_order_diff": [-0.10076624496488884, -0.1219206450482222, -0.11474744533111114, -0.09520310764599993, -0.14036379910000008, -0.09776842942466668, -0.06780458476066664, -0.0011401676365877765, -0.000452698009608888, -0.030178159844333308]}