{"coverage_estimated_first_order": [1.4967412574474563, 1.6296502893920985, 1.353173537425913, 1.1906488765069037, 1.3556867746819106, 1.187736520878623, 1.4590622385513154, 1.0357904490630316, 1.0239146395697172, 1.2137039606464652], "coverage_estimated_second_order": [0.645869131626, 0.800899528668, 1.0118918783300002, 1.0240984502900001, 1.0195923960649997, 1.01150010032, 0.6637458249193, 0.9994644406964, 0.99948649812865, 0.39734530606880003], "sol": [0.0, 0.0, 1.0, 1.0, 1.0, 1.0, 0.0, 1.0, 1.0, 0.0], "coverage": [0.6306857638888889, 0.7792274305555555, 1.0, 1.0, 1.0, 1.0, 0.6403385416666667, 1.0, 1.0, 0.3928732638888889], "coverage_estimated_first_order_diff": [0.8660554935585675, 0.850422858836543, 0.35317353742591306, 0.19064887650690365, 0.35568677468191057, 0.18773652087862303, 0.8187236968846487, 0.03579044906303164, 0.023914639569717178, 0.8208306967575764], "coverage_estimated_second_order_diff": [0.015183367737111153, 0.021672098112444416, 0.01189187833000016, 0.02409845029000013, 0.01959239606499974, 0.011500100319999929, 0.023407283252633304, -0.0005355593036000528, -0.0005135018713500195, 0.004472042179911151]}