{"coverage_estimated_first_order": [0.5341941244842642, 0.5489429835218482, 0.5347708862819207, 0.4669983218841235, 0.27211152084821777, 0.5207561032088597, 0.5586394285330656, 0.3169318854651691, 0.3122585495515895, 0.21459218420876475], "coverage_estimated_second_order": [0.49605086296800005, 0.48223731514199997, 0.44709439181, 0.35574901567, 0.8252284532259999, 0.498895331558, 0.583280097822, 0.01019860133067, 0.00481295550648, 0.93902173729], "sol": [0.0, 0.0, 0.0, 0.0, 1.0, 0.0, 0.0, 0.0, 0.0, 1.0], "coverage": [0.6174088541666667, 0.6165017361111111, 0.5866710069444444, 0.4586545138888889, 1.0, 0.6185199652777778, 0.6885633680555555, 0.009973958333333333, 0.004223090277777778, 1.0], "coverage_estimated_first_order_diff": [-0.08321472968240251, -0.06755875258926292, -0.0519001206625237, 0.008343807995234598, -0.7278884791517822, -0.09776386206891807, -0.12992393952248993, 0.3069579271318358, 0.3080354592738117, -0.7854078157912352], "coverage_estimated_second_order_diff": [-0.12135799119866664, -0.13426442096911118, -0.13957661513444442, -0.10290549821888889, -0.17477154677400009, -0.11962463371977777, -0.10528327023355555, 0.00022464299733666697, 0.0005898652287022223, -0.06097826270999995]}