{"coverage_estimated_first_order": [0.7688318486765886, 0.8447337264539778, 0.5716225473969279, 0.5136489453501131, 0.8324538611362848, 0.7624646599656191, 0.466167010298298, 0.47726566643505275, 0.46962508046829954, 0.6754685456964613], "coverage_estimated_second_order": [0.575125280158, 0.705706192562, 0.9681424987380001, 1.0037151363080001, 0.6887679390379999, 0.624318151085, 0.95889669157, 0.02038486979693, 0.011565372901290002, 0.4829865460273], "sol": [0.0, 0.0, 1.0, 1.0, 0.0, 0.0, 1.0, 0.0, 0.0, 0.0], "coverage": [0.620234375, 0.7395789930555555, 1.0, 1.0, 0.7291493055555556, 0.6646788194444444, 1.0, 0.02060763888888889, 0.012022569444444445, 0.5149435763888889], "coverage_estimated_first_order_diff": [0.1485974736765886, 0.1051547333984223, -0.42837745260307214, -0.4863510546498869, 0.10330455558072926, 0.09778584052117467, -0.533832989701702, 0.45665802754616386, 0.4576025110238551, 0.16052496930757243], "coverage_estimated_second_order_diff": [-0.045109094841999986, -0.033872800493555566, -0.03185750126199993, 0.003715136308000133, -0.04038136651755564, -0.04036066835944441, -0.041103308429999985, -0.00022276909195888955, -0.0004571965431544433, -0.03195703036158887]}