{"coverage_estimated_first_order": [1.0142964992704608, 1.4156997146655173, 1.0605300379867426, 1.205597365384105, 1.0779792722126087, 1.2617362968642862, 0.9447444574732518, 0.634201746473816, 1.0231315724969028, 1.1142121415567205], "coverage_estimated_second_order": [1.0556970461219999, 0.9452974792240001, 1.0565542450759997, 0.731227095692, 1.0652995357139998, 0.808477271564, 1.0412323367194, 1.00118023948407, 0.6907621899281301, 0.6712630482065001], "sol": [1.0, 0.0, 1.0, 0.0, 1.0, 0.0, 1.0, 1.0, 0.0, 0.0], "coverage": [1.0, 0.8970703125, 1.0, 0.6970138888888889, 1.0, 0.7685199652777778, 1.0, 1.0, 0.6847048611111111, 0.6556119791666667], "coverage_estimated_first_order_diff": [0.014296499270460838, 0.5186294021655172, 0.06053003798674261, 0.5085834764952161, 0.0779792722126087, 0.49321633158650846, -0.05525554252674825, -0.365798253526184, 0.3384267113857917, 0.45860016239005386], "coverage_estimated_second_order_diff": [0.05569704612199988, 0.04822716672400007, 0.05655424507599971, 0.03421320680311102, 0.06529953571399982, 0.03995730628622218, 0.041232336719400076, 0.0011802394840700892, 0.0060573288170190365, 0.015651069039833376]}