{"coverage_estimated_first_order": [1.013348102920922, 1.0664956871962201, 1.085432810894642, 0.6727514718640923, 1.1018634494956063, 0.6955415394946043, 1.0566921799535782, 0.8774149825557087, 0.46926635011825246, 0.6052062236904605], "coverage_estimated_second_order": [0.62599314782, 0.664125425465, 0.7476326023680001, 0.971752513242, 0.7934896673999999, 0.992026829353, 0.8111263267892002, 0.7016960192627499, 1.00043913508098, 0.9869675193180999], "sol": [0.0, 0.0, 0.0, 1.0, 0.0, 1.0, 0.0, 0.0, 1.0, 1.0], "coverage": [0.6670442708333333, 0.71328125, 0.7906640625, 1.0, 0.8302473958333333, 1.0, 0.8214670138888889, 0.6959331597222222, 1.0, 1.0], "coverage_estimated_first_order_diff": [0.34630383208758864, 0.35321443719622014, 0.29476874839464207, -0.32724852813590766, 0.27161605366227304, -0.3044584605053957, 0.23522516606468935, 0.18148182283348646, -0.5307336498817475, -0.3947937763095395], "coverage_estimated_second_order_diff": [-0.041051123013333246, -0.049155824535, -0.04303146013199988, -0.02824748675800004, -0.03675772843333336, -0.007973170646999983, -0.010340687099688717, 0.005762859540527687, 0.0004391350809800354, -0.013032480681900105]}