{"coverage_estimated_first_order": [1.05330005549806, 0.7903687553566967, 1.0871287637834544, 0.934998325701978, 0.8049950907315011, 1.0257375520572305, 0.7057055737885725, 0.8758059387073369, 0.46828238540538025, 0.8935444085128292], "coverage_estimated_second_order": [0.763031833164, 0.992785064814, 0.776793649114, 0.591891718023, 1.0316041810149998, 0.769577367391, 1.0170693771706, 0.69808934848882, 0.9991943645532801, 0.5970793605944], "sol": [0.0, 1.0, 0.0, 0.0, 1.0, 0.0, 1.0, 0.0, 1.0, 0.0], "coverage": [0.7759157986111112, 1.0, 0.795234375, 0.6052734375, 1.0, 0.7565364583333334, 1.0, 0.6932638888888889, 1.0, 0.6111805555555555], "coverage_estimated_first_order_diff": [0.2773842568869489, -0.2096312446433033, 0.2918943887834543, 0.3297248882019781, -0.1950049092684989, 0.2692010937238971, -0.29429442621142754, 0.18254204981844802, -0.5317176145946197, 0.28236385295727373], "coverage_estimated_second_order_diff": [-0.012883965447111123, -0.007214935186000027, -0.018440725886000098, -0.013381719476999954, 0.031604181014999844, 0.013040909057666639, 0.017069377170600086, 0.004825459599931081, -0.0008056354467198545, -0.014101194961155472]}