{"coverage_estimated_first_order": [0.4990972717639518, 0.5410118350587811, 0.5769620934757023, 0.22902818784326168, 0.5803718608730368, 0.23211576977491416, 0.5311704618235435, 0.31845658608948746, 0.3130092471614541, 0.4130898361935551], "coverage_estimated_second_order": [0.36462856647, 0.451972157454, 0.588155400998, 0.869059028688, 0.602958776282, 0.883722797398, 0.499134983942, 0.01586062009228, 0.00810067100927, 0.2263251211044], "sol": [0.0, 0.0, 0.0, 1.0, 0.0, 1.0, 0.0, 0.0, 0.0, 0.0], "coverage": [0.4393489583333333, 0.5488888888888889, 0.7017621527777778, 1.0, 0.7281076388888889, 1.0, 0.5825, 0.017339409722222223, 0.008927951388888888, 0.2428949652777778], "coverage_estimated_first_order_diff": [0.05974831343061848, -0.007877053830107728, -0.1248000593020755, -0.7709718121567384, -0.14773577801585203, -0.7678842302250859, -0.05132953817645647, 0.30111717636726526, 0.3040812957725652, 0.1701948709157773], "coverage_estimated_second_order_diff": [-0.07472039186333329, -0.09691673143488888, -0.11360675177977775, -0.130940971312, -0.12514886260688884, -0.11627720260200003, -0.08336501605800001, -0.0014787896299422246, -0.0008272803796188881, -0.016569844173377785]}