{"coverage_estimated_first_order": [1.7511156887020751, 1.8909497305330873, 1.6116256647042235, 1.42266416465502, 1.6381961127295597, 1.4827429186972105, 1.4590622385513154, 1.1941893762022704, 1.179927646034775, 1.488538911261846], "coverage_estimated_second_order": [0.653232779368, 0.7693907905840001, 0.9479922425999999, 0.962417546822, 0.9379171714229999, 0.95627834375, 0.9516052059153, 0.9976680096586299, 0.9986568582603902, 0.5974552864095], "sol": [0.0, 0.0, 1.0, 1.0, 1.0, 1.0, 1.0, 1.0, 1.0, 0.0], "coverage": [0.6862717013888889, 0.8009765625, 1.0, 1.0, 1.0, 1.0, 1.0, 1.0, 1.0, 0.6103081597222222], "coverage_estimated_first_order_diff": [1.064843987313186, 1.0899731680330873, 0.6116256647042235, 0.42266416465502, 0.6381961127295597, 0.48274291869721053, 0.45906223855131545, 0.1941893762022704, 0.17992764603477496, 0.8782307515396237], "coverage_estimated_second_order_diff": [-0.03303892202088898, -0.03158577191599998, -0.052007757400000076, -0.03758245317800002, -0.06208282857700009, -0.04372165625000002, -0.048394794084700044, -0.002331990341370105, -0.00134314173960981, -0.012852873312722224]}