{"coverage_estimated_first_order": [1.0460281940119691, 1.1101251364374936, 1.3998654817973117, 0.9236846764110318, 1.3481070547972298, 1.2116321362849651, 0.9250740111733843, 1.036205919566188, 0.6254173293266092, 1.1091943421566894], "coverage_estimated_second_order": [1.059395294012, 1.062633947696, 0.9178943298719999, 1.0429374468889998, 0.800106312576, 0.687056789629, 1.0183637455729, 0.70404861244823, 1.0008246542243, 0.6476448335737001], "sol": [1.0, 1.0, 0.0, 1.0, 0.0, 0.0, 1.0, 0.0, 1.0, 0.0], "coverage": [1.0, 1.0, 0.8656597222222222, 1.0, 0.7714322916666667, 0.6731640625, 1.0, 0.6973350694444445, 1.0, 0.6306597222222222], "coverage_estimated_first_order_diff": [0.046028194011969115, 0.11012513643749355, 0.5342057595750895, -0.0763153235889682, 0.5766747631305631, 0.5384680737849651, -0.07492598882661572, 0.33887085012174345, -0.3745826706733908, 0.4785346199344672], "coverage_estimated_second_order_diff": [0.059395294011999944, 0.06263394769600006, 0.05223460764977772, 0.04293744688899981, 0.028674020909333242, 0.013892727128999915, 0.018363745572899992, 0.0067135430037855715, 0.0008246542243000032, 0.016985111351477844]}