{"coverage_estimated_first_order": [0.7949674126570303, 0.8399587939017725, 0.5170488807692204, 0.7388006685779003, 0.8309885060492116, 0.7729527038091215, 0.5347757321260602, 0.47612047531673407, 0.46895896653265967, 0.47610588182917146], "coverage_estimated_second_order": [0.6511537511500001, 0.7097279743, 0.9120398516539999, 0.608014902744, 0.698361293352, 0.6459832074759999, 0.983088392154, 0.01726890773576, 0.00912932779007, 0.9969504716453002], "sol": [0.0, 0.0, 1.0, 0.0, 0.0, 0.0, 1.0, 0.0, 0.0, 1.0], "coverage": [0.7242230902777778, 0.8043489583333333, 1.0, 0.6807074652777778, 0.7830208333333334, 0.6946918402777778, 1.0, 0.01857638888888889, 0.009574652777777777, 1.0], "coverage_estimated_first_order_diff": [0.07074432237925254, 0.03560983556843922, -0.4829511192307796, 0.058093203300122465, 0.04796767271587821, 0.07826086353134376, -0.4652242678739398, 0.45754408642784516, 0.45938431375488187, -0.5238941181708285], "coverage_estimated_second_order_diff": [-0.07306933912777769, -0.0946209840333333, -0.08796014834600008, -0.07269256253377776, -0.08465953998133335, -0.04870863280177784, -0.016911607845999987, -0.0013074811531288873, -0.0004453249877077771, -0.0030495283546998486]}