{"coverage_estimated_first_order": [1.032689330324693, 1.092763885317422, 0.7669228446972505, 0.9573722293709437, 1.0803685738235633, 0.9937746599103952, 0.7560552613859701, 0.8763195494045082, 0.46895896653265967, 0.6682222693260769], "coverage_estimated_second_order": [0.688254084392, 0.7517025005739999, 0.9525550356320001, 0.64357839059, 0.7383933867600001, 0.6761015468530001, 1.0070959812556, 0.6990793911770099, 1.0000977429760298, 1.0116576756069002], "sol": [0.0, 0.0, 1.0, 0.0, 0.0, 0.0, 1.0, 0.0, 1.0, 1.0], "coverage": [0.7252734375, 0.8053993055555555, 1.0, 0.6849913194444445, 0.7832204861111111, 0.6950911458333333, 1.0, 0.6937413194444444, 1.0, 1.0], "coverage_estimated_first_order_diff": [0.30741589282469295, 0.28736457976186647, -0.23307715530274953, 0.2723809099264992, 0.29714808771245227, 0.29868351407706184, -0.24394473861402988, 0.1825782299600638, -0.5310410334673403, -0.33177773067392313], "coverage_estimated_second_order_diff": [-0.037019353107999975, -0.0536968049815556, -0.04744496436799994, -0.041412928854444475, -0.044827099351110955, -0.018989598980333255, 0.007095981255599959, 0.005338071732565508, 9.774297602982429e-05, 0.01165767560690023]}