{"coverage_estimated_first_order": [1.2493297031213086, 1.6507309576853042, 1.6374921314624449, 1.1529918960253698, 1.3819834859323008, 1.258509574267083, 1.24538137604086, 0.7936961067642553, 1.1794519625475532, 1.3260310465364846], "coverage_estimated_second_order": [1.015006277548, 0.875557219858, 0.8676504569119998, 1.017946729528, 1.0189619855479999, 1.008219579518, 1.0076405390917, 1.00050914106084, 0.69088377728099, 0.6907257393910999], "sol": [1.0, 0.0, 0.0, 1.0, 1.0, 1.0, 1.0, 1.0, 0.0, 0.0], "coverage": [1.0, 0.8614409722222223, 0.8506510416666667, 1.0, 1.0, 1.0, 1.0, 1.0, 0.6848697916666666, 0.6777430555555556], "coverage_estimated_first_order_diff": [0.24932970312130864, 0.7892899854630819, 0.7868410897957782, 0.15299189602536978, 0.3819834859323008, 0.2585095742670831, 0.24538137604086008, -0.20630389323574472, 0.49458217088088663, 0.648287990980929], "coverage_estimated_second_order_diff": [0.015006277547999991, 0.014116247635777679, 0.016999415245333105, 0.017946729528000027, 0.018961985547999882, 0.008219579518000009, 0.007640539091700038, 0.0005091410608399904, 0.006013985614323425, 0.01298268383554435]}