{"coverage_estimated_first_order": [1.552397327262012, 1.331380590415478, 1.6640908572591566, 1.1640265135452397, 1.385366951604538, 1.2578533218321448, 1.236876035612116, 1.1942625247968244, 0.7812916325668344, 1.3066342447063843], "coverage_estimated_second_order": [0.797136785978, 1.0184095797419999, 0.9120965182240001, 1.0241547861429998, 1.017402686485, 1.008014843997, 1.0022589680982001, 0.7038116616836301, 1.0004010858459602, 0.6493734233424999], "sol": [0.0, 1.0, 0.0, 1.0, 1.0, 1.0, 1.0, 0.0, 1.0, 0.0], "coverage": [0.7853819444444444, 1.0, 0.8893402777777778, 1.0, 1.0, 1.0, 1.0, 0.6975824652777778, 1.0, 0.6441015625], "coverage_estimated_first_order_diff": [0.7670153828175675, 0.33138059041547807, 0.7747505794813788, 0.16402651354523967, 0.38536695160453793, 0.2578533218321448, 0.236876035612116, 0.4966800595190466, -0.21870836743316557, 0.6625326822063844], "coverage_estimated_second_order_diff": [0.011754841533555549, 0.01840957974199986, 0.022756240446222264, 0.024154786142999818, 0.017402686485000096, 0.008014843997000032, 0.0022589680982001425, 0.006229196405852289, 0.000401085845960214, 0.005271860842499976]}