{"coverage_estimated_first_order": [1.5245662486816778, 1.6387709083291018, 1.3479786175597377, 1.1867724118914293, 1.3210033105923826, 1.4303403344970396, 1.4677674326402594, 1.0359976988487571, 1.0240857122574998, 0.9999767883202], "coverage_estimated_second_order": [0.744093995478, 0.84808427546, 1.030025293678, 1.025644813196, 1.0141818375409999, 0.667818991172, 0.7209512276612999, 0.9993920012863999, 0.99931253730176, 0.9960207037545], "sol": [0.0, 0.0, 1.0, 1.0, 1.0, 0.0, 0.0, 1.0, 1.0, 1.0], "coverage": [0.7409114583333334, 0.8279296875, 1.0, 1.0, 1.0, 0.6657638888888889, 0.7254557291666667, 1.0, 1.0, 1.0], "coverage_estimated_first_order_diff": [0.7836547903483444, 0.8108412208291018, 0.3479786175597377, 0.18677241189142935, 0.32100331059238263, 0.7645764456081506, 0.7423117034735928, 0.03599769884875714, 0.02408571225749978, -2.3211679800017038e-05], "coverage_estimated_second_order_diff": [0.003182537144666653, 0.020154587960000026, 0.03002529367800011, 0.025644813196000094, 0.014181837540999886, 0.002055102283111121, -0.0045045015053667425, -0.0006079987136000664, -0.0006874626982400489, -0.003979296245499975]}