{"coverage_estimated_first_order": [1.5938930369004716, 1.3690281081174807, 1.345725517274364, 1.441783706131762, 1.3534742587330637, 1.5036838580477645, 1.2404813059146327, 1.1935274868848322, 0.7812283454729823, 1.09481533972662], "coverage_estimated_second_order": [0.8643339813600001, 1.0434648757559999, 1.042359224194, 0.732378337457, 1.042523200087, 0.8282784803129999, 1.0328996971732, 0.7025268416371799, 1.0002348361611, 1.0234874924308999], "sol": [0.0, 1.0, 1.0, 0.0, 1.0, 0.0, 1.0, 0.0, 1.0, 1.0], "coverage": [0.8229340277777778, 1.0, 1.0, 0.6967447916666667, 1.0, 0.7929340277777778, 1.0, 0.6963845486111111, 1.0, 1.0], "coverage_estimated_first_order_diff": [0.7709590091226938, 0.36902810811748066, 0.34572551727436407, 0.7450389144650953, 0.3534742587330637, 0.7107498302699867, 0.24048130591463268, 0.49714293827372114, -0.21877165452701774, 0.09481533972662004], "coverage_estimated_second_order_diff": [0.04139995358222226, 0.04346487575599989, 0.04235922419400007, 0.03563354579033329, 0.042523200086999946, 0.035344452535222115, 0.03289969717320007, 0.006142293026068835, 0.00023483616109998273, 0.02348749243089987]}