{"coverage_estimated_first_order": [1.238347698533885, 1.3214109967093068, 1.3478339913471387, 0.9120023196097617, 1.055033480638469, 1.2474004263250933, 0.932991700514199, 0.8766750778105007, 0.8671527586549556, 1.0735408077217896], "coverage_estimated_second_order": [0.604583571602, 0.685460585644, 0.7873832256000001, 1.011980736398, 1.018533650497, 0.774023254681, 1.0172715761232, 1.00076397802555, 1.00049990412458, 0.5429245472641], "sol": [0.0, 0.0, 0.0, 1.0, 1.0, 0.0, 1.0, 1.0, 1.0, 0.0], "coverage": [0.6077473958333334, 0.6872439236111111, 0.7749001736111111, 1.0, 1.0, 0.7598307291666667, 1.0, 1.0, 1.0, 0.5391970486111111], "coverage_estimated_first_order_diff": [0.6306003027005517, 0.6341670730981958, 0.5729338177360276, -0.08799768039023825, 0.05503348063846891, 0.4875696971584266, -0.067008299485801, -0.12332492218949931, -0.13284724134504444, 0.5343437591106786], "coverage_estimated_second_order_diff": [-0.003163824231333323, -0.0017833379671110539, 0.012483051988888993, 0.011980736398000014, 0.018533650496999954, 0.014192525514333254, 0.017271576123200072, 0.0007639780255499495, 0.0004999041245798974, 0.0037274986529889365]}