{"coverage_estimated_first_order": [0.7302891380300627, 1.0862599912421136, 1.034229869123762, 0.9006886703188155, 1.0509916928336154, 0.9690634710029995, 0.6810932038142856, 0.71726603167582, 0.710441268791308, 0.8904654136310702], "coverage_estimated_second_order": [0.9434692015520001, 0.705280324098, 0.57250398186, 0.45002695282, 0.625343340824, 0.5984293591409999, 0.971415697397, 1.00151444110088, 1.00119924388749, 0.570908578519], "sol": [1.0, 0.0, 0.0, 0.0, 0.0, 0.0, 1.0, 1.0, 1.0, 0.0], "coverage": [1.0, 0.7444487847222222, 0.6087413194444444, 0.47390190972222224, 0.6621918402777778, 0.6188715277777778, 1.0, 1.0, 1.0, 0.5923567708333334], "coverage_estimated_first_order_diff": [-0.2697108619699373, 0.3418112065198914, 0.4254885496793175, 0.42678676059659326, 0.3887998525558376, 0.35019194322522174, -0.3189067961857144, -0.28273396832417996, -0.289558731208692, 0.29810864279773686], "coverage_estimated_second_order_diff": [-0.05653079844799991, -0.03916846062422219, -0.03623733758444447, -0.023874956902222244, -0.03684849945377777, -0.020442168636777835, -0.028584302603000045, 0.0015144411008800596, 0.0011992438874899314, -0.02144819231433337]}