{"coverage_estimated_first_order": [1.063460563596664, 0.835833362917668, 0.8289660198082834, 0.9856140059750806, 0.7990405309440228, 0.9665557035493614, 0.9366410523335836, 0.4761701632793721, 0.8671733247537946, 0.8204986231477832], "coverage_estimated_second_order": [0.7652438573060001, 1.0468590534679998, 1.054837101016, 0.7107441213400001, 1.022407646908, 0.5954490621899999, 0.47130607632610005, 1.0004563740474601, 0.69038750914567, 0.3690782912466001], "sol": [0.0, 1.0, 1.0, 0.0, 1.0, 0.0, 0.0, 1.0, 0.0, 0.0], "coverage": [0.7300260416666666, 1.0, 1.0, 0.6784895833333333, 1.0, 0.5824479166666666, 0.4695225694444444, 1.0, 0.6844010416666667, 0.36224392361111113], "coverage_estimated_first_order_diff": [0.33343452192999745, -0.16416663708233203, -0.17103398019171656, 0.30712442264174733, -0.20095946905597717, 0.38410778688269476, 0.4671184828891392, -0.5238298367206279, 0.1827722830871279, 0.4582546995366721], "coverage_estimated_second_order_diff": [0.03521781563933346, 0.04685905346799979, 0.054837101016000034, 0.03225453800666678, 0.0224076469079999, 0.013001145523333313, 0.0017835068816556277, 0.00045637404746012855, 0.005986467479003332, 0.006834367635488947]}