{"coverage_estimated_first_order": [1.310563133365192, 1.098322274532593, 1.1244144344142004, 0.9757826954668609, 1.3551267449269628, 1.2155255815524202, 0.9178772797130055, 0.6363010408286549, 1.0241081015164994, 1.0801040534216888], "coverage_estimated_second_order": [0.800001101314, 1.036248040854, 1.04967498134, 1.0388598102270001, 0.806945294298, 0.695097461623, 1.0037405085623001, 1.00111909931868, 0.69196356536518, 0.5813233886541], "sol": [0.0, 1.0, 1.0, 1.0, 0.0, 0.0, 1.0, 1.0, 0.0, 0.0], "coverage": [0.7731119791666666, 1.0, 1.0, 1.0, 0.7841623263888889, 0.6862847222222223, 1.0, 1.0, 0.6851519097222222, 0.5886848958333334], "coverage_estimated_first_order_diff": [0.5374511541985253, 0.0983222745325929, 0.12441443441420041, -0.024217304533139083, 0.5709644185380739, 0.5292408593301979, -0.08212272028699452, -0.3636989591713451, 0.3389561917942773, 0.4914191575883554], "coverage_estimated_second_order_diff": [0.02688912214733341, 0.03624804085400002, 0.049674981339999924, 0.038859810227000136, 0.02278296790911105, 0.008812739400777758, 0.0037405085623001266, 0.001119099318680039, 0.006811655642957826, -0.00736150717923334]}