{"coverage_estimated_first_order": [1.2771546943555299, 1.341284666015447, 1.3565567809100183, 0.9185824820445057, 1.0777649337123352, 1.2691822838422362, 1.015954360124414, 0.6352353261011737, 1.023409861611754, 0.8814244202248842], "coverage_estimated_second_order": [0.7237456063000001, 0.758627483876, 0.820935434114, 1.00917846227, 1.029752247342, 0.819544897166, 1.0384384943868001, 1.0011653960445501, 0.69095874894979, 1.0127022685356], "sol": [0.0, 0.0, 0.0, 1.0, 1.0, 0.0, 1.0, 1.0, 0.0, 1.0], "coverage": [0.7192578125, 0.7629644097222222, 0.8150086805555555, 1.0, 1.0, 0.7922873263888889, 1.0, 1.0, 0.6846744791666667, 1.0], "coverage_estimated_first_order_diff": [0.5578968818555299, 0.5783202562932247, 0.5415481003544628, -0.08141751795549435, 0.07776493371233517, 0.4768949574533473, 0.01595436012441409, -0.3647646738988263, 0.3387353824450873, -0.11857557977511579], "coverage_estimated_second_order_diff": [0.004487793800000084, -0.00433692584622225, 0.00592675355844452, 0.009178462269999965, 0.029752247341999993, 0.027257570777111106, 0.03843849438680014, 0.0011653960445501266, 0.006284269783123353, 0.01270226853559997]}