{"coverage_estimated_first_order": [0.7335799177704007, 1.1012247729011835, 1.051951874636462, 0.9105199808270352, 0.7684823547859665, 0.9522093627748549, 0.9354904434772263, 0.7170396676233032, 0.7104297089210414, 0.8302226472244544], "coverage_estimated_second_order": [0.9700568530140001, 0.770400827792, 0.6529028340259999, 0.49782964259599993, 0.962879338463, 0.559388528545, 0.46842941116759995, 1.0012614659244599, 1.0011843659057402, 0.4050749520278], "sol": [1.0, 0.0, 0.0, 0.0, 1.0, 0.0, 0.0, 1.0, 1.0, 0.0], "coverage": [1.0, 0.8024305555555555, 0.6932986111111111, 0.5280598958333333, 1.0, 0.5879557291666667, 0.5006640625, 1.0, 1.0, 0.42486979166666666], "coverage_estimated_first_order_diff": [-0.26642008222959934, 0.29879421734562794, 0.3586532635253509, 0.3824600849937019, -0.2315176452140335, 0.3642536336081882, 0.43482638097722637, -0.2829603323766968, -0.2895702910789586, 0.4053528555577877], "coverage_estimated_second_order_diff": [-0.02994314698599987, -0.032029727763555504, -0.04039577708511122, -0.030230253237333415, -0.037120661537, -0.028567200621666733, -0.0322346513324, 0.0012614659244598592, 0.0011843659057402256, -0.01979483963886669]}