{"coverage_estimated_first_order": [1.294064684420982, 1.6995375395674142, 1.3697514049311736, 1.198361805786552, 1.6808954550526858, 1.2369995776272993, 1.304078403954994, 0.9532450918550286, 0.9381813873176956, 1.1200751720080617], "coverage_estimated_second_order": [1.023021082564, 0.946264318603, 1.035222337852, 1.0218516398520001, 0.9395013216479999, 1.0113447718289998, 1.002055602448, 0.0284261786357, 0.014712596271530001, 1.0014502134591001], "sol": [1.0, 0.0, 1.0, 1.0, 0.0, 1.0, 1.0, 0.0, 0.0, 1.0], "coverage": [1.0, 0.9035546875, 1.0, 1.0, 0.89984375, 1.0, 1.0, 0.02782986111111111, 0.014835069444444444, 1.0], "coverage_estimated_first_order_diff": [0.294064684420982, 0.7959828520674141, 0.36975140493117364, 0.19836180578655194, 0.7810517050526857, 0.23699957762729928, 0.30407840395499397, 0.9254152307439175, 0.9233463178732512, 0.12007517200806173], "coverage_estimated_second_order_diff": [0.02302108256400004, 0.04270963110299997, 0.03522233785200002, 0.021851639852000115, 0.03965757164799988, 0.011344771828999844, 0.002055602448000071, 0.0005963175245888887, -0.00012247317291444286, 0.0014502134591001248]}