{"coverage_estimated_first_order": [1.5903828265948372, 1.7045327275203128, 1.6764736241040616, 1.441298678568258, 1.6142640158579695, 1.6732063909859556, 1.714648918251461, 0.9535020296033923, 1.336566818226613, 1.250740741000408], "coverage_estimated_second_order": [0.8946245493980001, 0.8723358568679999, 0.88548452976, 0.9173482425280001, 0.9112332647879998, 0.643870588667, 0.7225183101243999, 0.9986912437551001, 0.69174257938912, 0.9515340432988], "sol": [1.0, 1.0, 1.0, 1.0, 1.0, 0.0, 0.0, 1.0, 0.0, 1.0], "coverage": [1.0, 1.0, 1.0, 1.0, 1.0, 0.6750868055555556, 0.742421875, 1.0, 0.6858289930555556, 1.0], "coverage_estimated_first_order_diff": [0.5903828265948372, 0.7045327275203128, 0.6764736241040616, 0.441298678568258, 0.6142640158579695, 0.9981195854304, 0.972227043251461, -0.046497970396607746, 0.6507378251710575, 0.2507407410004081], "coverage_estimated_second_order_diff": [-0.10537545060199993, -0.12766414313200014, -0.11451547023999997, -0.08265175747199993, -0.08876673521200018, -0.03121621688855558, -0.019903564875600077, -0.0013087562448999002, 0.0059135863335644245, -0.04846595670120002]}