{"coverage_estimated_first_order": [0.8177893267377923, 0.8440507627442992, 1.0868396878912936, 0.9168211114907026, 1.0641323616625074, 0.92711378230988, 0.9936827330011465, 0.8766618013086305, 0.46873820892591167, 0.6349967276740189], "coverage_estimated_second_order": [1.0311949548000001, 1.0086899806, 0.727894305932, 0.5141074433799999, 0.653000972456, 0.47118444861100006, 0.6043829591320999, 0.69917318758088, 0.99977172089263, 1.0031596297406], "sol": [1.0, 1.0, 0.0, 0.0, 0.0, 0.0, 0.0, 0.0, 1.0, 1.0], "coverage": [1.0, 1.0, 0.6985980902777778, 0.4993576388888889, 0.6248003472222222, 0.4539887152777778, 0.5816536458333333, 0.693125, 1.0, 1.0], "coverage_estimated_first_order_diff": [-0.18221067326220775, -0.15594923725570076, 0.38824159761351584, 0.41746347260181366, 0.43933201444028513, 0.47312506703210216, 0.41202908716781317, 0.18353680130863048, -0.5312617910740883, -0.36500327232598107], "coverage_estimated_second_order_diff": [0.03119495480000012, 0.008689980600000036, 0.029296215654222246, 0.014749804491111018, 0.028200625233777754, 0.017195733333222274, 0.022729313298766596, 0.006048187580879993, -0.00022827910736999968, 0.003159629740600023]}