{"coverage_estimated_first_order": [1.505915323283322, 1.581383676415824, 1.5940482854041225, 1.1243356320244744, 1.6339399864244326, 1.2118519503530667, 1.278373644502564, 1.0358139096949475, 1.0234944452859787, 1.0726757958392903], "coverage_estimated_second_order": [0.6725999932319999, 0.701884438275, 0.7755341154900001, 0.9844265474960001, 0.858120643528, 1.006084042109, 1.0182127940410002, 1.0000789773220902, 0.99986307688111, 0.9894550437732], "sol": [0.0, 0.0, 0.0, 1.0, 0.0, 1.0, 1.0, 1.0, 1.0, 1.0], "coverage": [0.6918446180555555, 0.7343880208333333, 0.8002039930555556, 1.0, 0.8607942708333334, 1.0, 1.0, 1.0, 1.0, 1.0], "coverage_estimated_first_order_diff": [0.8140707052277665, 0.8469956555824907, 0.7938442923485669, 0.1243356320244744, 0.7731457155910992, 0.2118519503530667, 0.27837364450256397, 0.035813909694947466, 0.02349444528597866, 0.07267579583929029], "coverage_estimated_second_order_diff": [-0.0192446248235556, -0.0325035825583333, -0.024669877565555498, -0.015573452503999885, -0.0026736273053333814, 0.006084042109000043, 0.01821279404100018, 7.897732209016795e-05, -0.00013692311889001996, -0.010544956226799962]}