{"coverage_estimated_first_order": [0.7424896984311471, 1.1101251364374936, 1.0972369420112091, 0.6811197983065497, 1.0750013698877292, 0.9798752277380389, 0.6950452063076625, 0.877170545172586, 0.4691493969810778, 0.8971934559649108], "coverage_estimated_second_order": [0.98779697875, 0.808449508402, 0.793397487962, 1.001683979486, 0.72463482357, 0.6442223474409999, 1.0056603955339, 0.70125877315717, 1.00034935210137, 0.5960714682307], "sol": [1.0, 0.0, 0.0, 1.0, 0.0, 0.0, 1.0, 0.0, 1.0, 0.0], "coverage": [1.0, 0.8349088541666667, 0.8091536458333334, 1.0, 0.7479166666666667, 0.6548741319444444, 1.0, 0.6960373263888889, 1.0, 0.6187413194444444], "coverage_estimated_first_order_diff": [-0.2575103015688529, 0.27521628227082684, 0.28808329617787576, -0.3188802016934503, 0.32708470322106253, 0.3250010957935945, -0.30495479369233747, 0.18113321878369704, -0.5308506030189222, 0.2784521365204664], "coverage_estimated_second_order_diff": [-0.012203021249999946, -0.026459345764666686, -0.01575615787133333, 0.0016839794859999646, -0.0232818430966667, -0.010651784503444506, 0.0056603955339000755, 0.005221446768281068, 0.00034935210136999295, -0.02266985121374443]}