{"coverage_estimated_first_order": [2.073517886777248, 1.8873642684548182, 1.8966768251902253, 1.6485341673309533, 2.183413318487278, 1.6789513512721104, 1.7389359926242212, 1.3538115098875976, 1.3364512347423134, 1.4859476132448595], "coverage_estimated_second_order": [0.749906600766, 0.8929718877989999, 0.887190387514, 0.8997389251629999, 0.809938319982, 0.916464693892, 0.9269144961551001, 0.99519116962237, 0.9966335474438701, 0.9587595408275001], "sol": [0.0, 1.0, 1.0, 1.0, 0.0, 1.0, 1.0, 1.0, 1.0, 1.0], "coverage": [0.8239453125, 1.0, 1.0, 1.0, 0.8983506944444445, 1.0, 1.0, 1.0, 1.0, 1.0], "coverage_estimated_first_order_diff": [1.2495725742772479, 0.8873642684548182, 0.8966768251902253, 0.6485341673309533, 1.2850626240428338, 0.6789513512721104, 0.7389359926242212, 0.3538115098875976, 0.3364512347423134, 0.48594761324485947], "coverage_estimated_second_order_diff": [-0.074038711734, -0.10702811220100006, -0.11280961248599997, -0.10026107483700009, -0.08841237446244443, -0.08353530610799997, -0.07308550384489987, -0.0048088303776300245, -0.003366452556129884, -0.041240459172499855]}