{"coverage_estimated_first_order": [1.5704395332675432, 1.362506685529043, 1.3744330245548295, 1.187490691339575, 1.5941089955018835, 1.3839449534535226, 1.4433989978430404, 1.0368605101556374, 1.0243521980082402, 0.9973854903032137], "coverage_estimated_second_order": [0.827529399976, 1.024226364096, 1.0269551902440002, 1.016848662034, 0.7516852001959999, 0.52944031788, 0.6500749620509001, 0.9984908544832201, 0.9987051722164499, 0.9993706925267], "sol": [0.0, 1.0, 1.0, 1.0, 0.0, 0.0, 0.0, 1.0, 1.0, 1.0], "coverage": [0.8036284722222222, 1.0, 1.0, 1.0, 0.7259027777777778, 0.5219835069444444, 0.6465190972222222, 1.0, 1.0, 1.0], "coverage_estimated_first_order_diff": [0.7668110610453209, 0.3625066855290431, 0.3744330245548295, 0.18749069133957508, 0.8682062177241057, 0.8619614465090782, 0.7968799006208181, 0.036860510155637405, 0.024352198008240178, -0.002614509696786338], "coverage_estimated_second_order_diff": [0.023900927753777723, 0.024226364096000097, 0.02695519024400017, 0.01684866203400004, 0.02578242241822215, 0.007456810935555613, 0.0035558648286778682, -0.0015091455167799417, -0.0012948277835500566, -0.0006293074733000337]}