{"coverage_estimated_first_order": [0.5309033447439262, 0.8525451124696386, 0.7927893114554716, 0.6876999607412936, 0.8241559470263042, 0.7695413154802677, 0.5423743988755149, 0.47582627996649307, 0.46848328304543796, 0.5057144046007157], "coverage_estimated_second_order": [0.9390763219980001, 0.712905395394, 0.558310142718, 0.434519337814, 0.656296225044, 0.617050102236, 0.966619179592, 0.015658550046400002, 0.007019206902150001, 1.00599776556], "sol": [1.0, 0.0, 0.0, 0.0, 0.0, 0.0, 1.0, 0.0, 0.0, 1.0], "coverage": [1.0, 0.7646788194444445, 0.6185763888888889, 0.49151475694444446, 0.7142838541666666, 0.6458246527777778, 1.0, 0.014952256944444445, 0.006154513888888889, 1.0], "coverage_estimated_first_order_diff": [-0.4690966552560738, 0.08786629302519411, 0.17421292256658272, 0.19618520379684912, 0.10987209285963762, 0.12371666270248993, -0.45762560112448514, 0.4608740230220486, 0.4623287691565491, -0.4942855953992843], "coverage_estimated_second_order_diff": [-0.06092367800199994, -0.051773424050444494, -0.06026624617088894, -0.05699541913044448, -0.05798762912266664, -0.0287745505417778, -0.033380820407999945, 0.000706293101955557, 0.0008646930132611115, 0.00599776556000009]}