{"coverage_estimated_first_order": [2.080789748263339, 1.886174797980882, 1.8596805378626189, 1.8903807659872893, 1.909836442551987, 1.7249878710876392, 1.7576997652447992, 1.3520795594775536, 1.3355294644446665, 1.5011771335863344], "coverage_estimated_second_order": [0.747766622576, 0.897490683563, 0.8942596770999999, 0.6371301556289999, 0.8635571709950001, 0.8785698618470001, 0.9030458407421001, 0.9964734731498899, 0.9980068266555402, 0.9462566546650001], "sol": [0.0, 1.0, 1.0, 0.0, 1.0, 1.0, 1.0, 1.0, 1.0, 1.0], "coverage": [0.8278602430555555, 1.0, 1.0, 0.7065928819444445, 1.0, 1.0, 1.0, 1.0, 1.0, 1.0], "coverage_estimated_first_order_diff": [1.2529295052077836, 0.8861747979808821, 0.8596805378626189, 1.1837878840428449, 0.9098364425519869, 0.7249878710876392, 0.7576997652447992, 0.35207955947755365, 0.33552946444466647, 0.5011771335863344], "coverage_estimated_second_order_diff": [-0.08009362047955548, -0.10250931643700001, -0.10574032290000013, -0.06946272631544459, -0.13644282900499993, -0.12143013815299986, -0.09695415925789985, -0.0035265268501101232, -0.0019931733444598088, -0.053743345334999915]}