{"coverage_estimated_first_order": [1.0830905594004367, 1.1391353888173104, 1.4472855325864247, 1.719241090999557, 1.3672705976550472, 1.1888397844645353, 1.121864948907196, 1.6465973787423922, 1.0141243798788127, 0.7832138821708883], "coverage_estimated_second_order": [1.04171195099023, 1.0409044669538998, 0.7739411168946999, 0.8756232723090998, 1.0196978982122, 1.0204555461744, 1.0050090096707, 0.8539529583632, 1.0219223925604999, 0.22271376018055], "sol": [1.0, 1.0, 0.0, 0.0, 1.0, 1.0, 1.0, 0.0, 1.0, 0.0], "coverage": [1.0, 1.0, 0.7377864583333333, 0.8518359375, 1.0, 1.0, 1.0, 0.8411197916666666, 1.0, 0.21997395833333333], "coverage_estimated_first_order_diff": [0.08309055940043675, 0.13913538881731036, 0.7094990742530913, 0.867405153499557, 0.3672705976550472, 0.1888397844645353, 0.1218649489071959, 0.8054775870757256, 0.014124379878812654, 0.563239923837555], "coverage_estimated_second_order_diff": [0.04171195099022995, 0.04090446695389982, 0.03615465856136657, 0.02378733480909978, 0.019697898212200027, 0.02045554617440004, 0.00500900967070006, 0.012833166696533338, 0.02192239256049988, 0.002739801847216672]}