{"coverage_estimated_first_order": [1.6207576038978175, 1.3831376853556323, 1.3546834376513934, 1.6047789539669401, 1.5611626719311498, 1.6842470965448995, 1.6866691026944194, 1.5304633698173722, 1.3398126292966324, 0.7376980209934818], "coverage_estimated_second_order": [0.7343417199291998, 1.0157003512121, 1.0132614713802899, 0.9291869797771999, 0.9367177531172, 0.7195340053434001, 0.6410884357588, 0.9286449568577999, 0.942081163391, 0.98620904175183], "sol": [0.0, 1.0, 1.0, 1.0, 1.0, 0.0, 0.0, 1.0, 1.0, 1.0], "coverage": [0.7137196180555555, 1.0, 1.0, 1.0, 1.0, 0.7191623263888889, 0.6771050347222223, 1.0, 1.0, 1.0], "coverage_estimated_first_order_diff": [0.907037985842262, 0.3831376853556323, 0.35468343765139343, 0.6047789539669401, 0.5611626719311498, 0.9650847701560106, 1.009564067972197, 0.5304633698173722, 0.33981262929663236, -0.2623019790065182], "coverage_estimated_second_order_diff": [0.020622101873644327, 0.015700351212099894, 0.01326147138028988, -0.07081302022280012, -0.06328224688280004, 0.0003716789545111787, -0.03601659896342224, -0.07135504314220009, -0.05791883660899999, -0.013790958248170004]}