{"coverage_estimated_first_order": [0.7174202809299736, 0.8100929876741704, 0.3817525013763734, 0.7858062544877786, 0.8682385467311217, 0.3870532251753658, 0.6221520082845862, 0.6816505310370337, 0.5819492802907182, 0.24984083566562088], "coverage_estimated_second_order": [0.5439418021268, 0.6699037246091999, 0.9780773129132, 0.4640338458786, 0.6519409188951, 0.9456009115938, 0.1895834918629, 0.21092477778399998, 0.1432842334494, 1.0045376864420001], "sol": [0.0, 0.0, 1.0, 0.0, 0.0, 1.0, 0.0, 0.0, 0.0, 1.0], "coverage": [0.5698046875, 0.6941579861111111, 1.0, 0.46532986111111113, 0.6666623263888889, 1.0, 0.16027777777777777, 0.17738715277777778, 0.09242621527777778, 1.0], "coverage_estimated_first_order_diff": [0.14761559342997355, 0.11593500156305925, -0.6182474986236266, 0.3204763933766675, 0.20157622034223277, -0.6129467748246342, 0.4618742305068084, 0.5042633782592558, 0.48952306501294046, -0.7501591643343791], "coverage_estimated_second_order_diff": [-0.02586288537320003, -0.024254261501911234, -0.021922687086800008, -0.0012960152325111052, -0.014721407493788918, -0.0543990884062, 0.029305714085122225, 0.033537625006222205, 0.05085801817162222, 0.004537686442000144]}