{"coverage_estimated_first_order": [0.964949218617157, 0.9794578901017835, 0.9609694506822145, 1.2086777258911126, 1.2780831462409166, 1.074649585875128, 1.1791806735574888, 1.342342153127223, 0.7915827386219563, 0.4619032564959859], "coverage_estimated_second_order": [0.21996177994389995, 0.136003081911, 0.18702036365689, 0.8995735164887999, 0.9006400860267999, 0.905102117303, 0.6011805609899001, 0.753898963188, 0.9768297646158001, 0.98954205782883], "sol": [0.0, 0.0, 0.0, 1.0, 1.0, 1.0, 0.0, 0.0, 1.0, 1.0], "coverage": [0.19475694444444444, 0.11111979166666666, 0.15965711805555555, 1.0, 1.0, 1.0, 0.6122005208333333, 0.7655902777777778, 1.0, 1.0], "coverage_estimated_first_order_diff": [0.7701922741727125, 0.8683380984351169, 0.8013123326266589, 0.20867772589111255, 0.27808314624091657, 0.07464958587512793, 0.5669801527241555, 0.5767518753494453, -0.20841726137804373, -0.538096743504014], "coverage_estimated_second_order_diff": [0.025204835499455513, 0.024883290244333334, 0.027363245601334463, -0.1004264835112001, -0.0993599139732001, -0.09489788269699995, -0.01101995984343318, -0.01169131458977779, -0.023170235384199933, -0.01045794217117002]}