{"coverage_estimated_first_order": [1.1951233424818481, 0.9767003779790664, 0.9728308560990069, 1.0014912617569314, 1.3316438211451687, 1.0999803711375002, 0.9305611228505648, 1.420140078495162, 0.8783376921322992, 0.621316889925621], "coverage_estimated_second_order": [0.65729351815237, 1.0459179862369, 1.04899974160716, 0.9865810972847999, 0.7044087929448, 0.4968015625608, 1.0339618067392, 0.8476367533898, 1.032228043401, 0.13814927561912], "sol": [0.0, 1.0, 1.0, 1.0, 0.0, 0.0, 1.0, 0.0, 1.0, 0.0], "coverage": [0.6113628472222222, 1.0, 1.0, 1.0, 0.7210199652777778, 0.5233854166666667, 1.0, 0.814765625, 1.0, 0.13506944444444444], "coverage_estimated_first_order_diff": [0.5837604952596259, -0.023299622020933608, -0.02716914390099312, 0.0014912617569313724, 0.6106238558673909, 0.5765949544708335, -0.0694388771494352, 0.6053744534951621, -0.12166230786770083, 0.4862474454811765], "coverage_estimated_second_order_diff": [0.0459306709301478, 0.04591798623689991, 0.04899974160715992, -0.013418902715200076, -0.01661117233297782, -0.026583854105866722, 0.03396180673920002, 0.0328711283898, 0.03222804340100005, 0.003079831174675557]}