{"coverage_estimated_first_order": [1.2611542257853485, 1.3761420680801049, 1.249604381527813, 1.465577632409329, 1.3991366789501771, 1.2161641815424067, 1.1297040085067722, 1.223444614758753, 1.3552625058214278, 0.6877614410642447], "coverage_estimated_second_order": [0.8351813080490998, 0.8322981807371999, 0.8451780155675299, 0.42909459576379994, 0.3063792886012, 0.2487013774986, 1.0232385396895, 1.0171373355829, 0.6379808887481, 0.95171141278248], "sol": [1.0, 1.0, 1.0, 0.0, 0.0, 0.0, 1.0, 1.0, 0.0, 1.0], "coverage": [1.0, 1.0, 1.0, 0.40161024305555554, 0.2855989583333333, 0.22480034722222222, 1.0, 1.0, 0.616171875, 1.0], "coverage_estimated_first_order_diff": [0.2611542257853485, 0.37614206808010486, 0.24960438152781306, 1.0639673893537736, 1.1135377206168438, 0.9913638343201845, 0.12970400850677222, 0.223444614758753, 0.7390906308214278, -0.31223855893575525], "coverage_estimated_second_order_diff": [-0.16481869195090015, -0.16770181926280014, -0.15482198443247008, 0.027484352708244397, 0.020780330267866687, 0.02390103027637777, 0.02323853968950007, 0.017137335582900093, 0.02180901374809996, -0.04828858721752005]}