{"coverage_estimated_first_order": [1.011057154799536, 1.5428366264935929, 1.0535691268705603, 1.3247797779179546, 1.7557337043578936, 1.1026969396040869, 1.4905797785520678, 1.312495150508554, 1.1312848230636443, 0.7793040273578413], "coverage_estimated_second_order": [1.0349634322319, 0.8643352190025, 1.0375448550331798, 1.0153545853355, 0.9338049448819, 1.0228255459092, 0.7067281706418, 1.0040277122510999, 1.007633031034, 0.22785662025872003], "sol": [1.0, 0.0, 1.0, 1.0, 0.0, 1.0, 0.0, 1.0, 1.0, 0.0], "coverage": [1.0, 0.8288671875, 1.0, 1.0, 0.9109895833333334, 1.0, 0.6921180555555555, 1.0, 1.0, 0.22915364583333334], "coverage_estimated_first_order_diff": [0.011057154799535951, 0.7139694389935929, 0.05356912687056026, 0.32477977791795465, 0.8447441210245602, 0.10269693960408688, 0.7984617229965123, 0.31249515050855403, 0.1312848230636443, 0.550150381524508], "coverage_estimated_second_order_diff": [0.034963432231899905, 0.0354680315025, 0.037544855033179836, 0.015354585335499937, 0.02281536154856667, 0.02282554590919994, 0.014610115086244546, 0.00402771225109988, 0.007633031034000037, -0.0012970255746133086]}