{"coverage_estimated_first_order": [0.6055738242125907, 0.9726523334865579, 0.8916569456226743, 0.9923288473194471, 0.9531271394622104, 0.8035357970508773, 1.010500685259409, 0.8027357869373254, 0.6957114983280437, 0.4143276374773164], "coverage_estimated_second_order": [0.9811841496945001, 0.5988702448272001, 0.5101814049846, 0.4052259951728, 0.3120745846486, 0.18732107814680002, 0.6209137498074, 1.018069962809, 1.0410126549044, 1.0099095712992001], "sol": [1.0, 0.0, 0.0, 0.0, 0.0, 0.0, 0.0, 1.0, 1.0, 1.0], "coverage": [1.0, 0.6170008680555555, 0.5338671875, 0.38446614583333333, 0.29559461805555554, 0.1732204861111111, 0.5938194444444445, 1.0, 1.0, 1.0], "coverage_estimated_first_order_diff": [-0.39442617578740935, 0.35565146543100234, 0.35778975812267433, 0.6078627014861138, 0.6575325214066549, 0.6303153109397662, 0.4166812408149645, -0.1972642130626746, -0.3042885016719563, -0.5856723625226836], "coverage_estimated_second_order_diff": [-0.018815850305499926, -0.018130623228355458, -0.02368578251539999, 0.020759849339466674, 0.01647996659304446, 0.01410059203568892, 0.02709430536295554, 0.018069962808999973, 0.04101265490440009, 0.009909571299200115]}