{"coverage_estimated_first_order": [0.2458218977624795, 0.5904986264895331, 0.49363082650564927, 0.45336391121690306, 0.44895935904014117, 0.3868732020548407, 0.3973894366200251, 0.4355726580803112, 0.36414421835632466, 0.18125919412308494], "coverage_estimated_second_order": [0.9809797875680001, 0.5980506695440001, 0.43299078657900003, 0.079775472736, 0.07364038470499999, 0.0513375402816, 0.06846596556520002, 0.07950064996539999, 0.0480770193072, 1.0115404476479999], "sol": [1.0, 0.0, 0.0, 0.0, 0.0, 0.0, 0.0, 0.0, 0.0, 1.0], "coverage": [1.0, 0.6166059027777778, 0.4580034722222222, 0.001814236111111111, 0.0024131944444444444, 0.0028472222222222223, 0.0034939236111111113, 0.00904079861111111, 0.008823784722222222, 1.0], "coverage_estimated_first_order_diff": [-0.7541781022375205, -0.02610727628824472, 0.03562735428342706, 0.45154967510579197, 0.44654616459569674, 0.3840259798326185, 0.393895513008914, 0.4265318594692001, 0.35532043363410243, -0.818740805876915], "coverage_estimated_second_order_diff": [-0.019020212431999917, -0.018555233233777724, -0.025012685643222177, 0.07796123662488888, 0.07122719026055555, 0.04849031805937778, 0.0649720419540889, 0.07045985135428888, 0.03925323458497778, 0.011540447647999885]}