{"coverage_estimated_first_order": [1.1951233424818481, 1.3517765410730107, 1.2659688084454075, 1.2281775110291986, 1.5561215118028684, 1.2934105031828866, 1.129107836652489, 1.6372146563627177, 1.0599005903916074, 0.8025760840487057], "coverage_estimated_second_order": [0.8777273876091699, 0.8784685869420998, 0.8752374495441599, 0.9668404438644, 0.6890098556463999, 0.48892708761259995, 1.0131687146293, 0.8261008400977, 1.0158964526324001, 0.23615372560791997], "sol": [1.0, 1.0, 1.0, 1.0, 0.0, 0.0, 1.0, 0.0, 1.0, 0.0], "coverage": [1.0, 1.0, 1.0, 1.0, 0.7210720486111111, 0.5234722222222222, 1.0, 0.8148263888888889, 1.0, 0.23736979166666666], "coverage_estimated_first_order_diff": [0.19512334248184815, 0.3517765410730107, 0.2659688084454075, 0.2281775110291986, 0.8350494631917573, 0.7699382809606644, 0.12910783665248893, 0.8223882674738288, 0.059900590391607444, 0.5652062923820391], "coverage_estimated_second_order_diff": [-0.1222726123908301, -0.12153141305790016, -0.12476255045584006, -0.033159556135599955, -0.032062192964711134, -0.034545134609622274, 0.013168714629300027, 0.011274451208811098, 0.015896452632400138, -0.0012160660587466898]}