{"coverage_estimated_first_order": [1.3749572210683796, 1.1677168793453525, 1.1539879792141026, 1.2763349595259506, 1.5846601382033592, 1.3224640015089273, 1.265799737010485, 1.420140078495162, 1.2099049721040183, 0.7380115672179581], "coverage_estimated_second_order": [0.6473260714936699, 1.0354527506259, 1.03917172879449, 0.9012372958097999, 0.6808555706134001, 0.5229077817282001, 0.8576591916276, 0.8533163888518001, 0.8744717276978, 0.1366318401267], "sol": [0.0, 1.0, 1.0, 1.0, 0.0, 0.0, 1.0, 1.0, 1.0, 0.0], "coverage": [0.6114236111111111, 1.0, 1.0, 1.0, 0.7282638888888889, 0.5518012152777778, 1.0, 1.0, 1.0, 0.13648871527777778], "coverage_estimated_first_order_diff": [0.7635336099572685, 0.1677168793453525, 0.15398797921410257, 0.27633495952595055, 0.8563962493144702, 0.7706627862311495, 0.265799737010485, 0.4201400784951621, 0.20990497210401826, 0.6015228519401803], "coverage_estimated_second_order_diff": [0.03590246038255884, 0.03545275062589992, 0.039171728794489935, -0.09876270419020006, -0.04740831827548886, -0.02889343354957774, -0.14234080837240004, -0.14668361114819994, -0.12552827230219998, 0.00014312484892220478]}