{"coverage_estimated_first_order": [0.9031093392599414, 0.5728546370211601, 0.9371643852109797, 0.8961202564932158, 0.8558541389977615, 1.1002247451912914, 0.676231988520266, 1.081400449911617, 0.8691844658246222, 0.4854962244172934], "coverage_estimated_second_order": [0.5593243578229099, 0.9593124648671001, 0.6096425748068101, 1.0782200686949999, 1.0696090353426, 0.7709549595640002, 1.0070057677282, 0.683661042157, 0.46305096481639996, 0.10145408674867], "sol": [0.0, 1.0, 0.0, 1.0, 1.0, 0.0, 1.0, 0.0, 0.0, 0.0], "coverage": [0.5953732638888889, 1.0, 0.6459027777777778, 1.0, 1.0, 0.7111588541666667, 1.0, 0.6681987847222223, 0.4619097222222222, 0.11068576388888889], "coverage_estimated_first_order_diff": [0.3077360753710525, -0.42714536297883987, 0.29126160743320184, -0.1038797435067842, -0.14414586100223847, 0.38906589102462474, -0.323768011479734, 0.4132016651893947, 0.40727474360239996, 0.3748104605284045], "coverage_estimated_second_order_diff": [-0.03604890606597899, -0.04068753513289991, -0.03626020297096777, 0.07822006869499987, 0.06960903534259999, 0.05979610539733349, 0.007005767728200052, 0.015462257434777693, 0.0011412425941777493, -0.009231677140218886]}