{"coverage_estimated_first_order": [0.7235410514898383, 0.38207343775478086, 0.7918309152631471, 0.49087686989828805, 0.8590264677069893, 0.6866767471537941, 0.732077980133896, 0.8493653178144136, 0.4004087360157652, 0.3712090753833758], "coverage_estimated_second_order": [0.558335283545, 0.9582929785107, 0.68404969930098, 0.9637890001934, 0.6607515989866, 0.42680332678899996, 0.5281162490069999, 0.682280952185, 1.001322920127, 0.10297629708362], "sol": [0.0, 1.0, 0.0, 1.0, 0.0, 0.0, 0.0, 0.0, 1.0, 0.0], "coverage": [0.5955685763888889, 1.0, 0.7216189236111111, 1.0, 0.693671875, 0.46789930555555553, 0.5537109375, 0.7043272569444444, 1.0, 0.11325954861111111], "coverage_estimated_first_order_diff": [0.12797247510094933, -0.6179265622452191, 0.07021199165203595, -0.509123130101712, 0.16535459270698927, 0.2187774415982386, 0.17836704263389602, 0.14503806086996918, -0.5995912639842348, 0.2579495267722647], "coverage_estimated_second_order_diff": [-0.03723329284388899, -0.041707021489299945, -0.0375692243101311, -0.03621099980660003, -0.032920276013400085, -0.041095978766555574, -0.025594688493000062, -0.02204630475944447, 0.0013229201269999713, -0.010283251527491113]}