{"coverage_estimated_first_order": [1.6206095734930843, 1.3830040949204032, 1.319074068866589, 1.6729710625339644, 1.7291298681324228, 1.49006813192029, 1.6336226109647725, 1.409364456026269, 1.5219763297304298, 0.7365445067151074], "coverage_estimated_second_order": [0.7346086954880998, 1.0159493173190999, 1.0130911565996001, 0.7992355239397999, 0.7915595571833001, 0.8118254609928001, 0.6059139902213, 0.8946185658248, 0.6397116141229, 0.98811929597245], "sol": [0.0, 1.0, 1.0, 1.0, 1.0, 1.0, 0.0, 1.0, 0.0, 1.0], "coverage": [0.7137196180555555, 1.0, 1.0, 1.0, 1.0, 1.0, 0.6768663194444444, 1.0, 0.6742534722222222, 1.0], "coverage_estimated_first_order_diff": [0.9068899554375288, 0.3830040949204032, 0.31907406886658896, 0.6729710625339644, 0.7291298681324228, 0.49006813192029, 0.956756291520328, 0.40936445602626903, 0.8477228575082076, -0.2634554932848926], "coverage_estimated_second_order_diff": [0.020889077432544312, 0.015949317319099876, 0.01309115659960014, -0.2007644760602001, -0.20844044281669993, -0.18817453900719994, -0.07095232922314443, -0.10538143417519996, -0.0345418580993222, -0.011880704027550038]}