{"coverage_estimated_first_order": [1.440923725311286, 1.5671973470832903, 1.4666642668826984, 1.5566215054701882, 1.532624045530659, 1.6551935982188586, 1.5499772023364233, 1.7475379476849278, 1.1898082475842215, 0.8022625378242294], "coverage_estimated_second_order": [0.8132787071476001, 0.8098370620020998, 0.8241153873509899, 0.9853323527989999, 0.9851069791559999, 0.6958055970949999, 0.5366266019901, 0.6790681601977, 0.9491656736768, 0.94308277413165], "sol": [1.0, 1.0, 1.0, 1.0, 1.0, 0.0, 0.0, 0.0, 1.0, 1.0], "coverage": [1.0, 1.0, 1.0, 1.0, 1.0, 0.68109375, 0.5812977430555556, 0.7276215277777778, 1.0, 1.0], "coverage_estimated_first_order_diff": [0.4409237253112861, 0.5671973470832903, 0.46666426688269835, 0.5566215054701882, 0.532624045530659, 0.9740998482188585, 0.9686794592808677, 1.01991641990715, 0.18980824758422155, -0.1977374621757706], "coverage_estimated_second_order_diff": [-0.1867212928523999, -0.19016293799790018, -0.17588461264901012, -0.014667647201000111, -0.014893020844000127, 0.014711847094999841, -0.044671141065455555, -0.04855336758007778, -0.05083432632319995, -0.05691722586835002]}