{"coverage_estimated_first_order": [0.4256557763490109, 0.7815151278558192, 0.674787949620745, 0.7282076089859224, 0.7019756760983317, 0.6093568324262678, 0.7326280507799454, 0.4355726580803112, 0.6957114983280437, 0.2979538714154221], "coverage_estimated_second_order": [0.9823187092221001, 0.5997390186740001, 0.4349274492156, 0.3078977603656, 0.23254618598620003, 0.17463159842339998, 0.5241901669904, 0.9297671688394, 0.4866987165762, 1.012441701469], "sol": [1.0, 0.0, 0.0, 0.0, 0.0, 0.0, 0.0, 1.0, 0.0, 1.0], "coverage": [1.0, 0.6169140625, 0.4583289930555556, 0.3282378472222222, 0.24286024305555556, 0.17134114583333335, 0.5744053819444445, 1.0, 0.5211805555555555, 1.0], "coverage_estimated_first_order_diff": [-0.574344223650989, 0.1646010653558192, 0.21645895656518938, 0.3999697617637002, 0.45911543304277613, 0.43801568659293444, 0.15822266883550096, -0.5644273419196888, 0.17453094277248815, -0.7020461285845778], "coverage_estimated_second_order_diff": [-0.017681290777899927, -0.01717504382599988, -0.023401543839955574, -0.020340086856622197, -0.010314057069355537, 0.0032904525900666337, -0.05021521495404446, -0.07023283116059997, -0.03448183897935553, 0.012441701468999922]}