{"coverage_estimated_first_order": [1.3287651156089524, 0.9792936017830349, 1.318814382485324, 1.3976416162068708, 1.3333521244383937, 1.516151445572173, 1.2103133254982872, 1.2998985301243726, 1.3833330658933576, 0.6021909017096306], "coverage_estimated_second_order": [0.6758185483320098, 0.9743632183979001, 0.6392483955531402, 0.9483741185975998, 0.9671982673186001, 0.7412959852245999, 0.944233504805, 0.9393668939718001, 0.6168047487463, 1.00646294361853], "sol": [0.0, 1.0, 0.0, 1.0, 1.0, 0.0, 1.0, 1.0, 0.0, 1.0], "coverage": [0.7014409722222222, 1.0, 0.6676388888888889, 1.0, 1.0, 0.7363498263888889, 1.0, 1.0, 0.6163064236111111, 1.0], "coverage_estimated_first_order_diff": [0.6273241433867301, -0.020706398216965072, 0.6511754935964351, 0.3976416162068708, 0.3333521244383937, 0.7798016191832841, 0.21031332549828718, 0.2998985301243726, 0.7670266422822465, -0.39780909829036937], "coverage_estimated_second_order_diff": [-0.02562242389021241, -0.025636781602099923, -0.028390493335748723, -0.05162588140240021, -0.03280173268139985, 0.004946158835711034, -0.05576649519499999, -0.060633106028199935, 0.0004983251351888818, 0.006462943618529948]}