{"coverage_estimated_first_order": [1.0770546469683895, 1.1921449830065174, 0.7795643361109398, 1.3869787708492067, 0.9482504851844996, 1.188959152462082, 0.8972251428800667, 1.4019477057823544, 0.8685613096657778, 0.48165526503980716], "coverage_estimated_second_order": [0.54214449505664, 0.6679129561398, 0.9751860725754399, 0.8264050616577998, 0.9846623760227999, 0.6810194972200001, 1.0364578275318, 0.84841717179, 1.0377009791161, 1.0027711009278402], "sol": [0.0, 0.0, 1.0, 0.0, 1.0, 0.0, 1.0, 0.0, 1.0, 1.0], "coverage": [0.5701953125, 0.6946527777777778, 1.0, 0.8406032986111112, 1.0, 0.7006770833333333, 1.0, 0.8172178819444444, 1.0, 1.0], "coverage_estimated_first_order_diff": [0.5068593344683895, 0.4974922052287396, -0.22043566388906022, 0.5463754722380956, -0.051749514815500386, 0.4882820691287486, -0.10277485711993328, 0.58472982383791, -0.13143869033422217, -0.5183447349601928], "coverage_estimated_second_order_diff": [-0.02805081744336002, -0.026739821637977834, -0.024813927424560123, -0.01419823695331135, -0.015337623977200066, -0.019657586113333236, 0.036457827531799936, 0.031199289845555533, 0.03770097911610004, 0.0027711009278401644]}