{"coverage_estimated_first_order": [1.0771346002715587, 1.5672776163255344, 1.0728594707365764, 1.6047095716744442, 1.1777653582457388, 1.3851794460611013, 1.4310104708419111, 1.2653357587275285, 1.1209667915401755, 0.6641219057950853], "coverage_estimated_second_order": [1.0332687000515002, 0.8738391734805999, 1.03050546197571, 0.7722671430029998, 0.9647647196997998, 0.678921029019, 0.6455236164908, 1.0132085686341001, 1.0184200886346, 0.9965278655598601], "sol": [1.0, 0.0, 1.0, 0.0, 1.0, 0.0, 0.0, 1.0, 1.0, 1.0], "coverage": [1.0, 0.8381423611111111, 1.0, 0.8044704861111112, 1.0, 0.7077430555555555, 0.6347569444444444, 1.0, 1.0, 1.0], "coverage_estimated_first_order_diff": [0.07713460027155872, 0.7291352552144234, 0.07285947073657639, 0.800239085563333, 0.1777653582457388, 0.6774363905055458, 0.7962535263974667, 0.26533575872752846, 0.12096679154017553, -0.33587809420491466], "coverage_estimated_second_order_diff": [0.03326870005150018, 0.03569681236948885, 0.030505461975709913, -0.03220334310811135, -0.03523528030020018, -0.028822026536555523, 0.010766672046355619, 0.013208568634100137, 0.018420088634599985, -0.00347213444013994]}