{"coverage_estimated_first_order": [0.6512676212408989, 1.1606376780569632, 0.6554859056503125, 0.8390669736272645, 0.8324472643706725, 1.0740678384523623, 0.874669030028701, 0.9447795426174643, 0.8256048761103554, 0.5461890166557578], "coverage_estimated_second_order": [1.0521988673735, 0.8810919260737999, 1.0548035738277999, 1.0584709861608, 1.0667229103945999, 0.7368276830764, 0.3648244311592, 0.3782391570047, 0.3236249875712, 0.22697086370825], "sol": [1.0, 0.0, 1.0, 1.0, 1.0, 0.0, 0.0, 0.0, 0.0, 0.0], "coverage": [1.0, 0.8280251736111112, 1.0, 1.0, 1.0, 0.6799001736111111, 0.34522569444444445, 0.3552777777777778, 0.3026345486111111, 0.22386284722222222], "coverage_estimated_first_order_diff": [-0.3487323787591011, 0.332612504445852, -0.3445140943496875, -0.16093302637273554, -0.1675527356293275, 0.3941676648412512, 0.5294433355842565, 0.5895017648396865, 0.5229703274992443, 0.3223261694335356], "coverage_estimated_second_order_diff": [0.0521988673735001, 0.05306675246268877, 0.05480357382779988, 0.05847098616079993, 0.06672291039459988, 0.056927509465288906, 0.019598736714755538, 0.022961379226922207, 0.020990438960088897, 0.0031080164860277926]}