{"coverage_estimated_first_order": [1.2612383950623969, 1.3762627723445573, 1.2853162544146466, 1.4548551729738342, 1.3972718252558654, 1.187859515795589, 1.0723380288263153, 1.5906077436157673, 1.0236952258497087, 0.6874405298338018], "coverage_estimated_second_order": [0.8348242679714, 0.8318823211755999, 0.8449901808746998, 0.42539558655739995, 0.3053548968426, 0.18979422953840003, 0.9961287801849, 0.7788803491881, 1.0135183975131, 0.9513510881303201], "sol": [1.0, 1.0, 1.0, 0.0, 0.0, 0.0, 1.0, 0.0, 1.0, 1.0], "coverage": [1.0, 1.0, 1.0, 0.4103472222222222, 0.29086371527777777, 0.16723524305555557, 1.0, 0.7704861111111111, 1.0, 1.0], "coverage_estimated_first_order_diff": [0.2612383950623969, 0.3762627723445573, 0.2853162544146466, 1.044507950751612, 1.1064081099780876, 1.0206242727400334, 0.07233802882631535, 0.8201216325046562, 0.023695225849708734, -0.31255947016619823], "coverage_estimated_second_order_diff": [-0.16517573202860003, -0.1681176788244001, -0.1550098191253002, 0.015048364335177755, 0.014491181564822209, 0.022558986482844462, -0.003871219815099969, 0.008394238076988914, 0.013518397513099911, -0.0486489118696799]}