{"coverage_estimated_first_order": [0.6055738242125907, 0.5975761703926135, 0.5985189932762736, 0.7656425980471797, 0.7286494488045108, 0.6101056650054908, 0.8119539714574846, 0.5856612090697698, 0.5141486000687354, 0.23306844335423144], "coverage_estimated_second_order": [0.20806003304029996, 0.1236195219426, 0.17400290215679998, 0.3967539663548, 0.30224096107160003, 0.1770258702808, 0.6207113984592, 1.0195751328545999, 1.0460146681416, 0.9882216889836001], "sol": [0.0, 0.0, 0.0, 0.0, 0.0, 0.0, 0.0, 1.0, 1.0, 1.0], "coverage": [0.19377170138888888, 0.10953993055555555, 0.1575564236111111, 0.38397135416666667, 0.2948828125, 0.17233940972222223, 0.5937977430555555, 1.0, 1.0, 1.0], "coverage_estimated_first_order_diff": [0.41180212282370177, 0.4880362398370579, 0.44096256966516245, 0.38167124388051304, 0.4337666363045108, 0.43776625528326857, 0.21815622840192905, -0.4143387909302302, -0.4858513999312646, -0.7669315566457686], "coverage_estimated_second_order_diff": [0.01428833165141108, 0.01407959138704444, 0.01644647854568887, 0.012782612188133313, 0.007358148571600054, 0.004686460558577771, 0.026913655403644432, 0.019575132854599886, 0.046014668141600046, -0.011778311016399923]}