{"coverage_estimated_first_order": [0.9034381023532855, 0.5731573221925342, 0.973102237405358, 1.0980339145678566, 1.147830089400887, 0.6101663201284692, 1.0365302063993582, 0.830324539920619, 0.6953530317823665, 0.48798845024432874], "coverage_estimated_second_order": [0.5600161063489, 0.9598261578809999, 0.685973770022, 0.7212413694913999, 0.8169664556374001, 0.9828792664968, 0.6845377626054, 1.050489133317, 1.0427155201981, 0.10652966557351999], "sol": [0.0, 1.0, 0.0, 0.0, 0.0, 1.0, 0.0, 1.0, 1.0, 0.0], "coverage": [0.5958897569444445, 1.0, 0.7220963541666666, 0.7348003472222222, 0.8298741319444445, 1.0, 0.6457291666666667, 1.0, 1.0, 0.11524305555555556], "coverage_estimated_first_order_diff": [0.307548345408841, -0.42684267780746576, 0.25100588323869133, 0.3632335673456344, 0.31795595745644256, -0.38983367987153084, 0.39080103973269154, -0.16967546007938095, -0.3046469682176335, 0.3727453946887732], "coverage_estimated_second_order_diff": [-0.03587365059554448, -0.0401738421190001, -0.036122584144666625, -0.013558977730822264, -0.012907676307044369, -0.01712073350319998, 0.038808595938733315, 0.05048913331699989, 0.04271552019809999, -0.008713389982035566]}