{"coverage_estimated_first_order": [0.3596504582139003, 0.7571717424805875, 0.6912094734622322, 0.8763729663181954, 0.47562915402157835, 0.7756425905143083, 0.6984459911472213, 0.8297494427564059, 0.3896139317115357, 0.41280664462064703], "coverage_estimated_second_order": [0.9590155893822001, 0.5598622482036, 0.46886232449190995, 0.7104598668959998, 0.9565479824373999, 0.6231129679814, 0.4531355229808, 0.6375945078928, 0.9853974217432001, 0.18874505544298], "sol": [1.0, 0.0, 0.0, 0.0, 1.0, 0.0, 0.0, 0.0, 1.0, 0.0], "coverage": [1.0, 0.5966623263888889, 0.5054557291666667, 0.7519921875, 1.0, 0.6682725694444445, 0.49231336805555553, 0.6737282986111112, 1.0, 0.1982421875], "coverage_estimated_first_order_diff": [-0.6403495417860997, 0.16050941609169855, 0.18575374429556546, 0.12438077881819543, -0.5243708459784217, 0.10737002106986382, 0.20613262309166575, 0.15602114414529478, -0.6103860682884643, 0.21456445712064703], "coverage_estimated_second_order_diff": [-0.040984410617799893, -0.036800078185288965, -0.036593404674756747, -0.04153232060400014, -0.04345201756260009, -0.04515960146304443, -0.039177845074755524, -0.03613379071831113, -0.014602578256799892, -0.009497132057019991]}