{"coverage_estimated_first_order": [0.965013079744842, 1.3545469393665046, 1.2540048989265862, 1.3778943260318504, 1.3364584943916549, 1.4905633482919416, 1.488139858769517, 1.3133525159288675, 1.1225492164191864, 0.6446368761278882], "coverage_estimated_second_order": [0.9734279115109001, 0.5915380116337999, 0.5049445499134899, 0.9708182931567997, 0.9741720534598, 0.7421987473594001, 0.6733552597907999, 0.9673439109923999, 0.9670541357814, 1.00364736209493], "sol": [1.0, 0.0, 0.0, 1.0, 1.0, 0.0, 0.0, 1.0, 1.0, 1.0], "coverage": [1.0, 0.6178168402777777, 0.5350434027777777, 1.0, 1.0, 0.7190190972222222, 0.6770876736111111, 1.0, 1.0, 1.0], "coverage_estimated_first_order_diff": [-0.03498692025515804, 0.7367300990887269, 0.7189614961488084, 0.37789432603185036, 0.33645849439165487, 0.7715442510697194, 0.8110521851584058, 0.3133525159288675, 0.12254921641918637, -0.3553631238721118], "coverage_estimated_second_order_diff": [-0.026572088489099865, -0.026278828643977792, -0.030098852864287817, -0.029181706843200317, -0.025827946540200042, 0.02317965013717782, -0.003732413820311198, -0.032656089007600086, -0.03294586421860002, 0.0036473620949299956]}