{"coverage_estimated_first_order": [0.7852423734352263, 0.7885216579777413, 0.7798240224922048, 1.2086777258911126, 0.894751791311472, 0.7756555284783759, 0.9235681429132144, 1.0772371601675172, 0.5727960539830411, 0.3467677022810819], "coverage_estimated_second_order": [0.21512304197119997, 0.13110812457520002, 0.18202660487071, 0.8245336917688, 1.0660907442798, 1.0579124893258, 0.5164165841161, 0.7091000997486, 0.9860389193347999, 0.98981947259508], "sol": [0.0, 0.0, 0.0, 0.0, 1.0, 1.0, 0.0, 0.0, 1.0, 1.0], "coverage": [0.19469618055555554, 0.11090277777777778, 0.15937934027777778, 0.7644661458333334, 1.0, 1.0, 0.5250260416666667, 0.7144314236111111, 1.0, 1.0], "coverage_estimated_first_order_diff": [0.5905461928796707, 0.6776188801999635, 0.6204446822144271, 0.44421158005777917, -0.10524820868852802, -0.22434447152162407, 0.39854210124654776, 0.36280573655640613, -0.4272039460169589, -0.6532322977189181], "coverage_estimated_second_order_diff": [0.020426861415644426, 0.02020534679742224, 0.02264726459293223, 0.06006754593546659, 0.0660907442798, 0.057912489325800065, -0.008609457550566635, -0.005331323862511117, -0.013961080665200076, -0.010180527404920037]}