{"coverage_estimated_first_order": [0.47174641357222724, 0.5948041147138108, 0.21686899600192933, 0.49093648397611866, 0.47578968214740713, 0.3877891197905211, 0.4763557771961323, 0.5842513646153811, 0.21720425975990446, 0.2509943499439953], "coverage_estimated_second_order": [0.3913892882428, 0.6079874145148, 0.95794042358, 0.21764652459660003, 0.1688455944512, 0.056224496018199996, 0.3362877287912, 0.5077986601906, 0.9477363152580001, 0.07924292678179999], "sol": [0.0, 0.0, 1.0, 0.0, 0.0, 0.0, 0.0, 0.0, 1.0, 0.0], "coverage": [0.4300043402777778, 0.6472222222222223, 1.0, 0.2004513888888889, 0.14199652777777777, 0.01154513888888889, 0.34403211805555556, 0.5197309027777778, 1.0, 0.0873046875], "coverage_estimated_first_order_diff": [0.041742073294449455, -0.05241810750841147, -0.7831310039980707, 0.29048509508722975, 0.33379315436962936, 0.37624398090163225, 0.13232365914057675, 0.0645204618376033, -0.7827957402400956, 0.16368966244399527], "coverage_estimated_second_order_diff": [-0.03861505203497778, -0.03923480770742227, -0.04205957642000002, 0.01719513570771114, 0.02684906667342224, 0.044679357129311106, -0.007744389264355556, -0.011932242587177733, -0.05226368474199994, -0.008061760718200014]}