{"coverage_estimated_first_order": [0.6053243255716466, 0.5973844523470027, 0.5629550264902755, 0.9445564875575878, 0.6436003279475933, 0.5814765638537664, 0.6456955084337509, 0.7100740313105028, 0.5727960539830411, 0.23039393621918763], "coverage_estimated_second_order": [0.2074609389752, 0.12331156144620001, 0.0992771139276, 0.7385250602946, 1.0449705554958, 1.0639974810212, 0.2649889626645, 0.30840618419699994, 0.1564342975276, 0.9875114041062599], "sol": [0.0, 0.0, 0.0, 0.0, 1.0, 1.0, 0.0, 0.0, 0.0, 1.0], "coverage": [0.1940234375, 0.11015190972222222, 0.0834157986111111, 0.6823914930555556, 1.0, 1.0, 0.24144965277777777, 0.2894010416666667, 0.14887586805555555, 1.0], "coverage_estimated_first_order_diff": [0.4113008880716466, 0.48723254262478044, 0.4795392278791644, 0.26216499450203223, -0.35639967205240675, -0.41852343614623355, 0.40424585565597315, 0.42067298964383615, 0.4239201859274856, -0.7696060637808124], "coverage_estimated_second_order_diff": [0.013437501475199981, 0.013159651723977789, 0.01586131531648889, 0.05613356723904439, 0.04497055549579998, 0.06399748102120006, 0.02353930988672223, 0.019005142530333252, 0.007558429472044437, -0.012488595893740073]}