{"coverage_estimated_first_order": [0.9693629492523178, 0.5974959011503695, 0.9923237894223956, 0.7175545318429237, 1.0835081360894308, 0.8801198171632483, 0.9309207029519969, 1.0678633980271692, 0.5829900561127815, 0.3712090753833758], "coverage_estimated_second_order": [0.6834809423453, 0.9826444604974999, 0.72079113879938, 0.9658227460775999, 0.6647800486072001, 0.43200151426559996, 0.5323290195842, 0.687690327338, 1.0004147672934, 1.01284316245762], "sol": [0.0, 1.0, 0.0, 1.0, 0.0, 0.0, 0.0, 0.0, 1.0, 1.0], "coverage": [0.701328125, 1.0, 0.7428515625, 1.0, 0.6939626736111111, 0.46825954861111113, 0.5543706597222222, 0.7060677083333333, 1.0, 1.0], "coverage_estimated_first_order_diff": [0.26803482425231784, -0.40250409884963045, 0.24947222692239568, -0.2824454681570763, 0.38954546247831967, 0.41186026855213714, 0.3765500432297747, 0.3617956896938359, -0.41700994388721846, -0.6287909246166242], "coverage_estimated_second_order_diff": [-0.017847182654699978, -0.017355539502500128, -0.022060423700620002, -0.03417725392240012, -0.029182625003911, -0.03625803434551117, -0.022041640138022234, -0.01837738099533337, 0.0004147672934000646, 0.012843162457619961]}