{"coverage_estimated_first_order": [0.7174041887544892, 0.8100494036198743, 0.38149281499510834, 0.7372920538032788, 0.6970990218206209, 0.6067466939931603, 0.3973258655347697, 0.7892728408935039, 0.6605102762135504, 0.25010781454224507], "coverage_estimated_second_order": [0.5440644634499999, 0.6699535478577999, 0.9776034025286999, 0.31252133821600003, 0.2113360237626, 0.167567293311, 0.9351763772282, 0.5376835049519999, 0.4011168311959, 1.0048806745842], "sol": [0.0, 0.0, 1.0, 0.0, 0.0, 0.0, 1.0, 0.0, 0.0, 1.0], "coverage": [0.5699479166666667, 0.6942664930555555, 1.0, 0.31787326388888887, 0.20887586805555555, 0.160703125, 1.0, 0.5801345486111111, 0.4257638888888889, 1.0], "coverage_estimated_first_order_diff": [0.14745627208782253, 0.11578291056431878, -0.6185071850048917, 0.4194187899143899, 0.4882231537650653, 0.4460435689931603, -0.6026741344652303, 0.20913829228239278, 0.23474638732466152, -0.7498921854577549], "coverage_estimated_second_order_diff": [-0.02588345321666674, -0.02431294519775562, -0.022396597471300073, -0.005351925672888835, 0.0024601557070444424, 0.006864168311000007, -0.06482362277179998, -0.04245104365911123, -0.02464705769298886, 0.004880674584200051]}