{"coverage_estimated_first_order": [0.17975392528336215, 0.5660361942351578, 0.4741378931822605, 0.5104853954883167, 0.47245682531235056, 0.413123600863181, 0.19854671380192424, 0.5707611027899372, 0.4422875946159379, 0.296746424783229], "coverage_estimated_second_order": [0.9550753406802001, 0.555223898556, 0.3884315000236, 0.2905895767342, 0.1901187887216, 0.1520302515196, 0.9231094997806001, 0.5177921790782, 0.313236726894, 0.1834069755844], "sol": [1.0, 0.0, 0.0, 0.0, 0.0, 0.0, 1.0, 0.0, 0.0, 0.0], "coverage": [1.0, 0.5953559027777777, 0.42780815972222225, 0.31644965277777776, 0.20713541666666666, 0.15899739583333333, 1.0, 0.5749652777777777, 0.3459765625, 0.19444010416666666], "coverage_estimated_first_order_diff": [-0.8202460747166378, -0.029319708542619893, 0.04632973346003827, 0.19403574271053897, 0.2653214086456839, 0.2541262050298477, -0.8014532861980758, -0.0042041749878405366, 0.09631103211593794, 0.10230632061656234], "coverage_estimated_second_order_diff": [-0.04492465931979994, -0.04013200422177776, -0.03937665969862225, -0.025860076043577762, -0.017016627945066642, -0.0069671443137333255, -0.07689050021939992, -0.05717309869957776, -0.03273983560599997, -0.011033128582266655]}