{"coverage_estimated_first_order": [0.7191911819823624, 0.7640483128769715, 0.7603740724209368, 0.9245304148149474, 0.8874991353515137, 1.103690146237101, 1.0907504221494917, 0.8777798578485562, 0.7584049980628617, 0.4633776820048033], "coverage_estimated_second_order": [0.0503457383795, 0.0522026250802, 0.12339875212979001, 1.0338566261779998, 1.030061994832, 0.7746149292338, 0.7206188574879999, 1.026118885094, 1.0059744121620002, 0.02737200506373], "sol": [0.0, 0.0, 0.0, 1.0, 1.0, 0.0, 0.0, 1.0, 1.0, 0.0], "coverage": [0.006085069444444444, 0.007365451388888889, 0.08177517361111111, 1.0, 1.0, 0.7181944444444445, 0.6763411458333334, 1.0, 1.0, 0.011653645833333334], "coverage_estimated_first_order_diff": [0.713106112537918, 0.7566828614880826, 0.6785988988098257, -0.07546958518505265, -0.1125008646484863, 0.38549570179265646, 0.4144092763161583, -0.12222014215144383, -0.24159500193713834, 0.45172403617146994], "coverage_estimated_second_order_diff": [0.04426066893505556, 0.044837173691311114, 0.0416235785186789, 0.03385662617799978, 0.030061994832000005, 0.056420484789355574, 0.04427771165466654, 0.026118885093999955, 0.005974412162000231, 0.015718359230396665]}