{"coverage_estimated_first_order": [0.9649707335501986, 1.354535710581037, 1.253904818750573, 1.3335976426670262, 1.750539971553267, 1.0997396928939969, 1.1557007444935796, 1.6675915198853244, 1.0258192997856668, 0.6434759968435471], "coverage_estimated_second_order": [0.97361655679156, 0.5916994321623, 0.50517475062962, 1.0241038481669, 0.9391306580459999, 1.0264686678519999, 1.0116770229623, 0.8618690406414, 1.0159662404331, 1.0049701477139499], "sol": [1.0, 0.0, 0.0, 1.0, 0.0, 1.0, 1.0, 0.0, 1.0, 1.0], "coverage": [1.0, 0.6178038194444444, 0.5350086805555555, 1.0, 0.909453125, 1.0, 1.0, 0.8445703125, 1.0, 1.0], "coverage_estimated_first_order_diff": [-0.03502926644980142, 0.7367318911365925, 0.7188961381950175, 0.3335976426670262, 0.841086846553267, 0.09973969289399687, 0.15570074449357962, 0.8230212073853244, 0.02581929978566677, -0.35652400315645294], "coverage_estimated_second_order_diff": [-0.026383443208439994, -0.02610438728214437, -0.029833929925935476, 0.024103848166900033, 0.02967753304599996, 0.02646866785199986, 0.011677022962299999, 0.01729872814139999, 0.01596624043310002, 0.0049701477139498795]}