{"coverage_estimated_first_order": [1.441025193547497, 1.1921793115997277, 1.1734809125374914, 1.219213475254537, 1.5611626719311498, 1.2962136027005873, 1.4646424598285859, 1.2849516337855362, 1.1317615958444052, 0.6225243365578141], "coverage_estimated_second_order": [0.7483064871299999, 1.0303198689147, 1.02684827534888, 0.9613566125131999, 0.6830326718192, 0.4915734679246, 0.675450637314, 1.0072451366511999, 1.0073549264802, 0.99286078246152], "sol": [0.0, 1.0, 1.0, 1.0, 0.0, 0.0, 0.0, 1.0, 1.0, 1.0], "coverage": [0.7136762152777778, 1.0, 1.0, 1.0, 0.7157335069444445, 0.5237934027777778, 0.664453125, 1.0, 1.0, 1.0], "coverage_estimated_first_order_diff": [0.7273489782697191, 0.19217931159972768, 0.17348091253749143, 0.21921347525453694, 0.8454291649867053, 0.7724201999228095, 0.8001893348285859, 0.28495163378553623, 0.13176159584440517, -0.37747566344218586], "coverage_estimated_second_order_diff": [0.034630271852222116, 0.030319868914699954, 0.026848275348879902, -0.038643387486800074, -0.032700835125244465, -0.032219934853177756, 0.010997512314000035, 0.007245136651199857, 0.007354926480199975, -0.007139217538480014]}