{"coverage_estimated_first_order": [0.8311856691044786, 0.9766987205937574, 0.5792169493058411, 0.8765019626885218, 0.8591210370768516, 1.0748166710315854, 0.9539949507062403, 1.094868093606923, 0.644041977851047, 0.4813035885945671], "coverage_estimated_second_order": [0.3974804368185, 0.6144002726105999, 0.96264133289849, 1.0601991005806, 1.0541880875732, 0.7372583857622, 0.5799876318834001, 0.7300790861386, 0.9866863831008001, 0.08359664720955001], "sol": [0.0, 0.0, 1.0, 1.0, 1.0, 0.0, 0.0, 0.0, 1.0, 0.0], "coverage": [0.4302734375, 0.6477039930555556, 1.0, 1.0, 1.0, 0.6808246527777778, 0.5805121527777778, 0.7259244791666667, 1.0, 0.08763888888888889], "coverage_estimated_first_order_diff": [0.40091223160447853, 0.3289947275382018, -0.4207830506941589, -0.12349803731147824, -0.1408789629231484, 0.3939920182538076, 0.3734827979284625, 0.36894361444025636, -0.355958022148953, 0.39366469970567824], "coverage_estimated_second_order_diff": [-0.03279300068150004, -0.033303720444955665, -0.037358667101510035, 0.06019910058059996, 0.05418808757319993, 0.056433732984422225, -0.0005245208943777113, 0.004154606971933261, -0.013313616899199854, -0.004042241679338879]}