{"coverage_estimated_first_order": [1.0769865698668255, 1.5671440258903053, 1.037250101951772, 1.6729016802414687, 1.3457325544470118, 1.1910004814364916, 1.3779639791122642, 1.1442368449364253, 1.303130491973973, 0.6629683915167108], "coverage_estimated_second_order": [1.0336130986946, 0.8741248134442998, 1.0306538603739, 0.8031016801378998, 1.0201110967105, 1.0224196930216, 0.6024563626001, 0.9592478931995, 0.6228971917734, 0.99817513239292], "sol": [1.0, 0.0, 1.0, 0.0, 1.0, 1.0, 0.0, 1.0, 0.0, 1.0], "coverage": [1.0, 0.8381076388888888, 1.0, 0.7912717013888889, 1.0, 1.0, 0.6344184027777777, 1.0, 0.6495920138888889, 1.0], "coverage_estimated_first_order_diff": [0.0769865698668255, 0.7290363870014165, 0.03725010195177192, 0.8816299788525798, 0.3457325544470118, 0.19100048143649162, 0.7435455763344865, 0.1442368449364253, 0.6535384780850841, -0.33703160848328917], "coverage_estimated_second_order_diff": [0.03361309869459994, 0.03601717455541098, 0.030653860373899944, 0.011829978749010928, 0.020111096710500043, 0.022419693021600073, -0.031962040177677675, -0.04075210680050001, -0.026694822115488903, -0.0018248676070800052]}