{"coverage_estimated_first_order": [0.3594607704652929, 0.3818962632652557, 0.36214536902586947, 0.2837991462160493, 0.6313104895840954, 0.5186875262145465, 0.25561253064427447, 0.6187915178820875, 0.4795113809955448, 0.23062278487504806], "coverage_estimated_second_order": [0.02867743905207, 0.029854555727200003, 0.02696462719598, 0.983580855776, 0.668499095526, 0.49166448196400003, 1.002712571734, 0.64841728552, 0.42069635121, 0.01356957412128], "sol": [0.0, 0.0, 0.0, 1.0, 0.0, 0.0, 1.0, 0.0, 0.0, 0.0], "coverage": [0.0031380208333333334, 0.004153645833333333, 0.0026605902777777778, 1.0, 0.6964973958333334, 0.5203645833333334, 1.0, 0.6575390625, 0.43655381944444444, 0.0043055555555555555], "coverage_estimated_first_order_diff": [0.3563227496319596, 0.3777426174319224, 0.3594847787480917, -0.7162008537839507, -0.06518690624923795, -0.001677057118786851, -0.7443874693557255, -0.03874754461791252, 0.042957561551100365, 0.2263172293194925], "coverage_estimated_second_order_diff": [0.025539418218736665, 0.02570090989386667, 0.024304036918202224, -0.016419144224000037, -0.027998300307333412, -0.02870010136933332, 0.002712571733999969, -0.009121776980000051, -0.01585746823444445, 0.009264018565724445]}