{"coverage_estimated_first_order": [1.1907096118466873, 1.3586623669304803, 0.9414765173588258, 1.4926144558051202, 1.5262188312966543, 1.29451013984938, 1.1788210934560568, 1.694618833595216, 1.086930374641474, 0.712011071038231], "coverage_estimated_second_order": [0.39576409419900005, 0.6125909922791999, 0.9593052421487599, 0.8149518963, 0.8106318127783, 0.8447873983822001, 0.9553648768292, 0.8186456067783999, 0.98305601157, 0.08456749785108], "sol": [0.0, 0.0, 1.0, 1.0, 1.0, 1.0, 1.0, 0.0, 1.0, 0.0], "coverage": [0.43050347222222224, 0.6479991319444445, 1.0, 1.0, 1.0, 1.0, 1.0, 0.8464105902777778, 1.0, 0.08859809027777778], "coverage_estimated_first_order_diff": [0.760206139624465, 0.7106632349860358, -0.05852348264117424, 0.4926144558051202, 0.5262188312966543, 0.2945101398493799, 0.1788210934560568, 0.8482082433174382, 0.08693037464147402, 0.6234129807604533], "coverage_estimated_second_order_diff": [-0.03473937802322219, -0.03540813966524459, -0.040694757851240104, -0.18504810370000002, -0.1893681872217, -0.15521260161779993, -0.044635123170799984, -0.027764983499377838, -0.01694398843, -0.004030592426697774]}