{"coverage_estimated_first_order": [1.1950552653802842, 0.97662325776891, 0.9373786695934383, 1.0607279218769259, 1.5046481997499812, 0.9085915680665234, 1.212753245280838, 0.9453546397816776, 1.131343976181186, 0.6213708222794396], "coverage_estimated_second_order": [0.6571617035662999, 1.0456859609315001, 1.0488473905581999, 1.0550900268398, 0.9389246945333001, 1.0429864964286, 0.6773305939406, 1.0020683372284, 0.6448603409785, 0.13853540897486], "sol": [0.0, 1.0, 1.0, 1.0, 0.0, 1.0, 0.0, 1.0, 0.0, 0.0], "coverage": [0.6114192708333334, 1.0, 1.0, 1.0, 0.8899652777777778, 1.0, 0.6745269097222222, 1.0, 0.6525954861111111, 0.13561631944444444], "coverage_estimated_first_order_diff": [0.5836359945469508, -0.023376742231089986, -0.0626213304065617, 0.06072792187692588, 0.6146829219722034, -0.09140843193347659, 0.5382263355586159, -0.05464536021832245, 0.47874849007007503, 0.4857545028349952], "coverage_estimated_second_order_diff": [0.04574243273296652, 0.045685960931500125, 0.048847390558199866, 0.05509002683980002, 0.04895941675552229, 0.042986496428599974, 0.0028036842183778443, 0.0020683372284000523, -0.007735145132611088, 0.0029190895304155584]}