{"coverage_estimated_first_order": [0.35954072376846213, 0.7570288965842729, 0.6554405036515061, 0.5015299470412868, 0.8608253626453346, 0.7149078198135658, 0.789397858606119, 0.48217957082726154, 0.7319168628699426, 0.41308942563032613], "coverage_estimated_second_order": [0.9587194890517, 0.5594388319374, 0.3930561646395, 1.0016778692, 0.6828004245678, 0.5015547511112, 0.6489568204352, 1.0127657175428, 0.5738199516112, 0.1892379233844], "sol": [1.0, 0.0, 0.0, 1.0, 0.0, 0.0, 0.0, 1.0, 0.0, 0.0], "coverage": [1.0, 0.5964713541666666, 0.42986111111111114, 1.0, 0.6938237847222222, 0.5228168402777778, 0.6460850694444444, 1.0, 0.5764496527777778, 0.19894097222222223], "coverage_estimated_first_order_diff": [-0.6404592762315379, 0.16055754241760622, 0.22557939254039494, -0.49847005295871316, 0.16700157792311243, 0.19209097953578802, 0.14331278916167456, -0.5178204291727384, 0.1554672100921648, 0.2141484534081039], "coverage_estimated_second_order_diff": [-0.04128051094829999, -0.03703252222926667, -0.036804946471611144, 0.001677869199999904, -0.01102336015442218, -0.02126208916657779, 0.0028717509907555394, 0.012765717542799981, -0.0026297011665777914, -0.009703048837822248]}