{"coverage_estimated_first_order": [0.17973241035032056, 0.5660345368498488, 0.47434047746030283, 0.6122517279846706, 0.22447769065769965, 0.5814636258896988, 0.42057335666775775, 0.46258631389939164, 0.3896139317115357, 0.2964328785587528], "coverage_estimated_second_order": [0.9549817809842001, 0.5551878993224, 0.3893598629563, 0.6013085838129999, 0.913420511131, 0.6120215204016, 0.183998723825, 0.2144156772668, 0.1386854412968, 0.18246132983010002], "sol": [1.0, 0.0, 0.0, 0.0, 1.0, 0.0, 0.0, 0.0, 0.0, 0.0], "coverage": [1.0, 0.5955425347222222, 0.42910590277777777, 0.6691362847222222, 1.0, 0.6664973958333333, 0.20758680555555556, 0.24421875, 0.14344618055555555, 0.19381076388888888], "coverage_estimated_first_order_diff": [-0.8202675896496794, -0.029507997872373348, 0.045234574682525064, -0.05688455673755155, -0.7755223093423004, -0.08503376994363454, 0.2129865511122022, 0.21836756389939163, 0.24616775115598014, 0.1026221146698639], "coverage_estimated_second_order_diff": [-0.04501821901579994, -0.0403546353998222, -0.039746039821477785, -0.0678277009092223, -0.08657948886900002, -0.05447587543173338, -0.02358808173055557, -0.029803072733200014, -0.004760739258755559, -0.011349434058788854]}