{"coverage_estimated_first_order": [1.1908110800828982, 1.358720494540862, 0.9414311153600193, 1.3818926748617364, 1.7792351483548448, 1.1289602763764948, 1.2920330647501435, 1.44910709756338, 1.2104466211609657, 0.7135320638949003], "coverage_estimated_second_order": [0.39583297077835994, 0.6126947988822, 0.9596034188624498, 0.9317162336939999, 0.8974364029939, 0.9935786780918001, 0.8286691835496001, 0.82095487353, 0.8728507206434, 0.08623038734270999], "sol": [0.0, 0.0, 1.0, 1.0, 0.0, 1.0, 1.0, 1.0, 1.0, 0.0], "coverage": [0.430546875, 0.6480078125, 1.0, 1.0, 0.9127517361111112, 1.0, 1.0, 1.0, 1.0, 0.08995225694444445], "coverage_estimated_first_order_diff": [0.7602642050828982, 0.710712682040862, -0.05856888463998067, 0.3818926748617364, 0.8664834122437336, 0.12896027637649476, 0.29203306475014346, 0.44910709756337996, 0.21044662116096569, 0.6235798069504559], "coverage_estimated_second_order_diff": [-0.03471390422164006, -0.03531301361779993, -0.04039658113755018, -0.06828376630600008, -0.015315333117211116, -0.006421321908199884, -0.17133081645039994, -0.17904512647000004, -0.12714927935660003, -0.0037218696017344566]}