{"coverage_estimated_first_order": [1.4407596027310685, 1.1919440094998208, 1.1376572593702283, 1.3496131640804454, 1.3049740261637315, 1.4872779703666572, 1.0735578540550357, 1.5169867658827394, 1.268970045681543, 0.6201168082993944], "coverage_estimated_second_order": [0.7488174315477099, 1.0309674798510997, 1.0273945891446101, 1.0280048199855998, 1.0229647728103999, 0.7394107449746, 0.9715703464527999, 0.651498580504, 0.5241558845948999, 0.99457581132547], "sol": [0.0, 1.0, 1.0, 1.0, 1.0, 0.0, 1.0, 0.0, 0.0, 1.0], "coverage": [0.7136501736111112, 1.0, 1.0, 1.0, 1.0, 0.7116189236111111, 1.0, 0.6726432291666666, 0.5410503472222222, 1.0], "coverage_estimated_first_order_diff": [0.7271094291199574, 0.19194400949982082, 0.13765725937022832, 0.3496131640804454, 0.3049740261637315, 0.7756590467555461, 0.07355785405503568, 0.8443435367160728, 0.7279196984593207, -0.3798831917006056], "coverage_estimated_second_order_diff": [0.035167257936598695, 0.03096747985109971, 0.027394589144610126, 0.028004819985599783, 0.02296477281039988, 0.0277918213634889, -0.028429653547200062, -0.021144648662666632, -0.016894462627322304, -0.005424188674529984]}