{"coverage_estimated_first_order": [0.5392731341187827, 0.9479872703401773, 0.8366430287654082, 0.88709542575369, 0.8608253626453346, 1.1029413136578778, 1.0114245014719525, 0.7276913068590976, 0.9399678963221699, 0.528263110065994], "coverage_estimated_second_order": [0.9601148055173001, 0.5612505843415999, 0.39501993093949994, 1.075339128904, 1.0638374395538, 0.7758562927268, 0.6707106997522, 1.0069090351226, 0.599951397089, 0.19051339666163], "sol": [1.0, 0.0, 0.0, 1.0, 1.0, 0.0, 0.0, 1.0, 0.0, 0.0], "coverage": [1.0, 0.5968142361111111, 0.43036024305555554, 1.0, 1.0, 0.7187152777777778, 0.65875, 1.0, 0.5976779513888889, 0.19921875], "coverage_estimated_first_order_diff": [-0.46072686588121725, 0.3511730342290662, 0.40628278570985266, -0.11290457424630995, -0.1391746373546654, 0.38422603588010007, 0.35267450147195256, -0.27230869314090245, 0.342289944933281, 0.329044360065994], "coverage_estimated_second_order_diff": [-0.03988519448269989, -0.03556365176951115, -0.035340312116055594, 0.07533912890399996, 0.06383743955379995, 0.05714101494902224, 0.011960699752200044, 0.0069090351225999935, 0.002273445700111121, -0.008705353338369998]}