{"coverage_estimated_first_order": [0.9648489571646244, 1.3543697648769792, 1.2181358437605168, 1.3975722339143748, 1.333286165682427, 1.5160778524851268, 1.2102672242900534, 1.2998759119942347, 1.3832739127758158, 0.643750340726138], "coverage_estimated_second_order": [0.9736638688340101, 0.591678870931, 0.42958722267243993, 0.9483914593097997, 0.9672155041298001, 0.7412359516084001, 0.9443339734821999, 0.9394454619209999, 0.6168566482087, 1.00496747208423], "sol": [1.0, 0.0, 0.0, 1.0, 1.0, 0.0, 1.0, 1.0, 0.0, 1.0], "coverage": [1.0, 0.6177821180555556, 0.45950520833333336, 1.0, 1.0, 0.7363498263888889, 1.0, 1.0, 0.6162630208333333, 1.0], "coverage_estimated_first_order_diff": [-0.03515104283537562, 0.7365876468214236, 0.7586306354271835, 0.3975722339143748, 0.3332861656824271, 0.7797280260962379, 0.2102672242900534, 0.2998759119942347, 0.7670108919424825, -0.356249659273862], "coverage_estimated_second_order_diff": [-0.026336131165989873, -0.026103247124555584, -0.02991798566089343, -0.051608540690200266, -0.03278449587019994, 0.00488612521951115, -0.05566602651780006, -0.06055453807900013, 0.0005936273753667232, 0.004967472084230096]}