{"coverage_estimated_first_order": [0.8311230147604719, 0.976579673714614, 0.5433024921409652, 0.7854580896276626, 1.1089650254258143, 0.9347813117518853, 0.7893342875208635, 0.8358797536404543, 1.0282829207271682, 0.48193804604948626], "coverage_estimated_second_order": [0.39732527469067, 0.6141811639032, 0.9624018107419099, 0.9850221739742, 0.7054999192214, 0.5431532899174, 1.037618185963, 1.0434763442348, 0.7091587784589999, 0.08485339305566], "sol": [0.0, 0.0, 1.0, 1.0, 0.0, 0.0, 1.0, 1.0, 0.0, 0.0], "coverage": [0.42998697916666667, 0.6473350694444444, 1.0, 1.0, 0.7068359375, 0.5513758680555556, 1.0, 1.0, 0.6696050347222222, 0.08874131944444444], "coverage_estimated_first_order_diff": [0.40113603559380523, 0.32924460427016955, -0.45669750785903485, -0.21454191037233739, 0.40212908792581437, 0.3834054436963297, -0.21066571247913646, -0.1641202463595457, 0.358677886004946, 0.3931967266050418], "coverage_estimated_second_order_diff": [-0.032661704475996645, -0.03315390554124442, -0.03759818925809011, -0.0149778260258, -0.0013360182785999708, -0.008222578138155634, 0.03761818596300004, 0.04347634423480007, 0.03955374373677767, -0.003887926388784435]}