{"coverage_estimated_first_order": [0.7851326389897882, 1.1634549751753709, 1.0371930050278795, 1.0605209558864717, 1.5044256905929279, 0.9083508898230199, 1.2130667241740363, 0.9467418661059284, 1.0966618834007564, 0.5283096774138459], "coverage_estimated_second_order": [0.9786650411252, 0.5967128949467, 0.4335810779707, 1.0552371258211, 0.9389524118324, 1.0431205348402, 0.6778443911356999, 1.0026605546476, 0.5704076959688, 1.00863779485936], "sol": [1.0, 0.0, 0.0, 1.0, 0.0, 1.0, 0.0, 1.0, 0.0, 1.0], "coverage": [1.0, 0.6177170138888889, 0.4595095486111111, 1.0, 0.8898871527777777, 1.0, 0.675, 1.0, 0.5776302083333333, 1.0], "coverage_estimated_first_order_diff": [-0.21486736101021175, 0.545737961286482, 0.5776834564167683, 0.06052095588647166, 0.6145385378151501, -0.09164911017698008, 0.5380667241740362, -0.053258133894071635, 0.5190316750674231, -0.47169032258615406], "coverage_estimated_second_order_diff": [-0.02133495887479997, -0.0210041189421889, -0.025928470640411094, 0.055237125821099964, 0.04906525905462222, 0.04312053484019995, 0.0028443911356998974, 0.0026605546475999553, -0.007222512364533307, 0.008637794859359893]}