{"coverage_estimated_first_order": [1.081320347198817, 0.8100494036198743, 0.7753093060663164, 0.9640476853680422, 0.9216426712342869, 0.8002504191255928, 0.5959186805449277, 1.0063700368911974, 0.8421323275904005, 0.3898075696488226], "coverage_estimated_second_order": [0.7705180837194, 1.0536585534335998, 1.0484326220468998, 0.3275659194115999, 0.22592030272140004, 0.1783361013168, 0.9416559793364001, 0.5472470454834, 0.4066898858721, 1.0040205819482], "sol": [0.0, 1.0, 1.0, 0.0, 0.0, 0.0, 1.0, 0.0, 0.0, 1.0], "coverage": [0.7135720486111111, 1.0, 1.0, 0.31809027777777776, 0.20915364583333335, 0.16095052083333333, 1.0, 0.5801953125, 0.4258854166666667, 1.0], "coverage_estimated_first_order_diff": [0.36774829858770597, -0.18995059638012568, -0.22469069393368357, 0.6459574075902644, 0.7124890254009535, 0.6392998982922595, -0.4040813194550723, 0.4261747243911974, 0.4162469109237338, -0.6101924303511774], "coverage_estimated_second_order_diff": [0.056946035108288884, 0.05365855343359982, 0.0484326220468998, 0.00947564163382214, 0.016766656888066694, 0.017385580483466667, -0.058344020663599894, -0.03294826701660003, -0.019195530794566706, 0.004020581948199986]}