{"coverage_estimated_first_order": [0.9031892925631106, 0.5729111072462328, 0.9373215674902156, 0.8871648080461859, 0.8608913214013011, 1.103014906744924, 1.0114706026801863, 0.7277139249892354, 0.9400270494397116, 0.48670367104948653], "coverage_estimated_second_order": [0.5595893680170998, 0.9594830708257, 0.6101561996746, 1.075355409877, 1.063860651253, 0.7759547728944001, 0.6708514518982, 1.0069814505348, 0.6001470674678, 0.10481955163273], "sol": [0.0, 1.0, 0.0, 1.0, 1.0, 0.0, 0.0, 1.0, 0.0, 0.0], "coverage": [0.5957248263888889, 1.0, 0.6465234375, 1.0, 1.0, 0.7187413194444444, 0.6589279513888889, 1.0, 0.5978689236111111, 0.11444010416666667], "coverage_estimated_first_order_diff": [0.30746446617422174, -0.42708889275376716, 0.2907981299902156, -0.11283519195381408, -0.1391086785986989, 0.38427358730047956, 0.35254265129129736, -0.2722860750107646, 0.3421581258286005, 0.37226356688281986], "coverage_estimated_second_order_diff": [-0.03613545837178911, -0.040516929174300054, -0.03636723782539997, 0.07535540987699996, 0.063860651253, 0.057213453449955654, 0.011923500509311014, 0.006981450534800038, 0.0022781438566888967, -0.009620552533936663]}