{"coverage_estimated_first_order": [0.17973241035032056, 0.19095837375590444, 0.1812025251139021, 0.38556547871240315, 0.0, 0.38803349384431224, 0.22202664286583348, 0.245511736031836, 0.20805103345222736, 0.11517368443566782], "coverage_estimated_second_order": [0.015328738038, 0.015998023222, 0.015105656186, 0.57850582951, 0.89431098961, 0.59885217435, 0.15996238175, 0.18784924786, 0.12140500655, 0.0068659782661], "sol": [0.0, 0.0, 0.0, 0.0, 1.0, 0.0, 0.0, 0.0, 0.0, 0.0], "coverage": [0.0015625, 0.0020876736111111113, 0.0027734375, 0.6687326388888889, 1.0, 0.6657378472222222, 0.20557725694444445, 0.24115885416666666, 0.13965711805555556, 0.0016449652777777777], "coverage_estimated_first_order_diff": [0.17816991035032057, 0.18887070014479332, 0.1784290876139021, -0.28316716017648574, -1.0, -0.27770435337790994, 0.01644938592138903, 0.004352881865169328, 0.0683939153966718, 0.11352871915789005], "coverage_estimated_second_order_diff": [0.013766238038, 0.013910349610888887, 0.012332218686, -0.09022680937888894, -0.10568901039, -0.06688567287222213, -0.04561487519444446, -0.053309606306666646, -0.018252111505555557, 0.0052210129883222215]}