{"coverage_estimated_first_order": [1.0154325894754017, 1.1608838930032646, 1.0850830666366629, 1.2766917117136987, 1.3439296817839246, 0.7747229769683401, 1.098321448758031, 1.2644873535465415, 0.7625529098298601, 0.6871735509571775], "coverage_estimated_second_order": [0.8951800938077998, 0.8962175080788999, 0.8918146849511999, 0.6050597963871001, 0.7495941495025001, 0.9513314585642001, 0.4607745836619, 0.6406394464537001, 0.9603745580449, 0.24088961240214], "sol": [1.0, 1.0, 1.0, 0.0, 0.0, 1.0, 0.0, 0.0, 1.0, 0.0], "coverage": [1.0, 1.0, 1.0, 0.6571918402777778, 0.7990625, 1.0, 0.49930989583333335, 0.6820095486111111, 1.0, 0.23694010416666667], "coverage_estimated_first_order_diff": [0.015432589475401715, 0.16088389300326456, 0.08508306663666287, 0.6194998714359209, 0.5448671817839246, -0.22527702303165986, 0.5990115529246978, 0.5824778049354304, -0.23744709017013987, 0.4502334467905108], "coverage_estimated_second_order_diff": [-0.10481990619220016, -0.10378249192110012, -0.10818531504880013, -0.052132043890677715, -0.04946835049749987, -0.048668541435799906, -0.038535312171433356, -0.04137010215741099, -0.03962544195509998, 0.003949508235473326]}