{"coverage_estimated_first_order": [1.1950391732047998, 0.976579673714614, 0.9371189832121732, 1.0122137211924258, 1.3335086748394804, 1.1282850368843178, 0.9879271025310215, 1.0529769496381478, 1.2099049721040183, 0.6216378011560638], "coverage_estimated_second_order": [0.6572344889624699, 1.0458422402975, 1.0489886460101099, 0.9670943049928, 0.6918597000886, 0.5352348714136, 1.0179131133416002, 1.0225049486842002, 0.6979754917532, 0.13894475968876], "sol": [0.0, 1.0, 1.0, 1.0, 0.0, 0.0, 1.0, 1.0, 0.0, 0.0], "coverage": [0.6113715277777778, 1.0, 1.0, 1.0, 0.7070529513888889, 0.5515928819444444, 1.0, 1.0, 0.6700607638888889, 0.1359375], "coverage_estimated_first_order_diff": [0.583667645427022, -0.02342032628538604, -0.06288101678782676, 0.012213721192425808, 0.6264557234505915, 0.5766921549398734, -0.01207289746897855, 0.05297694963814781, 0.5398442082151294, 0.48570030115606383], "coverage_estimated_second_order_diff": [0.04586296118469213, 0.04584224029750006, 0.04898864601010988, -0.032905695007199975, -0.015193251300288924, -0.016358010530844402, 0.017913113341600173, 0.022504948684200166, 0.02791472786431104, 0.0030072596887600056]}