{"coverage_estimated_first_order": [0.7850311707535773, 1.1633968475649894, 1.037238407026686, 1.1712427368298555, 1.2514093735347374, 1.073900753295905, 1.0998547528799496, 1.1922536021377645, 0.9731456368812645, 0.5267886845571766], "coverage_estimated_second_order": [0.9784128701903002, 0.5963675813743001, 0.4332983676718, 0.9047836839914999, 0.9186612910231999, 0.9069187552831999, 0.3936554370991, 0.41337251888179993, 0.2513431962876, 1.00776600785699], "sol": [1.0, 0.0, 0.0, 1.0, 1.0, 1.0, 0.0, 0.0, 0.0, 1.0], "coverage": [1.0, 0.6175607638888889, 0.459453125, 1.0, 1.0, 1.0, 0.3780251736111111, 0.39858940972222223, 0.2316059027777778, 1.0], "coverage_estimated_first_order_diff": [-0.2149688292464227, 0.5458360836761005, 0.577785282026686, 0.17124273682985547, 0.25140937353473736, 0.07390075329590506, 0.7218295792688385, 0.7936641924155423, 0.7415397341034867, -0.47321131544282335], "coverage_estimated_second_order_diff": [-0.02158712980969979, -0.021193182514588793, -0.026154757328199996, -0.09521631600850011, -0.08133870897680007, -0.09308124471680013, 0.015630263487988905, 0.014783109159577701, 0.0197372935098222, 0.007766007856990109]}