{"coverage_estimated_first_order": [0.2458218977624795, 0.21542246339558868, 0.20049287415924857, 0.22667766194463562, 0.22448166838244152, 0.19344307000945418, 0.19884272281810086, 0.21849808021275555, 0.18258132009701636, 0.0], "coverage_estimated_second_order": [0.1872704686, 0.10239461742, 0.078623302241, 0.043083892962, 0.039836067685, 0.027734732618, 0.037574293787, 0.045167459143, 0.027785414191, 0.98229859048], "sol": [0.0, 0.0, 0.0, 0.0, 0.0, 0.0, 0.0, 0.0, 0.0, 1.0], "coverage": [0.19296006944444444, 0.10861979166666667, 0.08132378472222222, 0.0012543402777777778, 0.0016449652777777777, 0.0019097222222222222, 0.003107638888888889, 0.00837673611111111, 0.008111979166666667, 1.0], "coverage_estimated_first_order_diff": [0.05286182831803507, 0.10680267172892201, 0.11916908943702635, 0.22542332166685786, 0.22283670310466375, 0.19153334778723197, 0.19573508392921196, 0.21012134410164443, 0.1744693409303497, -1.0], "coverage_estimated_second_order_diff": [-0.005689600844444448, -0.006225174246666673, -0.002700482481222219, 0.04182955268422222, 0.03819110240722222, 0.025825010395777778, 0.03446665489811111, 0.03679072303188889, 0.01967343502433333, -0.01770140951999999]}