{"coverage_estimated_first_order": [0.8356625720165551, 0.5948041147138108, 0.6106854870731374, 0.717692115540882, 0.7003333315610731, 0.5812928449229536, 0.6749485922062903, 0.8013485606130746, 0.3988263111367545, 0.39069410505057284], "coverage_estimated_second_order": [0.6706595455211999, 1.0597862970196, 1.062726061951, 0.24264260181860003, 0.19297922867140002, 0.07545895990599999, 0.3545845679486, 0.5275753583568, 0.9554135830757999, 0.1401430449712], "sol": [0.0, 1.0, 1.0, 0.0, 0.0, 0.0, 0.0, 0.0, 1.0, 0.0], "coverage": [0.6112977430555555, 1.0, 1.0, 0.20071614583333333, 0.14238715277777778, 0.011927083333333333, 0.34424479166666666, 0.5198914930555556, 1.0, 0.13444010416666666], "coverage_estimated_first_order_diff": [0.22436482896099963, -0.4051958852861892, -0.3893145129268626, 0.5169759697075487, 0.5579461787832953, 0.5693657615896203, 0.33070380053962367, 0.281457067557519, -0.6011736888632455, 0.25625400088390615], "coverage_estimated_second_order_diff": [0.059361802465644375, 0.05978629701959992, 0.06272606195099995, 0.0419264559852667, 0.050592075893622246, 0.06353187657266665, 0.010339776281933333, 0.00768386530124443, -0.04458641692420007, 0.005702940804533346]}