{"coverage_estimated_first_order": [1.1907895651498566, 1.7337950002494973, 1.2347716519844623, 1.7103452566303579, 1.7557337043578936, 1.490730433448399, 1.712606421417901, 1.55800688654039, 1.339335856515872, 0.894477711793509], "coverage_estimated_second_order": [1.0230039116521001, 0.8521938092853, 1.0255536531742897, 0.7407278182534998, 0.7455370925939, 0.8084689990144001, 0.6336437364364, 0.8873009718852999, 0.9404228995958, 0.22385901086179], "sol": [1.0, 0.0, 1.0, 1.0, 1.0, 1.0, 0.0, 1.0, 1.0, 0.0], "coverage": [1.0, 0.82890625, 1.0, 1.0, 1.0, 1.0, 0.6939453125, 1.0, 1.0, 0.22924913194444443], "coverage_estimated_first_order_diff": [0.19078956514985657, 0.9048887502494973, 0.23477165198446226, 0.7103452566303579, 0.7557337043578936, 0.49073043344839906, 1.0186611089179012, 0.55800688654039, 0.33933585651587195, 0.6652285798490646], "coverage_estimated_second_order_diff": [0.02300391165210014, 0.02328755928530002, 0.025553653174289703, -0.25927218174650024, -0.2544629074061, -0.19153100098559994, -0.06030157606359998, -0.11269902811470012, -0.059577100404199945, -0.005390121082654437]}