{"coverage_estimated_first_order": [1.0108715172862768, 1.5426577946187587, 1.017902655982533, 1.4462240182968331, 1.5045822409940148, 1.2965514688237896, 1.4347337869384376, 1.1908437576833757, 1.339335856515872, 0.7781039457316148], "coverage_estimated_second_order": [1.0348837313533, 0.8639448186709, 1.0372058217096, 0.8453350212428998, 0.8358728987033, 0.8453499841400002, 0.6349124728469999, 0.9290521411357, 0.65437166823, 0.22678055074835002], "sol": [1.0, 0.0, 1.0, 1.0, 1.0, 1.0, 0.0, 1.0, 0.0, 0.0], "coverage": [1.0, 0.8286675347222222, 1.0, 1.0, 1.0, 1.0, 0.6762022569444445, 1.0, 0.6734722222222222, 0.22850260416666668], "coverage_estimated_first_order_diff": [0.010871517286276777, 0.7139902598965365, 0.017902655982533044, 0.4462240182968331, 0.5045822409940148, 0.2965514688237896, 0.7585315299939931, 0.1908437576833757, 0.6658636342936497, 0.5496013415649481], "coverage_estimated_second_order_diff": [0.03488373135329992, 0.035277283948677796, 0.03720582170960007, -0.15466497875710017, -0.16412710129670005, -0.15465001585999982, -0.04128978409744455, -0.0709478588643, -0.019100553992222213, -0.0017220534183166603]}