{"coverage_estimated_first_order": [1.0152213867937527, 1.1606829194965682, 1.0493594988247432, 1.012570473380174, 1.4761095733494904, 0.8795380697404827, 1.076061344922842, 1.162429217649233, 0.9813395944687753, 0.6859353391101872], "coverage_estimated_second_order": [0.8952213641630998, 0.8960785924583999, 0.8916455634091, 1.0174856060131, 0.9144500653455, 1.0414775057812, 0.37476658799449997, 0.3858259225385, 0.2817264710391, 0.23818950737198], "sol": [1.0, 1.0, 1.0, 1.0, 0.0, 1.0, 0.0, 0.0, 0.0, 0.0], "coverage": [1.0, 1.0, 1.0, 1.0, 0.8839236111111111, 1.0, 0.3740581597222222, 0.38891927083333333, 0.28174045138888887, 0.23385416666666667], "coverage_estimated_first_order_diff": [0.015221386793752734, 0.1606829194965682, 0.04935949882474322, 0.012570473380173919, 0.5921859622383794, -0.12046193025951735, 0.7020031852006198, 0.7735099468158997, 0.6995991430798865, 0.45208117244352053], "coverage_estimated_second_order_diff": [-0.10477863583690017, -0.10392140754160006, -0.10835443659090005, 0.017485606013099897, 0.030526454234388933, 0.04147750578120002, 0.0007084282722777391, -0.00309334829483332, -1.3980349788889068e-05, 0.004335340705313329]}