{"coverage_estimated_first_order": [0.5394843368004316, 0.5731120807529291, 0.5792286442309271, 0.9245304148149474, 0.5041677804220692, 0.8046960888403489, 0.8351378915052172, 0.6126748648888503, 0.5396183134239465, 0.34824212778989927], "coverage_estimated_second_order": [0.041291392384, 0.042816638033399995, 0.11453216947031, 0.808028145108, 0.997875440478, 0.6920627076128, 0.682130074122, 1.061808705866, 1.0557145259960001, 0.024185508354859997], "sol": [0.0, 0.0, 0.0, 0.0, 1.0, 0.0, 0.0, 1.0, 1.0, 0.0], "coverage": [0.0057942708333333336, 0.006866319444444445, 0.08114583333333333, 0.8037717013888889, 1.0, 0.7065277777777778, 0.6340104166666667, 1.0, 1.0, 0.011349826388888888], "coverage_estimated_first_order_diff": [0.5336900659670983, 0.5662457613084846, 0.49808281089759376, 0.12075871342605848, -0.4958322195779308, 0.09816831106257118, 0.20112747483855054, -0.38732513511114974, -0.4603816865760535, 0.3368923014010104], "coverage_estimated_second_order_diff": [0.03549712155066667, 0.03595031858895555, 0.03338633613697667, 0.004256443719111158, -0.002124559521999969, -0.014465070164977778, 0.04811965745533331, 0.06180870586599996, 0.05571452599600013, 0.012835681965971108]}