{"coverage_estimated_first_order": [0.9033205419415903, 0.9481317736218009, 1.2660259053693, 1.3869277440990078, 0.9481519380898954, 1.1888397844645353, 0.8970388061573793, 1.4005331636764808, 0.8319606794450154, 0.6679936303873686], "coverage_estimated_second_order": [1.0522366027436398, 1.051571612461, 0.78326827228854, 0.8262994385351998, 0.9845837764081999, 0.6808044393928, 1.0362940788289001, 0.8463123236848, 1.0370212469922, 0.22602453446824], "sol": [1.0, 1.0, 0.0, 0.0, 1.0, 0.0, 1.0, 0.0, 1.0, 0.0], "coverage": [1.0, 1.0, 0.7376041666666666, 0.8404991319444445, 1.0, 0.7004427083333333, 1.0, 0.8157552083333334, 1.0, 0.21977430555555555], "coverage_estimated_first_order_diff": [-0.09667945805840972, -0.0518682263781991, 0.5284217387026333, 0.5464286121545633, -0.051848061910104604, 0.488397076131202, -0.1029611938426207, 0.5847779553431475, -0.1680393205549846, 0.44821932483181304], "coverage_estimated_second_order_diff": [0.05223660274363984, 0.05157161246099995, 0.045664105621873397, -0.014199693409244651, -0.01541622359180006, -0.019638268940533332, 0.03629407882890012, 0.030557115351466657, 0.037021246992199996, 0.006250228912684452]}