{"coverage_estimated_first_order": [1.2567614921503203, 1.3830812151305594, 0.9607097643009495, 1.3869787708492067, 1.331581840113944, 1.4879532098588342, 1.152837673524341, 1.6670526987420602, 1.0873479943046929, 0.5967908192547111], "coverage_estimated_second_order": [0.5379630051057099, 0.6635102648378, 0.9709629543931998, 0.9906848316857999, 0.9922788877677999, 0.7390882218406001, 0.9910885179902, 0.819910865827, 0.9858663474837001, 0.99970366350919], "sol": [0.0, 0.0, 1.0, 1.0, 1.0, 0.0, 1.0, 0.0, 1.0, 1.0], "coverage": [0.5702126736111112, 0.6947178819444444, 1.0, 1.0, 1.0, 0.7119921875, 1.0, 0.8233984375, 1.0, 1.0], "coverage_estimated_first_order_diff": [0.6865488185392091, 0.688363333186115, -0.039290235699050546, 0.38697877084920673, 0.3315818401139441, 0.7759610223588341, 0.15283767352434108, 0.8436542612420602, 0.08734799430469287, -0.4032091807452889], "coverage_estimated_second_order_diff": [-0.03224966850540123, -0.031207617106644436, -0.029037045606800205, -0.009315168314200095, -0.007721112232200067, 0.02709603434060004, -0.008911482009799965, -0.003487571672999956, -0.014133652516299944, -0.0002963364908099564]}