{"coverage_estimated_first_order": [1.3749189251090845, 1.5428022979003824, 1.4472855325864247, 1.946056336642151, 1.5919088164385755, 1.3824499396304468, 1.3203480916238646, 1.863685614500759, 1.231328639638717, 0.9178344660529894], "coverage_estimated_second_order": [0.85790789138083, 0.8582189341024998, 0.8560825218513999, 0.8419696750424999, 0.9866364792104999, 0.9965631499952, 0.9759637595255001, 0.8235250884373001, 1.0036815471813, 0.22998596057155], "sol": [1.0, 1.0, 1.0, 0.0, 1.0, 1.0, 1.0, 0.0, 1.0, 0.0], "coverage": [1.0, 1.0, 1.0, 0.8519487847222222, 1.0, 1.0, 1.0, 0.8412543402777778, 1.0, 0.23759548611111111], "coverage_estimated_first_order_diff": [0.37491892510908453, 0.5428022979003824, 0.4472855325864247, 1.0941075519199288, 0.5919088164385755, 0.3824499396304468, 0.3203480916238646, 1.0224312742229813, 0.23132863963871708, 0.6802389799418782], "coverage_estimated_second_order_diff": [-0.14209210861917, -0.14178106589750017, -0.14391747814860012, -0.009979109679722376, -0.013363520789500094, -0.003436850004799985, -0.024036240474499926, -0.01772925184047769, 0.0036815471813000933, -0.007609525539561124]}