{"coverage_estimated_first_order": [0.6053082333961622, 0.9724170313866509, 0.8558332924554112, 1.1227285361453556, 0.6969384936947921, 0.9946001647169475, 0.6194160794858586, 1.034770919034529, 0.8329199481651817, 0.4119201092188968], "coverage_estimated_second_order": [0.9814504780340401, 0.5992181531051999, 0.43508941287443, 0.7778723486261999, 0.9789030484314, 0.6832662715746001, 0.9875166190142, 0.6335827205698, 0.40735562002149994, 1.01042211081724], "sol": [1.0, 0.0, 0.0, 0.0, 1.0, 0.0, 1.0, 0.0, 0.0, 1.0], "coverage": [1.0, 0.6174869791666666, 0.4590842013888889, 0.8068402777777778, 1.0, 0.6996527777777778, 1.0, 0.6564626736111111, 0.4318923611111111, 1.0], "coverage_estimated_first_order_diff": [-0.39469176660383776, 0.3549300522199843, 0.3967490910665223, 0.31588825836757783, -0.3030615063052079, 0.29494738693916966, -0.38058392051414136, 0.3783082454234178, 0.40102758705407054, -0.5880798907811031], "coverage_estimated_second_order_diff": [-0.018549521965959936, -0.018268826061466736, -0.02399478851445891, -0.028967929151577865, -0.02109695156860003, -0.01638650620317772, -0.012483380985800041, -0.022879953041311074, -0.02453674108961118, 0.010422110817239982]}