{"coverage_estimated_first_order": [1.083128855359732, 0.7640499702622805, 1.1539879792141026, 1.0495197138833567, 1.3600219194198309, 1.1288538463430158, 1.0673165942938163, 1.2030518427367953, 0.9927007123441138, 0.6033909833358571], "coverage_estimated_second_order": [0.55896765666577, 0.9586000550554999, 0.68512218436929, 0.9308609352753999, 0.7040584475542, 0.5350183228906, 0.8901559305518001, 0.8890247650392, 0.8987367641676001, 0.10630463351929999], "sol": [0.0, 1.0, 0.0, 1.0, 0.0, 0.0, 1.0, 1.0, 1.0, 0.0], "coverage": [0.5957291666666666, 1.0, 0.7219053819444444, 1.0, 0.7278559027777778, 0.5513324652777778, 1.0, 1.0, 1.0, 0.11550347222222222], "coverage_estimated_first_order_diff": [0.4873996886930654, -0.2359500297377195, 0.43208259726965814, 0.04951971388335674, 0.6321660166420531, 0.577521381065238, 0.06731659429381631, 0.20305184273679533, -0.007299287655886166, 0.4878875111136348], "coverage_estimated_second_order_diff": [-0.03676151000089667, -0.041399944944500056, -0.03678319757515447, -0.06913906472460007, -0.02379745522357779, -0.016314142387177766, -0.10984406944819991, -0.11097523496079997, -0.10126323583239993, -0.009198838702922235]}