{"coverage_estimated_first_order": [1.3288027227174781, 1.3544150063165845, 1.6120094369349474, 1.571075733667284, 1.976948474661245, 1.3215480837732472, 1.4116595391841944, 1.5175255870260036, 1.539008631134236, 0.7834966631805675], "coverage_estimated_second_order": [1.00279427183846, 1.003203427359, 0.69907576903697, 0.9341918244738998, 0.8540033873598, 0.9683913555926001, 0.9273191854728, 0.9250738616798, 0.5882788596914, 0.9749915575401299], "sol": [1.0, 1.0, 0.0, 1.0, 0.0, 1.0, 1.0, 1.0, 0.0, 1.0], "coverage": [1.0, 1.0, 0.6799131944444444, 1.0, 0.8918142361111111, 1.0, 1.0, 1.0, 0.5953168402777778, 1.0], "coverage_estimated_first_order_diff": [0.3288027227174781, 0.3544150063165845, 0.9320962424905029, 0.571075733667284, 1.085134238550134, 0.3215480837732472, 0.4116595391841944, 0.5175255870260036, 0.9436917908564582, -0.21650333681943246], "coverage_estimated_second_order_diff": [0.0027942718384599274, 0.003203427359000033, 0.019162574592525572, -0.06580817552610019, -0.03781084875131113, -0.031608644407399855, -0.07268081452719999, -0.07492613832020001, -0.007037980586377723, -0.025008442459870106]}