{"coverage_estimated_first_order": [0.7191273208546775, 1.1391115898001392, 1.0536145288693666, 1.2086863132187444, 1.2780791685161745, 1.0746366479110603, 1.1788846645413122, 1.3409186507820232, 0.7905643167842482, 0.643162450619071], "coverage_estimated_second_order": [0.9595943657114001, 0.5611179252260999, 0.47038559031948995, 0.8995694714348998, 0.9006707585997998, 0.9051447816823999, 0.6005328499068001, 0.751880440702, 0.976235210167, 0.19005889338363002], "sol": [1.0, 0.0, 0.0, 1.0, 1.0, 1.0, 0.0, 0.0, 1.0, 0.0], "coverage": [1.0, 0.5971267361111111, 0.5061111111111111, 1.0, 1.0, 1.0, 0.6114713541666666, 0.7638932291666667, 1.0, 0.19866753472222223], "coverage_estimated_first_order_diff": [-0.28087267914532255, 0.541984853689028, 0.5475034177582555, 0.20868631321874442, 0.27807916851617454, 0.07463664791106028, 0.5674133103746456, 0.5770254216153565, -0.2094356832157518, 0.44449491589684875], "coverage_estimated_second_order_diff": [-0.04040563428859989, -0.03600881088501118, -0.03572552079162111, -0.10043052856510015, -0.09932924140020016, -0.09485521831760013, -0.010938504259866533, -0.01201278846466669, -0.02376478983300001, -0.00860864133859221]}