{"coverage_estimated_first_order": [0.35956628893685194, 0.3819748751221905, 0.3623596482289978, 0.6604091764814226, 0.2530163170581905, 0.6105171242157394, 0.5572652570257537, 0.245511736031836, 0.5396183134239465, 0.231868361728005], "coverage_estimated_second_order": [0.0293399595774, 0.030441807392199996, 0.028060426509700004, 0.7519814526499999, 0.984043265874, 0.6872066446520001, 0.5901163347439999, 0.985672640028, 0.549758359546, 0.01746125509398], "sol": [0.0, 0.0, 0.0, 0.0, 1.0, 0.0, 0.0, 1.0, 0.0, 0.0], "coverage": [0.004622395833333333, 0.005503472222222222, 0.004722222222222222, 0.7790451388888889, 1.0, 0.7063888888888888, 0.6150086805555556, 1.0, 0.5717838541666667, 0.009366319444444444], "coverage_estimated_first_order_diff": [0.3549438931035186, 0.3764714028999683, 0.35763742600677556, -0.11863596240746632, -0.7469836829418095, -0.0958717646731494, -0.057743423529801885, -0.754488263968164, -0.032165540742720156, 0.22250204228356057], "coverage_estimated_second_order_diff": [0.024717563744066667, 0.024938335169977774, 0.023338204287477782, -0.027063686238888995, -0.01595673412599996, -0.019182244236888746, -0.02489234581155564, -0.014327359971999964, -0.022025494620666608, 0.008094935649535555]}