{"coverage_estimated_first_order": [0.9649331264416726, 1.3544904691414317, 1.2538477166473503, 1.3868497744788804, 1.3314213119881153, 1.487773186738309, 1.1529012446095965, 1.667039040851249, 1.0517066328040967, 0.643429429495695], "coverage_estimated_second_order": [0.9736070829728101, 0.5916447232987999, 0.5050917914608, 0.9907640078493998, 0.9923484939449998, 0.7389728130314, 0.990893789664, 0.8197296771626, 0.9857155028719, 1.00496940561659], "sol": [1.0, 0.0, 0.0, 1.0, 1.0, 0.0, 1.0, 0.0, 1.0, 1.0], "coverage": [1.0, 0.6178168402777777, 0.5350043402777778, 1.0, 1.0, 0.7118880208333334, 1.0, 0.8233854166666666, 1.0, 1.0], "coverage_estimated_first_order_diff": [-0.03506687355832738, 0.736673628863654, 0.7188433763695725, 0.38684977447888036, 0.3314213119881153, 0.7758851659049757, 0.15290124460959653, 0.8436536241845823, 0.05170663280409671, -0.35657057050430496], "coverage_estimated_second_order_diff": [-0.026392917027189933, -0.02617211697897781, -0.029912548816977802, -0.009235992150600225, -0.007651506055000201, 0.0270847921980667, -0.009106210336000009, -0.003655739504066613, -0.014284497128099982, 0.004969405616590095]}