{"coverage_estimated_first_order": [1.1949537971440733, 1.3516412932524726, 1.2305620239386452, 1.3981359520925771, 1.4761095733494904, 1.2675715635847948, 1.2980879877886755, 1.4079409536810692, 1.1893906279210027, 0.801109023545855], "coverage_estimated_second_order": [0.8775257058035, 0.8779158667889999, 0.8741537026642999, 0.8747545856131, 0.8880907639294999, 0.8817767008736002, 0.3810047333907, 0.3959570623345, 0.3206617184053, 0.23321550449229], "sol": [1.0, 1.0, 1.0, 1.0, 1.0, 1.0, 0.0, 0.0, 0.0, 0.0], "coverage": [1.0, 1.0, 1.0, 1.0, 1.0, 1.0, 0.3773654513888889, 0.3949782986111111, 0.3044618055555556, 0.2340060763888889], "coverage_estimated_first_order_diff": [0.19495379714407335, 0.3516412932524726, 0.23056202393864522, 0.39813595209257713, 0.47610957334949044, 0.26757156358479484, 0.9207225363997866, 1.0129626550699582, 0.8849288223654471, 0.5671029471569661], "coverage_estimated_second_order_diff": [-0.12247429419650002, -0.12208413321100009, -0.12584629733570007, -0.12524541438689996, -0.11190923607050007, -0.11822329912639984, 0.0036392820018111283, 0.000978763723388898, 0.016199912849744424, -0.0007905718965988962]}