{"coverage_estimated_first_order": [0.651453258754158, 0.785740346837853, 0.398014424191939, 0.49093648397611866, 0.8591210370768516, 0.6867831771872731, 0.7319683078404068, 0.849356357575087, 0.43599094439881964, 0.3661299041588993], "coverage_estimated_second_order": [0.39539664942770003, 0.6122295363932, 0.96131312544798, 0.9638693821966001, 0.6609720748771999, 0.4270666699826, 0.5276948549298001, 0.6820916170382, 1.0009040227914001, 0.08188206036772], "sol": [0.0, 0.0, 1.0, 1.0, 0.0, 0.0, 0.0, 0.0, 1.0, 0.0], "coverage": [0.4301171875, 0.6474869791666666, 1.0, 1.0, 0.6938845486111112, 0.46817274305555556, 0.5535894097222223, 0.7044140625, 1.0, 0.08741319444444444], "coverage_estimated_first_order_diff": [0.22133607125415805, 0.13825336767118634, -0.601985575808061, -0.5090635160238813, 0.16523648846574046, 0.21861043413171755, 0.17837889811818453, 0.14494229507508694, -0.5640090556011803, 0.27871670971445484], "coverage_estimated_second_order_diff": [-0.03472053807229997, -0.03525744277346665, -0.03868687455202002, -0.03613061780339988, -0.03291247373391126, -0.04110607307295555, -0.025894554792422197, -0.022322445461800067, 0.0009040227914001164, -0.005531134076724439]}