{"coverage_estimated_first_order": [0.4256557763490109, 0.4064389647618748, 0.38164999727434423, 0.501521359713655, 0.47749798544063204, 0.4159267003808813, 0.5340813369780211, 0.21849808021275555, 0.5141486000687354, 0.11669467729233719], "coverage_estimated_second_order": [0.19878670437969997, 0.114172116469, 0.089600369642, 0.2876937636126, 0.2130020820736, 0.15994848711839998, 0.511034701856, 0.9163813468130001, 0.47862401472980004, 0.9868739025900001], "sol": [0.0, 0.0, 0.0, 0.0, 0.0, 0.0, 0.0, 1.0, 0.0, 1.0], "coverage": [0.19362413194444444, 0.10933159722222222, 0.081953125, 0.32774305555555555, 0.2421484375, 0.17046006944444445, 0.5743446180555556, 1.0, 0.5210329861111112, 1.0], "coverage_estimated_first_order_diff": [0.23203164440456647, 0.2971073675396526, 0.2996968722743442, 0.17377830415809942, 0.23534954794063204, 0.24546663093643686, -0.04026328107753452, -0.7815019197872445, -0.006884386042375734, -0.8833053227076628], "coverage_estimated_second_order_diff": [0.00516257243525553, 0.00484051924677778, 0.007647244641999992, -0.040049291942955534, -0.02914635542640001, -0.01051158232604446, -0.06330991619955562, -0.0836186531869999, -0.04240897138131111, -0.013126097409999926]}