{"coverage_estimated_first_order": [1.1491800468125957, 0.7885233153630503, 1.1734379292853707, 1.3336670249595222, 1.367274575379789, 0.8008192285842907, 0.9001343150575389, 1.4025091450557563, 0.8070917682642933, 0.4867810036121356], "coverage_estimated_second_order": [0.68060155292459, 0.9793703847071998, 0.71878033421176, 0.7376259458991999, 0.7998407146432001, 0.9780378087230002, 1.0350322057765, 0.8563059686173999, 1.0268159409466, 1.0100478117154699], "sol": [0.0, 1.0, 0.0, 0.0, 0.0, 1.0, 1.0, 0.0, 1.0, 1.0], "coverage": [0.7014539930555556, 1.0, 0.7430164930555555, 0.7665798611111111, 0.8242361111111111, 1.0, 1.0, 0.8298394097222223, 1.0, 1.0], "coverage_estimated_first_order_diff": [0.4477260537570401, -0.21147668463694969, 0.4304214362298152, 0.5670871638484111, 0.543038464268678, -0.19918077141570933, -0.09986568494246106, 0.572669735333534, -0.1929082317357067, -0.5132189963878644], "coverage_estimated_second_order_diff": [-0.020852440130965544, -0.020629615292800163, -0.024236158843795486, -0.028953915211911152, -0.024395396467911, -0.021962191276999832, 0.035032205776500014, 0.026466558895177683, 0.026815940946600003, 0.010047811715469868]}