{"coverage_estimated_first_order": [0.7894919814901695, 0.7814586576307465, 1.0684472584127171, 0.9639186889977156, 0.9214821431084582, 0.8000703960050677, 0.5959822516301831, 1.0063563790003862, 0.8064909660898043, 0.4364461798898065], "coverage_estimated_second_order": [1.040952053818, 1.0420454936349999, 0.7318525125081, 0.3272350953448, 0.2254396228416, 0.1778388583522, 0.9416205023519, 0.5470359118276, 0.3309569685951, 0.9924056689803998], "sol": [1.0, 1.0, 0.0, 0.0, 0.0, 0.0, 1.0, 0.0, 0.0, 1.0], "coverage": [1.0, 1.0, 0.6791189236111111, 0.31768663194444446, 0.20864149305555554, 0.16046875, 1.0, 0.5800868055555556, 0.3502907986111111, 1.0], "coverage_estimated_first_order_diff": [-0.21050801850983047, -0.2185413423692535, 0.389328334801606, 0.6462320570532711, 0.7128406500529026, 0.6396016460050677, -0.40401774836981685, 0.42626957344483063, 0.4562001674786932, -0.5635538201101935], "coverage_estimated_second_order_diff": [0.040952053817999934, 0.042045493634999875, 0.05273358889698887, 0.009548463400355534, 0.016798129786044447, 0.017370108352200014, -0.05837949764810002, -0.033050893727955555, -0.019333830016011133, -0.0075943310196001645]}