{"coverage_estimated_first_order": [0.8973383287935532, 1.3763063563988531, 0.8917594497247034, 1.2766137420935708, 1.3438677007527, 0.7746623218453618, 1.0985713565659738, 1.2658882377616039, 0.7635121785500265, 0.5474737958506], "coverage_estimated_second_order": [1.0455795770736, 0.8862716246017001, 1.0421414131124, 0.6050829466651001, 0.7496843940823, 0.951477381518, 0.4613353308173, 0.6425952693321, 0.9608956381838001, 1.00344675639914], "sol": [1.0, 0.0, 1.0, 0.0, 0.0, 1.0, 0.0, 0.0, 1.0, 1.0], "coverage": [1.0, 0.8380989583333334, 1.0, 0.6571440972222222, 0.7991102430555556, 1.0, 0.49983940972222224, 0.6835026041666666, 1.0, 1.0], "coverage_estimated_first_order_diff": [-0.10266167120644676, 0.5382073980655198, -0.10824055027529655, 0.6194696448713486, 0.5447574576971445, -0.22533767815463823, 0.5987319468437515, 0.5823856335949372, -0.2364878214499735, -0.45252620414940004], "coverage_estimated_second_order_diff": [0.04557957707360005, 0.04817266626836669, 0.04214141311240005, -0.05206115055712213, -0.049425848973255526, -0.04852261848200001, -0.038504078904922245, -0.040907334834566655, -0.03910436181619992, 0.0034467563991400496]}