{"coverage_estimated_first_order": [0.7191273208546775, 0.7640354267061948, 0.760476576522966, 0.982000063946477, 1.053601477858475, 0.8812065158656738, 0.980337950739388, 1.1238440729144674, 0.6090014185249399, 0.4619032564959859], "coverage_estimated_second_order": [0.050111830987200005, 0.0519854560128, 0.12344067172149001, 0.9276034586199999, 0.9278509159519999, 0.9253344855472001, 0.6138488255524001, 0.7674775492020001, 0.9846684507288, 0.02496158303243], "sol": [0.0, 0.0, 0.0, 1.0, 1.0, 1.0, 0.0, 0.0, 1.0, 0.0], "coverage": [0.006232638888888889, 0.007478298611111111, 0.08195746527777778, 1.0, 1.0, 1.0, 0.6112196180555556, 0.7634765625, 1.0, 0.010143229166666667], "coverage_estimated_first_order_diff": [0.7128946819657885, 0.7565571280950837, 0.6785191112451882, -0.017999936053523014, 0.05360147785847502, -0.11879348413432622, 0.36911833268383243, 0.36036751041446746, -0.39099858147506006, 0.45176002732931925], "coverage_estimated_second_order_diff": [0.043879192098311114, 0.044507157401688896, 0.04148320644371223, -0.07239654138000007, -0.07214908404800013, -0.0746655144527999, 0.0026292074968444767, 0.004000986702000109, -0.015331549271199951, 0.014818353865763332]}