{"coverage_estimated_first_order": [1.1490953596026383, 0.7884542749062741, 1.1735263145362977, 1.103120010555327, 1.0835081360894308, 1.2681533110075607, 1.1529473458178303, 1.3133751340590052, 0.7910410895650088, 0.4863827598190436], "coverage_estimated_second_order": [0.6806948787044999, 0.9796108583885, 0.71881471049199, 1.0419109964056, 1.0374240985871999, 0.7277230544836, 0.5718386808214, 0.7210773623182, 0.9788060743588002, 1.0102617005798498], "sol": [0.0, 1.0, 0.0, 1.0, 1.0, 0.0, 0.0, 0.0, 1.0, 1.0], "coverage": [0.7014279513888889, 1.0, 0.743125, 1.0, 1.0, 0.6809244791666667, 0.5812890625, 0.7275737847222222, 1.0, 1.0], "coverage_estimated_first_order_diff": [0.4476674082137494, -0.21154572509372593, 0.4304013145362977, 0.10312001055532694, 0.08350813608943075, 0.587228831840894, 0.5716582833178303, 0.585801349336783, -0.20895891043499115, -0.5136172401809564], "coverage_estimated_second_order_diff": [-0.020733072684389064, -0.02038914161149996, -0.024310289508010063, 0.04191099640559992, 0.03742409858719986, 0.04679857531693332, -0.009450381678600017, -0.006496422404022262, -0.021193925641199818, 0.010261700579849764]}