{"coverage_estimated_first_order": [0.7234401011865366, 0.381963646336723, 0.7560760591241927, 0.8428681246813617, 0.8916414436334688, 0.413197193950227, 0.4234189577599745, 0.8168479359859864, 0.624510448167277, 0.37040723755024135], "coverage_estimated_second_order": [0.5580076944551899, 0.9580072155367999, 0.60821564746936, 0.642554309734, 0.7270569898744002, 0.9812676427052001, 0.9710538999242, 0.6099663213072, 0.3261882107489, 0.10042998588081001], "sol": [0.0, 1.0, 0.0, 0.0, 0.0, 1.0, 1.0, 0.0, 0.0, 0.0], "coverage": [0.5953559027777777, 1.0, 0.6456684027777778, 0.6792057291666667, 0.7475651041666667, 1.0, 1.0, 0.6393663194444444, 0.3528515625, 0.11052083333333333], "coverage_estimated_first_order_diff": [0.12808419840875884, -0.618036353663277, 0.11040765634641492, 0.16366239551469508, 0.1440763394668021, -0.586802806049773, -0.5765810422400255, 0.17748161654154193, 0.271658885667277, 0.259886404216908], "coverage_estimated_second_order_diff": [-0.037348208322587784, -0.041992784463200095, -0.03745275530841785, -0.0366514194326667, -0.02050811429226651, -0.01873235729479994, -0.028946100075800008, -0.029399998137244476, -0.026663351751100017, -0.010090847452523324]}