{"coverage_estimated_first_order": [0.35952394274220867, 0.7570398094306674, 0.6553975203993854, 0.8427987423888659, 0.8915754848775024, 0.413123600863181, 0.42337285655174073, 0.8168253178558484, 0.6244512950497353, 0.41196667656674885], "coverage_estimated_second_order": [0.95864646777819, 0.5594032874791, 0.39277197300366, 0.6423324675051, 0.7268705314338001, 0.9811439584624001, 0.9709389829892, 0.6098908555176, 0.3260134959628, 0.18602833593901003], "sol": [1.0, 0.0, 0.0, 0.0, 0.0, 1.0, 1.0, 0.0, 0.0, 0.0], "coverage": [1.0, 0.5962065972222222, 0.4292361111111111, 0.6789149305555555, 0.7474045138888888, 1.0, 1.0, 0.639296875, 0.35270399305555555, 0.1953298611111111], "coverage_estimated_first_order_diff": [-0.6404760572577913, 0.16083321220844515, 0.22616140928827427, 0.16388381183331036, 0.14417097098861353, -0.586876399136819, -0.5766271434482593, 0.17752844285584846, 0.27174730199417974, 0.21663681545563773], "coverage_estimated_second_order_diff": [-0.04135353222181004, -0.03680330974312229, -0.03646413810745108, -0.03658246305045554, -0.02053398245508875, -0.0188560415375999, -0.029061017010799994, -0.02940601948239996, -0.02669049709275556, -0.009301525172101088]}