{"coverage_estimated_first_order": [0.3595024278091671, 0.381961988951414, 0.36246215233102697, 0.7178788256129522, 0.41911865956515176, 0.38803349384431224, 0.44685278561565, 0.4915759510977473, 0.3902147338860248, 0.23039393621918763], "coverage_estimated_second_order": [0.028699988566800002, 0.0298447459408, 0.0280784502516, 0.7320313265399999, 1.04251225115, 1.0659478941000002, 0.25023979325199996, 0.288960830508, 0.1399250002066, 0.01272230978986], "sol": [0.0, 0.0, 0.0, 0.0, 1.0, 1.0, 0.0, 0.0, 0.0, 0.0], "coverage": [0.002322048611111111, 0.002855902777777778, 0.003732638888888889, 0.6820442708333333, 1.0, 1.0, 0.23834635416666666, 0.2818098958333333, 0.14145399305555556, 0.002495659722222222], "coverage_estimated_first_order_diff": [0.35718037919805595, 0.3791060861736362, 0.3587295134421381, 0.03583455477961894, -0.5808813404348483, -0.6119665061556878, 0.20850643144898334, 0.209766055264414, 0.24876074083046923, 0.22789827649696542], "coverage_estimated_second_order_diff": [0.026377939955688892, 0.026988843163022223, 0.02434581136271111, 0.04998705570666662, 0.04251225115000001, 0.06594789410000024, 0.011893439085333302, 0.0071509346746666536, -0.0015289928489555515, 0.010226650067637778]}