{"coverage_estimated_first_order": [1.2610432845562323, 1.376105382892157, 1.2498523729839919, 1.2392481353248095, 1.700591241731932, 1.072981139749937, 1.274904067740943, 1.3809272978619886, 1.1639209145657916, 0.6859353391101872], "coverage_estimated_second_order": [0.8354425117023999, 0.8325425019823999, 0.8448451119249, 1.0019586133815, 0.8993662435119001, 1.0275105019625999, 0.3704898392896, 0.38345562604169997, 0.2840656479905, 0.9519690262121799], "sol": [1.0, 1.0, 1.0, 1.0, 0.0, 1.0, 0.0, 0.0, 0.0, 1.0], "coverage": [1.0, 1.0, 1.0, 1.0, 0.8840755208333333, 1.0, 0.3749609375, 0.39296875, 0.28485677083333333, 1.0], "coverage_estimated_first_order_diff": [0.26104328455623227, 0.376105382892157, 0.24985237298399188, 0.23924813532480949, 0.8165157208985987, 0.07298113974993692, 0.8999431302409429, 0.9879585478619887, 0.8790641437324582, -0.3140646608898128], "coverage_estimated_second_order_diff": [-0.16455748829760009, -0.16745749801760013, -0.15515488807510003, 0.0019586133814999407, 0.015290722678566793, 0.027510501962599854, -0.004471098210399982, -0.009513123958300007, -0.0007911228428333361, -0.048030973787820064]}