{"coverage_estimated_first_order": [1.4365315096091669, 1.5740848303260688, 1.1419693915180744, 1.7192921177497558, 1.7507004996790958, 1.4879532098588342, 1.3776638162741577, 1.9131169138079716, 1.2695116947384903, 0.712011071038231], "coverage_estimated_second_order": [0.5317183693301, 0.6569136358326, 0.9644932091934599, 0.7652244659006, 0.7641416063108999, 0.8116780958142, 0.9175803107274998, 0.7798172784662, 0.9600566734420999, 0.9954629504614801], "sol": [0.0, 0.0, 1.0, 1.0, 1.0, 1.0, 1.0, 0.0, 1.0, 1.0], "coverage": [0.5702604166666667, 0.6947569444444445, 1.0, 1.0, 1.0, 1.0, 1.0, 0.8478949652777777, 1.0, 1.0], "coverage_estimated_first_order_diff": [0.8662710929425002, 0.8793278858816244, 0.14196939151807442, 0.7192921177497558, 0.7507004996790958, 0.48795320985883417, 0.3776638162741577, 1.0652219485301937, 0.26951169473849035, -0.287988928961769], "coverage_estimated_second_order_diff": [-0.03854204733656674, -0.037843308611844484, -0.03550679080654007, -0.2347755340994, -0.2358583936891001, -0.18832190418579997, -0.08241968927250021, -0.06807768681157778, -0.039943326557900116, -0.004537049538519855]}