{"coverage_estimated_first_order": [1.1492439079402805, 0.7885362015338268, 1.1733354251833414, 1.2761973758279923, 1.2011722328728278, 1.0233028589557178, 1.0105467864676427, 1.156444929989845, 0.9564953478022151, 0.488255429120953], "coverage_estimated_second_order": [0.6800298403588998, 0.9785422240878, 0.7180969197375301, 0.4867464622552, 0.36363067781620007, 0.2527557586148, 0.9410066843368, 0.9429789958128001, 0.9331404945767, 1.0082724153974], "sol": [0.0, 1.0, 0.0, 0.0, 0.0, 0.0, 1.0, 1.0, 1.0, 1.0], "coverage": [0.7012369791666667, 1.0, 0.7423958333333334, 0.4555425347222222, 0.33696614583333334, 0.22590711805555555, 1.0, 1.0, 1.0, 1.0], "coverage_estimated_first_order_diff": [0.4480069287736138, -0.21146379846617325, 0.4309395918500081, 0.8206548411057701, 0.8642060870394945, 0.7973957409001623, 0.010546786467642733, 0.15644492998984494, -0.04350465219778488, -0.511744570879047], "coverage_estimated_second_order_diff": [-0.021207138807766923, -0.021457775912199994, -0.024298913595803273, 0.031203927532977793, 0.026664531982866724, 0.026848640559244435, -0.058993315663199986, -0.05702100418719991, -0.06685950542329999, 0.00827241539740009]}