{"coverage_estimated_first_order": [0.8310847188011767, 0.9765889291756995, 0.5434620931668868, 1.2284932174715955, 0.891736013003331, 0.8013371178280183, 0.6453359283323188, 1.0623507117784956, 0.8681436900025588, 0.4805017507614327], "coverage_estimated_second_order": [0.39703072563423, 0.6139441535654, 0.96228172507129, 0.8657715348144, 1.0528842958741, 1.0549720239798002, 0.984070605907, 0.6676574330652, 0.4810309173984, 0.08110510701921002], "sol": [0.0, 0.0, 1.0, 0.0, 1.0, 1.0, 1.0, 0.0, 0.0, 0.0], "coverage": [0.4298046875, 0.6471397569444445, 1.0, 0.8187803819444445, 1.0, 1.0, 1.0, 0.6785243055555555, 0.5047482638888889, 0.08498263888888889], "coverage_estimated_first_order_diff": [0.40128003130117673, 0.329449172231255, -0.45653790683311324, 0.409712835527151, -0.10826398699666895, -0.1986628821719817, -0.3546640716676812, 0.38382640622294006, 0.3633954261136698, 0.3955191118725438], "coverage_estimated_second_order_diff": [-0.03277396186577003, -0.03319560337904448, -0.03771827492871005, 0.04699115286995548, 0.05288429587410004, 0.054972023979800166, -0.015929394092999982, -0.010866872490355561, -0.023717346490488955, -0.003877531869678874]}