{"coverage_estimated_first_order": [1.2610432845562323, 1.0010292197982125, 0.9567144206375912, 1.012561886052542, 1.4761135510742323, 0.8795510077045504, 1.0763573539390185, 1.163852719994433, 0.9823580163064833, 0.5046761449871024], "coverage_estimated_second_order": [0.7604481844082, 1.0431081305451, 1.0387201257334002, 1.0176089828702, 0.9146571263201, 1.041680609631, 0.3754698442991, 0.3894583049782, 0.28446135080229995, 0.9996430545895799], "sol": [0.0, 1.0, 1.0, 1.0, 0.0, 1.0, 0.0, 0.0, 0.0, 1.0], "coverage": [0.7135243055555556, 1.0, 1.0, 1.0, 0.8840625, 1.0, 0.3748220486111111, 0.3927864583333333, 0.28466579861111113, 1.0], "coverage_estimated_first_order_diff": [0.5475189790006767, 0.0010292197982124662, -0.043285579362408844, 0.012561886052542048, 0.5920510510742323, -0.12044899229544959, 0.7015353053279074, 0.7710662616610997, 0.6976922176953722, -0.49532385501289755], "coverage_estimated_second_order_diff": [0.046923878852644374, 0.04310813054509999, 0.038720125733400224, 0.017608982870199963, 0.030594626320100016, 0.041680609631000065, 0.0006477956879888946, -0.003328153355133312, -0.00020444780881118119, -0.0003569454104200842]}