{"coverage_estimated_first_order": [1.256888525554921, 1.3831614843728035, 0.9607214592260355, 1.661822468618226, 1.20126680224269, 1.4114427828335092, 1.232463757039987, 1.4019477057823544, 1.200128589637497, 0.5983499423321443], "coverage_estimated_second_order": [0.5376821529077399, 0.6631234392061999, 0.9706539418919699, 0.8001463643203999, 0.948752338941, 0.6996100904356002, 0.9016527649388001, 0.897850315314, 0.9018143965487, 0.9978426617018], "sol": [0.0, 0.0, 1.0, 0.0, 1.0, 0.0, 1.0, 1.0, 1.0, 1.0], "coverage": [0.5702213541666666, 0.6946744791666667, 1.0, 0.8467838541666667, 1.0, 0.7260416666666667, 1.0, 1.0, 1.0, 1.0], "coverage_estimated_first_order_diff": [0.6866671713882543, 0.6884870052061368, -0.03927854077396453, 0.8150386144515592, 0.20126680224269, 0.6854011161668425, 0.232463757039987, 0.4019477057823544, 0.2001285896374969, -0.40165005766785566], "coverage_estimated_second_order_diff": [-0.03253920125892673, -0.03155103996046682, -0.02934605810803015, -0.04663748984626681, -0.05124766105900003, -0.02643157623106651, -0.09834723506119991, -0.10214968468600005, -0.09818560345130001, -0.0021573382981999734]}