{"coverage_estimated_first_order": [1.1951649998257223, 0.9767661036652246, 0.9731476394041644, 1.4355709411538342, 1.1194519911262248, 0.9693263387672659, 1.1218013778219404, 1.292924511710822, 0.7890410450227793, 0.6210880412697606], "coverage_estimated_second_order": [0.6571592417319999, 1.0456977394428, 1.04870670090001, 0.8128294199797998, 1.0525275803675, 1.0471418060125999, 0.51100665442, 0.7011569350836, 0.9816751410999001, 0.13768182286067998], "sol": [0.0, 1.0, 1.0, 0.0, 1.0, 1.0, 0.0, 0.0, 1.0, 0.0], "coverage": [0.6114279513888888, 1.0, 1.0, 0.764765625, 1.0, 1.0, 0.5245052083333334, 0.7130078125, 1.0, 0.1347482638888889], "coverage_estimated_first_order_diff": [0.5837370484368335, -0.02323389633477535, -0.026852360595835623, 0.6708053161538342, 0.11945199112622484, -0.030673661232734073, 0.5972961694886071, 0.5799166992108219, -0.21095895497722073, 0.4863397773808717], "coverage_estimated_second_order_diff": [0.045731290343111075, 0.04569773944279998, 0.04870670090000995, 0.048063794979799845, 0.05252758036750005, 0.047141806012599874, -0.013498553913333322, -0.011850877416400007, -0.01832485890009994, 0.002933558971791095]}