{"coverage_estimated_first_order": [1.1950176582717582, 0.976578016329305, 0.9373215674902156, 1.1139800536887798, 1.0855295401848295, 1.2966250619108357, 1.209953745396855, 0.9448021607476021, 1.157231309199616, 0.6213242549315876], "coverage_estimated_second_order": [0.6571552132121999, 1.0456705916919, 1.0488117645035, 1.0520599752405997, 1.0423555650432, 0.7619586284458001, 0.656989356524, 0.989741233756, 0.6677559097655998, 0.13848050822692998], "sol": [0.0, 1.0, 1.0, 1.0, 1.0, 0.0, 0.0, 1.0, 0.0, 0.0], "coverage": [0.6113845486111111, 1.0, 1.0, 1.0, 1.0, 0.7189670138888888, 0.6589887152777778, 1.0, 0.6735980902777777, 0.13555555555555557], "coverage_estimated_first_order_diff": [0.5836331096606471, -0.023421983670695035, -0.06267843250978444, 0.11398005368877984, 0.0855295401848295, 0.5776580480219469, 0.5509650301190772, -0.05519783925239785, 0.4836332189218383, 0.48576869937603206], "coverage_estimated_second_order_diff": [0.045770664601088806, 0.04567059169190002, 0.0488117645035, 0.05205997524059969, 0.04235556504319993, 0.04299161455691125, -0.001999358753777769, -0.010258766244000017, -0.005842180512177886, 0.002924952671374409]}