{"coverage_estimated_first_order": [1.0812988322657755, 0.8100477462345653, 0.7755118903443587, 1.065814017864396, 0.673663536579636, 0.9685904441521106, 0.8179453234107612, 0.8981952480006518, 0.7894586646859982, 0.3894940234243464], "coverage_estimated_second_order": [0.7704096842615998, 1.053580751342, 1.0485854545433, 0.6275487316863999, 0.9333101381782, 0.6258546651196, 0.21537450623059998, 0.2516876985246, 0.23944932658100002, 1.0039267402539], "sol": [0.0, 1.0, 1.0, 0.0, 1.0, 0.0, 0.0, 0.0, 0.0, 1.0], "coverage": [0.7134895833333333, 1.0, 1.0, 0.6697048611111112, 1.0, 0.6670746527777778, 0.20916232638888888, 0.24967881944444445, 0.22360243055555556, 1.0], "coverage_estimated_first_order_diff": [0.36780924893244216, -0.18995225376543468, -0.22448810965564125, 0.39610915675328484, -0.32633646342036404, 0.3015157913743328, 0.6087829970218723, 0.6485164285562073, 0.5658562341304427, -0.6105059765756535], "coverage_estimated_second_order_diff": [0.05692010092826649, 0.05358075134199991, 0.04858545454329999, -0.04215612942471125, -0.06668986182180003, -0.041219987658177804, 0.006212179841711102, 0.00200887908015554, 0.01584689602544445, 0.003926740253900052]}