{"coverage_estimated_first_order": [0.9033581490501162, 0.5731008519674616, 0.9729450551261221, 1.1069893630148866, 1.1427929069973475, 0.6073761585748365, 0.701291592239438, 1.1840110648430007, 0.624510448167277, 0.4867810036121356], "coverage_estimated_second_order": [0.55990127493279, 0.9597686574947999, 0.68571485228886, 0.7441970191314, 0.8055780279670002, 0.9826143345320001, 1.0461063166214, 0.8643239053752001, 1.0338729466049, 0.10484419820926999], "sol": [0.0, 1.0, 0.0, 0.0, 0.0, 1.0, 1.0, 0.0, 1.0, 0.0], "coverage": [0.5957942708333334, 1.0, 0.7219444444444445, 0.7664409722222222, 0.8240104166666666, 1.0, 1.0, 0.8282335069444444, 1.0, 0.114140625], "coverage_estimated_first_order_diff": [0.3075638782167829, -0.42689914803253837, 0.25100061068167756, 0.3405483907926644, 0.31878249033068085, -0.3926238414251635, -0.29870840776056196, 0.35577755789855625, -0.37548955183272303, 0.3726403786121356], "coverage_estimated_second_order_diff": [-0.0358929959005434, -0.04023134250520011, -0.03622959215558452, -0.022243953090822166, -0.018432388699666458, -0.01738566546799991, 0.04610631662139997, 0.03609039843075568, 0.03387294660489992, -0.009296426790730006]}