{"coverage_estimated_first_order": [0.901566421915455, 0.9941655355726052, 0.8874473175768574, 0.9069347884242602, 0.8981412272373357, 0.7739870823531848, 0.7944653943468519, 0.8697580898363714, 0.7629705294930791, 0.45557953311176347], "coverage_estimated_second_order": [0.8730220563339999, 0.8709273931739999, 0.8804671475789999, 0.1339666725048, 0.1232955422656, 0.0861739633226, 0.1128581452347, 0.1285448560263, 0.15201926878939998, 0.965989399937], "sol": [1.0, 1.0, 1.0, 0.0, 0.0, 0.0, 0.0, 0.0, 0.0, 1.0], "coverage": [1.0, 1.0, 1.0, 0.002868923611111111, 0.003650173611111111, 0.003997395833333334, 0.0037413194444444442, 0.009552951388888889, 0.08486545138888889, 1.0], "coverage_estimated_first_order_diff": [-0.098433578084545, -0.00583446442739477, -0.11255268242314265, 0.9040658648131491, 0.8944910536262246, 0.7699896865198514, 0.7907240749024075, 0.8602051384474825, 0.6781050781041902, -0.5444204668882365], "coverage_estimated_second_order_diff": [-0.12697794366600013, -0.12907260682600008, -0.11953285242100009, 0.1310977488936889, 0.11964536865448888, 0.08217656748926666, 0.10911682579025556, 0.11899190463741112, 0.06715381740051109, -0.03401060006300005]}