{"coverage_estimated_first_order": [0.5395219439089576, 0.9482334852864787, 0.8724236986805506, 1.0979645322753608, 1.1477641306449207, 0.6100927270414231, 1.0364841051911244, 0.8303019217904812, 0.6952938786648248, 0.5295478892608363], "coverage_estimated_second_order": [0.9604327268851001, 0.5616935236209, 0.47070651790389995, 0.7210348913459002, 0.8168042000402, 0.9827777378006, 0.684481930061, 1.0504645643004, 1.0426616063915999, 0.19235312473112], "sol": [1.0, 0.0, 0.0, 0.0, 0.0, 1.0, 0.0, 1.0, 1.0, 0.0], "coverage": [1.0, 0.5968272569444445, 0.5057291666666667, 0.7345052083333333, 0.8297178819444444, 1.0, 0.6456293402777777, 1.0, 1.0, 0.20012152777777778], "coverage_estimated_first_order_diff": [-0.4604780560910424, 0.35140622834203417, 0.3666945320138839, 0.3634593239420275, 0.31804624870047626, -0.38990727295857686, 0.3908547649133467, -0.16969807820951877, -0.30470612133517516, 0.3294263614830585], "coverage_estimated_second_order_diff": [-0.03956727311489994, -0.035133733323544525, -0.03502264876276673, -0.013470316987433173, -0.012913681904244356, -0.01722226219940004, 0.03885258978322226, 0.05046456430040003, 0.04266160639159988, -0.007768403046657768]}