{"coverage_estimated_first_order": [0.7233769289096208, 0.7569724263592001, 1.0490998124434783, 0.73724102705308, 1.0803318296554612, 0.9056213833923656, 0.6527520594563567, 1.0529632917473366, 0.842696330631703, 0.5515817341047105], "coverage_estimated_second_order": [1.06072230468007, 1.0600907679861, 0.71471884147018, 0.9875521443527999, 0.6760960980254, 0.49812285440000004, 1.0042188369159, 0.654675591564, 0.4262562668534, 0.22536472303457997], "sol": [1.0, 1.0, 0.0, 1.0, 0.0, 0.0, 1.0, 0.0, 0.0, 0.0], "coverage": [1.0, 1.0, 0.6613888888888889, 1.0, 0.69765625, 0.5218576388888889, 1.0, 0.6594270833333333, 0.43921875, 0.2163107638888889], "coverage_estimated_first_order_diff": [-0.2766230710903792, -0.24302757364079985, 0.38771092355458936, -0.26275897294691997, 0.3826755796554612, 0.3837637445034767, -0.3472479405436433, 0.3935362084140033, 0.403477580631703, 0.33527097021582153], "coverage_estimated_second_order_diff": [0.060722304680070005, 0.060090767986100024, 0.05332995258129114, -0.012447855647200079, -0.021560151974599928, -0.023734784488888883, 0.0042188369158999706, -0.004751491769333316, -0.012962483146599979, 0.00905395914569107]}