{"coverage_estimated_first_order": [0.7192287890908884, 1.1391697174105209, 1.0535691268705603, 1.0979645322753608, 1.531095485574365, 0.9090867844381753, 1.292096635835399, 1.0954069147501873, 0.91408056330374, 0.6446834434757402], "coverage_estimated_second_order": [0.959694833604, 0.5613141967596998, 0.47061412465118, 1.0461063034359002, 0.9606164398004, 1.0416823643974, 0.7306629466779999, 1.0325895815802, 1.0250265565344, 0.19227949921052], "sol": [1.0, 0.0, 0.0, 1.0, 0.0, 1.0, 0.0, 1.0, 1.0, 0.0], "coverage": [1.0, 0.5971831597222222, 0.5061675347222222, 1.0, 0.9107725694444444, 1.0, 0.6920399305555556, 1.0, 1.0, 0.2002734375], "coverage_estimated_first_order_diff": [-0.2807712109091116, 0.5419865576882986, 0.5474015921483381, 0.09796453227536084, 0.6203229161299206, -0.09091321556182475, 0.6000567052798433, 0.09540691475018725, -0.08591943669626001, 0.4444100059757402], "coverage_estimated_second_order_diff": [-0.040305166396000014, -0.0358689629625224, -0.03555341007104218, 0.046106303435900164, 0.04984387035595561, 0.04168236439740003, 0.03862301612244434, 0.03258958158019998, 0.02502655653439989, -0.007993938289480002]}