{"coverage_estimated_first_order": [0.54367008372769, 0.19096003114121343, 0.5748164319070679, 0.5105547777808126, 0.47252278406831705, 0.413197193950227, 0.19859281501015805, 0.570783720920075, 0.44234674773347965, 0.25518698576672155], "coverage_estimated_second_order": [0.5543533809644, 0.9542457453288, 0.6041252265492, 0.29089617582099997, 0.19043273828260002, 0.15234241695380002, 0.9232403308434, 0.5178853178482, 0.3134308661716, 0.0979560746556], "sol": [0.0, 1.0, 0.0, 0.0, 0.0, 0.0, 1.0, 0.0, 0.0, 0.0], "coverage": [0.5948741319444445, 1.0, 0.6445399305555556, 0.31698350694444444, 0.20765625, 0.15936631944444443, 1.0, 0.5750694444444444, 0.34615885416666664, 0.1096875], "coverage_estimated_first_order_diff": [-0.051204048216754505, -0.8090399688587866, -0.0697234986484877, 0.19357127083636816, 0.26486653406831706, 0.25383087450578257, -0.801407184989842, -0.0042857235243694, 0.09618789356681301, 0.14549948576672156], "coverage_estimated_second_order_diff": [-0.040520750980044484, -0.04575425467119998, -0.040414704006355606, -0.026087331123444468, -0.01722351171739997, -0.0070239024906444125, -0.07675966915660004, -0.05718412659624439, -0.032727987995066654, -0.011731425344399998]}