{"coverage_estimated_first_order": [0.7173571086530578, 0.8100256046027031, 0.3816383023492583, 0.45349290758722954, 0.8324512420954144, 0.6860472825721178, 0.6529383961790441, 0.7006913089308282, 0.618572264495836, 0.24975613809700503], "coverage_estimated_second_order": [0.5438111321829999, 0.6697362248458, 0.977965515567, 0.9177694772657999, 0.609214094939, 0.4247270021912, 0.2952306930704, 0.3047728377978, 0.2711540486032, 1.0044703413003], "sol": [0.0, 0.0, 1.0, 1.0, 0.0, 0.0, 0.0, 0.0, 0.0, 1.0], "coverage": [0.5697222222222222, 0.6941362847222222, 1.0, 1.0, 0.6703298611111111, 0.4663888888888889, 0.31850694444444444, 0.335390625, 0.28216579861111113, 1.0], "coverage_estimated_first_order_diff": [0.14763488643083555, 0.1158893198804809, -0.6183616976507418, -0.5465070924127704, 0.1621213809843033, 0.21965839368322887, 0.3344314517345997, 0.3653006839308282, 0.3364064658847249, -0.750243861902995], "coverage_estimated_second_order_diff": [-0.025911090039222318, -0.024400059876422242, -0.022034484433000046, -0.08223052273420006, -0.06111576617211112, -0.04166188669768889, -0.023276251374044432, -0.030617787202199986, -0.011011750007911103, 0.004470341300299996]}