{"coverage_estimated_first_order": [1.149048797434116, 0.7883788120814266, 1.137871543752687, 1.0605903381789674, 1.5044916493488945, 0.908424482910066, 1.21311282538227, 0.9467644842360662, 1.096721036518298, 0.48675023839733855], "coverage_estimated_second_order": [0.6807560654801998, 0.9797215351364998, 0.643416735575, 1.0552602866332, 0.9390026256308, 1.0431339512684001, 0.6778728904882999, 1.002667373179, 0.5704579962957, 1.0103693553626598], "sol": [0.0, 1.0, 0.0, 1.0, 0.0, 1.0, 0.0, 1.0, 0.0, 1.0], "coverage": [0.7014713541666666, 1.0, 0.6676779513888889, 1.0, 0.8899522569444445, 1.0, 0.6750303819444444, 1.0, 0.5776909722222222, 1.0], "coverage_estimated_first_order_diff": [0.4475774432674493, -0.21162118791857343, 0.4701935923637981, 0.06059033817896742, 0.61453939240445, -0.09157551708993406, 0.5380824434378256, -0.053235515763933816, 0.5190300642960758, -0.5132497616026614], "coverage_estimated_second_order_diff": [-0.02071528868646677, -0.020278464863500156, -0.024261215813888848, 0.05526028663319993, 0.04905036868635548, 0.04313395126840014, 0.002842508543855482, 0.002667373178999899, -0.007232975926522167, 0.010369355362659816]}