{"coverage_estimated_first_order": [1.1951023454817156, 1.3517232198800255, 1.2303711345856891, 1.5712133173652425, 1.5937736701328873, 1.0227211115329524, 1.1556874284384877, 1.2510107496119087, 1.3548448861582087, 0.8029816928477644], "coverage_estimated_second_order": [0.8777521299042899, 0.8785017690402999, 0.87523259457639, 0.7032677501925, 0.7573422706505, 0.9632856193508001, 1.0183559823577, 1.0127641017917002, 0.6395827035453, 0.23720099633807], "sol": [1.0, 1.0, 1.0, 0.0, 0.0, 1.0, 1.0, 1.0, 0.0, 0.0], "coverage": [1.0, 1.0, 1.0, 0.7286154513888888, 0.78671875, 1.0, 1.0, 1.0, 0.6175, 0.238359375], "coverage_estimated_first_order_diff": [0.19510234548171557, 0.35172321988002553, 0.23037113458568914, 0.8425978659763537, 0.8070549201328873, 0.02272111153295242, 0.1556874284384877, 0.2510107496119087, 0.7373448861582087, 0.5646223178477644], "coverage_estimated_second_order_diff": [-0.12224787009571014, -0.12149823095970014, -0.12476740542360998, -0.02534770119638885, -0.02937647934950005, -0.03671438064919985, 0.018355982357699974, 0.012764101791700178, 0.022082703545299953, -0.0011583786619299985]}