{"coverage_estimated_first_order": [0.9692404840159744, 0.5973844523470027, 0.9567715175614836, 1.1713121191223512, 0.8681439773612594, 0.774980288986199, 0.8442883234439089, 0.9271712273081963, 0.7544181053598912, 0.3700936913257652], "coverage_estimated_second_order": [0.6832762026521998, 0.9825295570113999, 0.6454588054322, 0.7386394323155999, 1.0413608840422002, 1.0578732097226, 0.2731994069091, 0.3173423774868, 0.1657934560489, 1.01202181930446], "sol": [0.0, 1.0, 0.0, 0.0, 1.0, 1.0, 0.0, 0.0, 0.0, 1.0], "coverage": [0.7012413194444445, 1.0, 0.6675086805555556, 0.6826171875, 1.0, 1.0, 0.24190104166666668, 0.29003038194444447, 0.1496267361111111, 1.0], "coverage_estimated_first_order_diff": [0.26799916457152995, -0.40261554765299734, 0.28926283700592803, 0.4886949316223512, -0.13185602263874063, -0.22501971101380103, 0.6023872817772422, 0.6371408453637519, 0.6047913692487801, -0.6299063086742348], "coverage_estimated_second_order_diff": [-0.017965116792244662, -0.01747044298860012, -0.022049875123355545, 0.05602224481559992, 0.041360884042200174, 0.057873209722600016, 0.03129836524243332, 0.027311995542355527, 0.016166719937788898, 0.012021819304459891]}