{"coverage_estimated_first_order": [0.89711103393642, 1.3760617988378607, 0.8557761955315187, 0.9639783030755462, 1.304908067407765, 1.099170883435299, 0.8514851099809684, 1.2714524117207655, 1.060859859111774, 0.546502562880234], "coverage_estimated_second_order": [1.04587300513807, 0.8864372553364, 1.04245697150148, 0.9797288599239999, 0.6708569860747999, 0.49515611258239994, 0.9963786045574, 0.6517647771755, 0.5012806190323, 1.00329426059788], "sol": [1.0, 0.0, 1.0, 1.0, 0.0, 0.0, 1.0, 0.0, 0.0, 1.0], "coverage": [1.0, 0.8380685763888889, 1.0, 1.0, 0.6981770833333333, 0.5224565972222223, 1.0, 0.6637282986111112, 0.5181206597222222, 1.0], "coverage_estimated_first_order_diff": [-0.10288896606358, 0.5379932224489719, -0.14422380446848126, -0.03602169692445378, 0.6067309840744318, 0.5767142862130766, -0.14851489001903162, 0.6077241131096544, 0.5427391993895517, -0.453497437119766], "coverage_estimated_second_order_diff": [0.04587300513807002, 0.04836867894751118, 0.04245697150147998, -0.02027114007600006, -0.02732009725853335, -0.02730048463982232, -0.003621395442599984, -0.01196352143561119, -0.016840040689922176, 0.003294260597880072]}