{"coverage_estimated_first_order": [1.077045173975484, 1.5672425885228956, 1.0729048779147132, 1.2766137420935708, 1.7271990556821446, 1.0736563792421139, 1.3541838872102483, 1.5309932307213097, 0.9822988631889417, 0.6626093500655041], "coverage_estimated_second_order": [1.03356535564, 0.8741403981625, 1.03075260270998, 1.0309668792571, 0.9387946266175, 1.0277310302504001, 0.5818578475427, 0.7366610764609001, 0.9856994843082001, 0.9981665501888399], "sol": [1.0, 0.0, 1.0, 1.0, 0.0, 1.0, 0.0, 0.0, 1.0, 1.0], "coverage": [1.0, 0.8381770833333333, 1.0, 1.0, 0.9067144097222222, 1.0, 0.6093532986111111, 0.7613368055555556, 1.0, 1.0], "coverage_estimated_first_order_diff": [0.07704517397548405, 0.7290655051895623, 0.07290487791471323, 0.2766137420935708, 0.8204846459599224, 0.07365637924211388, 0.7448305885991372, 0.769656425165754, -0.017701136811058338, -0.33739064993449586], "coverage_estimated_second_order_diff": [0.03356535563999996, 0.035963314829166704, 0.030752602709980037, 0.030966879257100066, 0.03208021689527785, 0.027731030250400135, -0.027495451068411114, -0.02467572909465554, -0.014300515691799909, -0.0018334498111600706]}