{"coverage_estimated_first_order": [0.3594392555322513, 0.3818946058799467, 0.3623479533039118, 0.38556547871240315, 0.3833313549294445, 0.6870275512410643, 0.477639173510108, 0.5106167289915419, 0.42683771809114257, 0.23030923865057182], "coverage_estimated_second_order": [0.028433829753, 0.0295883925966, 0.027740047007, 1.06509860314, 1.07463489016, 0.74247810432, 0.35141641424799996, 0.364182416274, 0.23542933313999997, 0.01245225487985], "sol": [0.0, 0.0, 0.0, 1.0, 1.0, 0.0, 0.0, 0.0, 0.0, 0.0], "coverage": [0.001966145833333333, 0.002690972222222222, 0.003472222222222222, 1.0, 1.0, 0.6790494791666667, 0.3430902777777778, 0.3514713541666667, 0.2225998263888889, 0.0021527777777777778], "coverage_estimated_first_order_diff": [0.357473109698918, 0.3792036336577245, 0.3588757310816896, -0.6144345212875968, -0.6166686450705555, 0.007978072074397602, 0.1345488957323302, 0.15914537482487517, 0.20423789170225368, 0.22815646087279404], "coverage_estimated_second_order_diff": [0.026467683919666668, 0.026897420374377777, 0.024267824784777778, 0.06509860314000004, 0.07463489016000002, 0.06342862515333336, 0.008326136470222179, 0.012711062107333304, 0.01282950675111108, 0.010299477102072222]}