{"coverage_estimated_first_order": [1.190625442569639, 1.3585416626660278, 0.9057646444719921, 1.5033369152406149, 1.528083684990966, 1.3228148055961975, 1.2361870731365134, 1.3274557047382016, 1.418497654613193, 0.712331982268674], "coverage_estimated_second_order": [0.3955287380298, 0.6122519535274, 0.9591986096626, 0.7475737415684, 0.7538552786097, 0.7823549764424002, 0.8813541729575999, 0.8743836302928001, 0.6895145913879999, 0.08511187094896001], "sol": [0.0, 0.0, 1.0, 1.0, 1.0, 1.0, 1.0, 1.0, 0.0, 0.0], "coverage": [0.4302517361111111, 0.6476432291666666, 1.0, 1.0, 1.0, 1.0, 1.0, 1.0, 0.6908550347222222, 0.08915798611111111], "coverage_estimated_first_order_diff": [0.7603737064585279, 0.7108984334993612, -0.09423535552800788, 0.5033369152406149, 0.528083684990966, 0.32281480559619746, 0.23618707313651344, 0.3274557047382016, 0.7276426198909709, 0.6231739961575629], "coverage_estimated_second_order_diff": [-0.03472299808131113, -0.035391275639266584, -0.040801390337400045, -0.25242625843160005, -0.24614472139029997, -0.21764502355759985, -0.11864582704240012, -0.12561636970719992, -0.001340443334222341, -0.004046115162151101]}