{"coverage_estimated_first_order": [1.4407972098395945, 1.5670654140333702, 1.4308523138198517, 1.5230472815408587, 1.948570376386583, 1.2926746085677314, 1.274904067740943, 1.7346138227843702, 1.4246456109224213, 0.8014225697703312], "coverage_estimated_second_order": [0.8138178012776599, 0.8104351390885998, 0.8246377137211398, 0.9930863845179, 0.8825160329017, 1.0040387556274, 0.9579275059728001, 0.6496369734163, 0.4843541409712, 0.9433807165363701], "sol": [1.0, 1.0, 1.0, 1.0, 0.0, 1.0, 1.0, 0.0, 0.0, 1.0], "coverage": [1.0, 1.0, 1.0, 1.0, 0.8873828125, 1.0, 1.0, 0.6930555555555555, 0.5192708333333333, 1.0], "coverage_estimated_first_order_diff": [0.4407972098395945, 0.5670654140333702, 0.4308523138198517, 0.5230472815408587, 1.061187563886583, 0.2926746085677314, 0.2749040677409429, 1.0415582672288146, 0.9053747775890879, -0.19857743022966878], "coverage_estimated_second_order_diff": [-0.1861821987223401, -0.18956486091140023, -0.1753622862788602, -0.006913615482100011, -0.004866779598299953, 0.00403875562739997, -0.042072494027199925, -0.043418582139255535, -0.03491669236213335, -0.05661928346362988]}