{"coverage_estimated_first_order": [1.2612168801293553, 1.0011849518653038, 0.9923808863462881, 1.3299352561979207, 0.9248149999435147, 1.1627694087767202, 1.0958179578902247, 1.2653583768576662, 0.7894586646859982, 0.5058677894862407], "coverage_estimated_second_order": [0.7605423869511999, 1.0431817637312, 1.03876890829931, 0.7131766004835999, 0.956906901173, 0.6280778956427999, 0.4586140744418, 0.6433566332817999, 0.9821380257733999, 1.00000209505738], "sol": [0.0, 1.0, 1.0, 0.0, 1.0, 0.0, 0.0, 0.0, 1.0, 1.0], "coverage": [0.7136892361111111, 1.0, 1.0, 0.7524739583333333, 1.0, 0.6687456597222222, 0.49309895833333334, 0.6755642361111112, 1.0, 1.0], "coverage_estimated_first_order_diff": [0.5475276440182442, 0.0011849518653037627, -0.007619113653711929, 0.5774612978645874, -0.07518500005648532, 0.494023749054498, 0.6027189995568913, 0.589794140746555, -0.21054133531400177, -0.49413221051375933], "coverage_estimated_second_order_diff": [0.046853150840088786, 0.043181763731199974, 0.0387689082993099, -0.03929735784973343, -0.043093098826999965, -0.0406677640794223, -0.03448488389153331, -0.03220760282931123, -0.017861974226600075, 2.0950573800249117e-06]}