{"coverage_estimated_first_order": [0.42557582304584163, 0.4063824945368021, 0.38149281499510834, 0.510476808160685, 0.4724608030370925, 0.41313653882724866, 0.19884272281810086, 0.5721846051351371, 0.443306016453646, 0.11548723066014405], "coverage_estimated_second_order": [0.19841347069739998, 0.1138330873562, 0.0890154327573, 0.290488206915, 0.1900471173128, 0.15194647033859998, 0.9232919378268001, 0.521696152572, 0.3163176273555, 0.9858184388076], "sol": [0.0, 0.0, 0.0, 0.0, 0.0, 0.0, 1.0, 0.0, 0.0, 1.0], "coverage": [0.19334635416666668, 0.10907552083333333, 0.08145399305555556, 0.3165234375, 0.20721788194444443, 0.15894965277777778, 1.0, 0.5796137152777778, 0.349765625, 1.0], "coverage_estimated_first_order_diff": [0.23222946887917495, 0.29730697370346876, 0.3000388219395528, 0.19395337066068497, 0.265242921092648, 0.2541868860494709, -0.8011572771818991, -0.007429110142640694, 0.09354039145364595, -0.884512769339856], "coverage_estimated_second_order_diff": [0.005067116530733301, 0.004757566522866671, 0.0075614397017444435, -0.026035230585000013, -0.017170764631644436, -0.007003182439177802, -0.07670806217319992, -0.05791756270577786, -0.033447997644500016, -0.014181561192399994]}