{"coverage_estimated_first_order": [1.1952288609534072, 0.9767789898360013, 0.9730451353021352, 1.3781012920223046, 0.9533496486192636, 1.1918099691386932, 1.232213849232044, 1.0468602966449105, 0.938444624560701, 0.6225624667785778], "coverage_estimated_second_order": [0.657263966625, 1.0458435836598, 1.04888028460701, 0.7908782235715999, 0.98205319479, 0.687750546247, 0.6632093024242, 1.036758482037, 1.0356970481944001, 0.13955417166485998], "sol": [0.0, 1.0, 1.0, 0.0, 1.0, 0.0, 0.0, 1.0, 1.0, 0.0], "coverage": [0.6114366319444444, 1.0, 1.0, 0.8044748263888889, 1.0, 0.7075694444444445, 0.6343315972222222, 1.0, 1.0, 0.1361284722222222], "coverage_estimated_first_order_diff": [0.5837922290089628, -0.02322101016399869, -0.02695486469786479, 0.5736264656334157, -0.046650351380736366, 0.4842405246942487, 0.5978822520098218, 0.04686029664491054, -0.06155537543929901, 0.4864339945563556], "coverage_estimated_second_order_diff": [0.045827334680555554, 0.0458435836597999, 0.048880284607009994, -0.013596602817289027, -0.017946805210000027, -0.019818898197444423, 0.028877705201977744, 0.03675848203699994, 0.035697048194400116, 0.003425699442637764]}