{"coverage_estimated_first_order": [0.7851421119826937, 1.163433532752937, 1.036990415570507, 1.3975722339143748, 0.9499548107529826, 1.2170837950883746, 0.9546546936457789, 1.034770919034529, 1.1644872281369008, 0.5286147865112341], "coverage_estimated_second_order": [0.9785114824465401, 0.596400036787, 0.43327148236075996, 0.8164886259697999, 0.9820591005845999, 0.7125354104104, 1.0425440779834, 1.0449253630218, 0.6251605902185, 1.0084760898664], "sol": [1.0, 0.0, 0.0, 0.0, 1.0, 0.0, 1.0, 1.0, 0.0, 1.0], "coverage": [1.0, 0.6175694444444444, 0.4592361111111111, 0.8229036458333333, 1.0, 0.7257855902777778, 1.0, 1.0, 0.5926345486111111, 1.0], "coverage_estimated_first_order_diff": [-0.21485788801730632, 0.5458640883084926, 0.5777543044593958, 0.5746685880810415, -0.050045189247017396, 0.49129820481059683, -0.04534530635422107, 0.03477091903452889, 0.5718526795257897, -0.47138521348876594], "coverage_estimated_second_order_diff": [-0.02148851755345993, -0.02116940765744435, -0.02596462875035116, -0.006415019863533433, -0.017940899415400113, -0.013250179867377754, 0.0425440779834001, 0.04492536302180006, 0.03252604160738892, 0.008476089866400027]}