{"coverage_estimated_first_order": [0.8311485799288617, 0.9766018153464762, 0.5433595890648576, 1.1710235683400656, 0.7256336704963698, 1.0238207481994455, 0.7557483997424226, 0.8162864967125844, 1.0175472695404806, 0.4819761762702501], "coverage_estimated_second_order": [0.39743524727924, 0.6143146791139998, 0.9625027798100598, 0.8322030929581999, 0.9967536192254001, 0.7215383731288001, 1.0608317506, 1.0637952812376, 0.709455244407, 0.08498610816740002], "sol": [0.0, 0.0, 1.0, 0.0, 1.0, 0.0, 1.0, 1.0, 0.0, 0.0], "coverage": [0.4301128472222222, 0.6474782986111111, 1.0, 0.8231032986111111, 1.0, 0.725703125, 1.0, 1.0, 0.6671918402777778, 0.08890190972222223], "coverage_estimated_first_order_diff": [0.4010357327066395, 0.3291235167353651, -0.4566404109351424, 0.3479202697289545, -0.27436632950363016, 0.29811762319944546, -0.24425160025757742, -0.18371350328741565, 0.3503554292627028, 0.39307426654802785], "coverage_estimated_second_order_diff": [-0.032677599942982194, -0.03316361949711122, -0.03749722018994017, 0.009099794347088852, -0.003246380774599933, -0.004164751871199912, 0.06083175060000001, 0.06379528123759992, 0.04226340412922225, -0.0039158015548222125]}