{"coverage_estimated_first_order": [0.6097380562068074, 0.5904986264895331, 0.8874473175768574, 0.6801195427816664, 0.6735030084538073, 0.5803769271872733, 0.5959822516301831, 0.6526698540780046, 0.5457662697331747, 0.32095894922966245], "coverage_estimated_second_order": [1.04960298479, 1.050799100678, 0.739312539657, 0.1101589167696, 0.1014953246546, 0.0708471631982, 0.0936295793711, 0.1072887479112, 0.064308838272, 0.996022840008], "sol": [1.0, 1.0, 0.0, 0.0, 0.0, 0.0, 0.0, 0.0, 0.0, 1.0], "coverage": [1.0, 1.0, 0.6790928819444444, 0.002434895833333333, 0.0030729166666666665, 0.0034288194444444444, 0.003715277777777778, 0.009348958333333334, 0.0091796875, 1.0], "coverage_estimated_first_order_diff": [-0.39026194379319257, -0.4095013735104669, 0.20835443563241296, 0.6776846469483331, 0.6704300917871406, 0.5769481077428289, 0.5922669738524053, 0.6433208957446712, 0.5365865822331747, -0.6790410507703375], "coverage_estimated_second_order_diff": [0.049602984789999915, 0.050799100677999975, 0.06021965771255555, 0.10772402093626667, 0.09842240798793334, 0.06741834375375556, 0.08991430159332223, 0.09793978957786666, 0.055129150772, -0.00397715999199999]}