{"coverage_estimated_first_order": [1.0814844697790347, 1.1853027412033437, 1.1043163135787868, 1.171056026757785, 1.1492926906012144, 0.9681660469777943, 1.0723380288263153, 1.2369212186933858, 0.7629705294930791, 0.5719532991736578], "coverage_estimated_second_order": [0.8547925452031999, 0.8523415528292, 0.8634151074637999, 0.27262131944900003, 0.2223372372528, 0.100645627726, 0.37392024979769994, 0.5490644980735, 0.9585136889982, 0.9594248781928001], "sol": [1.0, 1.0, 1.0, 0.0, 0.0, 0.0, 0.0, 0.0, 1.0, 1.0], "coverage": [1.0, 1.0, 1.0, 0.20079427083333334, 0.14258680555555556, 0.012200520833333334, 0.3448263888888889, 0.5214713541666667, 1.0, 1.0], "coverage_estimated_first_order_diff": [0.08148446977903467, 0.18530274120334367, 0.10431631357878679, 0.9702617559244516, 1.006705885045659, 0.955965526144461, 0.7275116399374264, 0.7154498645267191, -0.23702947050692091, -0.4280467008263422], "coverage_estimated_second_order_diff": [-0.14520745479680008, -0.1476584471708, -0.1365848925362001, 0.07182704861566669, 0.07975043169724444, 0.08844510689266666, 0.029093860908811053, 0.027593143906833317, -0.0414863110018, -0.04057512180719991]}