{"coverage_estimated_first_order": [0.72345688221279, 0.3819527334903284, 0.7561190423763134, 0.5015993293337827, 0.8608913214013011, 0.7149814129006118, 0.7894439598143528, 0.48220218895739936, 0.7319760159874843, 0.3715299866138187], "coverage_estimated_second_order": [0.5581276578998999, 0.9580583901622999, 0.6084538786636999, 1.0018038636270001, 0.6829998521710001, 0.5017789334524, 0.6491142617586, 1.012856374305, 0.5740355115114, 0.10368917650109999], "sol": [0.0, 1.0, 0.0, 1.0, 0.0, 0.0, 0.0, 1.0, 0.0, 0.0], "coverage": [0.5955381944444444, 1.0, 0.6461154513888889, 1.0, 0.6939800347222222, 0.5229210069444444, 0.6462630208333333, 1.0, 0.5766449652777778, 0.11417534722222222], "coverage_estimated_first_order_diff": [0.12791868776834558, -0.6180472665096717, 0.11000359098742452, -0.4984006706662173, 0.16691128667907884, 0.19206040595616736, 0.14318093898101947, -0.5177978110426007, 0.15533105070970654, 0.2573546393915965], "coverage_estimated_second_order_diff": [-0.037410536544544515, -0.04194160983770012, -0.037661572725188996, 0.0018038636270001351, -0.010980182551222128, -0.021142073492044444, 0.0028512409252666737, 0.012856374305000084, -0.0026094537663777784, -0.010486170721122234]}