{"coverage_estimated_first_order": [1.32892923818917, 1.3545469393665046, 1.647821389997794, 1.6046499575966136, 1.561002143805321, 1.6840670734243741, 1.6867326737796748, 1.530449711926561, 1.3041712677960362, 0.7843366312344657], "coverage_estimated_second_order": [1.0022356206235001, 1.0026206962546997, 0.77412132151169, 0.9294490671428, 0.9369443718469999, 0.7195680484581999, 0.6406327201547, 0.928455786303, 0.9417189421246001, 0.97326501787183], "sol": [1.0, 1.0, 0.0, 1.0, 1.0, 0.0, 0.0, 1.0, 1.0, 1.0], "coverage": [1.0, 1.0, 0.7554253472222222, 1.0, 1.0, 0.7190928819444444, 0.677109375, 1.0, 1.0, 1.0], "coverage_estimated_first_order_diff": [0.32892923818916997, 0.3545469393665046, 0.8923960427755718, 0.6046499575966136, 0.561002143805321, 0.9649741914799297, 1.0096232987796747, 0.530449711926561, 0.3041712677960362, -0.21566336876553427], "coverage_estimated_second_order_diff": [0.002235620623500134, 0.002620696254699739, 0.018695974289467787, -0.07055093285720004, -0.06305562815300014, 0.00047516651375545393, -0.03647665484530005, -0.07154421369700004, -0.058281057875399944, -0.02673498212817005]}