{"coverage_estimated_first_order": [1.015332328022869, 0.7856434415905718, 0.7559735550221636, 1.0122137211924258, 0.9501773199100358, 0.8292909794875658, 0.7323145718867471, 0.7878719566784418, 0.9911182874651032, 0.5065022469411599], "coverage_estimated_second_order": [0.6648944123414, 1.053794347897, 1.05669814011203, 0.4389338228928, 0.3123641643686, 0.249770356608, 1.0517844630958, 1.0461582877236, 0.6545770336214, 0.14074619886368], "sol": [0.0, 1.0, 1.0, 0.0, 0.0, 0.0, 1.0, 1.0, 0.0, 0.0], "coverage": [0.6113411458333333, 1.0, 1.0, 0.40154079861111114, 0.28541666666666665, 0.22452690972222222, 1.0, 1.0, 0.6156076388888889, 0.13589409722222223], "coverage_estimated_first_order_diff": [0.40399118218953567, -0.21435655840942824, -0.24402644497783643, 0.6106729225813147, 0.6647606532433692, 0.6047640697653436, -0.2676854281132529, -0.2121280433215582, 0.3755106485762143, 0.37060814971893763], "coverage_estimated_second_order_diff": [0.05355326650806669, 0.053794347896999994, 0.05669814011202989, 0.037393024281688836, 0.02694749770193333, 0.025243446885777787, 0.05178446309579998, 0.04615828772359998, 0.03896939473251104, 0.004852101641457773]}