{"coverage_estimated_first_order": [1.261068849724622, 1.3761275245240192, 1.2499094699078843, 1.6248136140372127, 1.3172598868024874, 1.162020576197497, 1.241318179962502, 1.3613340409341188, 1.153185263379104, 0.685973469330951], "coverage_estimated_second_order": [0.8352728269479999, 0.8323605203346999, 0.8446363757111, 0.7187646565875, 1.0151693637227, 1.0322383885086, 0.2719857356188, 0.31536507981629996, 0.2475800990909, 0.95184359824826], "sol": [1.0, 1.0, 1.0, 0.0, 1.0, 1.0, 0.0, 0.0, 0.0, 1.0], "coverage": [1.0, 1.0, 1.0, 0.6827473958333333, 1.0, 1.0, 0.24207899305555555, 0.290390625, 0.2254730902777778, 1.0], "coverage_estimated_first_order_diff": [0.2610688497246221, 0.3761275245240192, 0.24990946990788432, 0.9420662182038794, 0.3172598868024874, 0.1620205761974971, 0.9992391869069464, 1.070943415934119, 0.9277121731013263, -0.31402653066904895], "coverage_estimated_second_order_diff": [-0.16472717305200013, -0.16763947966530013, -0.15536362428890005, 0.03601726075416667, 0.015169363722699947, 0.03223838850859995, 0.029906742563244465, 0.02497445481629995, 0.02210700881312222, -0.04815640175173996]}