{"coverage_estimated_first_order": [0.754053166846093, 0.7342837633348909, 1.12315351301642, 0.47856045584674933, 0.9268620657666797, 0.7514332631586071, 0.5649039572608836, 0.3421199412594983, 0.3660083663169053, 0.5875508209076673], "coverage_estimated_second_order": [0.99283771031, 0.994039506008, 0.7014448530099999, 0.9410052985540001, 0.6319613287652, 0.4283858105423, 0.25168313451594, 0.003443158703925, 0.00963818918768, 0.2722103397738], "sol": [1.0, 1.0, 0.0, 1.0, 0.0, 0.0, 0.0, 0.0, 0.0, 0.0], "coverage": [1.0, 1.0, 0.6839626736111111, 1.0, 0.6449088541666667, 0.4380512152777778, 0.2601736111111111, 0.0015668402777777777, 0.007404513888888889, 0.2644487847222222], "coverage_estimated_first_order_diff": [-0.24594683315390697, -0.26571623666510913, 0.439190839405309, -0.5214395441532507, 0.2819532116000131, 0.31338204788082935, 0.3047303461497725, 0.34055310098172054, 0.3586038524280164, 0.3231020361854451], "coverage_estimated_second_order_diff": [-0.00716228968999999, -0.005960493992000049, 0.017482179398888853, -0.05899470144599994, -0.012947525401466708, -0.009665404735477778, -0.008490476595171104, 0.0018763184261472222, 0.002233675298791111, 0.007761555051577773]}