{"coverage_estimated_first_order": [0.5179375198892872, 0.5295867921952743, 0.5384384548671567, 0.9455021760935842, 0.5659529317293258, 1.222338080344016, 0.49827145754864377, 0.22877188652853225, 0.7683936365645627, 0.5373279241121519], "coverage_estimated_second_order": [0.04307060003848, 0.09896396205795999, 0.0686853014616, 0.6510757920084, 1.0365244928228001, 0.9403599123813999, 1.0434557991739999, 0.99697308790766, 0.60401255835242, 0.2365777695196], "sol": [0.0, 0.0, 0.0, 0.0, 1.0, 0.0, 1.0, 1.0, 0.0, 0.0], "coverage": [0.032387152777777775, 0.09005642361111112, 0.05581163194444445, 0.6220138888888889, 1.0, 0.8977690972222222, 1.0, 1.0, 0.6034375, 0.2327951388888889], "coverage_estimated_first_order_diff": [0.4855503671115094, 0.43953036858416317, 0.48262682292271225, 0.32348828720469536, -0.4340470682706742, 0.32456898312179383, -0.5017285424513562, -0.7712281134714678, 0.16495613656456276, 0.304532785223263], "coverage_estimated_second_order_diff": [0.010683447260702222, 0.00890753844684887, 0.012873669517155552, 0.02906190311951118, 0.036524492822800125, 0.04259081515917773, 0.04345579917399989, -0.0030269120923399617, 0.0005750583524199993, 0.0037826306307111035]}