{"coverage_estimated_first_order": [0.35028559656496877, 0.36482425864948226, 0.36260788850246867, 0.6660212103229874, 0.18827704317389984, 0.6895076949476616, 0.49827145754864377, 0.11423169345251917, 0.6464729295916809, 0.40013510146075626], "coverage_estimated_second_order": [0.03968304098259, 0.09095139551396, 0.060587706766999996, 0.5974916677368, 0.9755814929688, 0.646889833648, 0.4156404588428, 0.99759407688994, 0.6035635488171999, 0.230989513704], "sol": [0.0, 0.0, 0.0, 0.0, 1.0, 0.0, 0.0, 1.0, 0.0, 0.0], "coverage": [0.032387152777777775, 0.08605034722222223, 0.05411892361111111, 0.6077473958333334, 1.0, 0.6629991319444445, 0.42963541666666666, 1.0, 0.602890625, 0.23034722222222223], "coverage_estimated_first_order_diff": [0.317898443787191, 0.27877391142726005, 0.3084889648913576, 0.058273814489654074, -0.8117229568261002, 0.026508563003217134, 0.06863604088197711, -0.8857683065474808, 0.04358230459168089, 0.16978787923853403], "coverage_estimated_second_order_diff": [0.007295888204812223, 0.004901048291737778, 0.006468783155888884, -0.010255728096533412, -0.024418507031199965, -0.016109298296444474, -0.013994957823866672, -0.0024059231100600487, 0.0006729238171998553, 0.0006422914817777736]}