{"coverage_estimated_first_order": [0.5658466825817234, 1.0594421187882552, 1.1085583922576143, 0.7027372099791267, 1.2609714487163493, 1.2693415905311998, 0.5612316639208569, 0.860214377349233, 0.366702784615098, 0.8051226073308166], "coverage_estimated_second_order": [0.9961661080498401, 0.6969197817944, 0.7346125118715999, 1.0253457354604, 0.8178728112883499, 0.8501575643616802, 1.0159645521111398, 0.6012117609630101, 0.9953620010106801, 0.466294447264], "sol": [1.0, 0.0, 0.0, 1.0, 0.0, 0.0, 1.0, 0.0, 1.0, 0.0], "coverage": [1.0, 0.7036111111111111, 0.7428255208333333, 1.0, 0.8027126736111111, 0.8359288194444444, 1.0, 0.6020659722222222, 1.0, 0.4737152777777778], "coverage_estimated_first_order_diff": [-0.43415331741827656, 0.35583100767714415, 0.365732871424281, -0.2972627900208733, 0.45825877510523816, 0.43341277108675536, -0.4387683360791431, 0.25814840512701076, -0.633297215384902, 0.33140732955303887], "coverage_estimated_second_order_diff": [-0.003833891950159929, -0.006691329316711125, -0.008213008961733381, 0.025345735460400087, 0.015160137677238783, 0.014228744917235803, 0.015964552111139785, -0.0008542112592121454, -0.004637998989319936, -0.0074208305137777875]}