{"coverage_estimated_first_order": [0.7584493202216378, 0.7261212310707179, 0.8881388495032639, 1.1035577789542081, 0.5778112008486741, 1.0615506873350822, 0.8105367027478896, 0.86549824614571, 0.8885835106442147, 0.6546712819183766], "coverage_estimated_second_order": [0.18800472018597, 0.18003899943206, 0.2953163108932, 0.6975518329073799, 0.97194557076316, 0.6434511862283602, 0.41441084067615996, 0.9447755906665201, 0.9485438105171999, 0.9437924899818], "sol": [0.0, 0.0, 0.0, 0.0, 1.0, 0.0, 0.0, 1.0, 1.0, 1.0], "coverage": [0.18785590277777778, 0.18005208333333333, 0.29663194444444446, 0.7122178819444445, 1.0, 0.6650434027777777, 0.4322092013888889, 1.0, 1.0, 1.0], "coverage_estimated_first_order_diff": [0.57059341744386, 0.5460691477373846, 0.5915069050588195, 0.3913398970097637, -0.4221887991513259, 0.39650728455730444, 0.3783275013590007, -0.13450175385428997, -0.1114164893557853, -0.34532871808162335], "coverage_estimated_second_order_diff": [0.00014881740819222555, -1.3083901273330811e-05, -0.0013156335512444772, -0.014666049037064588, -0.028054429236839984, -0.021592216549417564, -0.017798360712728944, -0.05522440933347994, -0.05145618948280006, -0.05620751001820001]}