{"coverage_estimated_first_order": [0.7334986059060419, 1.2198379406958275, 1.29403376179332, 0.8839519598444359, 1.449248491890249, 1.453356427274609, 0.7158222198161627, 0.860214377349233, 0.8914833163035087, 1.0585576383992135], "coverage_estimated_second_order": [0.9908757830447801, 0.6920989567525401, 0.7418242457913999, 1.0121820927205802, 0.8064356160581498, 0.8393637090669102, 1.00577678906224, 1.0034092098157201, 1.00194493052304, 0.5824624679378], "sol": [1.0, 0.0, 0.0, 1.0, 0.0, 0.0, 1.0, 1.0, 1.0, 0.0], "coverage": [1.0, 0.7036111111111111, 0.7545442708333333, 1.0, 0.8027300347222223, 0.8359548611111111, 1.0, 1.0, 1.0, 0.5856727430555555], "coverage_estimated_first_order_diff": [-0.2665013940939581, 0.5162268295847164, 0.5394894909599867, -0.11604804015556414, 0.6465184571680268, 0.6174015661634978, -0.2841777801838373, -0.139785622650767, -0.10851668369649126, 0.47288489534365796], "coverage_estimated_second_order_diff": [-0.009124216955219921, -0.011512154358571003, -0.01272002504193337, 0.01218209272058024, 0.003705581335927577, 0.003408847955799099, 0.005776789062239995, 0.0034092098157201267, 0.0019449305230399005, -0.0032102751177555122]}