{"coverage_estimated_first_order": [0.8777372134552179, 0.8830491311343641, 1.3268359556361284, 1.1447143322507276, 0.6235102731796649, 1.0727118946643994, 0.8107868700839003, 0.8596796865025128, 0.3661156182412695, 0.7799345896350334], "coverage_estimated_second_order": [1.02688405644734, 1.03116134005236, 0.8165338058594, 0.7032039560738, 0.9673390003787501, 0.65377123485522, 0.41653102671537995, 0.6010686219180049, 0.9956445372320499, 0.3988017904054], "sol": [1.0, 1.0, 0.0, 0.0, 1.0, 0.0, 0.0, 0.0, 1.0, 0.0], "coverage": [1.0, 1.0, 0.7876475694444445, 0.7171571180555556, 1.0, 0.6720399305555556, 0.4339149305555556, 0.6017881944444444, 1.0, 0.39803385416666665], "coverage_estimated_first_order_diff": [-0.12226278654478206, -0.11695086886563588, 0.539188386191684, 0.427557214195172, -0.3764897268203351, 0.40067196410884387, 0.3768719395283447, 0.2578914920580684, -0.6338843817587305, 0.3819007354683667], "coverage_estimated_second_order_diff": [0.026884056447340043, 0.031161340052360043, 0.02888623641495558, -0.013953161981755557, -0.03266099962124991, -0.018268695700335513, -0.01738390384017563, -0.0007195725264395048, -0.004355462767950069, 0.0007679362387333355]}