{"coverage_estimated_first_order": [1.3716070814749846, 1.3084147802675057, 1.2733972529085513, 1.5426304187124216, 1.1389654821417174, 1.0776964683759118, 1.3180543576642798, 0.5848662410661432, 0.6681902776689609, 0.9212260725524932], "coverage_estimated_second_order": [0.7077180259476, 0.6925699495125, 0.7012555076594, 0.7108199953530001, 1.0006374810696, 1.0108280880255, 0.6833816766955001, 0.032182356241605, 0.10974228590164, 0.28882110099720004], "sol": [1.0, 1.0, 1.0, 0.0, 1.0, 1.0, 0.0, 0.0, 0.0, 0.0], "coverage": [1.0, 1.0, 1.0, 0.7320399305555556, 1.0, 1.0, 0.6679557291666667, 0.03253038194444444, 0.1116015625, 0.3208550347222222], "coverage_estimated_first_order_diff": [0.37160708147498456, 0.3084147802675057, 0.2733972529085513, 0.810590488156866, 0.13896548214171744, 0.07769646837591182, 0.6500986284976131, 0.5523358591216987, 0.5565887151689609, 0.600371037830271], "coverage_estimated_second_order_diff": [-0.2922819740524, -0.30743005048750005, -0.29874449234059997, -0.021219935202555495, 0.0006374810695999322, 0.01082808802550006, 0.015425947528833417, -0.00034802570283944123, -0.0018592765983600074, -0.03203393372502217]}