{"coverage_estimated_first_order": [0.9167827445378818, 1.3333986480302231, 0.9715967913380399, 1.1963657556526686, 0.5981001169296647, 1.0663748799388304, 0.8140051076173676, 0.5902918225466895, 0.6672488785525048, 0.6092170953805589], "coverage_estimated_second_order": [0.9712945645516001, 0.7805340472904001, 0.9711920992154, 0.7819276548680001, 0.9747704463336, 0.64324902445812, 0.41399699303068, 0.20412276429725001, 0.24499334044245996, 0.9446330691325999], "sol": [1.0, 0.0, 1.0, 0.0, 1.0, 0.0, 0.0, 0.0, 0.0, 1.0], "coverage": [1.0, 0.7777994791666667, 1.0, 0.7981510416666666, 1.0, 0.6653689236111111, 0.4320659722222222, 0.20393663194444445, 0.24318576388888888, 1.0], "coverage_estimated_first_order_diff": [-0.08321725546211822, 0.5555991688635564, -0.02840320866196011, 0.39821471398600194, -0.4018998830703353, 0.4010059563277193, 0.38193913539514535, 0.3863551906022451, 0.4240631146636159, -0.3907829046194411], "coverage_estimated_second_order_diff": [-0.028705435448399874, 0.002734568123733405, -0.02880790078460005, -0.016223386798666528, -0.025229553666400006, -0.022119899152991063, -0.01806897919154221, 0.00018613235280556806, 0.001807576553571083, -0.05536693086740008]}