{"coverage_estimated_first_order": [1.5242772548829708, 0.9109198264940787, 0.9585225457465703, 1.2766108456284189, 1.5019267308879063, 1.1051943766757784, 0.9749490657415308, 0.471210157344213, 1.070002186763673, 0.9606127337807395], "coverage_estimated_second_order": [0.86218707332446, 1.01997869164488, 1.0151952972378, 0.5692860314122, 0.7439092103595, 1.00824317501782, 1.0122003967265, 0.99821528500189, 0.6906247828213999, 0.4616148159642], "sol": [0.0, 1.0, 1.0, 0.0, 0.0, 1.0, 1.0, 1.0, 0.0, 0.0], "coverage": [0.8410329861111111, 1.0, 1.0, 0.5689366319444444, 0.7340407986111112, 1.0, 1.0, 1.0, 0.692890625, 0.46796875], "coverage_estimated_first_order_diff": [0.6832442687718597, -0.08908017350592135, -0.041477454253429746, 0.7076742136839744, 0.7678859322767951, 0.10519437667577836, -0.02505093425846916, -0.528789842655787, 0.3771115617636731, 0.49264398378073954], "coverage_estimated_second_order_diff": [0.021154087213348882, 0.019978691644880087, 0.015195297237799998, 0.0003493994677555845, 0.009868411748388817, 0.008243175017820015, 0.012200396726500085, -0.0017847149981099486, -0.0022658421786000416, -0.00635393403579998]}