{"coverage_estimated_first_order": [0.16788452037920457, 0.6941421552358278, 0.6757242340931644, 0.6077110164223852, 0.7128726156734357, 0.18385445563564465, 0.6572384191450292, 0.22832214485349878, 0.24502262315761106, 0.3423928825852543], "coverage_estimated_second_order": [0.9828519447082, 0.6795545325428, 0.6234081554536, 0.5379062255570001, 0.6770708787884001, 0.9770695153465, 0.6437483103873001, 0.0032403782515599997, 0.00949227100514, 0.16641096765439997], "sol": [1.0, 0.0, 0.0, 0.0, 0.0, 1.0, 0.0, 0.0, 0.0, 0.0], "coverage": [1.0, 0.6954513888888889, 0.6379730902777778, 0.5562369791666667, 0.6943489583333333, 1.0, 0.6570225694444445, 0.0020963541666666665, 0.008237847222222223, 0.17171875], "coverage_estimated_first_order_diff": [-0.8321154796207955, -0.001309233653061126, 0.03775114381538658, 0.05147403725571853, 0.018523657340102417, -0.8161455443643554, 0.00021584970058474706, 0.2262257906868321, 0.23678477593538882, 0.1706741325852543], "coverage_estimated_second_order_diff": [-0.01714805529179997, -0.01589685634608895, -0.014564934824177866, -0.018330753609666628, -0.01727807954493321, -0.022930484653500005, -0.01327425905714441, 0.0011440240848933332, 0.0012544237829177768, -0.005307782345600032]}