{"coverage_estimated_first_order": [1.5409970507330382, 0.9394309804850426, 1.003618397905205, 1.395747784006933, 0.9922447973190934, 1.610893659536992, 0.81552530298216, 0.988603115647803, 0.5450883614842317, 0.9705621930762551], "coverage_estimated_second_order": [0.87605627957457, 1.02526548164916, 1.0199571731872, 0.7245733477676, 1.0102844837222, 0.9185444961709401, 1.0126029898675, 0.6136533248906801, 1.00078619873925, 0.4419413101295999], "sol": [0.0, 1.0, 1.0, 0.0, 1.0, 0.0, 1.0, 0.0, 1.0, 0.0], "coverage": [0.8519357638888889, 1.0, 1.0, 0.7207638888888889, 1.0, 0.9065017361111111, 1.0, 0.6137760416666667, 1.0, 0.44442274305555557], "coverage_estimated_first_order_diff": [0.6890612868441492, -0.06056901951495741, 0.0036183979052049065, 0.6749838951180441, -0.00775520268090657, 0.704391923425881, -0.18447469701784003, 0.37482707398113635, -0.4549116385157683, 0.5261394500206995], "coverage_estimated_second_order_diff": [0.024120515685681077, 0.025265481649159982, 0.019957173187199917, 0.0038094588787110917, 0.010284483722200033, 0.012042760059829072, 0.01260298986749997, -0.00012271677598651998, 0.0007861987392498992, -0.002481432925955651]}