{"coverage_estimated_first_order": [1.2741939267788878, 0.7568004322504374, 1.2080288306102545, 1.2686076921486522, 1.4222273577692275, 1.2572929271275854, 1.4125027501927268, 0.9742634392338138, 0.4863295240511659, 0.922097710144528], "coverage_estimated_second_order": [0.6916371340027601, 0.9344647687675399, 0.6128164317952, 0.7196028325036, 0.7218747236113999, 0.7427453662311401, 0.5561626953583, 0.5993141934530501, 0.9914887793641899, 0.4196617449998], "sol": [0.0, 1.0, 0.0, 1.0, 1.0, 1.0, 0.0, 0.0, 1.0, 0.0], "coverage": [0.7118836805555555, 1.0, 0.6382725694444444, 1.0, 1.0, 1.0, 0.6741753472222223, 0.6019487847222222, 1.0, 0.43592881944444445], "coverage_estimated_first_order_diff": [0.5623102462233323, -0.24319956774956264, 0.56975626116581, 0.2686076921486522, 0.4222273577692275, 0.25729292712758545, 0.7383274029705045, 0.3723146545115915, -0.5136704759488341, 0.48616889070008357], "coverage_estimated_second_order_diff": [-0.020246546552795452, -0.06553523123246008, -0.02545613764924448, -0.2803971674964, -0.2781252763886001, -0.25725463376885993, -0.11801265186392229, -0.002634591269172093, -0.008511220635810113, -0.016267074444644425]}