{"coverage_estimated_first_order": [1.2722232837902663, 0.7611671438886569, 1.1537445842498126, 1.3667412419729492, 1.6114272040292676, 1.6059020511235693, 1.2577933857298174, 0.5712848059506812, 0.6082502310240477, 0.8047543523383032], "coverage_estimated_second_order": [0.68734679825627, 0.9244612684317, 0.49592491779860004, 0.4055750944912001, 0.2705891904757999, 0.2887734535686002, 0.4242615458900001, 0.0038801366323, 0.00615540316194, 0.2093191045032], "sol": [0.0, 1.0, 0.0, 1.0, 1.0, 1.0, 1.0, 0.0, 0.0, 0.0], "coverage": [0.7068489583333334, 1.0, 0.5313020833333333, 1.0, 1.0, 1.0, 1.0, 0.0027647569444444442, 0.004474826388888889, 0.2250434027777778], "coverage_estimated_first_order_diff": [0.5653743254569329, -0.23883285611134308, 0.6224425009164793, 0.3667412419729492, 0.6114272040292676, 0.6059020511235693, 0.25779338572981736, 0.5685200490062368, 0.6037754046351589, 0.5797109495605254], "coverage_estimated_second_order_diff": [-0.019502160077063402, -0.07553873156830004, -0.035377165534733246, -0.5944249055087999, -0.7294108095242001, -0.7112265464313998, -0.5757384541099999, 0.0011153796878555556, 0.0016805767730511106, -0.015724298274577803]}