{"coverage_estimated_first_order": [0.1676519233243184, 0.6786206943924542, 0.684523493631317, 0.42312357812753937, 0.39126872615703673, 0.36786929237905375, 0.3086055020600226, 0.11396458334542404, 0.647977463351721, 0.45797615316758356], "coverage_estimated_second_order": [0.9827336901632, 0.6490953066454, 0.6350866028736, 0.1446566733416, 0.047686935169439996, 0.01713485756957, 0.01454831307634, 0.9971426122987399, 0.60674802576294, 0.34800490941499995], "sol": [1.0, 0.0, 0.0, 0.0, 0.0, 0.0, 0.0, 1.0, 0.0, 0.0], "coverage": [1.0, 0.6628645833333333, 0.6467534722222222, 0.13713975694444444, 0.034162326388888886, 0.002699652777777778, 0.0020833333333333333, 1.0, 0.6065538194444444, 0.3539496527777778], "coverage_estimated_first_order_diff": [-0.8323480766756816, 0.015756111059120892, 0.0377700214090948, 0.28598382118309496, 0.35710639976814784, 0.36516963960127596, 0.30652216872668925, -0.886035416654576, 0.0414236439072766, 0.10402650038980576], "coverage_estimated_second_order_diff": [-0.017266309836799998, -0.013769276687933263, -0.011666869348622266, 0.007516916397155571, 0.01352460878055111, 0.01443520479179222, 0.012464979743006668, -0.0028573877012600946, 0.00019420631849553782, -0.005944743362777838]}