{"coverage_estimated_first_order": [0.5758156469809874, 0.5260595059670277, 0.7013615273654833, 0.7170175344018175, 0.7672100462302003, 0.904873377783775, 0.3122652451992458, 0.8658067457692039, 0.3640312880254156, 0.3917290031090161], "coverage_estimated_second_order": [0.15748539793404, 0.1073626050364, 0.30066846955419996, 0.37043684830720003, 0.4397301087526, 0.6518053870772, 0.9819054403917, 0.7236736476634, 1.0129421896417998, 1.006973221483], "sol": [0.0, 0.0, 0.0, 0.0, 0.0, 0.0, 1.0, 0.0, 1.0, 1.0], "coverage": [0.15546875, 0.10401475694444444, 0.29203559027777776, 0.3757248263888889, 0.4503732638888889, 0.6622743055555556, 1.0, 0.7140060763888889, 1.0, 1.0], "coverage_estimated_first_order_diff": [0.42034689698098743, 0.4220447490225832, 0.40932593708770554, 0.3412927080129286, 0.3168367823413114, 0.24259907222821941, -0.6877347548007542, 0.151800669380315, -0.6359687119745844, -0.6082709968909839], "coverage_estimated_second_order_diff": [0.0020166479340400223, 0.0033478480919555548, 0.0086328792764222, -0.005287978081688849, -0.010643155136288884, -0.010468918478355516, -0.018094559608299976, 0.009667571274511122, 0.012942189641799828, 0.006973221483000058]}