{"coverage_estimated_first_order": [0.23854115734372933, 0.7191260229985451, 0.7944642723712767, 0.49809798094715113, 0.4040497983625253, 0.3716761866226949, 0.3115708269010532, 0.3477123096794693, 0.3653075127158441, 0.20454112209918673], "coverage_estimated_second_order": [1.006614132788, 0.6669451892560001, 0.758799833044, 0.251914724464, 0.0752218592602, 0.028698972554320003, 0.02378320934032, 0.19639843499324, 0.2130930649198, 1.012097160404], "sol": [1.0, 0.0, 0.0, 0.0, 0.0, 0.0, 0.0, 0.0, 0.0, 1.0], "coverage": [1.0, 0.6648263888888889, 0.7558420138888889, 0.24285590277777777, 0.06494357638888888, 0.017118055555555556, 0.013823784722222222, 0.19874565972222222, 0.2154470486111111, 1.0], "coverage_estimated_first_order_diff": [-0.7614588426562707, 0.054299634109656214, 0.03862225848238776, 0.2552420781693734, 0.33910622197363643, 0.35455813106713935, 0.29774704217883097, 0.1489666499572471, 0.149860464104733, -0.7954588779008133], "coverage_estimated_second_order_diff": [0.006614132788000049, 0.0021188003671112066, 0.0029578191551110633, 0.009058821686222213, 0.01027828287131112, 0.011580916998764446, 0.00995942461809778, -0.002347224728982217, -0.0023539836913110956, 0.012097160404000107]}