{"coverage_estimated_first_order": [0.9020335916764359, 0.7866626215543775, 0.4720922582732182, 0.8354526550929149, 0.9049893666368267, 0.3770275660989332, 0.8195327327796254, 0.47645310725682116, 0.5441852404802252, 0.3958276633750803], "coverage_estimated_second_order": [0.6590735611074, 0.547662769146, 1.0085325770644, 0.579822684593, 0.6663777056036001, 0.9775427296278, 0.6472089389968001, 0.20538900906044003, 0.2496204964403, 1.0156180815076], "sol": [0.0, 0.0, 1.0, 0.0, 0.0, 1.0, 0.0, 0.0, 0.0, 1.0], "coverage": [0.6574565972222223, 0.5520138888888889, 1.0, 0.5925347222222223, 0.6825911458333334, 1.0, 0.6598784722222222, 0.2041970486111111, 0.24335503472222222, 1.0], "coverage_estimated_first_order_diff": [0.24457699445421366, 0.23464873266548858, -0.5279077417267818, 0.24291793287069263, 0.22239822080349336, -0.6229724339010668, 0.15965426055740317, 0.27225605864571006, 0.300830205758003, -0.6041723366249196], "coverage_estimated_second_order_diff": [0.0016169638851777357, -0.0043511197428889314, 0.008532577064400027, -0.01271203762922224, -0.016213440229733256, -0.022457270372200022, -0.01266953322542208, 0.001191960449328927, 0.006265461718077764, 0.015618081507599912]}