{"coverage_estimated_first_order": [1.0696855150007543, 1.4696500275850513, 1.1469709487335178, 1.3568424491257418, 1.4856569381753895, 1.0937124071309323, 0.973547678944342, 0.7049578836782583, 0.7893028791164173, 0.7375616081256626], "coverage_estimated_second_order": [0.95799096214808, 0.7394986042401999, 0.9472665723799999, 0.6504087574932, 0.7217460649324001, 1.00173553410332, 1.0080804168858801, 0.20331892510148003, 0.24237959954342, 0.9259488107168001], "sol": [1.0, 0.0, 1.0, 0.0, 0.0, 1.0, 1.0, 0.0, 0.0, 1.0], "coverage": [1.0, 0.7467100694444444, 1.0, 0.6626432291666666, 0.7194487847222222, 1.0, 1.0, 0.20457899305555555, 0.24368489583333333, 1.0], "coverage_estimated_first_order_diff": [0.06968551500075426, 0.7229399581406069, 0.1469709487335178, 0.6941992199590752, 0.7662081534531673, 0.09371240713093232, -0.02645232105565798, 0.5003788906227027, 0.545617983283084, -0.2624383918743374], "coverage_estimated_second_order_diff": [-0.042009037851920006, -0.007211465204244538, -0.052733427620000106, -0.012234471673466585, 0.0022972802101779433, 0.0017355341033200578, 0.008080416885880126, -0.0012600679540755166, -0.001305296289913327, -0.07405118928319987]}