{"coverage_estimated_first_order": [1.1063094063996832, 1.0991080219843732, 1.5304008447083133, 1.1447143322507276, 1.1153381080620655, 1.44114738276323, 1.063294223377131, 0.973870461071163, 0.4877007642201754, 0.9887870717576472], "coverage_estimated_second_order": [0.94247059026854, 0.9274572571515598, 0.786677927429, 0.9208747716716, 0.9572886575113498, 0.6953571027744201, 0.45335818353077995, 0.600126002035905, 0.99382985454263, 0.473763869916], "sol": [1.0, 1.0, 0.0, 1.0, 1.0, 0.0, 0.0, 0.0, 1.0, 0.0], "coverage": [1.0, 1.0, 0.7899609375, 1.0, 1.0, 0.6854513888888889, 0.44806857638888886, 0.6018402777777778, 1.0, 0.4779470486111111], "coverage_estimated_first_order_diff": [0.10630940639968323, 0.09910802198437318, 0.7404399072083133, 0.1447143322507276, 0.11533810806206546, 0.755695993874341, 0.6152256469882421, 0.3720301832933852, -0.5122992357798246, 0.5108400231465362], "coverage_estimated_second_order_diff": [-0.057529409731460035, -0.0725427428484402, -0.003283010070999959, -0.07912522832839997, -0.04271134248865016, 0.009905713885531187, 0.005289607141891084, -0.0017142757418727728, -0.0061701454573700465, -0.004183178695111089]}