{"coverage_estimated_first_order": [0.7564786772330165, 1.2487128151938194, 1.3329027272384337, 1.4436001570407355, 0.9700027300918511, 1.5940142669667108, 0.809842284449697, 0.5764841962080016, 1.1337011492804068, 0.7418690462113386], "coverage_estimated_second_order": [0.99581881511328, 0.7257455867837601, 0.7619498146714, 0.8150205549962001, 1.0148790390356401, 0.91543029637959, 1.01882829281496, 1.00460913787397, 0.7354621233904999, 1.0082810142542], "sol": [1.0, 0.0, 0.0, 0.0, 1.0, 0.0, 1.0, 1.0, 0.0, 1.0], "coverage": [1.0, 0.7352083333333334, 0.7726649305555555, 0.8105338541666667, 1.0, 0.8992447916666667, 1.0, 1.0, 0.7305251736111111, 1.0], "coverage_estimated_first_order_diff": [-0.24352132276698346, 0.513504481860486, 0.5602377966828782, 0.6330663028740688, -0.029997269908148883, 0.6947694753000441, -0.19015771555030303, -0.4235158037919984, 0.40317597566929564, -0.25813095378866135], "coverage_estimated_second_order_diff": [-0.004181184886720035, -0.009462746549573242, -0.010715115884155524, 0.0044867008295333966, 0.01487903903564014, 0.016185504712923238, 0.0188282928149599, 0.004609137873970104, 0.004936949779388744, 0.008281014254200025]}