{"coverage_estimated_first_order": [1.0993259778939939, 1.0442843784519094, 1.5763107081202943, 1.1954453241675762, 1.2020452779929933, 1.2876647281865903, 0.6245430405992951, 0.5762170861009064, 1.1332350400518258, 0.769326192504846], "coverage_estimated_second_order": [0.9764708988360998, 0.9720349199599999, 0.8121900658192, 0.5048849896256, 0.52380168368764, 0.67029930553621, 0.97578203767438, 1.005355384470265, 0.7362052950221598, 0.9534104403524001], "sol": [1.0, 1.0, 0.0, 0.0, 0.0, 0.0, 1.0, 1.0, 0.0, 1.0], "coverage": [1.0, 1.0, 0.81734375, 0.5176475694444445, 0.5430164930555555, 0.6880425347222222, 1.0, 1.0, 0.7304079861111111, 1.0], "coverage_estimated_first_order_diff": [0.09932597789399389, 0.044284378451909356, 0.7589669581202942, 0.6777977547231318, 0.6590287849374378, 0.5996221934643681, -0.3754569594007049, -0.4237829138990936, 0.4028270539407147, -0.23067380749515398], "coverage_estimated_second_order_diff": [-0.023529101163900168, -0.02796508004000009, -0.005153684180800089, -0.012762579818844433, -0.01921480936791553, -0.017743229186012233, -0.024217962325620013, 0.005355384470264957, 0.005797308911048682, -0.04658955964759992]}