{"coverage_estimated_first_order": [1.0306399839180904, 0.49670892656609067, 1.012806792107012, 0.9650159815562829, 1.1186765660607267, 0.5673794175679113, 0.9709050511414637, 0.7458409712126444, 0.7678325118574005, 0.8199801886979516], "coverage_estimated_second_order": [0.6508667693865401, 0.9823507959157001, 0.6107533596112, 0.5160800461333801, 0.70514944192526, 0.97499424877172, 0.64428969505306, 1.00593116074421, 1.00421197171835, 0.435437401023], "sol": [0.0, 1.0, 0.0, 0.0, 0.0, 1.0, 0.0, 1.0, 1.0, 0.0], "coverage": [0.6685026041666666, 1.0, 0.6270269097222222, 0.5358029513888889, 0.7251996527777778, 1.0, 0.6607682291666667, 1.0, 1.0, 0.435390625], "coverage_estimated_first_order_diff": [0.3621373797514238, -0.5032910734339093, 0.3857798823847899, 0.429213030167394, 0.393476913282949, -0.4326205824320887, 0.3101368219747971, -0.25415902878735563, -0.23216748814259947, 0.38458956369795166], "coverage_estimated_second_order_diff": [-0.017635834780126536, -0.01764920408429993, -0.01627355011102216, -0.019722905255508794, -0.02005021085251779, -0.02500575122827997, -0.01647853411360667, 0.005931160744210073, 0.004211971718349972, 4.677602300001693e-05]}