{"coverage_estimated_first_order": [0.5641086366479883, 1.0705968679934093, 1.0647644927010547, 0.7889257662876943, 1.3929774937297363, 0.7363047804778844, 1.0643363283335656, 0.342512919422149, 0.8913883008249277, 0.8046803957762649], "coverage_estimated_second_order": [0.99506109639768, 0.70959726455288, 0.66352619152, 1.0426623119036, 0.90054929914874, 1.02780617927957, 0.6870499135039401, 0.9962834260846299, 0.6077293196601, 0.4574299958667999], "sol": [1.0, 0.0, 0.0, 1.0, 0.0, 1.0, 0.0, 1.0, 0.0, 0.0], "coverage": [1.0, 0.7147005208333334, 0.6707161458333334, 1.0, 0.8685069444444444, 1.0, 0.6689713541666666, 1.0, 0.60828125, 0.4640668402777778], "coverage_estimated_first_order_diff": [-0.43589136335201173, 0.3558963471600759, 0.3940483468677213, -0.21107423371230571, 0.5244705492852919, -0.2636952195221156, 0.395364974166899, -0.657487080577851, 0.2831070508249277, 0.34061355549848715], "coverage_estimated_second_order_diff": [-0.004938903602319966, -0.005103256280453383, -0.007189954313333358, 0.042662311903600036, 0.03204235470429562, 0.027806179279570076, 0.018078559337273425, -0.0037165739153700583, -0.0005519303398999753, -0.0066368444109778935]}