{"coverage_estimated_first_order": [1.239308081313694, 1.1074542653695223, 0.8876824405340538, 1.1980148209045238, 1.2817424521061123, 0.7452636642427126, 1.1288326531378405, 0.9939719336159667, 1.068965772168636, 0.9037988749010977], "coverage_estimated_second_order": [0.64802349584354, 0.5408522299107, 0.9018192532066, 0.5670117185259801, 0.6534345409438601, 0.9637054503883601, 0.63687285682296, 0.9101902883102699, 0.8708313826348999, 0.8671332740605999], "sol": [0.0, 0.0, 1.0, 0.0, 0.0, 1.0, 0.0, 1.0, 1.0, 1.0], "coverage": [0.6574565972222223, 0.5520138888888889, 1.0, 0.5926085069444444, 0.6826432291666666, 1.0, 0.6603819444444444, 1.0, 1.0, 1.0], "coverage_estimated_first_order_diff": [0.5818514840914718, 0.5554403764806334, -0.11231755946594624, 0.6054063139600794, 0.5990992229394456, -0.2547363357572874, 0.4684507086933961, -0.006028066384033304, 0.06896577216863609, -0.09620112509890233], "coverage_estimated_second_order_diff": [-0.009433101378682252, -0.011161658978188882, -0.09818074679340005, -0.025596788418464356, -0.029208688222806534, -0.036294549611639915, -0.023509087621484404, -0.08980971168973007, -0.1291686173651001, -0.13286672593940008]}