{"coverage_estimated_first_order": [1.1602462475141406, 1.0999474473943462, 1.5944002276567733, 1.014230574302267, 1.505596069701494, 1.4720853795420117, 0.72245983799722, 0.6904078606695567, 0.7300396543423209, 0.724743643559063], "coverage_estimated_second_order": [0.9036819964463999, 0.908760263342, 0.7708615370952, 0.9336519149116, 0.8300441316967999, 0.85195587149492, 1.00170803820424, 0.196245476341965, 0.21166929718348, 0.9219337833762], "sol": [1.0, 1.0, 0.0, 1.0, 0.0, 0.0, 1.0, 0.0, 0.0, 1.0], "coverage": [1.0, 1.0, 0.8151822916666667, 1.0, 0.8358637152777778, 0.8513585069444445, 1.0, 0.20016059027777777, 0.21661892361111112, 1.0], "coverage_estimated_first_order_diff": [0.16024624751414063, 0.09994744739434624, 0.7792179359901066, 0.01423057430226704, 0.6697323544237163, 0.6207268725975672, -0.27754016200278, 0.49024727039177896, 0.5134207307312098, -0.27525635644093704], "coverage_estimated_second_order_diff": [-0.0963180035536001, -0.091239736658, -0.04432075457146667, -0.06634808508839996, -0.005819583580977894, 0.0005973645504755432, 0.0017080382042400366, -0.003915113935812786, -0.0049496264276311375, -0.07806621662379998]}