{"coverage_estimated_first_order": [1.2520865911865184, 1.1403321309987058, 0.833854603142822, 1.4151526430263441, 0.9610613656758537, 1.5993656464429493, 0.8145807173479567, 0.5908674322772787, 1.1907531855504871, 0.7953038270011646], "coverage_estimated_second_order": [0.67836054870488, 0.59534000866536, 0.964211409527, 0.7670346060912, 0.9992564182542001, 0.903584243591, 1.0070207762119998, 0.98698588697541, 0.75458601817158, 0.9847128950127999], "sol": [0.0, 0.0, 1.0, 0.0, 1.0, 0.0, 1.0, 1.0, 0.0, 1.0], "coverage": [0.6879123263888889, 0.6093619791666667, 1.0, 0.7764105902777778, 1.0, 0.8996310763888888, 1.0, 1.0, 0.7551345486111111, 1.0], "coverage_estimated_first_order_diff": [0.5641742647976296, 0.5309701518320391, -0.166145396857178, 0.6387420527485663, -0.03893863432414635, 0.6997345700540605, -0.18541928265204333, -0.40913256772272133, 0.4356186369393761, -0.20469617299883536], "coverage_estimated_second_order_diff": [-0.009551777684008833, -0.014021970501306713, -0.03578859047299998, -0.009375984186577813, -0.000743581745799915, 0.003953167202111141, 0.007020776211999813, -0.01301411302458999, -0.0005485304395310697, -0.015287104987200095]}