{"coverage_estimated_first_order": [1.5390264077444167, 0.9394309804850426, 0.9589789547157804, 1.3956151179259424, 0.9920457981976074, 1.610687234880031, 0.8154064944145564, 0.4710842892886574, 1.0698688931726426, 0.9694610436870315], "coverage_estimated_second_order": [0.8753844954152799, 1.02526548164916, 1.0153206714248002, 0.7248977619015999, 1.0108682763168, 0.9190414255324201, 1.0131502902432998, 0.9983850136551099, 0.6906653305327, 0.4771393839616], "sol": [0.0, 1.0, 1.0, 0.0, 1.0, 0.0, 1.0, 1.0, 0.0, 0.0], "coverage": [0.8519357638888889, 1.0, 1.0, 0.7207204861111111, 1.0, 0.9064279513888889, 1.0, 1.0, 0.6928385416666667, 0.48438368055555553], "coverage_estimated_first_order_diff": [0.6870906438555278, -0.06056901951495741, -0.04102104528421957, 0.6748946318148313, -0.007954201802392591, 0.7042592834911421, -0.18459350558544363, -0.5289157107113426, 0.37703035150597586, 0.4850773631314759], "coverage_estimated_second_order_diff": [0.02344873152639093, 0.025265481649159982, 0.015320671424800203, 0.004177275790488877, 0.010868276316799985, 0.0126134741435312, 0.013150290243299834, -0.0016149863448901014, -0.002173211133966735, -0.007244296593955535]}