{"coverage_estimated_first_order": [1.5971371318910033, 0.9470584434619499, 1.1227475708469719, 1.2534516986237336, 1.3255079568333548, 0.7603921469234354, 1.1326237550454707, 1.1079365169613908, 0.6654115291549143, 0.8245210605185676], "coverage_estimated_second_order": [0.8430579191198201, 0.9937232951714798, 0.9373471739041999, 0.6324558256082001, 0.715822508458, 0.96790809018314, 0.6410225228695801, 0.71319277606929, 0.9483992335004899, 0.9198096212352], "sol": [0.0, 1.0, 1.0, 0.0, 0.0, 1.0, 0.0, 0.0, 1.0, 1.0], "coverage": [0.849453125, 1.0, 1.0, 0.6564019097222222, 0.7448263888888889, 1.0, 0.6629079861111111, 0.7158810763888889, 1.0, 1.0], "coverage_estimated_first_order_diff": [0.7476840068910032, -0.052941556538050105, 0.12274757084697185, 0.5970497889015114, 0.5806815679444659, -0.23960785307656463, 0.4697157689343596, 0.39205544057250197, -0.3345884708450857, -0.17547893948143245], "coverage_estimated_second_order_diff": [-0.006395205880179944, -0.006276704828520163, -0.06265282609580014, -0.023946084114022104, -0.029003880430888862, -0.032091909816860054, -0.021885463241531067, -0.0026883003195988797, -0.051600766499510065, -0.08019037876479995]}