{"coverage_estimated_first_order": [1.2999957538789548, 1.151962585106805, 0.904926416437668, 0.9304788486496565, 1.4530881996797402, 1.4625147009944885, 0.723525977555453, 1.1083453397525553, 0.6658654019377122, 0.8585573881206425], "coverage_estimated_second_order": [0.7021421239072401, 0.5930553895605999, 0.9198302993049998, 0.9833414552058002, 0.7871480704993999, 0.8259513891828001, 0.9902034001693, 0.7128185424677801, 0.9469348439665599, 0.9348231503676001], "sol": [0.0, 0.0, 1.0, 1.0, 0.0, 0.0, 1.0, 0.0, 1.0, 1.0], "coverage": [0.7169965277777778, 0.6047569444444445, 1.0, 1.0, 0.8009418402777778, 0.8382769097222222, 1.0, 0.7160460069444444, 1.0, 1.0], "coverage_estimated_first_order_diff": [0.582999226101177, 0.5472056406623604, -0.09507358356233198, -0.06952115135034354, 0.6521463594019624, 0.6242377912722663, -0.276474022444547, 0.3922993328081109, -0.33413459806228785, -0.14144261187935747], "coverage_estimated_second_order_diff": [-0.014854403870537713, -0.011701554883844612, -0.08016970069500018, -0.016658544794199814, -0.013793769778377873, -0.012325520539422152, -0.009796599830700026, -0.0032274644766643323, -0.053065156033440086, -0.06517684963239989]}