{"coverage_estimated_first_order": [0.8328824035907603, 0.7350025437431327, 0.405945379089818, 0.6742896959647355, 0.7602022494179512, 0.9062574819086077, 0.3134627435258859, 0.7604068388498598, 0.30216967490627245, 0.6497049059980289], "coverage_estimated_second_order": [0.60231133983504, 0.48234539894639994, 0.992939653306, 0.3193794211006, 0.42623738917180004, 0.6529584085455999, 0.9834863469191, 0.61635041303967, 1.0060309605673599, 0.39253350662840003], "sol": [0.0, 0.0, 1.0, 0.0, 0.0, 0.0, 1.0, 0.0, 1.0, 0.0], "coverage": [0.6153342013888888, 0.49438368055555554, 1.0, 0.32703125, 0.4352170138888889, 0.6622873263888889, 1.0, 0.6137673611111111, 1.0, 0.3910503472222222], "coverage_estimated_first_order_diff": [0.21754820220187143, 0.24061886318757714, -0.594054620910182, 0.34725844596473554, 0.32498523552906233, 0.2439701555197188, -0.6865372564741141, 0.14663947773874875, -0.6978303250937276, 0.2586545587758067], "coverage_estimated_second_order_diff": [-0.013022861553848797, -0.012038281609155599, -0.007060346694000019, -0.007651828899399971, -0.008979624717088852, -0.00932891784328893, -0.016513653080900026, 0.0025830519285588993, 0.006030960567359855, 0.0014831594061778253]}