{"coverage_estimated_first_order": [0.3372744896372582, 0.8390165163000266, 0.9146383063564469, 0.6044709940738392, 0.5797447684524225, 0.5520905537794241, 0.46331486652293197, 0.6314834097045696, 0.647977463351721, 0.7125123336252039], "coverage_estimated_second_order": [0.98152608482264, 0.6477424983233402, 0.7220009636902, 0.15043941136498, 0.054910778205349994, 0.02452071385811, 0.020985344734439998, 1.0077445939285201, 1.00696701864434, 0.480916670248], "sol": [1.0, 0.0, 0.0, 0.0, 0.0, 0.0, 0.0, 1.0, 1.0, 0.0], "coverage": [1.0, 0.6628645833333333, 0.7323697916666667, 0.1381640625, 0.03553385416666666, 0.004184027777777778, 0.0034071180555555556, 1.0, 1.0, 0.47758246527777776], "coverage_estimated_first_order_diff": [-0.6627255103627419, 0.1761519329666933, 0.18226851468978023, 0.4663069315738392, 0.5442109142857559, 0.5479065260016462, 0.4599077484673764, -0.3685165902954304, -0.352022536648279, 0.23492986834742619], "coverage_estimated_second_order_diff": [-0.018473915177359967, -0.015122085009993125, -0.010368827976466766, 0.012275348864980024, 0.01937692403868333, 0.02033668608033222, 0.017578226678884444, 0.007744593928520116, 0.006967018644340017, 0.003334204970222243]}