{"coverage_estimated_first_order": [1.0714235609344895, 1.449761855103458, 1.2100544546321124, 1.074121461006599, 0.9748532023989505, 0.9291181198783572, 0.7796241263222448, 0.9935789554533161, 1.0703370123376457, 0.9704882365142167], "coverage_estimated_second_order": [0.95156575047164, 0.70687981255014, 0.8674246104401999, 0.26690329436718, 0.09722893120555, 0.051295330538330006, 0.04377568626021999, 0.9113235874685102, 0.86659972715894, 0.7995943089480001], "sol": [1.0, 0.0, 1.0, 0.0, 0.0, 0.0, 0.0, 1.0, 1.0, 1.0], "coverage": [1.0, 0.7114236111111111, 1.0, 0.2554513888888889, 0.07764756944444444, 0.03025173611111111, 0.025846354166666665, 1.0, 1.0, 1.0], "coverage_estimated_first_order_diff": [0.07142356093448954, 0.7383382439923468, 0.21005445463211236, 0.81867007211771, 0.8972056329545061, 0.8988663837672461, 0.7537777721555781, -0.006421044546683907, 0.07033701233764567, -0.029511763485783327], "coverage_estimated_second_order_diff": [-0.04843424952835995, -0.004543798560971091, -0.13257538955980008, 0.011451905478291113, 0.01958136176110556, 0.021043594427218894, 0.017929332093553327, -0.08867641253148983, -0.13340027284106004, -0.2004056910519999]}