{"coverage_estimated_first_order": [0.6728109333407812, 1.1796963325967644, 1.267144982718688, 1.2497541480045908, 1.4673015896981474, 1.0849209391757784, 0.9665383395032444, 0.8603811642886574, 0.8917238618189036, 0.9875569167626672], "coverage_estimated_second_order": [0.97562759768936, 0.6760237141765, 0.7323316869607999, 0.56907305855458, 0.7194460457342501, 1.01603511996051, 1.02229767805784, 1.0029784913197, 1.0014731452128, 0.48793800949199995], "sol": [1.0, 0.0, 0.0, 0.0, 0.0, 1.0, 1.0, 1.0, 1.0, 0.0], "coverage": [1.0, 0.6981510416666666, 0.7542795138888889, 0.5680208333333333, 0.7014887152777778, 1.0, 1.0, 1.0, 1.0, 0.49365451388888887], "coverage_estimated_first_order_diff": [-0.32718906665921876, 0.4815452909300978, 0.5128654688297991, 0.6817333146712575, 0.7658128744203696, 0.08492093917577836, -0.033461660496755585, -0.1396188357113426, -0.10827613818109638, 0.49390240287377835], "coverage_estimated_second_order_diff": [-0.024372402310639973, -0.02212732749016666, -0.021947826928089054, 0.0010522252212467054, 0.017957330456472298, 0.01603511996050999, 0.02229767805784011, 0.0029784913196999607, 0.0014731452128000644, -0.005716504396888922]}