{"coverage_estimated_first_order": [0.5638760395931021, 1.0594421187882552, 1.06391894906819, 0.7026045438981361, 1.2607724495948633, 1.2691351658742387, 0.5611128553532533, 0.34269555099008736, 0.8914833163035087, 0.804021457941593], "coverage_estimated_second_order": [0.9953978212037, 0.6969197817944, 0.6631261217286, 1.0253301227166, 0.81768845402364, 0.8498938023649701, 1.01593393945414, 0.9963340422309899, 0.6079043943532398, 0.4570706396112], "sol": [1.0, 0.0, 0.0, 1.0, 0.0, 0.0, 1.0, 1.0, 0.0, 0.0], "coverage": [1.0, 0.7036111111111111, 0.6700868055555556, 1.0, 0.8024262152777778, 0.835546875, 1.0, 1.0, 0.6083463541666667, 0.4635373263888889], "coverage_estimated_first_order_diff": [-0.43612396040689794, 0.35583100767714415, 0.3938321435126344, -0.2973954561018639, 0.45834623431708554, 0.43358829087423867, -0.4388871446467467, -0.6573044490099127, 0.28313696213684203, 0.3404841315527041], "coverage_estimated_second_order_diff": [-0.004602178796299983, -0.006691329316711125, -0.006960683826955583, 0.025330122716600068, 0.015262238745862189, 0.014346927364970119, 0.01593393945414001, -0.003665957769010131, -0.0004419598134268732, -0.0064666867776889125]}