{"coverage_estimated_first_order": [0.7484803558223738, 0.7456456830452834, 0.7866427871287659, 0.9456348421745748, 1.0579797657332124, 1.5909799930998076, 0.7508976194094781, 0.860481487456328, 0.36519825085505786, 0.7472815556239893], "coverage_estimated_second_order": [0.15275684490177, 0.17517002968835998, 0.19821229631619997, 0.8987491766344, 0.9166691738792, 0.8206338054452001, 0.9001676714475, 0.60058139329431, 0.9935003823316401, 0.3471405021994], "sol": [0.0, 0.0, 0.0, 1.0, 1.0, 0.0, 1.0, 0.0, 1.0, 0.0], "coverage": [0.1465625, 0.16792534722222222, 0.20124565972222222, 1.0, 1.0, 0.9040104166666667, 1.0, 0.6020833333333333, 1.0, 0.3512239583333333], "coverage_estimated_first_order_diff": [0.6019178558223738, 0.5777203358230613, 0.5853971274065437, -0.05436515782542517, 0.057979765733212396, 0.6869695764331409, -0.24910238059052192, 0.2583981541229947, -0.6348017491449421, 0.39605759729065604], "coverage_estimated_second_order_diff": [0.0061943449017699825, 0.0072446824661377696, -0.0030333634060222547, -0.10125082336559998, -0.0833308261208, -0.08337661122146656, -0.09983232855250002, -0.001501940039023264, -0.006499617668359936, -0.004083456133933294]}