{"coverage_estimated_first_order": [0.5181701169441733, 0.5451082530386478, 0.529639195329004, 1.13008961438843, 0.8875568212457249, 1.038323243600607, 0.8469043746336504, 0.343129448036607, 0.3654387963704527, 0.4217446535298227], "coverage_estimated_second_order": [0.04317682869766999, 0.10684611558669999, 0.0357619693676, 0.549399525572, 0.79359498921, 0.7960560295400001, 0.78085676948, 0.004414872638, 0.006756706168199999, 0.0418116758742], "sol": [0.0, 0.0, 0.0, 0.0, 1.0, 1.0, 1.0, 0.0, 0.0, 0.0], "coverage": [0.032387152777777775, 0.09760416666666667, 0.026692708333333332, 0.6280034722222222, 1.0, 1.0, 1.0, 0.002690972222222222, 0.004292534722222222, 0.03672309027777778], "coverage_estimated_first_order_diff": [0.4857829641663955, 0.4475040863719812, 0.5029464869956707, 0.5020861421662078, -0.11244317875427512, 0.038323243600606904, -0.15309562536634957, 0.3404384758143848, 0.36114626164823044, 0.38502156325204495], "coverage_estimated_second_order_diff": [0.010789675919892217, 0.009241948920033313, 0.009069261034266664, -0.07860394665022219, -0.20640501078999995, -0.2039439704599999, -0.21914323051999995, 0.001723900415777778, 0.0024641714459777775, 0.005088585596422217]}