{"coverage_estimated_first_order": [0.6632598372778205, 1.092831594320442, 0.6748786904602995, 0.7348511082806659, 0.7747178901057024, 0.905890676143882, 0.3127683252276932, 0.35685259583613826, 0.4253666065695827, 0.5997098476395951], "coverage_estimated_second_order": [1.0424586641822, 0.7568922509043999, 1.0443898648676, 0.39509620139400004, 0.45498436828160005, 0.6531082490659, 0.98357109769186, 0.032916694546349996, 0.11149785762604002, 0.3104206853568], "sol": [1.0, 0.0, 1.0, 0.0, 0.0, 0.0, 1.0, 0.0, 0.0, 0.0], "coverage": [1.0, 0.7194791666666667, 1.0, 0.3950998263888889, 0.4660763888888889, 0.6626041666666667, 1.0, 0.03275607638888889, 0.11170138888888889, 0.3006814236111111], "coverage_estimated_first_order_diff": [-0.33674016272217955, 0.3733524276537754, -0.32512130953970053, 0.339751281891777, 0.30864150121681344, 0.2432865094772153, -0.6872316747723068, 0.3240965194472494, 0.3136652176806938, 0.299028424028484], "coverage_estimated_second_order_diff": [0.04245866418220001, 0.03741308423773326, 0.04438986486759999, -3.6249948888733563e-06, -0.011092020607288866, -0.009495917600766624, -0.01642890230813998, 0.0001606181574611079, -0.00020353126284887446, 0.009739261745688899]}