{"coverage_estimated_first_order": [1.254289831230026, 1.1514868802038598, 0.8793395899651113, 1.5016065314968932, 1.0934654089322127, 1.066741685703556, 1.3179229988958727, 1.1082036270684859, 0.6658776383834953, 0.7970639142250602], "coverage_estimated_second_order": [0.67571824239076, 0.60229414304054, 0.9188538845809999, 0.7776335536865999, 1.0104051031414, 1.0114275978996001, 0.6750887432761, 0.7122467216853101, 0.94596381856534, 0.9390837169624], "sol": [0.0, 0.0, 1.0, 0.0, 1.0, 1.0, 0.0, 0.0, 1.0, 1.0], "coverage": [0.6879123263888889, 0.6142100694444445, 1.0, 0.7754644097222222, 1.0, 1.0, 0.6665928819444444, 0.7158940972222222, 1.0, 1.0], "coverage_estimated_first_order_diff": [0.566377504841137, 0.5372768107594154, -0.1206604100348887, 0.726142121774671, 0.09346540893221267, 0.0667416857035561, 0.6513301169514283, 0.39230952984626366, -0.33412236161650466, -0.20293608577493982], "coverage_estimated_second_order_diff": [-0.012194083998128935, -0.011915926403904487, -0.08114611541900008, 0.002169143964377729, 0.010405103141400085, 0.011427597899600128, 0.008495861331655585, -0.0036473755369120786, -0.05403618143466005, -0.060916283037599994]}