{"coverage_estimated_first_order": [0.6951035402145676, 0.16039582190757237, 0.6506553125737536, 0.41799904353081885, 0.42051859019652804, 0.3833645808245022, 0.3130910222658455, 0.6314834097045696, 0.12122628867468906, 0.4286933971434873], "coverage_estimated_second_order": [0.6537369720871999, 0.9832708160438, 0.5835027836032001, 0.138882160872, 0.09979282784599999, 0.04784216783234001, 0.024129104966099997, 0.60129339949458, 0.99566319780555, 0.3042749309336], "sol": [0.0, 1.0, 0.0, 0.0, 0.0, 0.0, 0.0, 0.0, 1.0, 0.0], "coverage": [0.6678993055555555, 1.0, 0.5947005208333334, 0.13230034722222223, 0.08892795138888888, 0.03578993055555556, 0.012894965277777778, 0.6015190972222222, 1.0, 0.30918402777777776], "coverage_estimated_first_order_diff": [0.027204234659012005, -0.8396041780924276, 0.055954791740420284, 0.2856986963085966, 0.33159063880763917, 0.3475746502689466, 0.3001960569880677, 0.029964312482347433, -0.8787737113253109, 0.11950936936570955], "coverage_estimated_second_order_diff": [-0.014162333468355603, -0.016729183956200044, -0.011197737230133287, 0.006581813649777779, 0.010864876457111108, 0.01205223727678445, 0.01123413968832222, -0.0002256977276421379, -0.004336802194449985, -0.004909096844177785]}