{"coverage_estimated_first_order": [0.46711335028819456, 0.4169600413636724, 0.4989810373478501, 0.2561891526849209, 0.6928859502617891, 0.5562572190858809, 0.4100632340295672, 0.3479385009026955, 0.36369572703143976, 0.20885248212261373], "coverage_estimated_second_order": [0.26398246458999997, 0.21096091958879998, 0.315523089214, 0.98487096181, 0.6056244271489999, 0.4162902012358, 0.2514484102204, 0.19712572712114002, 0.2128004530535, 0.998195953642], "sol": [0.0, 0.0, 0.0, 1.0, 0.0, 0.0, 0.0, 0.0, 0.0, 1.0], "coverage": [0.26644965277777777, 0.21504774305555555, 0.3172439236111111, 1.0, 0.6130642361111112, 0.42522569444444447, 0.25784288194444444, 0.19937065972222223, 0.2157204861111111, 1.0], "coverage_estimated_first_order_diff": [0.2006636975104168, 0.20191229830811683, 0.181737113736739, -0.7438108473150791, 0.07982171415067796, 0.13103152464143641, 0.15222035208512275, 0.14856784118047328, 0.14797524092032865, -0.7911475178773862], "coverage_estimated_second_order_diff": [-0.0024671881877778024, -0.004086823466755568, -0.0017208343971110707, -0.01512903819, -0.007439808962111272, -0.008935493208644452, -0.006394471724044448, -0.002244932601082217, -0.002920033057611099, -0.0018040463580000221]}