{"coverage_estimated_first_order": [1.1162783707989472, 1.0839502816480273, 1.6222521039117939, 1.4009034849356485, 0.8245683885590533, 1.2605336256514497, 0.9683427508202367, 1.093427412836558, 0.6082261992938033, 0.7799345896350334], "coverage_estimated_second_order": [0.9628512874303401, 0.9640019418097598, 0.8376770060834, 0.7748762046554, 0.96335552207815, 0.6505883557872401, 0.41508465148487994, 0.7202824756117749, 1.0053936704095299, 0.9565794848133999], "sol": [1.0, 1.0, 0.0, 0.0, 1.0, 0.0, 0.0, 0.0, 1.0, 1.0], "coverage": [1.0, 1.0, 0.8412586805555555, 0.7970703125, 1.0, 0.6737717013888889, 0.43594618055555556, 0.7137413194444444, 1.0, 1.0], "coverage_estimated_first_order_diff": [0.1162783707989472, 0.08395028164802731, 0.7809934233562383, 0.6038331724356485, -0.17543161144094666, 0.5867619242625608, 0.5323965702646811, 0.37968609339211357, -0.3917738007061967, -0.22006541036496663], "coverage_estimated_second_order_diff": [-0.0371487125696599, -0.035998058190240156, -0.003581674472155516, -0.022194107844600075, -0.036644477921849994, -0.023183345601648808, -0.020861529070675622, 0.006541156167330531, 0.0053936704095298715, -0.04342051518660006]}