{"coverage_estimated_first_order": [0.8328824035907603, 0.730635832104913, 0.4155901822608355, 0.5760234800594479, 0.570803404036425, 0.5574419332556624, 0.46805329942119167, 0.6458666457738467, 0.7050294996218014, 0.76594711441503], "coverage_estimated_second_order": [0.60231133983504, 0.47352767402973994, 0.9795702531316001, 0.10216076048718002, 0.04193943268976, 0.03977838360576, 0.03464795879376, 0.9977967673859001, 1.002645442994, 0.488911501576], "sol": [0.0, 0.0, 1.0, 0.0, 0.0, 0.0, 0.0, 1.0, 1.0, 0.0], "coverage": [0.6153342013888888, 0.4843706597222222, 1.0, 0.09022135416666667, 0.024869791666666665, 0.024166666666666666, 0.021245659722222223, 1.0, 1.0, 0.4887109375], "coverage_estimated_first_order_diff": [0.21754820220187143, 0.2462651723826908, -0.5844098177391646, 0.48580212589278127, 0.5459336123697583, 0.5332752665889957, 0.44680763969896947, -0.35413335422615333, -0.2949705003781986, 0.27723617691503005], "coverage_estimated_second_order_diff": [-0.013022861553848797, -0.010842985692482265, -0.020429746868399934, 0.011939406320513352, 0.017069641023093333, 0.015611716939093332, 0.013402299071537779, -0.002203232614099937, 0.0026454429939999358, 0.00020056407599999826]}