{"coverage_estimated_first_order": [0.8461261075733569, 1.3084147802675057, 0.8528567530599275, 1.3059787911279026, 0.9069229342405751, 0.87855314895178, 1.1596726998613436, 0.47090165772071907, 0.5469639889942718, 0.7470688558666265], "coverage_estimated_second_order": [1.0375464390586, 0.8192949520445, 1.0272065309608, 0.765133894571, 1.0395666625094, 1.0387057632013001, 0.69461090454206, 0.03250805475363, 0.11058953017784, 0.32196217952539996], "sol": [1.0, 0.0, 1.0, 0.0, 1.0, 1.0, 0.0, 0.0, 0.0, 0.0], "coverage": [1.0, 0.7846961805555556, 1.0, 0.7320399305555556, 1.0, 1.0, 0.6652560763888888, 0.03253038194444444, 0.1116015625, 0.3188975694444444], "coverage_estimated_first_order_diff": [-0.15387389242664307, 0.5237185997119501, -0.14714324694007253, 0.573938860572347, -0.09307706575942487, -0.12144685104821995, 0.49441662347245474, 0.4383712757762746, 0.4353624264942718, 0.4281712864221821], "coverage_estimated_second_order_diff": [0.0375464390586, 0.03459877148894441, 0.027206530960800057, 0.0330939640154444, 0.0395666625094, 0.03870576320130015, 0.029354828153171142, -2.2327190814443176e-05, -0.001012032322160003, 0.003064610080955543]}