{"coverage_estimated_first_order": [0.9263338406008426, 0.9020385138216639, 1.0648149595008167, 1.4693599671143631, 1.0876921335389729, 1.0615506873350822, 1.313760175728202, 0.9798558076537848, 1.0104092021385156, 0.7925230424044443], "coverage_estimated_second_order": [0.18813094633627, 0.19194047149812, 0.28962858056599994, 0.74351947139278, 1.0238500616330601, 1.02495500003976, 0.6854196497955599, 0.9406698781779301, 0.9426063651489398, 0.9306593026532], "sol": [0.0, 0.0, 0.0, 0.0, 1.0, 1.0, 0.0, 1.0, 1.0, 1.0], "coverage": [0.18785590277777778, 0.18890625, 0.2972916666666667, 0.7249001736111111, 1.0, 1.0, 0.6664670138888888, 1.0, 1.0, 1.0], "coverage_estimated_first_order_diff": [0.7384779378230648, 0.713132263821664, 0.76752329283415, 0.744459793503252, 0.08769213353897287, 0.06155068733508218, 0.6472931618393132, -0.02014419234621523, 0.010409202138515594, -0.20747695759555573], "coverage_estimated_second_order_diff": [0.0002750435584922273, 0.0030342214981199933, -0.007663086100666738, 0.01861929778166882, 0.023850061633060138, 0.024955000039760034, 0.018952635906671067, -0.05933012182206987, -0.05739363485106019, -0.06934069734680004]}