{"coverage_estimated_first_order": [0.687560086202227, 1.2082074865877284, 1.2676013916878983, 1.3687584203021144, 0.9574206570078485, 1.5904137973800307, 0.80699576817627, 0.8602552962331018, 0.891590568227873, 0.9964052266689591], "coverage_estimated_second_order": [0.9790654401662999, 0.71255073855506, 0.7325232503841999, 0.73469145447078, 1.01686146089955, 0.9179925346595101, 1.02225845327104, 1.00327858331617, 1.0017150508108998, 0.5035675192056], "sol": [1.0, 0.0, 0.0, 0.0, 1.0, 0.0, 1.0, 1.0, 1.0, 0.0], "coverage": [1.0, 0.7332465277777778, 0.7541840277777778, 0.7313324652777777, 1.0, 0.8980251736111111, 1.0, 1.0, 1.0, 0.5100520833333333], "coverage_estimated_first_order_diff": [-0.31243991379777303, 0.4749609588099506, 0.5134173639101205, 0.6374259550243366, -0.04257934299215149, 0.6923886237689196, -0.19300423182373005, -0.13974470376689818, -0.10840943177212703, 0.48635314333562585], "coverage_estimated_second_order_diff": [-0.020934559833700073, -0.020695789222717753, -0.021660777393577968, 0.0033589891930022597, 0.016861460899550096, 0.019967361048399024, 0.022258453271039924, 0.003278583316169925, 0.001715050810899843, -0.00648456412773335]}