{"coverage_estimated_first_order": [1.130373187566015, 0.9915667631992326, 0.6748116037125381, 0.7491314327033567, 1.2646121573843545, 1.2782934395941183, 0.5688166130925436, 0.5908265133934097, 0.6658654019377122, 0.6040212076630221], "coverage_estimated_second_order": [0.7113173652488001, 0.5986285678815999, 0.9902452155888, 0.9990341532794002, 0.8008769504158, 0.8392610699024, 1.0026375129088, 0.20454383612993002, 0.24739753349616, 0.9965229176299999], "sol": [0.0, 0.0, 1.0, 1.0, 0.0, 0.0, 1.0, 0.0, 0.0, 1.0], "coverage": [0.7169965277777778, 0.6047569444444445, 1.0, 1.0, 0.8009027777777777, 0.838203125, 1.0, 0.20453993055555555, 0.2436328125, 1.0], "coverage_estimated_first_order_diff": [0.41337665978823723, 0.38680981875478815, -0.3251883962874619, -0.2508685672966433, 0.46370937960657677, 0.4400903145941183, -0.4311833869074564, 0.3862865828378542, 0.42223258943771214, -0.39597879233697786], "coverage_estimated_second_order_diff": [-0.00567916252897771, -0.006128376562844595, -0.009754784411200035, -0.00096584672059985, -2.5827361977759367e-05, 0.0010579449023999654, 0.0026375129088000993, 3.90557437446315e-06, 0.0037647209961600148, -0.0034770823700001063]}