{"coverage_estimated_first_order": [0.6652304802664418, 0.5702400101973406, 0.23011481272512993, 0.3948087301941388, 0.3825263608625252, 0.37342709651225325, 0.3134627435258859, 0.6458666457738467, 0.18024896793339065, 0.5125120833466332], "coverage_estimated_second_order": [0.6035854120442, 0.47408115750359997, 0.992581797502, 0.09759791089360001, 0.036469721571, 0.0345870171784, 0.029954929329500002, 0.6165386143699, 1.007623907458, 0.38900654025], "sol": [0.0, 0.0, 1.0, 0.0, 0.0, 0.0, 0.0, 0.0, 1.0, 0.0], "coverage": [0.6153342013888888, 0.4843706597222222, 1.0, 0.09000434027777778, 0.024622395833333335, 0.023810763888888888, 0.020737847222222223, 0.6132595486111111, 1.0, 0.3864453125], "coverage_estimated_first_order_diff": [0.04989627887755299, 0.0858693504751184, -0.7698851872748701, 0.30480438991636105, 0.3579039650291919, 0.3496163326233644, 0.29272489630366366, 0.03260709716273558, -0.8197510320666094, 0.1260667708466332], "coverage_estimated_second_order_diff": [-0.011748789344688815, -0.010289502218622237, -0.0074182024979999595, 0.007593570615822234, 0.011847325737666666, 0.010776253289511113, 0.009217082107277778, 0.0032790657587888905, 0.007623907458000012, 0.0025612277499999503]}