{"coverage_estimated_first_order": [0.4064256777229339, 0.37681843326460923, 0.4720922582732182, 0.6219913408450759, 0.7109390480696873, 0.18782173098705027, 0.6607793537166489, 0.34810528784212, 0.3639362725468346, 0.13785176048606756], "coverage_estimated_second_order": [0.15526590710020002, 0.126747879738, 0.26464854848639996, 0.530789395663, 0.6678009106262001, 0.9809879570546, 0.6487877477928, 0.19750568888048, 0.2132401621249, 0.9922534140297999], "sol": [0.0, 0.0, 0.0, 0.0, 0.0, 1.0, 0.0, 0.0, 0.0, 1.0], "coverage": [0.15580729166666665, 0.12658854166666667, 0.26619791666666665, 0.5403211805555556, 0.6807161458333333, 1.0, 0.659375, 0.1998220486111111, 0.21611979166666667, 1.0], "coverage_estimated_first_order_diff": [0.2506183860562673, 0.25022989159794257, 0.20589434160655157, 0.08167016028952034, 0.030222902236354043, -0.8121782690129498, 0.0014043537166488207, 0.14828323923100892, 0.1478164808801679, -0.8621482395139324], "coverage_estimated_second_order_diff": [-0.0005413845664666295, 0.000159338071333337, -0.0015493681802666859, -0.009531784892555573, -0.012915235207133224, -0.019012042945400043, -0.010587252207200026, -0.0023163597306311012, -0.0028796295417666817, -0.0077465859702000595]}