{"coverage_estimated_first_order": [0.5181701169441734, 1.05896641388531, 1.038332122595633, 1.2737322267453728, 0.9011496588473356, 0.8733621505833062, 1.1555098766936729, 0.34255383830601793, 0.8914955527492919, 0.7425279840460106], "coverage_estimated_second_order": [0.9816703733240698, 0.7233906565065399, 0.6525290379198001, 0.7616447041488, 1.04801125691214, 1.04649005860057, 0.70016157908334, 0.99616676489744, 0.60761647243798, 0.3773320584152], "sol": [1.0, 0.0, 0.0, 0.0, 1.0, 1.0, 0.0, 1.0, 0.0, 0.0], "coverage": [1.0, 0.7380946180555555, 0.6696875, 0.7304470486111111, 1.0, 1.0, 0.6644053819444444, 1.0, 0.6082421875, 0.38752604166666665], "coverage_estimated_first_order_diff": [-0.48182988305582664, 0.32087179582975456, 0.368644622595633, 0.5432851781342617, -0.09885034115266444, -0.12663784941669376, 0.49110449474922846, -0.6574461616939821, 0.2832533652492919, 0.35500194237934396], "coverage_estimated_second_order_diff": [-0.01832962667593019, -0.014703961549015654, -0.017158462080199888, 0.03119765553768894, 0.04801125691214003, 0.046490058600570094, 0.03575619713889555, -0.003833235102559951, -0.0006257150620200269, -0.010193983251466643]}