{"coverage_estimated_first_order": [1.4192836471125347, 0.7862989010473498, 0.8542202016459385, 0.6314603577786578, 1.106396743646068, 0.9410059040352158, 0.7243517546220528, 0.8740220036879209, 0.4230604025869857, 0.8955217821551138], "coverage_estimated_second_order": [0.8728712785354, 1.0130946237572, 1.015108309453, 0.9671785186524, 0.6382028273265999, 0.43102974017174006, 0.2552195382075, 0.61492834371469, 1.00401737648437, 0.5287875475621999], "sol": [0.0, 1.0, 1.0, 1.0, 0.0, 0.0, 0.0, 0.0, 1.0, 0.0], "coverage": [0.8608940972222222, 1.0, 1.0, 1.0, 0.6449826388888888, 0.44178819444444445, 0.2634592013888889, 0.6134765625, 1.0, 0.5234375], "coverage_estimated_first_order_diff": [0.5583895498903125, -0.21370109895265021, -0.14577979835406152, -0.36853964222134217, 0.46141410475717914, 0.49921770959077133, 0.4608925532331639, 0.2605454411879209, -0.5769395974130143, 0.3720842821551138], "coverage_estimated_second_order_diff": [0.01197718131317782, 0.013094623757200052, 0.015108309453000013, -0.03282148134759999, -0.006779811562288907, -0.010758454272704387, -0.008239663181388912, 0.0014517812146899178, 0.004017376484370061, 0.005350047562199922]}