{"coverage_estimated_first_order": [1.5392590047993029, 0.9505857296901965, 0.9598244983486452, 1.4819363403155006, 1.1242508423324804, 1.0778568494836764, 1.318629967394869, 0.47090165772071907, 1.0697738776940615, 0.9701199815217034], "coverage_estimated_second_order": [0.8754666723028699, 1.0137619647345402, 1.0133434477912, 0.72961034114, 1.0119952850497003, 1.0103200772576202, 0.6831826583777, 0.9981502925865099, 0.69012337259162, 0.47576612944700003], "sol": [0.0, 1.0, 1.0, 0.0, 1.0, 1.0, 0.0, 1.0, 0.0, 0.0], "coverage": [0.8519357638888889, 1.0, 1.0, 0.7198394097222223, 1.0, 1.0, 0.6683463541666667, 1.0, 0.6927039930555555, 0.48413194444444446], "coverage_estimated_first_order_diff": [0.687323240910414, -0.0494142703098035, -0.04017550165135475, 0.7620969305932783, 0.1242508423324804, 0.07785684948367644, 0.6502836132282023, -0.529098342279281, 0.377069884638506, 0.48598803707725896], "coverage_estimated_second_order_diff": [0.023530908413980978, 0.013761964734540166, 0.013343447791200003, 0.00977093141777774, 0.011995285049700266, 0.010320077257620186, 0.014836304211033324, -0.0018497074134901093, -0.002580620463935479, -0.008365814997444432]}