{"coverage_estimated_first_order": [1.0155160768314107, 1.4576558529699242, 1.0821260221521927, 1.4010049846846442, 0.9631939324010882, 1.5956047957485047, 0.8111585913439405, 0.988603115647803, 0.5470590044728528, 1.000946098489575], "coverage_estimated_second_order": [1.02631202441937, 0.8040936462127599, 1.0222374557001999, 0.7373718500062, 1.00931819511615, 0.91171277636908, 1.0153428803331, 0.61365332489068, 0.9978394313111199, 0.4502747336098], "sol": [1.0, 0.0, 1.0, 0.0, 1.0, 0.0, 1.0, 0.0, 1.0, 0.0], "coverage": [1.0, 0.7798480902777778, 1.0, 0.7330121527777778, 1.0, 0.8989539930555556, 1.0, 0.6137760416666667, 1.0, 0.45088541666666665], "coverage_estimated_first_order_diff": [0.015516076831410652, 0.6778077626921464, 0.08212602215219267, 0.6679928319068664, -0.03680606759891181, 0.6966508026929491, -0.18884140865605947, 0.37482707398113635, -0.45294099552714717, 0.5500606818229083], "coverage_estimated_second_order_diff": [0.026312024419369973, 0.02424555593498212, 0.02223745570019986, 0.004359697228422221, 0.009318195116150063, 0.012758783313524424, 0.01534288033309994, -0.000122716775986631, -0.002160568688880149, -0.0006106830568666233]}