{"coverage_estimated_first_order": [0.16765192332431839, 0.6829874060306738, 0.6748786904602995, 0.5213897940328269, 0.5806675715385629, 0.716684841031999, 0.15401494616471675, 0.22850477642143713, 0.24511763863619207, 0.3417339447505824], "coverage_estimated_second_order": [0.9827336901632, 0.6581258205276, 0.62089378279, 0.37639492932380003, 0.4481639258678, 0.6464940717001, 0.9812907073671, 0.00339959506932, 0.009404499341280001, 0.16424096575119998], "sol": [1.0, 0.0, 0.0, 0.0, 0.0, 0.0, 1.0, 0.0, 0.0, 0.0], "coverage": [1.0, 0.6728776041666666, 0.6347005208333333, 0.39005208333333335, 0.46128038194444443, 0.6576258680555556, 1.0, 0.0020833333333333333, 0.007916666666666667, 0.16902777777777778], "coverage_estimated_first_order_diff": [-0.8323480766756817, 0.010109801864007117, 0.04017816962696619, 0.13133771069949357, 0.11938718959411843, 0.05905897297644347, -0.8459850538352832, 0.2264214430881038, 0.23720097196952541, 0.1727061669728046], "coverage_estimated_second_order_diff": [-0.017266309836799998, -0.014751783639066596, -0.013806738043333322, -0.013657154009533323, -0.013116456076644412, -0.011131796355455581, -0.0187092926329, 0.0013162617359866666, 0.0014878326746133336, -0.004786812026577797]}