{"coverage_estimated_first_order": [1.0915602535382374, 0.5523719955085274, 1.0308963116434915, 0.7838012316909738, 1.4222273577692275, 0.7518000689233328, 1.0688218485393888, 0.8600317457812946, 0.3646371261478958, 0.7753976397521687], "coverage_estimated_second_order": [0.7019867990044201, 0.98943132828348, 0.6270593506487999, 1.0326801560748002, 0.9146482084668, 1.02091908851234, 0.6885960833911, 0.60097776808049, 0.99442716501741, 0.4246239738306], "sol": [0.0, 1.0, 0.0, 1.0, 0.0, 1.0, 0.0, 0.0, 1.0, 0.0], "coverage": [0.70859375, 1.0, 0.6377256944444445, 1.0, 0.8887109375, 1.0, 0.6719878472222223, 0.6019357638888889, 1.0, 0.43328993055555554], "coverage_estimated_first_order_diff": [0.38296650353823736, -0.44762800449147255, 0.393170617199047, -0.21619876830902618, 0.5335164202692275, -0.24819993107666716, 0.3968340013171665, 0.2580959818924057, -0.6353628738521042, 0.34210770919661315], "coverage_estimated_second_order_diff": [-0.006606950995579952, -0.010568671716519984, -0.010666343795644573, 0.03268015607480024, 0.025937270966799986, 0.020919088512340034, 0.016608236168877744, -0.0009579958083989482, -0.00557283498258998, -0.008665956724955515]}