{"coverage_estimated_first_order": [0.5031883670278414, 1.0193005106891921, 1.037030169993558, 1.068406732058291, 1.2788255474027617, 0.9006996777754082, 0.811828975040335, 0.3428623379295119, 0.8917238618189036, 0.7330207363050467], "coverage_estimated_second_order": [0.97813548022286, 0.67916141267928, 0.6524248243886, 0.5797448051554001, 0.73176106573814, 1.02862594389257, 1.03408589323654, 0.9961322661779, 0.6079496824844, 0.36220462583619994], "sol": [1.0, 0.0, 0.0, 0.0, 0.0, 1.0, 1.0, 1.0, 0.0, 0.0], "coverage": [1.0, 0.6981510416666666, 0.6699565972222222, 0.5678342013888888, 0.701328125, 1.0, 1.0, 1.0, 0.6085677083333333, 0.3716796875], "coverage_estimated_first_order_diff": [-0.4968116329721586, 0.3211494690225255, 0.3670735727713358, 0.5005725306694022, 0.5774974224027617, -0.09930032222459184, -0.18817102495966498, -0.6571376620704881, 0.2831561534855703, 0.3613410488050467], "coverage_estimated_second_order_diff": [-0.02186451977713999, -0.018989628987386653, -0.017531772833622172, 0.011910603766511207, 0.03043294073814007, 0.028625943892570005, 0.03408589323653999, -0.003867733822100039, -0.0006180258489333346, -0.009475061663800077]}