{"coverage_estimated_first_order": [0.831144357657025, 0.7505240045865063, 0.352506676362241, 0.8587444681785907, 1.0816071398128644, 0.7220362205082373, 0.6619768520432889, 0.357245573998789, 0.4239953664005732, 0.533020486026476], "coverage_estimated_second_order": [0.60198370654068, 0.507540300491, 0.9777820082162, 0.5217358458862, 0.7095458236158001, 1.0343624632100001, 1.0386346013122, 0.03319411544092, 0.11102038381170001, 0.2547473438852], "sol": [0.0, 0.0, 1.0, 0.0, 0.0, 1.0, 1.0, 0.0, 0.0, 0.0], "coverage": [0.6159375, 0.5196571180555556, 1.0, 0.5019270833333334, 0.6718142361111111, 1.0, 1.0, 0.032890625, 0.11198784722222223, 0.26122395833333334], "coverage_estimated_first_order_diff": [0.21520685765702496, 0.23086688653095067, -0.647493323637759, 0.3568173848452574, 0.40979290370175325, -0.27796377949176265, -0.33802314795671107, 0.32435494899878897, 0.312007519178351, 0.27179652769314266], "coverage_estimated_second_order_diff": [-0.013953793459320019, -0.012116817564555626, -0.022217991783800017, 0.019808762552866677, 0.03773158750468897, 0.03436246321000014, 0.03863460131220009, 0.00030349044091999844, -0.0009674634105222152, -0.006476614448133355]}