{"coverage_estimated_first_order": [0.7081146471422781, 0.7226533092267917, 1.0967211429109984, 0.9633669163044277, 0.4350342308842791, 0.888490633264029, 0.6560775056209909, 0.3421608601433672, 0.3661156182412695, 0.525398409177413], "coverage_estimated_second_order": [1.034342301486, 1.039791664611, 0.7227216553046, 0.7086865087399999, 0.9718906370492, 0.6567159824003, 0.4181345609071399, 0.0035715826207650004, 0.0099838613107, 0.198607981311], "sol": [1.0, 1.0, 0.0, 0.0, 1.0, 0.0, 0.0, 0.0, 0.0, 0.0], "coverage": [1.0, 1.0, 0.684296875, 0.7167708333333334, 1.0, 0.6714192708333333, 0.43289930555555556, 0.001775173611111111, 0.007912326388888889, 0.1897222222222222], "coverage_estimated_first_order_diff": [-0.2918853528577219, -0.2773466907732083, 0.4124242679109984, 0.24659608297109437, -0.5649657691157208, 0.2170713624306957, 0.22317820006543532, 0.3403856865322561, 0.3582032918523806, 0.33567618695519075], "coverage_estimated_second_order_diff": [0.03434230148600004, 0.03979166461099992, 0.03842478030459995, -0.008084324593333414, -0.02810936295080002, -0.014703288433033257, -0.01476474464841565, 0.0017964090096538893, 0.0020715349218111117, 0.008885759088777784]}