{"coverage_estimated_first_order": [0.9316740545696756, 0.36129697242123565, 0.9014320176599946, 0.6740555301347491, 0.6213777064544306, 0.5709798871545912, 0.4705280944345783, 0.3477123096794693, 0.8881174014156337, 0.42759224775426363], "coverage_estimated_second_order": [0.7218941468586001, 0.995615336843, 0.6809390736334, 0.2613707145782, 0.1319999081906, 0.06445880361882, 0.03844367230018, 1.00835589536917, 0.7384471290378799, 1.0129307790504], "sol": [0.0, 1.0, 0.0, 0.0, 0.0, 0.0, 0.0, 1.0, 0.0, 1.0], "coverage": [0.7260286458333334, 1.0, 0.6840711805555556, 0.25328125, 0.11942708333333334, 0.05017795138888889, 0.02521267361111111, 1.0, 0.729921875, 1.0], "coverage_estimated_first_order_diff": [0.20564540873634218, -0.6387030275787644, 0.217360837104439, 0.42077428013474905, 0.5019506231210973, 0.5208019357657023, 0.4453154208234672, -0.6522876903205307, 0.1581955264156336, -0.5724077522457364], "coverage_estimated_second_order_diff": [-0.0041344989747332805, -0.004384663157000035, -0.0031321069221555975, 0.008089464578199979, 0.01257282485726667, 0.014280852229931112, 0.013230998689068886, 0.00835589536917003, 0.008525254037879848, 0.012930779050400076]}