{"coverage_estimated_first_order": [1.6001792744194498, 1.0062487986326332, 0.9779140178851246, 1.3007215904501914, 1.4278016340409811, 1.2622775008390978, 1.4165467647927938, 0.5850924322893694, 0.6665784919845565, 0.9255374325759202], "coverage_estimated_second_order": [0.8560227289897999, 0.9465618368859, 0.9658607151973999, 0.6763235399920001, 0.702421450819, 0.7241452319948001, 0.5410555835106, 0.03152875871429, 0.10793980530910001, 0.37969699355279996], "sol": [0.0, 1.0, 1.0, 1.0, 1.0, 1.0, 0.0, 0.0, 0.0, 0.0], "coverage": [0.8641840277777778, 1.0, 1.0, 1.0, 1.0, 1.0, 0.6743967013888889, 0.032578125, 0.11166666666666666, 0.39578125], "coverage_estimated_first_order_diff": [0.735995246641672, 0.006248798632633168, -0.022085982114875446, 0.3007215904501914, 0.42780163404098115, 0.26227750083909784, 0.742150063403905, 0.5525143072893693, 0.5549118253178899, 0.5297561825759203], "coverage_estimated_second_order_diff": [-0.008161298787977889, -0.05343816311409999, -0.03413928480260009, -0.3236764600079999, -0.297578549181, -0.2758547680051999, -0.13334111787828884, -0.0010493662857100003, -0.003726861357566655, -0.016084256447200018]}