{"coverage_estimated_first_order": [1.0744657034629361, 0.9950940494274794, 0.556527974403636, 0.977748740476114, 1.063554042004966, 1.5959645668113205, 0.7549416340095452, 0.4713104805118836, 0.5454472187884485, 0.7507212780553816], "coverage_estimated_second_order": [0.6821968410467901, 0.5983450655492, 0.9655277481679998, 0.8921436992522, 0.9001054193838, 0.805176273844, 0.885472110936, 0.032501158614940004, 0.10966113971360002, 0.351059185447], "sol": [0.0, 0.0, 1.0, 1.0, 1.0, 0.0, 1.0, 0.0, 0.0, 0.0], "coverage": [0.6894878472222222, 0.6051519097222222, 1.0, 1.0, 1.0, 0.9043532986111111, 1.0, 0.03288194444444444, 0.11198784722222223, 0.3641796875], "coverage_estimated_first_order_diff": [0.3849778562407139, 0.38994213970525715, -0.443472025596364, -0.022251259523885958, 0.06355404200496606, 0.6916112682002094, -0.24505836599045483, 0.4384285360674392, 0.43345937156622627, 0.38654159055538156], "coverage_estimated_second_order_diff": [-0.007291006175432102, -0.006806844173022242, -0.0344722518320002, -0.10785630074779995, -0.09989458061620005, -0.0991770247671111, -0.11452788906400002, -0.0003807858295044389, -0.002326707508622211, -0.013120502053000027]}