{"coverage_estimated_first_order": [0.335536443703523, 0.3363131046585183, 0.3621514795332585, 0.5470169380254641, 0.6981579758641987, 0.18401483674340913, 0.6578140288756182, 0.11435756150807475, 0.6466062231827115, 0.3912867915544644], "coverage_estimated_second_order": [0.00985877176848, 0.03970699390268, 0.0594354423244, 0.4123390082314, 0.6476176420415, 0.9774561461374001, 0.6446085000904, 0.9976474976344, 0.6037181946447, 0.21526914295099997], "sol": [0.0, 0.0, 0.0, 0.0, 0.0, 1.0, 0.0, 1.0, 0.0, 0.0], "coverage": [0.0006032986111111111, 0.032586805555555556, 0.053029513888888886, 0.4214322916666667, 0.6626779513888889, 1.0, 0.6575390625, 1.0, 0.6030034722222222, 0.2142404513888889], "coverage_estimated_first_order_diff": [0.33493314509241184, 0.3037262991029628, 0.3091219656443696, 0.12558464635879746, 0.035480024475309846, -0.8159851632565909, 0.0002749663756181908, -0.8856424384919253, 0.04360275096048938, 0.1770463401655755], "coverage_estimated_second_order_diff": [0.009255473157368889, 0.007120188347124447, 0.0064059284355111115, -0.009093283435266664, -0.01506030934738889, -0.02254385386259994, -0.0129305624096, -0.002352502365600029, 0.0007147224224778315, 0.0010286915621110782]}