{"coverage_estimated_first_order": [0.23280680461287084, 0.8422730633719835, 0.6418690591220464, 1.1616471403264832, 0.5593017946361238, 1.0323332086239945, 0.883318594064228, 0.5250093090120662, 0.8944535963423832], "coverage_estimated_second_order": [0.9950282118055555, 0.6496256510416667, 0.44574761284722225, 0.785283203125, 0.9950282118055553, 0.657560763888889, 0.5555219184027778, 0.9950282118055555, 0.5583723958333333], "sol": [1.0, 0.0, 0.0, 0.0, 1.0, 0.0, 0.0, 1.0, 0.0], "coverage": [1.0, 0.6500130208333333, 0.44787760416666667, 0.7883072916666667, 1.0, 0.6603689236111111, 0.5581944444444444, 1.0, 0.5583463541666667], "coverage_estimated_first_order_diff": [-0.7671931953871292, 0.19226004253865014, 0.19399145495537973, 0.3733398486598165, -0.44069820536387616, 0.37196428501288337, 0.32512414961978353, -0.4749906909879338, 0.3361072421757165], "coverage_estimated_second_order_diff": [-0.0049717881944445486, -0.0003873697916666474, -0.002129991319444413, -0.003024088541666692, -0.00497178819444466, -0.0028081597222221477, -0.0026725260416666785, -0.0049717881944445486, 2.6041666666642982e-05]}