{"coverage_estimated_first_order": [0.2999415830033938, 0.264323790614002, 0.24352217469519868, 0.6493858114159128, 0.8455025197178231, 0.528621426635558, 0.5072638181875315, 0.6673215281705631, 0.6130783371040726], "coverage_estimated_second_order": [0.09212782118055557, 0.03972981770833333, 0.038913845486111105, 0.42114474826388887, 0.5770236545138889, 1.0, 1.0, 0.4451638454861111, 0.3969325086805556], "sol": [0.0, 0.0, 0.0, 0.0, 0.0, 1.0, 1.0, 0.0, 0.0], "coverage": [0.09200086805555556, 0.03948350694444445, 0.03885850694444445, 0.4204600694444444, 0.5762847222222223, 1.0, 1.0, 0.44328993055555554, 0.39620659722222223], "coverage_estimated_first_order_diff": [0.20794071494783822, 0.22484028366955758, 0.20466366775075423, 0.22892574197146837, 0.2692177974956008, -0.471378573364442, -0.4927361818124685, 0.22403159761500757, 0.21687173988185032], "coverage_estimated_second_order_diff": [0.00012695312500000944, 0.0002463107638888823, 5.533854166665797e-05, 0.0006846788194444509, 0.0007389322916666607, 0.0, 0.0, 0.0018739149305555536, 0.0007259114583333393]}