{"coverage_estimated_first_order": [0.5419332642103911, 0.5305959230616346, 0.5530230169899226, 0.6756073984930322, 0.2315489956348789, 0.19991145047845355, 0.6243404845620557], "coverage_estimated_second_order": [0.196229242551, 0.174716840508, 0.30448773390359996, 0.5799620218486, 0.9509520240453999, 0.9899032191514, 0.604131430802], "sol": [0.0, 0.0, 0.0, 0.0, 1.0, 1.0, 0.0], "coverage": [0.1830078125, 0.1574001736111111, 0.30368055555555556, 0.5971701388888889, 1.0, 1.0, 0.6083159722222222], "coverage_estimated_first_order_diff": [0.35892545171039114, 0.3731957494505235, 0.24934246143436706, 0.07843725960414327, -0.7684510043651211, -0.8000885495215464, 0.016024512339833485], "coverage_estimated_second_order_diff": [0.013221430050999988, 0.017316666896888877, 0.0008071783480443906, -0.017208117040288906, -0.04904797595460009, -0.010096780848599995, -0.0041845414202221765]}