{"coverage_estimated_first_order": [1.0139621546410285, 0.9766056161660002, 0.8943945268658813, 1.3497899528414932, 0.7811052709166315, 0.8145304886246727, 0.8758224029940607], "coverage_estimated_second_order": [1.0022409898959999, 0.988667251546, 1.0146840633539997, 0.9142904110840001, 1.0315575924494, 0.08104296432486001, 0.1507898913595], "sol": [1.0, 1.0, 1.0, 0.0, 1.0, 0.0, 0.0], "coverage": [1.0, 1.0, 1.0, 0.867578125, 1.0, 0.08567274305555556, 0.15223958333333334], "coverage_estimated_first_order_diff": [0.013962154641028457, -0.023394383833999832, -0.10560547313411872, 0.4822118278414932, -0.2188947290833685, 0.7288577455691172, 0.7235828196607273], "coverage_estimated_second_order_diff": [0.0022409898959998564, -0.011332748454000008, 0.014684063353999743, 0.04671228608400013, 0.03155759244940004, -0.004629778730695547, -0.0014496919738333502]}