{"coverage_estimated_first_order": [1.0977661392571547, 0.7217016361531986, 0.7818605666035354, 1.2152310250946972, 0.2611640861742425, 0.252181160563973, 0.21637622316919192, 0.7229496067445285, 0.5317214449179295, 0.39240392071759267, 0.9327278922032827, 0.21243870344065657, 0.21723155776515146, 0.2370501683501683, 0.4832076836069023, 0.16049267676767678, 0.5197544205071549], "coverage_estimated_second_order": [0.6311035156250002, 0.9934266493055556, 0.9934266493055557, 0.748720703125, 0.015801866319444448, 0.016163194444444445, 0.9934266493055557, 0.6031022135416667, 0.39355360243055554, 0.2483181423611111, 0.5668467881944445, 0.0270703125, 0.019796006944444448, 0.01711805555555556, 0.2366145833333333, 0.0, 0.36670247395833333], "sol": [0.0, 1.0, 1.0, 0.0, 0.0, 0.0, 1.0, 0.0, 0.0, 0.0, 0.0, 0.0, 0.0, 0.0, 0.0, 0.0, 0.0], "coverage": [0.6369835069444445, 1.0, 1.0, 0.7535199652777778, 0.015902777777777776, 0.016085069444444444, 1.0, 0.6050303819444445, 0.3947699652777778, 0.24883246527777778, 0.5717578125, 0.02701388888888889, 0.019796006944444444, 0.017838541666666666, 0.23713975694444445, 0.0, 0.3697265625], "coverage_estimated_first_order_diff": [0.4607826323127102, -0.2782983638468014, -0.21813943339646458, 0.4617110598169194, 0.24526130839646476, 0.23609609111952856, -0.7836237768308081, 0.11791922480008399, 0.1369514796401517, 0.1435714554398149, 0.36097007970328265, 0.18542481455176768, 0.19743555082070702, 0.21921162668350164, 0.24606792666245786, 0.16049267676767678, 0.1500278580071549], "coverage_estimated_second_order_diff": [-0.005879991319444278, -0.006573350694444424, -0.006573350694444313, -0.004799262152777706, -0.00010091145833332829, 7.81250000000018e-05, -0.006573350694444313, -0.0019281684027777635, -0.0012163628472222632, -0.0005143229166666707, -0.004911024305555567, 5.642361111110952e-05, 3.469446951953614e-18, -0.0007204861111111058, -0.0005251736111111516, 0.0, -0.003024088541666692]}