{"coverage_estimated_first_order": [0.6761077809343434, 0.769040832807239, 0.6891268834175082, 0.7013821864478115, 0.6269648358585859, 0.6080084569654881, 1.0708505497685183, 0.45336489241372063, 0.9382589988425927, 0.6829293350168348, 0.23570275804924246, 0.4804170086279461, 0.39715792561026936, 0.5477352456860269, 0.6808640283038719, 0.16049267676767673, 0.40345549373947814], "coverage_estimated_second_order": [0.4475, 0.5282769097222223, 0.4440180121527778, 0.43605794270833337, 0.3761729600694445, 0.3647819010416667, 0.7620301649305556, 0.9975314670138887, 0.6450086805555555, 0.4408300781250001, 0.9975314670138886, 0.2727072482638889, 0.16591905381944447, 0.32029839409722216, 0.4776291232638889, 1.0, 0.9975314670138888], "sol": [0.0, 0.0, 0.0, 0.0, 0.0, 0.0, 0.0, 1.0, 0.0, 0.0, 1.0, 0.0, 0.0, 0.0, 0.0, 1.0, 1.0], "coverage": [0.4480164930555556, 0.5288758680555555, 0.4436935763888889, 0.43624131944444444, 0.3757682291666667, 0.36420572916666666, 0.7627256944444445, 1.0, 0.6449001736111111, 0.4407378472222222, 1.0, 0.2723828125, 0.1657421875, 0.32034288194444444, 0.4773046875, 1.0, 1.0], "coverage_estimated_first_order_diff": [0.22809128787878785, 0.24016496475168347, 0.24543330702861926, 0.26514086700336703, 0.2511966066919192, 0.24380272779882145, 0.30812485532407385, -0.5466351075862794, 0.2933588252314816, 0.24219148779461264, -0.7642972419507575, 0.2080341961279461, 0.23141573811026936, 0.2273923637415825, 0.20355934080387195, -0.8395073232323232, -0.5965445062605219], "coverage_estimated_second_order_diff": [-0.0005164930555555669, -0.0005989583333332327, 0.0003244357638889084, -0.00018337673611107386, 0.00040473090277781676, 0.0005761718750000311, -0.0006955295138888484, -0.0024685329861112715, 0.00010850694444441977, 9.223090277787893e-05, -0.0024685329861113825, 0.0003244357638889084, 0.00017686631944446862, -4.448784722227428e-05, 0.0003244357638889084, 0.0, -0.0024685329861111605]}