{"coverage_estimated_first_order": [1.0078220591329965, 1.1291603219696968, 1.1017548558501682, 0.453643732901936, 0.2816632838804715, 0.89578163141835, 0.7608719223484849, 0.8901346275252526, 0.24012922059132988, 0.7545037378998319, 0.45341194628577464, 0.4778643992003368, 0.5211834674873737, 0.735154029882155, 0.6835855797558921, 0.48042029145622894, 0.4888072232744107], "coverage_estimated_second_order": [0.669363064236111, 0.762424045138889, 0.7238888888888888, 0.9955967881944444, 0.9975705295138889, 0.6969162326388889, 0.5802571614583334, 0.7062478298611109, 0.9952864583333333, 0.582822265625, 0.9944954427083333, 0.27706054687500004, 0.3116167534722221, 0.5411827256944444, 0.4818619791666666, 0.3355490451388889, 0.3150618489583332], "sol": [0.0, 0.0, 0.0, 1.0, 1.0, 0.0, 0.0, 0.0, 1.0, 0.0, 1.0, 0.0, 0.0, 0.0, 0.0, 0.0, 0.0], "coverage": [0.6723090277777778, 0.7642838541666667, 0.7244704861111111, 1.0, 1.0, 0.6957074652777778, 0.58109375, 0.7083854166666667, 1.0, 0.5836328125, 1.0, 0.2781640625, 0.3122265625, 0.5413628472222223, 0.48105034722222223, 0.3355685763888889, 0.31549913194444446], "coverage_estimated_first_order_diff": [0.3355130313552187, 0.3648764678030302, 0.3772843697390571, -0.546356267098064, -0.7183367161195284, 0.20007416614057216, 0.17977817234848492, 0.18174921085858597, -0.7598707794086701, 0.17087092539983195, -0.5465880537142254, 0.19970033670033682, 0.20895690498737363, 0.19379118265993267, 0.20253523253366984, 0.14485171506734007, 0.17330809132996622], "coverage_estimated_second_order_diff": [-0.002945963541666763, -0.0018598090277777146, -0.0005815972222222854, -0.004403211805555585, -0.002429470486111085, 0.001208767361111085, -0.0008365885416665719, -0.002137586805555758, -0.00471354166666671, -0.00081054687500004, -0.005504557291666656, -0.00110351562499994, -0.0006098090277779078, -0.00018012152777791002, 0.0008116319444443909, -1.9531249999982236e-05, -0.0004372829861112315]}