{"coverage_estimated_first_order": [0.8725560527146463, 0.934586918665825, 0.7865641466750841, 0.7120579545454545, 0.5581980008417509, 0.49939418928872065, 1.0732398069234004, 0.45704386968644795, 0.9425196390993267, 0.6909170244107741, 0.4162419389204545, 0.4692742003367003, 0.43823911510942765, 0.549710466645623, 0.40312449494949487, 0.41911807659932665, 0.40452675320917514], "coverage_estimated_second_order": [0.5456108940972224, 0.5903049045138891, 0.5179340277777778, 0.44836914062499983, 0.2788302951388889, 0.22840928819444442, 0.7618717447916669, 0.9959809027777775, 0.6461480034722221, 0.4473611111111112, 0.9962727864583332, 0.2458778211805555, 0.20593750000000005, 0.2951074218749999, 0.9980208333333332, 0.24389322916666667, 0.996382378472222], "sol": [0.0, 0.0, 0.0, 0.0, 0.0, 0.0, 0.0, 1.0, 0.0, 0.0, 1.0, 0.0, 0.0, 0.0, 1.0, 0.0, 1.0], "coverage": [0.5463064236111111, 0.5911458333333334, 0.5178559027777778, 0.44891493055555554, 0.2776692708333333, 0.2273263888888889, 0.7635677083333333, 1.0, 0.6471137152777777, 0.44796006944444444, 1.0, 0.24653645833333335, 0.2059418402777778, 0.2936154513888889, 1.0, 0.24391927083333334, 1.0], "coverage_estimated_first_order_diff": [0.32624962910353517, 0.3434410853324916, 0.2687082438973063, 0.26314302398989897, 0.28052873000841755, 0.27206780039983175, 0.30967209859006706, -0.542956130313552, 0.29540592382154895, 0.24295695496632963, -0.5837580610795454, 0.22273774200336696, 0.23229727483164986, 0.25609501525673406, -0.5968755050505051, 0.1751988057659933, -0.5954732467908248], "coverage_estimated_second_order_diff": [-0.0006955295138887374, -0.0008409288194443088, 7.812499999992895e-05, -0.0005457899305557068, 0.0011610243055555913, 0.0010828993055555236, -0.0016959635416664565, -0.00401909722222249, -0.0009657118055556024, -0.0005989583333332327, -0.0037272135416668295, -0.0006586371527778356, -4.340277777736823e-06, 0.001491970486110994, -0.001979166666666754, -2.6041666666670737e-05, -0.0036176215277780033]}