{"coverage_estimated_first_order": [1.0617513915193602, 1.3084633128156564, 0.5533144452335856, 0.9875308475378789, 0.9344304424452863, 0.8652391624579124, 0.3755725747053872, 0.33062744633838376, 0.3422006944444444, 0.3641277120159932, 0.5707256431502525, 0.8372845775462963, 0.4127938210227272, 0.45660233059764305, 0.8730526462542085, 0.47556325757575746, 0.32665510311447804], "coverage_estimated_second_order": [0.6889192708333334, 0.8622775607638887, 0.992560763888889, 0.6173090277777776, 0.5880479600694444, 0.52447265625, 0.11131184895833332, 0.041002604166666665, 0.06830620659722221, 0.12320421006944449, 0.9830023871527779, 0.5777202690972224, 0.9830436197916667, 0.9816406249999999, 0.561259765625, 0.28779947916666665, 0.11523003472222224], "sol": [0.0, 0.0, 1.0, 0.0, 0.0, 0.0, 0.0, 0.0, 0.0, 0.0, 1.0, 0.0, 1.0, 1.0, 0.0, 0.0, 0.0], "coverage": [0.6910980902777778, 0.8663107638888888, 1.0, 0.618046875, 0.6001909722222222, 0.5377256944444444, 0.11188802083333334, 0.041662326388888886, 0.06819444444444445, 0.12348524305555555, 1.0, 0.5849479166666667, 1.0, 1.0, 0.5717057291666666, 0.2878732638888889, 0.1151953125], "coverage_estimated_first_order_diff": [0.37065330124158236, 0.4421525489267676, -0.44668555476641436, 0.3694839725378789, 0.3342394702230641, 0.32751346801346803, 0.26368455387205386, 0.28896511994949486, 0.27400624999999995, 0.24064246896043764, -0.42927435684974746, 0.2523366608796296, -0.5872061789772728, -0.543397669402357, 0.3013469170875419, 0.18768999368686856, 0.21145979061447806], "coverage_estimated_second_order_diff": [-0.002178819444444424, -0.004033203125000107, -0.0074392361111109695, -0.0007378472222223653, -0.012143012152777799, -0.013253038194444455, -0.0005761718750000172, -0.0006597222222222213, 0.00011176215277776402, -0.0002810329861110683, -0.01699761284722212, -0.007227647569444273, -0.016956380208333344, -0.018359375000000067, -0.010445963541666603, -7.378472222224763e-05, 3.472222222224153e-05]}