{"coverage_estimated_first_order": [0.632669820601852, 0.7251479324494948, 0.8558373474326599, 0.3423356652462121, 0.6151064735900674, 0.5975902120159932, 1.0371878814183502, 1.0999815340909094, 0.37427675057870363, 0.8708466593013471, 0.5179895017887207, 0.48629118002946137, 0.4092073258627946, 0.5122403224957912, 0.5115822785143097, 0.16049267676767678, 0.42229887547348477], "coverage_estimated_second_order": [0.39048285590277776, 0.4729991319444444, 0.6169292534722223, 0.9926573350694445, 0.36119683159722227, 0.3510536024305556, 0.7166894531250001, 0.7694552951388888, 0.9926573350694444, 0.6290451388888888, 0.2830164930555556, 0.28343532986111114, 0.18084635416666667, 0.27642686631944435, 0.26662109375, 1.0, 0.9926573350694445], "sol": [0.0, 0.0, 0.0, 1.0, 0.0, 0.0, 0.0, 0.0, 1.0, 0.0, 0.0, 0.0, 0.0, 0.0, 0.0, 1.0, 1.0], "coverage": [0.3909939236111111, 0.4722395833333333, 0.6148871527777777, 1.0, 0.36071614583333333, 0.35075954861111114, 0.7213932291666667, 0.7733289930555556, 1.0, 0.6305034722222222, 0.2837326388888889, 0.2832248263888889, 0.18046006944444445, 0.27653211805555555, 0.2663454861111111, 1.0, 1.0], "coverage_estimated_first_order_diff": [0.24167589699074082, 0.2529083491161615, 0.2409501946548822, -0.6576643347537878, 0.2543903277567341, 0.24683066340488202, 0.31579465225168346, 0.3266525410353538, -0.6257232494212963, 0.24034318707912483, 0.23425686289983183, 0.20306635364057246, 0.22874725641835017, 0.23570820444023566, 0.24523679240319862, -0.8395073232323232, -0.5777011245265152], "coverage_estimated_second_order_diff": [-0.0005110677083333681, 0.0007595486111110494, 0.0020421006944445486, -0.007342664930555465, 0.0004806857638889328, 0.00029405381944447306, -0.0047037760416666075, -0.0038736979166668073, -0.007342664930555576, -0.0014583333333334503, -0.0007161458333332926, 0.0002105034722222343, 0.0003862847222222132, -0.00010525173611120042, 0.0002756076388888973, 0.0, -0.007342664930555465]}