{"coverage_estimated_first_order": [1.1419531486742425, 0.636192993739478, 1.3492305897516836, 0.6083739780618689, 0.7427973800505052, 0.6406218960437711, 0.7569013573232323, 0.885421480429293, 0.2326388218118686, 0.7462476746632999, 0.9551811447811451, 0.47474360795454545, 0.5102990372474748, 0.2376071049031987, 0.6785574337121212, 0.4196431844486531, 0.4875407828282827], "coverage_estimated_second_order": [0.6922808159722226, 0.9912174479166667, 0.820463324652778, 0.9910579427083333, 0.5194064670138888, 0.4134548611111112, 0.5757573784722222, 0.7043836805555554, 0.9948448350694445, 0.5789279513888891, 0.6132953559027778, 0.27975802951388884, 0.3048339843749999, 0.9956922743055557, 0.47545789930555543, 0.26006184895833334, 0.3127159288194443], "sol": [0.0, 1.0, 0.0, 1.0, 0.0, 0.0, 0.0, 0.0, 1.0, 0.0, 0.0, 0.0, 0.0, 1.0, 0.0, 0.0, 0.0], "coverage": [0.6973611111111111, 1.0, 0.8249565972222223, 1.0, 0.5214149305555555, 0.4156467013888889, 0.5771744791666666, 0.7063845486111111, 1.0, 0.5794965277777778, 0.6169184027777778, 0.27977864583333334, 0.30606336805555556, 1.0, 0.47639756944444445, 0.2602039930555556, 0.31405381944444444], "coverage_estimated_first_order_diff": [0.44459203756313137, -0.363807006260522, 0.5242739925294614, -0.3916260219381311, 0.22138244949494967, 0.2249751946548822, 0.17972687815656563, 0.17903693181818192, -0.7673611781881314, 0.16675114688552206, 0.33826274200336737, 0.19496496212121212, 0.20423566919191927, -0.7623928950968013, 0.20215986426767674, 0.15943919139309753, 0.1734869633838383], "coverage_estimated_second_order_diff": [-0.005080295138888524, -0.00878255208333334, -0.004493272569444207, -0.00894205729166675, -0.0020084635416667274, -0.00219184027777769, -0.0014171006944444509, -0.00200086805555566, -0.005155164930555456, -0.0005685763888887418, -0.0036230468749999245, -2.061631944449971e-05, -0.0012293836805556402, -0.004307725694444264, -0.000939670138889015, -0.00014214409722224097, -0.0013378906250001155]}