{"coverage_estimated_first_order": [0.8933701178451179, 1.064799592276936, 0.3568386850273569, 0.8649178030303031, 0.7328517650462962, 0.7123835227272727, 0.8556185421927607, 0.2475039391308922, 0.8342414799031989, 0.6316210043139727, 0.7927338199705387, 0.7381515151515152, 0.3181868792087543, 0.7067319839015151, 0.4159525804924241, 0.47503814972643105, 0.5437894675925926], "coverage_estimated_second_order": [0.6515711805555556, 0.7987337239583332, 0.9968261718750001, 0.6801475694444444, 0.42494140624999976, 0.4188085937499999, 0.6876746961805557, 0.9973263888888889, 0.6525846354166667, 0.4495703125, 0.5750368923611112, 0.5402669270833333, 0.9946278211805556, 0.43403645833333326, 0.9945822482638889, 0.2780403645833333, 0.38947482638888886], "sol": [0.0, 0.0, 1.0, 0.0, 0.0, 0.0, 0.0, 1.0, 0.0, 0.0, 0.0, 0.0, 1.0, 0.0, 1.0, 0.0, 0.0], "coverage": [0.6490321180555556, 0.7959722222222222, 1.0, 0.6775086805555556, 0.42843315972222223, 0.4229730902777778, 0.6878776041666667, 1.0, 0.6536762152777778, 0.4510546875, 0.5747352430555556, 0.5425651041666667, 1.0, 0.43628038194444446, 1.0, 0.27796440972222225, 0.3890885416666667], "coverage_estimated_first_order_diff": [0.24433799978956228, 0.2688273700547138, -0.6431613149726432, 0.1874091224747475, 0.304418605324074, 0.2894104324494949, 0.16774093802609402, -0.7524960608691078, 0.1805652646254211, 0.18056631681397273, 0.21799857691498314, 0.19558641098484852, -0.6818131207912457, 0.2704516019570707, -0.5840474195075759, 0.1970737400042088, 0.15470092592592594], "coverage_estimated_second_order_diff": [0.002539062500000022, 0.002761501736111005, -0.003173828124999889, 0.0026388888888888573, -0.0034917534722224697, -0.0041644965277778945, -0.00020290798611100058, -0.002673611111111085, -0.0010915798611110805, -0.0014843749999999822, 0.0003016493055556513, -0.0022981770833333526, -0.0053721788194444065, -0.002243923611111198, -0.005417751736111143, 7.595486111106053e-05, 0.00038628472222218546]}