{"coverage_estimated_first_order": [0.3872075152567341, 0.3674686658249159, 0.4183186053240742, 0.477336061132155, 0.4063283591119528, 1.0732904434974748, 0.41928757628367, 1.113931581439394, 1.1372986795033675, 0.514833687131734, 0.34960592645202027, 0.44313867187500006, 0.9624248526936026, 0.8533482770412458, 0.5311471327861954, 0.5242232954545455, 0.7795319181397309], "coverage_estimated_second_order": [0.07412217881944444, 0.02326388888888889, 0.10003363715277779, 0.20153862847222226, 0.9697884114583336, 0.7330609809027778, 0.9821104600694446, 0.7519357638888889, 0.7423828125, 0.96654296875, 0.06017035590277779, 0.9656564670138889, 0.6248253038194445, 0.5681336805555556, 0.27613498263888886, 0.34387803819444446, 0.5821332465277778], "sol": [0.0, 0.0, 0.0, 0.0, 1.0, 0.0, 1.0, 0.0, 0.0, 1.0, 0.0, 1.0, 0.0, 0.0, 0.0, 0.0, 0.0], "coverage": [0.07462239583333333, 0.023376736111111112, 0.10003472222222222, 0.2011111111111111, 1.0, 0.7565711805555555, 1.0, 0.77140625, 0.7649001736111111, 1.0, 0.06135416666666667, 1.0, 0.6519618055555556, 0.5827951388888889, 0.28098090277777776, 0.3439670138888889, 0.5856076388888889], "coverage_estimated_first_order_diff": [0.3125851194234007, 0.34409192971380476, 0.318283883101852, 0.27622495002104386, -0.5936716408880471, 0.3167192629419193, -0.5807124237163299, 0.342525331439394, 0.3723985058922564, -0.48516631286826595, 0.2882517597853536, -0.5568613281249999, 0.31046304713804695, 0.27055313815235693, 0.25016623000841764, 0.1802562815656566, 0.193924279250842], "coverage_estimated_second_order_diff": [-0.0005002170138888873, -0.00011284722222222252, -1.0850694444342057e-06, 0.0004275173611111571, -0.03021158854166639, -0.023510199652777675, -0.01788953993055542, -0.01947048611111102, -0.022517361111111023, -0.03345703124999999, -0.0011838107638888762, -0.03434353298611115, -0.02713650173611115, -0.014661458333333321, -0.004845920138888904, -8.897569444443754e-05, -0.003474392361111134]}