{"coverage_estimated_first_order": [0.8484473879419192, 0.27516336147937714, 0.8876231744528618, 0.6868395596590912, 0.9315113425925927, 0.8659253866792931, 0.6107982691498318, 0.8216973905723906, 0.2667782630997474, 0.8199403961489901, 0.7604143360690238, 0.8825412457912458, 0.4415865661826599, 0.42696921559343437, 0.7648829282407408, 0.47556325757575746, 0.42489978956228946], "coverage_estimated_second_order": [0.6637109375000001, 0.9952690972222225, 0.6891449652777778, 0.48166232638888884, 0.5931673177083334, 0.5302647569444444, 0.4039561631944445, 0.6198448350694443, 0.9913563368055558, 0.6324880642361114, 0.5756618923611112, 0.6062966579861111, 0.9873111979166668, 0.9876356336805557, 0.5113281249999999, 0.28779947916666665, 0.24690538194444442], "sol": [0.0, 1.0, 0.0, 0.0, 0.0, 0.0, 0.0, 0.0, 1.0, 0.0, 0.0, 0.0, 1.0, 1.0, 0.0, 0.0, 0.0], "coverage": [0.6630295138888889, 1.0, 0.6863628472222222, 0.48063802083333335, 0.6024696180555555, 0.5405555555555556, 0.4061458333333333, 0.6242013888888889, 1.0, 0.638828125, 0.5769401041666666, 0.6145963541666667, 1.0, 1.0, 0.5154991319444444, 0.2878732638888889, 0.2471484375], "coverage_estimated_first_order_diff": [0.18541787405303034, -0.7248366385206229, 0.20126032723063958, 0.2062015388257578, 0.3290417245370372, 0.3253698311237375, 0.2046524358164985, 0.19749600168350168, -0.7332217369002526, 0.1811122711489901, 0.18347423190235712, 0.26794489162457913, -0.5584134338173401, -0.5730307844065656, 0.24938379629629637, 0.18768999368686856, 0.17775135206228945], "coverage_estimated_second_order_diff": [0.0006814236111112315, -0.004730902777777546, 0.0027821180555556158, 0.0010243055555554936, -0.009302300347222126, -0.010290798611111152, -0.0021896701388888218, -0.004356553819444553, -0.008643663194444207, -0.0063400607638886, -0.0012782118055554292, -0.008299696180555594, -0.012688802083333228, -0.012364366319444264, -0.0041710069444445, -7.378472222224763e-05, -0.00024305555555559355]}