{"coverage_estimated_first_order": [0.44923137757786197, 1.0081396333122896, 0.8503176320496633, 0.71671171875, 0.8426978824705387, 0.7374308054503367, 0.5781177530513468, 0.5301771096380473, 0.44476165561868686, 0.4158767781986532, 0.822345825441919, 0.4556336937079124, 0.4637980902777778, 0.7430594512836701, 0.6216530750210438, 0.36679114320286205, 0.17795313946759259], "coverage_estimated_second_order": [0.9995996093749999, 0.6780468749999998, 0.5820952690972222, 0.511494140625, 0.548390842013889, 0.45643988715277767, 0.3634537760416667, 0.2945703125, 0.20424153645833332, 0.19425672743055558, 0.5271375868055556, 0.24167968750000005, 0.21514322916666673, 0.4965136718749999, 0.9995996093749998, 0.9999999999999999, 0.999599609375], "sol": [1.0, 0.0, 0.0, 0.0, 0.0, 0.0, 0.0, 0.0, 0.0, 0.0, 0.0, 0.0, 0.0, 0.0, 1.0, 1.0, 1.0], "coverage": [1.0, 0.6762022569444445, 0.5792404513888889, 0.5090364583333333, 0.5467057291666667, 0.4549435763888889, 0.36377170138888887, 0.2943967013888889, 0.20402777777777778, 0.194140625, 0.52640625, 0.24149305555555556, 0.2147439236111111, 0.49442708333333335, 1.0, 1.0, 1.0], "coverage_estimated_first_order_diff": [-0.550768622422138, 0.33193737636784515, 0.27107718066077435, 0.20767526041666662, 0.29599215330387196, 0.2824872290614478, 0.21434605166245796, 0.2357804082491584, 0.24073387784090908, 0.2217361531986532, 0.29593957544191907, 0.21414063815235684, 0.2490541666666667, 0.24863236795033677, -0.37834692497895617, -0.6332088567971379, -0.8220468605324074], "coverage_estimated_second_order_diff": [-0.00040039062500007994, 0.0018446180555553582, 0.0028548177083332904, 0.002457682291666652, 0.001685112847222281, 0.0014963107638887863, -0.0003179253472221921, 0.00017361111111108274, 0.00021375868055553693, 0.00011610243055557024, 0.0007313368055555935, 0.0001866319444444875, 0.000399305555555618, 0.0020865885416665453, -0.00040039062500019096, -1.1102230246251565e-16, -0.0004003906249999689]}