{"coverage_estimated_first_order": [1.2258892545244107, 0.8164030368792085, 0.849437788036616, 1.24013304135101, 0.25763971485690246, 0.8730696811868685, 0.6518115924873737, 0.5403396727693603, 0.45637715961700326, 0.43366659038299665, 1.0235411773989898, 0.5091693760521886, 0.5045565209385521, 0.698249897411616, 0.7521645991161615, 0.480420291456229, 0.23105762179082487], "coverage_estimated_second_order": [0.6748871527777778, 0.9837087673611111, 0.9837239583333334, 0.689533420138889, 0.994603949652778, 0.6833289930555554, 0.3939680989583334, 0.2998155381944444, 0.21362196180555554, 0.21121636284722226, 0.5807367621527779, 0.31638563368055556, 0.3021484375, 0.5076312934027779, 0.4869759114583332, 0.3355490451388889, 0.9887608506944446], "sol": [0.0, 1.0, 1.0, 0.0, 1.0, 0.0, 0.0, 0.0, 0.0, 0.0, 0.0, 0.0, 0.0, 0.0, 0.0, 0.0, 1.0], "coverage": [0.6872395833333333, 1.0, 1.0, 0.7017578125, 1.0, 0.6838194444444444, 0.397421875, 0.3019574652777778, 0.21588975694444446, 0.21403211805555555, 0.5891840277777778, 0.3174609375, 0.3045746527777778, 0.5111848958333334, 0.48973524305555555, 0.3355685763888889, 1.0], "coverage_estimated_first_order_diff": [0.5386496711910773, -0.18359696312079155, -0.15056221196338404, 0.5383752288510101, -0.7423602851430975, 0.18925023674242403, 0.25438971748737377, 0.23838220749158257, 0.2404874026725588, 0.2196344723274411, 0.43435714962121197, 0.1917084385521886, 0.1999818681607743, 0.18706500157828265, 0.26242935606060597, 0.14485171506734013, -0.7689423782091751], "coverage_estimated_second_order_diff": [-0.012352430555555571, -0.016291232638888875, -0.01627604166666663, -0.012224392361111058, -0.0053960503472220145, -0.0004904513888890349, -0.0034537760416665786, -0.0021419270833333837, -0.0022677951388889173, -0.002815755208333298, -0.008447265624999867, -0.0010753038194444287, -0.00242621527777781, -0.003553602430555469, -0.0027593315972223587, -1.9531249999982236e-05, -0.011239149305555363]}