{"coverage_estimated_first_order": [0.6339873579545456, 0.7254355087331649, 0.8102702178030304, 0.25155763757365324, 0.9150056607744107, 0.30707883522727275, 0.9420324863215488, 1.1629473248106064, 0.696596234480219, 0.7144064985795457, 0.52790946969697, 0.5826592224326601, 0.6241464304503367, 0.6203996501473066, 0.4647241792929293, 0.4739578151304714, 0.6232403566919191], "coverage_estimated_second_order": [0.39586914062499995, 0.47733832465277776, 0.5892632378472222, 0.9951453993055557, 0.6829112413194443, 0.9816927083333334, 0.5984906684027778, 0.7155284288194443, 0.9773904079861109, 0.9773730468750003, 0.3020030381944445, 0.3228493923611111, 0.37025824652777783, 0.4056369357638889, 0.22240342881944447, 0.3250390625, 0.37506944444444434], "sol": [0.0, 0.0, 0.0, 1.0, 0.0, 1.0, 0.0, 0.0, 1.0, 1.0, 0.0, 0.0, 0.0, 0.0, 0.0, 0.0, 0.0], "coverage": [0.39619791666666665, 0.4762673611111111, 0.5868142361111112, 1.0, 0.6925260416666666, 1.0, 0.6040234375, 0.7268359375, 1.0, 1.0, 0.3028342013888889, 0.3362586805555556, 0.38376302083333336, 0.41151909722222224, 0.2240625, 0.32504340277777777, 0.3777256944444444], "coverage_estimated_first_order_diff": [0.237789441287879, 0.24916814762205375, 0.22345598169191927, -0.7484423624263468, 0.22247961910774405, -0.6929211647727272, 0.3380090488215488, 0.4361113873106064, -0.303403765519781, -0.28559350142045425, 0.22507526830808106, 0.24640054187710453, 0.24038340961700333, 0.20888055292508434, 0.2406616792929293, 0.14891441235269365, 0.2455146622474747], "coverage_estimated_second_order_diff": [-0.0003287760416667007, 0.0010709635416666363, 0.002449001736111067, -0.004854600694444322, -0.009614800347222396, -0.01830729166666656, -0.005532769097222223, -0.011307508680555634, -0.022609592013889124, -0.022626953124999738, -0.0008311631944443731, -0.01340928819444448, -0.013504774305555522, -0.005882161458333368, -0.001659071180555527, -4.340277777792334e-06, -0.002656250000000082]}