{"coverage_estimated_first_order": [1.44734476010101, 1.0372705663404882, 1.6406995764941077, 0.8155362912984008, 0.3689054003577443, 0.354355324074074, 0.7604115898569023, 0.8845153488005052, 0.2302419362899831, 0.7357640625000003, 0.8430710371948656, 0.3523720407196971, 0.33333243108164984, 0.3498435684974748, 0.6514684448653199, 0.21399023569023568, 0.49468290719696967], "coverage_estimated_second_order": [0.5381770833333336, 0.7609418402777779, 0.6150108506944447, 0.7608940972222221, 0.047529296875, 0.04570203993055556, 0.5719878472222222, 0.6956532118055554, 0.9887847222222221, 0.5658886718749999, 0.7624424913194444, 0.11814344618055554, 0.08218424479166667, 0.06411892361111111, 0.29574652777777777, 0.0, 0.3072233072916665], "sol": [0.0, 1.0, 0.0, 1.0, 0.0, 0.0, 0.0, 0.0, 1.0, 0.0, 1.0, 0.0, 0.0, 0.0, 0.0, 0.0, 0.0], "coverage": [0.7340104166666667, 1.0, 0.8413411458333333, 1.0, 0.048185763888888886, 0.04606770833333333, 0.5775086805555556, 0.7039322916666667, 1.0, 0.5685763888888888, 1.0, 0.11971354166666667, 0.08233506944444445, 0.06483072916666667, 0.2971918402777778, 0.0, 0.31462673611111114], "coverage_estimated_first_order_diff": [0.7133343434343434, 0.0372705663404882, 0.7993584306607744, -0.18446370870159923, 0.3207196364688554, 0.30828761574074065, 0.18290290930134667, 0.1805830571338385, -0.7697580637100169, 0.16718767361111142, -0.15692896280513435, 0.2326584990530304, 0.2509973616372054, 0.2850128393308081, 0.35427660458754207, 0.21399023569023568, 0.18005617108585853], "coverage_estimated_second_order_diff": [-0.19583333333333308, -0.2390581597222221, -0.22633029513888858, -0.23910590277777788, -0.000656467013888884, -0.000365668402777769, -0.005520833333333419, -0.008279079861111316, -0.011215277777777866, -0.002687717013888924, -0.23755750868055558, -0.001570095486111131, -0.000150824652777784, -0.0007118055555555558, -0.0014453125000000178, 0.0, -0.007403428819444613]}