{"coverage_estimated_first_order": [0.7416675886468856, 1.368822766729798, 1.2667186868686868, 0.6186612255366162, 0.5865533643728955, 0.4889791009048822, 0.9355539641203701, 0.3112517689920035, 0.8007851062710439, 0.5591114688552186, 1.0305173847853535, 0.3340688920454546, 0.3872100089436028, 0.5464640046296297, 0.4298087200126264, 0.42028870212542097, 0.5614574231902357], "coverage_estimated_second_order": [0.9839507378472222, 0.777263454861111, 0.7493923611111108, 0.9837890624999999, 0.31061523437500005, 0.22560329861111109, 0.7133962673611115, 0.9929796006944445, 0.6164398871527776, 0.3690798611111109, 0.5924359809027777, 0.1026204427083333, 0.15771484375000003, 0.2987120225694444, 0.9902669270833332, 0.24537543402777778, 0.3531998697916666], "sol": [1.0, 0.0, 0.0, 1.0, 0.0, 0.0, 0.0, 1.0, 0.0, 0.0, 0.0, 0.0, 0.0, 0.0, 1.0, 0.0, 0.0], "coverage": [1.0, 0.7902430555555555, 0.7607161458333334, 1.0, 0.30918836805555555, 0.22411024305555555, 0.7158420138888889, 1.0, 0.6186197916666667, 0.36956163194444447, 0.5976822916666666, 0.10235677083333333, 0.15740885416666667, 0.2971657986111111, 1.0, 0.24540364583333332, 0.35465277777777776], "coverage_estimated_first_order_diff": [-0.25833241135311436, 0.5785797111742426, 0.5060025410353535, -0.3813387744633838, 0.27736499631733996, 0.2648688578493267, 0.21971195023148116, -0.6887482310079964, 0.18216531460437724, 0.1895498369107741, 0.43283509311868684, 0.23171212121212126, 0.22980115477693613, 0.24929820601851865, -0.5701912799873736, 0.17488505629208764, 0.20680464541245797], "coverage_estimated_second_order_diff": [-0.0160492621527778, -0.012979600694444482, -0.011323784722222507, -0.016210937500000133, 0.0014268663194444975, 0.0014930555555555391, -0.0024457465277774038, -0.007020399305555536, -0.0021799045138890527, -0.0004817708333335613, -0.005246310763888928, 0.00026367187499996836, 0.00030598958333336035, 0.0015462239583333148, -0.009733072916666807, -2.821180555553915e-05, -0.0014529079861111405]}