{"coverage_estimated_first_order": [0.3833558475378788, 0.36884499421296285, 0.3959607823021885, 0.41546711121632995, 0.9864139809553871, 1.0139800084175083, 0.591144110374579, 0.559411379419192, 0.5069215356691918, 0.5589932949284511, 0.3515343250210438, 1.06225985111532, 0.6591186579335017, 1.1820227825126264, 0.7375358243897305, 0.796307944023569, 0.21169971985479794], "coverage_estimated_second_order": [0.06530924479166665, 0.015621744791666663, 0.06873046875000001, 0.12859375, 0.7660970052083331, 0.7657942708333333, 0.36226236979166665, 0.2994281684027778, 0.24121310763888887, 0.28814561631944446, 0.03935221354166668, 0.5425694444444442, 0.7660774739583334, 0.46056640625, 0.22420572916666673, 0.3788736979166667, 0.9939811197916669], "sol": [0.0, 0.0, 0.0, 0.0, 1.0, 1.0, 0.0, 0.0, 0.0, 0.0, 0.0, 0.0, 1.0, 0.0, 0.0, 0.0, 1.0], "coverage": [0.06707899305555555, 0.019756944444444445, 0.07125868055555555, 0.13003038194444444, 1.0, 1.0, 0.37139756944444446, 0.31190538194444445, 0.25609375, 0.30822048611111114, 0.0496875, 0.6568619791666667, 1.0, 0.6179036458333333, 0.31008680555555557, 0.42911458333333335, 1.0], "coverage_estimated_first_order_diff": [0.3162768544823233, 0.3490880497685184, 0.32470210174663294, 0.2854367292718855, -0.013586019044612874, 0.01398000841750835, 0.21974654093013457, 0.2475059974747475, 0.25082778566919184, 0.25077280881733993, 0.3018468250210438, 0.4053978719486534, -0.34088134206649834, 0.564119136679293, 0.42744901883417497, 0.3671933606902356, -0.788300280145202], "coverage_estimated_second_order_diff": [-0.0017697482638888984, -0.004135199652777782, -0.0025282118055555414, -0.001436631944444433, -0.23390299479166687, -0.2342057291666667, -0.009135199652777815, -0.012477213541666643, -0.01488064236111114, -0.020074869791666672, -0.010335286458333322, -0.11429253472222245, -0.23392252604166663, -0.15733723958333334, -0.08588107638888884, -0.05024088541666666, -0.006018880208333077]}