{"coverage_estimated_first_order": [0.30006372448442753, 0.8502759048821548, 0.759403609006734, 0.7175117108585859, 0.30893213120791246, 0.8853049900042086, 0.892032486321549, 1.034313854692761, 0.3824946719802188, 0.8903252341119531, 0.6633009496001684, 0.5772286142676768, 0.545205918560606, 0.7275615030513468, 0.6910607875631314, 0.4815909169823232, 0.3298643742108585], "coverage_estimated_second_order": [0.9968793402777777, 0.6299207899305556, 0.5377886284722221, 0.509367404513889, 0.9979188368055556, 0.6924533420138891, 0.6460015190972221, 0.7390017361111111, 0.9957682291666667, 0.6440299479166668, 0.46571940104166676, 0.39187282986111116, 0.34635091145833324, 0.5287478298611111, 0.49453776041666664, 0.3355490451388889, 0.9963574218750001], "sol": [1.0, 0.0, 0.0, 0.0, 1.0, 0.0, 0.0, 0.0, 1.0, 0.0, 0.0, 0.0, 0.0, 0.0, 0.0, 0.0, 1.0], "coverage": [1.0, 0.6303689236111111, 0.5369965277777777, 0.5089496527777778, 1.0, 0.6907552083333334, 0.6476041666666666, 0.7405598958333334, 1.0, 0.6455512152777778, 0.4664670138888889, 0.39307291666666666, 0.34706163194444445, 0.5287543402777778, 0.49279947916666667, 0.3355685763888889, 1.0], "coverage_estimated_first_order_diff": [-0.6999362755155725, 0.2199069812710437, 0.22240708122895625, 0.20856205808080808, -0.6910678687920875, 0.19454978167087522, 0.24442831965488232, 0.2937539588594277, -0.6175053280197812, 0.24477401883417527, 0.1968339357112795, 0.18415569760101014, 0.1981442866161615, 0.19880716277356902, 0.19826130839646472, 0.14602234059343433, -0.6701356257891415], "coverage_estimated_second_order_diff": [-0.0031206597222223076, -0.00044813368055551805, 0.0007921006944443532, 0.00041775173611113825, -0.002081163194444402, 0.0016981336805557135, -0.0016026475694445041, -0.0015581597222222854, -0.004231770833333259, -0.0015212673611110228, -0.0007476128472221344, -0.0012000868055555003, -0.0007107204861112049, -6.5104166666607455e-06, 0.0017382812499999734, -1.9531249999982236e-05, -0.0036425781249999067]}