{"coverage_estimated_first_order": [1.5170895386153196, 1.2164501880787038, 1.1612315064709595, 1.5029646780303032, 0.36160590803872067, 0.34693108164983155, 0.2951762810395623, 0.8028676215277776, 0.6068992424242426, 0.4608406749789563, 0.9327278922032827, 0.30039090119949496, 0.30044529145622884, 0.34928663194444437, 0.7363585569234006, 0.21399023569023568, 0.5845992582070708], "coverage_estimated_second_order": [0.459205729166667, 0.6439865451388889, 0.6429991319444448, 0.5424457465277778, 0.034586588541666664, 0.03197591145833334, 0.9832356770833336, 0.5994249131944446, 0.39220160590277775, 0.24996419270833328, 0.6449707031250002, 0.04705403645833333, 0.03738064236111111, 0.05799587673611111, 0.26392578125, 0.0, 0.35906250000000006], "sol": [0.0, 1.0, 1.0, 0.0, 0.0, 0.0, 1.0, 0.0, 0.0, 0.0, 1.0, 0.0, 0.0, 0.0, 0.0, 0.0, 0.0], "coverage": [0.7201649305555555, 1.0, 1.0, 0.7744010416666667, 0.03686197916666667, 0.03375, 1.0, 0.6073871527777778, 0.3971354166666667, 0.25212673611111114, 1.0, 0.05106336805555556, 0.03891927083333333, 0.06130208333333333, 0.3136328125, 0.0, 0.3705425347222222], "coverage_estimated_first_order_diff": [0.7969246080597641, 0.21645018807870375, 0.16123150647095952, 0.7285636363636365, 0.324743928872054, 0.31318108164983155, -0.7048237189604377, 0.1954804687499998, 0.20976382575757596, 0.20871393886784517, -0.06727210779671733, 0.2493275331439394, 0.2615260206228955, 0.28798454861111106, 0.42272574442340055, 0.21399023569023568, 0.2140567234848486], "coverage_estimated_second_order_diff": [-0.2609592013888885, -0.35601345486111113, -0.3570008680555552, -0.2319552951388889, -0.0022753906250000053, -0.001774088541666663, -0.016764322916666408, -0.007962239583333197, -0.004933810763888935, -0.0021625434027778556, -0.35502929687499984, -0.004009331597222228, -0.0015386284722222199, -0.003306206597222222, -0.04970703125000003, 0.0, -0.011480034722222143]}