{"coverage_estimated_first_order": [0.5614398121843434, 0.5265747001262626, 0.5094182738846802, 0.4788356928661616, 1.1923021280513468, 1.038433475378788, 0.21756626157407405, 0.7981815682870369, 0.6066402067550507, 0.47084718539562287, 0.5229069049873737, 0.49227813289141403, 0.625327840909091, 0.640407570496633, 0.6329803451178451, 0.5712734664351853, 0.5186989793771044], "coverage_estimated_second_order": [0.27616753472222233, 0.22035264756944445, 0.21217230902777778, 0.2037836371527778, 0.6193988715277777, 0.5360112847222223, 0.9979069010416667, 0.6071082899305557, 0.39967773437500015, 0.26175347222222217, 0.25705403645833336, 0.22462782118055552, 0.29258246527777776, 0.9412282986111111, 0.9412282986111113, 0.9433213975694446, 0.3567664930555556], "sol": [0.0, 0.0, 0.0, 0.0, 0.0, 0.0, 1.0, 0.0, 0.0, 0.0, 0.0, 0.0, 0.0, 1.0, 1.0, 1.0, 0.0], "coverage": [0.2760286458333333, 0.22034288194444446, 0.2119704861111111, 0.20348524305555554, 0.6676258680555556, 0.5843619791666667, 1.0, 0.6076605902777777, 0.4000607638888889, 0.2622265625, 0.25679253472222224, 0.23069878472222222, 0.3168142361111111, 1.0, 1.0, 1.0, 0.35693142361111113], "coverage_estimated_first_order_diff": [0.28541116635101005, 0.30623181818181816, 0.29744778777356906, 0.2753504498106061, 0.5246762599957913, 0.4540714962121214, -0.7824337384259259, 0.19052097800925916, 0.2065794428661618, 0.2086206228956229, 0.26611437026515145, 0.2615793481691918, 0.3085136047979799, -0.359592429503367, -0.36701965488215493, -0.4287265335648147, 0.16176755576599328], "coverage_estimated_second_order_diff": [0.00013888888888902162, 9.765624999991118e-06, 0.0002018229166666774, 0.0002983940972222654, -0.04822699652777784, -0.0483506944444444, -0.002093098958333317, -0.00055230034722209, -0.00038302951388874407, -0.0004730902777778101, 0.0002615017361111138, -0.006070963541666696, -0.024231770833333333, -0.058771701388888875, -0.05877170138888865, -0.05667860243055545, -0.00016493055555555358]}