{"coverage_estimated_first_order": [0.8240243818392257, 0.27457985716540406, 0.8901820312500001, 0.7641869923190237, 0.9136643176557239, 0.306499605429293, 0.9715662352693599, 0.5144753459069866, 1.2599662405303034, 0.5270701796611951, 0.7266282986111113, 0.5564234927398991, 0.5994170401936026, 0.6237124658038722, 0.6190128340698654, 0.4739578151304714, 0.6036128972011785], "coverage_estimated_second_order": [0.631941189236111, 0.9980598958333332, 0.6926323784722223, 0.5714214409722222, 0.6890234375000002, 0.9883973524305556, 0.6460828993055556, 0.9875130208333334, 0.8336143663194443, 0.9872699652777778, 0.5444932725694446, 0.3241156684027778, 0.3631640625, 0.41009114583333334, 0.4181467013888889, 0.3250390625, 0.3764767795138888], "sol": [0.0, 1.0, 0.0, 0.0, 0.0, 1.0, 0.0, 1.0, 0.0, 1.0, 0.0, 0.0, 0.0, 0.0, 0.0, 0.0, 0.0], "coverage": [0.6316102430555556, 1.0, 0.6884982638888889, 0.5694791666666666, 0.6942491319444445, 1.0, 0.6498350694444445, 1.0, 0.8437196180555555, 1.0, 0.5452907986111111, 0.3325824652777778, 0.37158854166666666, 0.4145920138888889, 0.4189626736111111, 0.32504340277777777, 0.3781640625], "coverage_estimated_first_order_diff": [0.19241413878367009, -0.7254201428345959, 0.20168376736111115, 0.194707825652357, 0.21941518571127938, -0.693500394570707, 0.32173116582491545, -0.4855246540930134, 0.41624662247474786, -0.47292982033880493, 0.18133750000000026, 0.2238410274621213, 0.22782849852693599, 0.2091204519149833, 0.2000501604587543, 0.14891441235269365, 0.2254488347011785], "coverage_estimated_second_order_diff": [0.0003309461805554026, -0.0019401041666667895, 0.004134114583333348, 0.0019422743055556024, -0.005225694444444318, -0.011602647569444402, -0.003752170138888844, -0.012486979166666634, -0.01010525173611121, -0.012730034722222228, -0.0007975260416664964, -0.008466796875000016, -0.008424479166666665, -0.004500868055555551, -0.0008159722222222388, -4.340277777792334e-06, -0.0016872829861112049]}