{"coverage_estimated_first_order": [0.5015355823863634, 1.154716181344697, 0.9117493805239898, 0.7379200902251682, 0.5780215277777777, 0.5190577388468013, 0.22428106586700342, 0.23296926951809765, 0.221900645780724, 0.20378873237584175, 0.48588260732323224, 0.26526672322180134, 0.27630826231060596, 0.4986331202651515, 0.8011209964225589, 0.1081657433712121, 0.18520515177819868], "coverage_estimated_second_order": [1.0, 0.7979047309027779, 0.6116471354166667, 0.4639713541666666, 0.408251953125, 0.3481521267361112, 0.015635850694444446, 0.01220486111111111, 0.009673394097222222, 0.011200086805555556, 1.0, 0.09363823784722224, 0.099130859375, 0.33954644097222214, 0.5720562065972222, 0.9999999999999999, 0.017763671874999998], "sol": [1.0, 0.0, 0.0, 0.0, 0.0, 0.0, 0.0, 0.0, 0.0, 0.0, 1.0, 0.0, 0.0, 0.0, 0.0, 1.0, 0.0], "coverage": [1.0, 0.7962934027777778, 0.6086414930555556, 0.4629817708333333, 0.4079817708333333, 0.3478819444444444, 0.015555555555555555, 0.012105034722222222, 0.009596354166666666, 0.011141493055555556, 1.0, 0.09336805555555555, 0.09893229166666667, 0.3392751736111111, 0.5716927083333333, 1.0, 0.01755642361111111], "coverage_estimated_first_order_diff": [-0.4984644176136366, 0.35842277856691906, 0.3031078874684342, 0.27493831939183494, 0.1700397569444444, 0.17117579440235686, 0.20872551031144787, 0.22086423479587544, 0.21230429161405734, 0.19264723932028618, -0.5141173926767677, 0.17189866766624579, 0.17737597064393928, 0.1593579466540404, 0.22942828808922555, -0.8918342566287879, 0.16764872816708756], "coverage_estimated_second_order_diff": [0.0, 0.0016113281250000888, 0.003005642361111116, 0.0009895833333333215, 0.0002701822916666985, 0.000270182291666754, 8.029513888889103e-05, 9.982638888888888e-05, 7.703993055555546e-05, 5.8593750000000486e-05, 0.0, 0.0002701822916666846, 0.00019856770833333315, 0.00027126736111104943, 0.00036349826388892836, -1.1102230246251565e-16, 0.0002072482638888866]}