{"coverage_estimated_first_order": [0.5496922361637206, 0.6341761455702861, 0.7222780395096802, 0.165117781986532, 0.3937203125, 0.4067150410353536, 0.6919355402988214, 0.8399972971906567, 0.22018316761363638, 0.7712611781881317, 0.4603381747159093, 0.1968292034932661, 0.6562611111111112, 0.3783233822601011, 0.26543168139730644, 0.20429568076599336, 0.5409981073758418], "coverage_estimated_second_order": [0.3976898871527777, 0.4786588541666667, 0.5909928385416666, 0.999677734375, 0.18914605034722223, 0.21483615451388888, 0.5811675347222223, 0.7199294704861109, 0.9996777343749998, 0.6457899305555556, 0.3112912326388889, 0.999677734375, 0.5058723958333333, 0.20188368055555556, 0.06317274305555555, 0.05995442708333333, 0.44622070312499995], "sol": [0.0, 0.0, 0.0, 1.0, 0.0, 0.0, 0.0, 0.0, 1.0, 0.0, 0.0, 1.0, 0.0, 0.0, 0.0, 0.0, 0.0], "coverage": [0.3961328125, 0.4758072916666667, 0.5867274305555555, 1.0, 0.18878472222222223, 0.2146701388888889, 0.580234375, 0.7187109375, 1.0, 0.6451519097222222, 0.310546875, 1.0, 0.5054470486111111, 0.20176649305555555, 0.06288194444444445, 0.060004340277777776, 0.44513888888888886], "coverage_estimated_first_order_diff": [0.15355942366372066, 0.15836885390361943, 0.13555060895412463, -0.8348822180134681, 0.20493559027777777, 0.19204490214646472, 0.11170116529882146, 0.12128635969065671, -0.7798168323863637, 0.12610926846590942, 0.14979129971590932, -0.8031707965067338, 0.15081406250000007, 0.17655688920454554, 0.202549736952862, 0.14429134048821557, 0.09585921848695289], "coverage_estimated_second_order_diff": [0.0015570746527777124, 0.0028515625000000155, 0.0042654079861110805, -0.00032226562500003997, 0.00036132812500000444, 0.0001660156249999878, 0.0009331597222222987, 0.001218532986110854, -0.000322265625000151, 0.0006380208333333082, 0.000744357638888915, -0.00032226562500003997, 0.00042534722222220545, 0.00011718750000000444, 0.00029079861111110106, -4.991319444444531e-05, 0.0010818142361110894]}