{"coverage_estimated_first_order": [1.0161015993265994, 0.4356351365214647, 0.9844768018728957, 0.7734945864898991, 0.556558033459596, 0.500751907091751, 1.0898666877104375, 0.727694451020623, 0.7193588212857746, 1.0083613899410775, 0.8928724458122896, 0.3986684027777779, 0.43019335805976444, 0.5226923032407409, 0.3913207807239058, 0.41911807659932665, 0.6115832254840067], "coverage_estimated_second_order": [0.7111490885416668, 0.9963075086805556, 0.712052951388889, 0.5683604600694443, 0.28070312500000005, 0.2268088107638888, 0.6348773871527778, 0.9921896701388889, 0.9922460937500001, 0.58826171875, 0.6018891059027779, 0.1475618489583333, 0.19214192708333333, 0.27954861111111107, 0.9955653211805553, 0.24389322916666667, 0.32322699652777764], "sol": [0.0, 1.0, 0.0, 0.0, 0.0, 0.0, 0.0, 1.0, 1.0, 0.0, 0.0, 0.0, 0.0, 0.0, 1.0, 0.0, 0.0], "coverage": [0.7119704861111111, 1.0, 0.7096484375, 0.5685329861111111, 0.2819878472222222, 0.2279296875, 0.6369574652777777, 1.0, 1.0, 0.5913585069444445, 0.6041840277777778, 0.15041232638888888, 0.19404513888888889, 0.27998697916666665, 1.0, 0.24391927083333334, 0.32438368055555555], "coverage_estimated_first_order_diff": [0.30413111321548825, -0.5643648634785353, 0.2748283643728957, 0.20496160037878797, 0.2745701862373738, 0.272822219591751, 0.45290922243265974, -0.272305548979377, -0.28064117871422545, 0.417002882996633, 0.28868841803451184, 0.248256076388889, 0.23614821917087556, 0.24270532407407425, -0.6086792192760941, 0.1751988057659933, 0.2871995449284511], "coverage_estimated_second_order_diff": [-0.0008213975694443265, -0.00369249131944438, 0.0024045138888890705, -0.00017252604166684282, -0.0012847222222221455, -0.0011208767361111927, -0.0020800781249999956, -0.007810329861111076, -0.007753906249999942, -0.0030967881944444775, -0.002294921874999911, -0.0028504774305555813, -0.0019032118055555547, -0.00043836805555558245, -0.004434678819444704, -2.6041666666670737e-05, -0.00115668402777791]}