{"coverage_estimated_first_order": [0.6150752327967173, 0.8116976496738214, 0.17450169139309768, 0.7053520925399832, 0.4654007233796297, 0.5206986268939393, 0.48064365004208753, 0.520873178398569, 0.7202637692024414, 0.2167705913299663, 0.5359454190340909, 0.7105328611637207, 0.21946559606481475, 0.4323057186447811, 0.4202612926136363, 0.2164127498947811, 0.40335172164351857], "coverage_estimated_second_order": [0.484443359375, 0.6933615451388888, 0.999541015625, 0.5952983940972222, 0.27299804687499996, 0.3288975694444443, 0.33683485243055555, 0.36713433159722214, 0.5831119791666667, 0.999541015625, 0.40979600694444446, 0.5487565104166665, 0.999541015625, 0.26773871527777776, 0.2610210503472222, 0.07589301215277777, 0.2821538628472222], "sol": [0.0, 0.0, 1.0, 0.0, 0.0, 0.0, 0.0, 0.0, 0.0, 1.0, 0.0, 0.0, 1.0, 0.0, 0.0, 0.0, 0.0], "coverage": [0.4816970486111111, 0.6877604166666667, 1.0, 0.5908767361111111, 0.2722092013888889, 0.3280034722222222, 0.3363064236111111, 0.36645833333333333, 0.5821397569444444, 1.0, 0.4082942708333333, 0.5486675347222222, 1.0, 0.26717881944444444, 0.2604904513888889, 0.07584635416666667, 0.2816927083333333], "coverage_estimated_first_order_diff": [0.13337818418560615, 0.12393723300715476, -0.8254983086069023, 0.11447535642887208, 0.1931915219907408, 0.1926951546717171, 0.1443372264309764, 0.15441484506523562, 0.13812401225799698, -0.7832294086700338, 0.12765114820075757, 0.16186532644149854, -0.7805344039351853, 0.16512689920033669, 0.15977084122474744, 0.1405663957281144, 0.12165901331018525], "coverage_estimated_second_order_diff": [0.0027463107638888706, 0.005601128472222161, -0.00045898437500002665, 0.004421657986111049, 0.0007888454861110783, 0.0008940972222221122, 0.0005284288194444264, 0.0006759982638888107, 0.0009722222222222632, -0.00045898437500002665, 0.0015017361111111516, 8.897569444432651e-05, -0.00045898437500002665, 0.0005598958333333237, 0.0005305989583333504, 4.665798611110106e-05, 0.00046115451388889506]}