{"coverage_estimated_first_order": [0.8639688788930977, 0.2775853680029461, 0.9354793402777777, 0.777838349642256, 0.4456178030303031, 1.0977324547558922, 0.5898841145833333, 0.5520492818813132, 0.4962049952651513, 0.511914104587542, 0.7440257759890574, 0.915544718013468, 0.4351567734638046, 0.8871700889099325, 0.7517285984848485, 0.5363403645833333, 0.21754160222011784], "coverage_estimated_second_order": [0.6775792100694443, 0.9952148437500001, 0.7431412760416666, 0.5886219618055555, 0.9934494357638889, 0.7535915798611112, 0.3727278645833334, 0.3132562934027777, 0.25629123263888887, 0.292041015625, 0.5575162760416668, 0.6507855902777776, 0.9935286458333334, 0.5929351128472221, 0.5010091145833333, 0.3600944010416667, 0.9980186631944447], "sol": [0.0, 1.0, 0.0, 0.0, 1.0, 0.0, 0.0, 0.0, 0.0, 0.0, 0.0, 0.0, 1.0, 0.0, 0.0, 0.0, 1.0], "coverage": [0.6772309027777778, 1.0, 0.7401909722222222, 0.5869401041666666, 1.0, 0.7579253472222223, 0.37428819444444444, 0.3141579861111111, 0.2569921875, 0.292890625, 0.5591710069444444, 0.6523307291666667, 1.0, 0.5972395833333334, 0.5038932291666667, 0.3601171875, 1.0], "coverage_estimated_first_order_diff": [0.18673797611531995, -0.7224146319970539, 0.1952883680555555, 0.1908982454755893, -0.5543821969696969, 0.33980710753366994, 0.2155959201388889, 0.23789129577020207, 0.2392128077651513, 0.21902347958754204, 0.18485476904461295, 0.26321398884680136, -0.5648432265361953, 0.28993050557659916, 0.24783536931818184, 0.17622317708333335, -0.7824583977798821], "coverage_estimated_second_order_diff": [0.00034830729166657193, -0.004785156249999867, 0.0029503038194443887, 0.0016818576388888395, -0.006550564236111112, -0.004333767361111018, -0.0015603298611110428, -0.0009016927083334014, -0.0007009548611111582, -0.0008496093750000044, -0.001654730902777679, -0.001545138888889075, -0.006471354166666554, -0.004304470486111267, -0.0028841145833333748, -2.278645833331261e-05, -0.001981336805555345]}