{"coverage_estimated_first_order": [0.3785352456860269, 0.3623170849116161, 0.4130632523148148, 0.46826093486952863, 0.7112258364898989, 1.3582740030513467, 0.2248526672979798, 0.8142181712962961, 0.652666156355219, 0.5542983638468013, 0.33735378261784515, 0.8515892781986532, 0.4590669691708753, 1.090860508733165, 0.7926283512205387, 0.48284280566077437, 0.5568842829335017], "coverage_estimated_second_order": [0.06409179687499998, 0.015577256944444446, 0.09265733506944444, 0.19192708333333333, 0.9433604600694445, 0.7737282986111111, 0.9947081163194447, 0.6136512586805557, 0.44200629340277775, 0.34969509548611116, 0.046821831597222224, 0.5488118489583335, 0.9433604600694446, 0.6092133246527778, 0.41450195312500004, 0.9486523437500001, 0.39861870659722226], "sol": [0.0, 0.0, 0.0, 0.0, 1.0, 0.0, 1.0, 0.0, 0.0, 0.0, 0.0, 0.0, 1.0, 0.0, 0.0, 1.0, 0.0], "coverage": [0.06404079861111112, 0.015486111111111112, 0.09250434027777778, 0.1916015625, 1.0, 0.8274131944444445, 1.0, 0.6172222222222222, 0.4449045138888889, 0.35171875, 0.04708767361111111, 0.5672439236111111, 1.0, 0.6541710069444444, 0.4403255208333333, 1.0, 0.4001605902777778], "coverage_estimated_first_order_diff": [0.3144944470749158, 0.34683097380050504, 0.320558912037037, 0.27665937236952864, -0.2887741635101011, 0.5308608086069022, -0.7751473327020202, 0.19699594907407392, 0.20776164246633005, 0.2025796138468013, 0.29026610900673405, 0.28434535458754207, -0.5409330308291247, 0.4366895017887207, 0.35230283038720533, -0.5171571943392257, 0.1567236926557239], "coverage_estimated_second_order_diff": [5.0998263888865636e-05, 9.11458333333337e-05, 0.0001529947916666663, 0.0003255208333333426, -0.05663953993055548, -0.05368489583333336, -0.0052918836805553315, -0.0035709635416665275, -0.0028982204861111582, -0.0020236545138888618, -0.00026584201388888534, -0.01843207465277763, -0.05663953993055537, -0.044957682291666634, -0.025823567708333273, -0.05134765624999993, -0.0015418836805555225]}