{"coverage_estimated_first_order": [0.7345156000105219, 0.18149238215488217, 0.7997212213278618, 0.606268219960017, 0.4571775410353536, 0.48490889362373735, 0.5355084438131315, 0.7408732441603536, 0.18920358007154875, 0.7410200297243268, 0.6483042284827443, 0.672217480797559, 0.18140622632575756, 0.42696921559343437, 0.4846430660774411, 0.2164127498947811, 0.36719707623106057], "coverage_estimated_second_order": [0.6286425781249999, 0.9995551215277779, 0.6918771701388888, 0.48245334201388884, 0.26740885416666665, 0.30950954861111113, 0.40256618923611115, 0.6214474826388888, 0.999555121527778, 0.6309852430555556, 0.544045138888889, 0.5382248263888888, 0.9995551215277778, 0.26291232638888884, 0.3439301215277777, 0.07589301215277777, 0.2467556423611111], "sol": [0.0, 1.0, 0.0, 0.0, 0.0, 0.0, 0.0, 0.0, 1.0, 0.0, 0.0, 0.0, 1.0, 0.0, 0.0, 0.0, 0.0], "coverage": [0.6268706597222222, 1.0, 0.6859375, 0.47946614583333336, 0.26668836805555557, 0.30875, 0.4021527777777778, 0.6202690972222222, 1.0, 0.6306076388888889, 0.5434244791666667, 0.5381163194444445, 1.0, 0.26252604166666665, 0.34337673611111114, 0.07584635416666667, 0.24647135416666666], "coverage_estimated_first_order_diff": [0.10764494028829963, -0.8185076178451178, 0.11378372132786185, 0.12680207412668365, 0.190489172979798, 0.17615889362373732, 0.13335566603535365, 0.12060414693813137, -0.8107964199284512, 0.11041239083543786, 0.10487974931607758, 0.13410116135311456, -0.8185937736742425, 0.16444317392676772, 0.14126632996632998, 0.1405663957281144, 0.12072572206439391], "coverage_estimated_second_order_diff": [0.0017719184027776835, -0.00044487847222207666, 0.005939670138888853, 0.0029871961805554847, 0.000720486111111085, 0.0007595486111111049, 0.0004134114583333459, 0.0011783854166665941, -0.00044487847222196564, 0.0003776041666666563, 0.0006206597222222499, 0.00010850694444430875, -0.0004448784722221877, 0.00038628472222218546, 0.0005533854166665519, 4.665798611110106e-05, 0.0002842881944444542]}