{"coverage_estimated_first_order": [0.36874259259259273, 0.36721002472643094, 0.34967218013468016, 0.39578118949915836, 1.4688265519781145, 0.7796055345117846, 0.792801570391414, 0.2570463686342592, 0.8467978377525254, 0.684481839225589, 0.3699530171506735, 1.000324350273569, 0.6389977877735691, 0.7223612873526937, 0.750108491161616, 0.7355308370159932, 0.4933064472853535], "coverage_estimated_second_order": [0.05155815972222222, 0.01328884548611111, 0.011917317708333331, 0.10341688368055554, 0.6734125434027779, 0.8125401475694445, 0.5943446180555557, 0.9730403645833332, 0.6311241319444443, 0.44694010416666674, 0.05747504340277776, 0.5134483506944444, 0.814382595486111, 0.8200466579861111, 0.2579752604166667, 0.40390624999999997, 0.32434027777777774], "sol": [0.0, 0.0, 0.0, 0.0, 0.0, 1.0, 0.0, 1.0, 0.0, 0.0, 0.0, 0.0, 1.0, 1.0, 0.0, 0.0, 0.0], "coverage": [0.05305555555555556, 0.01741753472222222, 0.014791666666666667, 0.10505208333333334, 0.8435373263888889, 1.0, 0.6066753472222223, 1.0, 0.6530729166666667, 0.4688671875, 0.06759114583333334, 0.6124782986111111, 1.0, 1.0, 0.3389453125, 0.4464236111111111, 0.3271527777777778], "coverage_estimated_first_order_diff": [0.31568703703703715, 0.3497924900042087, 0.3348805134680135, 0.29072910616582504, 0.6252892255892256, -0.2203944654882154, 0.1861262231691917, -0.7429536313657408, 0.1937249210858587, 0.21561465172558902, 0.30236187131734016, 0.3878460516624579, -0.3610022122264309, -0.27763871264730633, 0.41116317866161606, 0.2891072259048821, 0.1661536695075757], "coverage_estimated_second_order_diff": [-0.0014973958333333384, -0.004128689236111111, -0.002874348958333335, -0.001635199652777794, -0.170124782986111, -0.18745985243055552, -0.012330729166666554, -0.026959635416666794, -0.021948784722222392, -0.021927083333333264, -0.010116102430555579, -0.09902994791666675, -0.18561740451388897, -0.1799533420138889, -0.0809700520833333, -0.04251736111111115, -0.002812500000000051]}