{"coverage_estimated_first_order": [0.2540964343960438, 0.8425008233375422, 0.7085250315656566, 0.6227988268097644, 0.6794445812289562, 0.6496223826809764, 0.785701665088384, 1.0760522674663302, 0.6775384035669195, 0.6598451954440238, 0.6409610795454546, 0.4807736347853537, 0.4540328598484848, 0.5546083385942762, 0.7054418376473065, 0.16166330229377102, 0.5274450336700337], "coverage_estimated_second_order": [0.9971093749999999, 0.6249717881944445, 0.4805447048611111, 0.39995334201388894, 0.4236143663194445, 0.40023437500000003, 0.42761393229166667, 0.6372710503472222, 0.997109375, 0.997109375, 0.4426095920138889, 0.23481770833333335, 0.2046647135416667, 0.32369683159722223, 0.5041015624999999, 0.9999999999999999, 0.2671495225694444], "sol": [1.0, 0.0, 0.0, 0.0, 0.0, 0.0, 0.0, 0.0, 1.0, 1.0, 0.0, 0.0, 0.0, 0.0, 0.0, 1.0, 0.0], "coverage": [1.0, 0.6246397569444444, 0.4790494791666667, 0.39957899305555555, 0.42407552083333333, 0.4003515625, 0.42758246527777777, 0.6375043402777778, 1.0, 1.0, 0.4430208333333333, 0.23560329861111112, 0.20526909722222222, 0.32361979166666666, 0.5036892361111112, 1.0, 0.2677994791666667], "coverage_estimated_first_order_diff": [-0.7459035656039562, 0.21786106639309777, 0.22947555239898992, 0.22321983375420884, 0.2553690603956229, 0.2492708201809764, 0.35811919981060625, 0.4385479271885524, -0.3224615964330805, -0.34015480455597624, 0.19794024621212125, 0.24517033617424255, 0.24876376262626257, 0.2309885469276095, 0.20175260153619534, -0.838336697706229, 0.259645554503367], "coverage_estimated_second_order_diff": [-0.0028906250000001465, 0.0003320312500001421, 0.0014952256944444353, 0.00037434895833338144, -0.00046115451388883955, -0.00011718749999994893, 3.146701388889728e-05, -0.00023328993055560243, -0.0028906250000000355, -0.0028906250000000355, -0.000411241319444422, -0.0007855902777777757, -0.0006043836805555147, 7.7039930555578e-05, 0.00041232638888877293, -1.1102230246251565e-16, -0.0006499565972222787]}