{"coverage_estimated_first_order": [0.25517637442129637, 0.2735265506628788, 0.26097635074705394, 0.24353706728745794, 1.0076006523569023, 0.43829363952020206, 0.4148696996001683, 0.5272101154776936, 0.730735675768098, 0.26360600273569024, 0.25539407223274424, 0.8585219973169194, 0.44456147674663293, 0.7294899305555557, 0.4741773411195286, 0.47638032933501684, 0.3527588133943603], "coverage_estimated_second_order": [0.013548177083333333, 0.012260199652777777, 0.010581597222222223, 0.015040147569444443, 0.702390407986111, 0.9576584201388889, 0.24859917534722223, 0.3546299913194444, 0.5664691840277777, 0.957658420138889, 0.031788194444444445, 0.5630783420138887, 0.9576584201388889, 0.4861458333333334, 0.2501551649305556, 0.3439995659722222, 0.21819227430555554], "sol": [0.0, 0.0, 0.0, 0.0, 0.0, 1.0, 0.0, 0.0, 0.0, 1.0, 0.0, 0.0, 1.0, 0.0, 0.0, 0.0, 0.0], "coverage": [0.014136284722222222, 0.012595486111111111, 0.010546875, 0.014817708333333334, 0.7191970486111111, 1.0, 0.25146701388888887, 0.3622829861111111, 0.5796267361111112, 1.0, 0.03326388888888889, 0.5954470486111111, 1.0, 0.49484375, 0.25345052083333336, 0.343984375, 0.21883680555555557], "coverage_estimated_first_order_diff": [0.24104008969907414, 0.2609310645517677, 0.25042947574705393, 0.2287193589541246, 0.2884036037457912, -0.5617063604797979, 0.16340268571127942, 0.1649271293665825, 0.1511089396569868, -0.7363939972643098, 0.22213018334385534, 0.2630749487058083, -0.5554385232533671, 0.23464618055555564, 0.22072682028619522, 0.13239595433501683, 0.13392200783880476], "coverage_estimated_second_order_diff": [-0.0005881076388888889, -0.0003352864583333337, 3.4722222222222446e-05, 0.00022243923611110945, -0.016806640625000147, -0.04234157986111109, -0.0028678385416666397, -0.007652994791666701, -0.013157552083333468, -0.04234157986111098, -0.0014756944444444461, -0.03236870659722235, -0.04234157986111109, -0.008697916666666639, -0.0032953559027777413, 1.5190972222189902e-05, -0.0006445312500000244]}