{"coverage_estimated_first_order": [0.7745344078808922, 0.17943311763468003, 0.7971475681292086, 0.5979575744423401, 0.43656789509680133, 1.0489349615951178, 0.21974619896885522, 0.23568431055345107, 0.23024798637415816, 0.2216824481797138, 0.646152437131734, 0.36795651173190236, 0.45230264625420863, 0.8249988610058923, 0.7861722248526936, 0.3734251736111111, 0.17876740188341747], "coverage_estimated_second_order": [0.6773849826388889, 1.0, 0.6913400607638888, 0.47405273437500006, 1.0, 0.7621668836805556, 0.015907118055555558, 0.022341579861111106, 0.025953776041666668, 0.039182942708333335, 0.5440700954861112, 0.19242513020833335, 0.2855110677083333, 0.5749045138888891, 0.6257562934027778, 1.0, 0.014264322916666667], "sol": [0.0, 1.0, 0.0, 0.0, 1.0, 0.0, 0.0, 0.0, 0.0, 0.0, 0.0, 0.0, 0.0, 0.0, 0.0, 1.0, 0.0], "coverage": [0.6748003472222223, 1.0, 0.6847482638888889, 0.4709244791666667, 1.0, 0.7589713541666666, 0.015707465277777777, 0.021731770833333334, 0.02537326388888889, 0.03893229166666667, 0.5431163194444445, 0.19215711805555555, 0.2845920138888889, 0.5743619791666666, 0.6239322916666666, 1.0, 0.013815104166666667], "coverage_estimated_first_order_diff": [0.09973406065866997, -0.8205668823653199, 0.11239930424031974, 0.1270330952756734, -0.5634321049031987, 0.2899636074284512, 0.20403873369107745, 0.21395253972011774, 0.20487472248526928, 0.18275015651304713, 0.10303611768728949, 0.1757993936763468, 0.16771063236531975, 0.2506368818392256, 0.16223993318602692, -0.6265748263888888, 0.1649522977167508], "coverage_estimated_second_order_diff": [0.0025846354166666474, 0.0, 0.006591796874999889, 0.0031282552083333748, 0.0, 0.003195529513889017, 0.00019965277777778123, 0.0006098090277777725, 0.0005805121527777783, 0.0002506510416666677, 0.0009537760416666874, 0.0002680121527778023, 0.0009190538194444042, 0.0005425347222224319, 0.0018240017361111915, 0.0, 0.00044921875000000083]}