{"coverage_estimated_first_order": [0.7055941156355221, 0.9044050873316498, 0.2646567747790405, 0.8633171611952862, 0.49672112268518515, 0.5360142308501685, 1.0476641940235687, 0.5435383720012626, 1.3146133627946133, 0.5841686382049661, 0.6244467829335018, 0.3408437171191078, 0.7804635732323233, 0.4672445312500001, 0.4322108954124579, 0.2577932396885522, 0.7653658433291247], "coverage_estimated_second_order": [0.4868240017361112, 0.6920052083333332, 0.9973111979166669, 0.6834027777777778, 0.1913823784722223, 0.23432183159722225, 0.7219542100694443, 0.9719194878472222, 0.837370876736111, 0.9714268663194441, 0.41754557291666683, 0.9725520833333333, 0.508220486111111, 0.2049153645833333, 0.17286024305555556, 0.05995442708333333, 0.5449826388888889], "sol": [0.0, 0.0, 1.0, 0.0, 0.0, 0.0, 0.0, 1.0, 0.0, 1.0, 0.0, 1.0, 0.0, 0.0, 0.0, 0.0, 0.0], "coverage": [0.4859809027777778, 0.6886241319444445, 1.0, 0.6802560763888889, 0.19767795138888888, 0.2422265625, 0.7298003472222222, 1.0, 0.8618619791666666, 1.0, 0.4176475694444444, 1.0, 0.5221571180555555, 0.20967447916666668, 0.17526475694444443, 0.060004340277777776, 0.5476128472222223], "coverage_estimated_first_order_diff": [0.21961321285774432, 0.21578095538720532, -0.7353432252209595, 0.18306108480639738, 0.29904317129629626, 0.29378766835016856, 0.3178638468013465, -0.45646162799873735, 0.45275138362794665, -0.4158313617950339, 0.20679921348905733, -0.6591562828808921, 0.25830645517676776, 0.2575700520833334, 0.25694613846801345, 0.19778889941077443, 0.21775299610690246], "coverage_estimated_second_order_diff": [0.0008430989583333992, 0.0033810763888887374, -0.0026888020833331083, 0.0031467013888889506, -0.006295572916666575, -0.00790473090277774, -0.007846137152777932, -0.028080512152777848, -0.024491102430555634, -0.028573133680555918, -0.0001019965277775925, -0.027447916666666683, -0.0139366319444445, -0.00475911458333339, -0.002404513888888876, -4.991319444444531e-05, -0.0026302083333333837]}