{"coverage_estimated_first_order": [0.8229757444234008, 0.8835351246843433, 0.8997725983796296, 0.24405533591119521, 1.3430255076809763, 0.6531575257786195, 0.4440882654671715, 0.3915046427819866, 0.31250050242003363, 0.32771547769360265, 0.7009709438131313, 0.4826230534511785, 0.6510575336700338, 1.013322564183502, 0.5849919981060605, 0.6255880971170036, 0.33027002840909087], "coverage_estimated_second_order": [0.6303342013888891, 0.6709592013888889, 0.6970920138888889, 0.9975868055555556, 0.7538465711805558, 0.9166644965277779, 0.19984592013888888, 0.12036458333333333, 0.03808376736111111, 0.08435221354166667, 0.5127408854166667, 0.23249240451388892, 0.3218522135416667, 0.5541286892361109, 0.9166644965277777, 0.9190776909722224, 0.1311631944444444], "sol": [0.0, 0.0, 0.0, 1.0, 0.0, 1.0, 0.0, 0.0, 0.0, 0.0, 0.0, 0.0, 0.0, 0.0, 1.0, 1.0, 0.0], "coverage": [0.6285633680555556, 0.670234375, 0.6948133680555556, 1.0, 0.8248480902777777, 1.0, 0.19926649305555555, 0.11947482638888889, 0.03759982638888889, 0.08403211805555555, 0.5122786458333334, 0.23539496527777778, 0.3514236111111111, 0.6025824652777778, 1.0, 1.0, 0.1295703125], "coverage_estimated_first_order_diff": [0.19441237636784525, 0.2133007496843432, 0.20495923032407404, -0.7559446640888048, 0.5181774174031986, -0.3468424742213805, 0.24482177241161596, 0.2720298163930977, 0.27490067603114476, 0.2436833596380471, 0.18869229797979792, 0.24722808817340072, 0.29963392255892274, 0.41074009890572416, -0.4150080018939395, -0.3744119028829964, 0.20069971590909086], "coverage_estimated_second_order_diff": [0.0017708333333334991, 0.0007248263888888218, 0.0022786458333332593, -0.002413194444444433, -0.07100151909722197, -0.08333550347222207, 0.0005794270833333337, 0.0008897569444444448, 0.00048394097222222154, 0.00032009548611111605, 0.000462239583333357, -0.0029025607638888673, -0.02957139756944438, -0.048453776041666896, -0.0833355034722223, -0.08092230902777764, 0.001592881944444402]}