{"coverage_estimated_first_order": [1.2116415693392255, 0.8147555726536194, 0.8023553096064814, 1.1487743371212122, 0.7531601878156566, 0.6783998053451179, 0.5508270070496633, 0.5889625552398989, 0.7577659827441079, 0.21719966461489898, 1.0395110321969696, 0.5157552872474748, 0.5501796796085858, 0.24571704545454542, 0.7690459780092591, 0.4196431844486531, 0.42981942866161615], "coverage_estimated_second_order": [0.6658995225694447, 0.9883138020833333, 0.9883051215277779, 0.6106564670138889, 0.5237022569444444, 0.45179036458333327, 0.3317263454861111, 0.3621712239583333, 0.5640494791666668, 0.9942502170138888, 0.6081456163194447, 0.32239149305555553, 0.3478993055555555, 0.9936197916666669, 0.4961870659722221, 0.26006184895833334, 0.2396929253472222], "sol": [0.0, 1.0, 1.0, 0.0, 0.0, 0.0, 0.0, 0.0, 0.0, 1.0, 0.0, 0.0, 0.0, 1.0, 0.0, 0.0, 0.0], "coverage": [0.6735633680555555, 1.0, 1.0, 0.6178645833333334, 0.5274348958333334, 0.45544270833333333, 0.33251736111111113, 0.3633897569444444, 0.5651822916666667, 1.0, 0.6130425347222223, 0.3242578125, 0.3509157986111111, 1.0, 0.4987934027777778, 0.2602039930555556, 0.24196180555555555], "coverage_estimated_first_order_diff": [0.53807820128367, -0.18524442734638058, -0.19764469039351862, 0.5309097537878789, 0.22572529198232327, 0.22295709701178457, 0.21830964593855212, 0.2255727982954545, 0.19258369107744122, -0.782800335385101, 0.42646849747474735, 0.19149747474747475, 0.19926388099747472, -0.7542829545454546, 0.27025257523148133, 0.15943919139309753, 0.1878576231060606], "coverage_estimated_second_order_diff": [-0.007663845486110765, -0.011686197916666696, -0.011694878472222059, -0.007208116319444513, -0.0037326388888889728, -0.0036523437500000644, -0.0007910156250000577, -0.0012185329861111316, -0.0011328124999998579, -0.005749782986111174, -0.004896918402777506, -0.0018663194444444864, -0.0030164930555556246, -0.006380208333333082, -0.0026063368055556646, -0.00014214409722224097, -0.0022688802083333515]}