{"coverage_estimated_first_order": [0.5495861624053032, 1.207387186973906, 1.1736357086489901, 0.6168945351957071, 0.41174032512626263, 0.3888154855850169, 1.1223820759680132, 0.5846210082596803, 1.256110429819024, 0.4862165259364476, 0.8535077046506736, 0.4094530723905725, 0.37281054555976434, 0.3528489478114479, 0.510408101851852, 0.21516086121632993, 0.7031087673611112], "coverage_estimated_second_order": [0.9869498697916665, 0.7346223958333336, 0.7116796874999998, 0.9845572916666667, 0.09492404513888889, 0.08199544270833334, 0.7528776041666668, 0.9877495659722223, 0.8373947482638886, 0.9895355902777777, 0.513427734375, 0.17118815104166663, 0.11986002604166665, 0.06941731770833334, 0.26602105034722223, 0.001482204861111111, 0.4320648871527777], "sol": [1.0, 0.0, 0.0, 1.0, 0.0, 0.0, 0.0, 1.0, 0.0, 1.0, 0.0, 0.0, 0.0, 0.0, 0.0, 0.0, 0.0], "coverage": [1.0, 0.7435026041666667, 0.7189887152777777, 1.0, 0.09509548611111111, 0.08179253472222223, 0.7575260416666667, 1.0, 0.8436935763888889, 1.0, 0.5194748263888889, 0.17134982638888888, 0.12017795138888888, 0.06954427083333334, 0.2659461805555556, 0.001484375, 0.43850694444444444], "coverage_estimated_first_order_diff": [-0.4504138375946968, 0.4638845828072392, 0.4546469933712124, -0.38310546480429286, 0.3166448390151515, 0.30702295086279463, 0.3648560343013465, -0.41537899174031967, 0.4124168534301351, -0.5137834740635524, 0.33403287826178474, 0.23810324600168362, 0.25263259417087547, 0.28330467697811457, 0.24446192129629646, 0.21367648621632993, 0.26460182291666673], "coverage_estimated_second_order_diff": [-0.013050130208333455, -0.00888020833333314, -0.007309027777777977, -0.015442708333333277, -0.0001714409722222282, 0.0002029079861111116, -0.00464843749999988, -0.012250434027777701, -0.0062988281250002665, -0.01046440972222229, -0.006047092013888866, -0.00016167534722225096, -0.00031792534722223376, -0.00012695312499999556, 7.486979166665408e-05, -2.1701388888890113e-06, -0.006442057291666747]}