{"coverage_estimated_first_order": [1.1116456242108583, 1.1590625749684342, 1.540685240425084, 1.1814433449074073, 0.3159378656355219, 0.8879851772937709, 0.30414008575336704, 0.32077422664141414, 0.30968944917929286, 0.29565667350589225, 0.9844342789877947, 0.41865748632154887, 0.48184266361531974, 0.7644726062710439, 1.0318141545664983, 0.4815909169823232, 0.25092942182239064], "coverage_estimated_second_order": [0.6414822048611113, 0.6431217447916668, 0.482316623263889, 0.35035698784722225, 0.9881901041666666, 0.684638671875, 0.020017361111111114, 0.022439236111111115, 0.025476345486111107, 0.04074544270833332, 0.6404644097222223, 0.19590386284722233, 0.26425781249999997, 0.5402278645833334, 0.44838541666666665, 0.3355490451388889, 0.01594835069444445], "sol": [1.0, 1.0, 0.0, 0.0, 1.0, 0.0, 0.0, 0.0, 0.0, 0.0, 1.0, 0.0, 0.0, 0.0, 0.0, 0.0, 0.0], "coverage": [1.0, 1.0, 0.7347005208333334, 0.5402517361111111, 1.0, 0.6888845486111111, 0.024348958333333334, 0.02673611111111111, 0.028919270833333333, 0.043446180555555554, 1.0, 0.2050607638888889, 0.26983072916666667, 0.548125, 0.5696614583333334, 0.3355685763888889, 0.021245659722222223], "coverage_estimated_first_order_diff": [0.11164562421085833, 0.15906257496843423, 0.8059847195917506, 0.6411916087962962, -0.6840621343644782, 0.19910062868265976, 0.2797911274200337, 0.294038115530303, 0.2807701783459595, 0.2522104929503367, -0.015565721012205325, 0.21359672243265998, 0.21201193444865307, 0.21634760627104388, 0.4621526962331649, 0.14602234059343433, 0.22968376210016841], "coverage_estimated_second_order_diff": [-0.3585177951388887, -0.35687825520833316, -0.25238389756944435, -0.18989474826388886, -0.011809895833333361, -0.004245876736111098, -0.004331597222222219, -0.004296874999999995, -0.003442925347222226, -0.0027007378472222315, -0.3595355902777777, -0.009156901041666554, -0.005572916666666705, -0.00789713541666659, -0.12127604166666672, -1.9531249999982236e-05, -0.005297309027777773]}