{"coverage_estimated_first_order": [0.7400336937079124, 0.9005302057028617, 0.26040836621422553, 0.8552003814183502, 0.5278021464646465, 1.1391087831439393, 0.8485831492003365, 0.23670947101220524, 0.7997956544612795, 0.5638816971801345, 0.6139910537668349, 0.469685343013468, 0.5354904698021885, 0.9034785511363637, 0.7943540719696968, 0.4269227325336701, 0.5056075178872053], "coverage_estimated_second_order": [0.534599609375, 0.6939832899305556, 0.9997753906250002, 0.6808430989583332, 0.9997753906250001, 0.7673980034722223, 0.6856553819444443, 0.9997753906250001, 0.6237499999999998, 0.37979166666666664, 0.4141059027777778, 0.23358181423611113, 0.2998090277777777, 0.576476779513889, 0.5421332465277777, 1.0, 0.34672743055555555], "sol": [0.0, 0.0, 1.0, 0.0, 1.0, 0.0, 0.0, 1.0, 0.0, 0.0, 0.0, 0.0, 0.0, 0.0, 0.0, 1.0, 0.0], "coverage": [0.5314756944444444, 0.688046875, 1.0, 0.6762934027777778, 1.0, 0.7643663194444444, 0.6848958333333334, 1.0, 0.6226345486111111, 0.37938368055555555, 0.41253038194444447, 0.2333029513888889, 0.29899305555555555, 0.5761501736111111, 0.5402951388888889, 1.0, 0.34615885416666664], "coverage_estimated_first_order_diff": [0.20855799926346796, 0.21248333070286174, -0.7395916337857744, 0.17890697864057237, -0.4721978535353535, 0.3747424636994948, 0.16368731586700314, -0.7632905289877947, 0.17716110585016842, 0.18449801662457893, 0.20146067182239047, 0.23638239162457908, 0.23649741424663295, 0.32732837752525257, 0.25405893308080785, -0.5730772674663299, 0.15944866372053862], "coverage_estimated_second_order_diff": [0.003123914930555527, 0.0059364149305556335, -0.00022460937499979572, 0.00454969618055534, -0.00022460937499990674, 0.00303168402777787, 0.0007595486111109384, -0.00022460937499990674, 0.0011154513888886886, 0.0004079861111110916, 0.0015755208333333437, 0.00027886284722222765, 0.0008159722222221277, 0.0003266059027778878, 0.0018381076388888085, 0.0, 0.0005685763888889084]}