{"coverage_estimated_first_order": [0.2541006431502526, 0.8428811237373737, 0.7073132391624579, 0.615257922979798, 1.211363904671717, 0.5555336963383839, 0.48057310079966326, 0.5894639230850169, 0.7628204992634683, 0.2514489280829125, 0.6517266124789562, 0.563144544402357, 0.6376560053661616, 0.8492435579755893, 0.8525345091540404, 0.42163088173400676, 0.37782336121633], "coverage_estimated_second_order": [0.9978819444444444, 0.6302235243055557, 0.4842643229166666, 0.39860351562499996, 0.8276388888888887, 0.9978819444444448, 0.2553786892361111, 0.36508246527777777, 0.567451171875, 0.9993174913194446, 0.45899631076388886, 0.3261414930555556, 0.38642795138888897, 0.5552311197916666, 0.6201443142361112, 0.9985644531250001, 0.18774305555555557], "sol": [1.0, 0.0, 0.0, 0.0, 0.0, 1.0, 0.0, 0.0, 0.0, 1.0, 0.0, 0.0, 0.0, 0.0, 0.0, 1.0, 0.0], "coverage": [1.0, 0.6283029513888889, 0.48110243055555557, 0.3967578125, 0.8264192708333333, 1.0, 0.2549045138888889, 0.3641623263888889, 0.5666319444444444, 1.0, 0.4586328125, 0.3267230902777778, 0.3861848958333333, 0.5547743055555555, 0.6185763888888889, 1.0, 0.18734375], "coverage_estimated_first_order_diff": [-0.7458993568497474, 0.21457817234848475, 0.22621080860690235, 0.218500110479798, 0.38494463383838373, -0.4444663036616161, 0.22566858691077435, 0.22530159669612804, 0.19618855481902386, -0.7485510719170875, 0.19309379997895626, 0.23642145412457916, 0.2514711095328283, 0.29446925242003374, 0.2339581202651515, -0.5783691182659932, 0.19047961121632997], "coverage_estimated_second_order_diff": [-0.0021180555555555536, 0.0019205729166668073, 0.0031618923611110294, 0.0018457031249999867, 0.0012196180555553715, -0.0021180555555552205, 0.00047417534722221655, 0.0009201388888888662, 0.0008192274305556246, -0.0006825086805554159, 0.00036349826388887285, -0.0005815972222221744, 0.00024305555555564906, 0.0004568142361111027, 0.0015679253472222765, -0.0014355468749999156, 0.00039930555555556246]}