{"coverage_estimated_first_order": [0.6181110598169193, 1.3847687499999997, 0.6216898661090068, 1.0713064288720537, 1.0546294376052185, 0.39757112794612803, 0.37816878419612787, 0.3570868318602694, 0.3752701257365321, 0.4287548426978116, 0.9679345249368685, 0.35065406013257583, 0.9102819391835016, 0.7802174900042088, 0.7695164378156565, 0.5189314446548823, 0.40609020938552187], "coverage_estimated_second_order": [0.9909516059027781, 0.8390928819444446, 0.9930696614583334, 0.6289073350694444, 0.7527973090277778, 0.9943912760416669, 0.11374674479166669, 0.06816514756944443, 0.10175347222222221, 0.17370334201388887, 0.5950509982638887, 0.9913335503472225, 0.6403960503472221, 0.5055946180555554, 0.5095247395833333, 0.33953667534722226, 0.20309461805555556], "sol": [1.0, 0.0, 1.0, 0.0, 0.0, 1.0, 0.0, 0.0, 0.0, 0.0, 0.0, 1.0, 0.0, 0.0, 0.0, 0.0, 0.0], "coverage": [1.0, 0.8442751736111112, 1.0, 0.6296788194444445, 0.7540928819444445, 1.0, 0.1137890625, 0.06820746527777778, 0.10233506944444444, 0.17549479166666668, 0.6028298611111111, 1.0, 0.6441015625, 0.5087022569444445, 0.510859375, 0.3396440972222222, 0.20325520833333333], "coverage_estimated_first_order_diff": [-0.3818889401830807, 0.5404935763888885, -0.3783101338909932, 0.44162760942760926, 0.3005365556607741, -0.602428872053872, 0.2643797216961279, 0.28887936658249164, 0.2729350562920877, 0.2532600510311449, 0.36510466382575735, -0.6493459398674242, 0.2661803766835017, 0.2715152330597643, 0.2586570628156565, 0.17928734743266006, 0.20283500105218855], "coverage_estimated_second_order_diff": [-0.009048394097221912, -0.005182291666666505, -0.006930338541666581, -0.0007714843750000755, -0.0012955729166667096, -0.005608723958333117, -4.2317708333308723e-05, -4.231770833335036e-05, -0.0005815972222222299, -0.0017914496527778045, -0.007778862847222401, -0.00866644965277752, -0.0037055121527778123, -0.003107638888889097, -0.001334635416666674, -0.00010742187499995781, -0.00016059027777776125]}