{"coverage_estimated_first_order": [0.34474328966750856, 0.36593391729797986, 0.3959046875, 0.4206073811026936, 0.7521297664141413, 0.7838252183291247, 0.7744035932239057, 0.8378974116161617, 0.9642783065025256, 0.44548874026725593, 0.3315266308922559, 0.46098622290614477, 0.8563643781565656, 0.6633980587121213, 0.5372937552609428, 0.2042956807659933, 0.4309865333017678], "coverage_estimated_second_order": [0.02615451388888889, 0.020668402777777782, 0.07363498263888889, 0.1362521701388889, 0.4760069444444445, 0.5162424045138888, 0.5422124565972221, 0.5661328125, 0.671115451388889, 0.9850640190972222, 0.045320095486111114, 0.9850640190972221, 0.5798524305555555, 0.4093381076388889, 0.28828125, 0.9999999999999999, 0.9850640190972224], "sol": [0.0, 0.0, 0.0, 0.0, 0.0, 0.0, 0.0, 0.0, 0.0, 1.0, 0.0, 1.0, 0.0, 0.0, 0.0, 1.0, 1.0], "coverage": [0.02587673611111111, 0.020303819444444444, 0.07322916666666666, 0.13496961805555555, 0.4763237847222222, 0.5168663194444445, 0.5426041666666667, 0.5674739583333334, 0.6714800347222222, 1.0, 0.04500434027777778, 1.0, 0.5837326388888889, 0.4095138888888889, 0.28796006944444447, 1.0, 1.0], "coverage_estimated_first_order_diff": [0.3188665535563974, 0.34563009785353543, 0.32267552083333334, 0.28563776304713806, 0.2758059816919191, 0.26695889888468016, 0.23179942655723906, 0.27042345328282835, 0.2927982717803034, -0.5545112597327441, 0.28652229061447815, -0.5390137770938552, 0.2726317392676767, 0.2538841698232324, 0.24933368581649834, -0.7957043192340068, -0.5690134666982323], "coverage_estimated_second_order_diff": [0.00027777777777777957, 0.0003645833333333383, 0.0004058159722222232, 0.0012825520833333603, -0.00031684027777767465, -0.0006239149305556912, -0.0003917100694446063, -0.0013411458333333348, -0.0003645833333332238, -0.014935980902777812, 0.0003157552083333376, -0.014935980902777923, -0.003880208333333468, -0.00017578125000000666, 0.0003211805555555225, -1.1102230246251565e-16, -0.01493598090277759]}