{"coverage_estimated_first_order": [0.5347408564814816, 0.5270227351641414, 0.44529882417929295, 0.41028376736111116, 0.7527593039772726, 0.7612044139309766, 0.9730744160353533, 0.5194039943707913, 1.290246846064815, 0.5623594657512623, 0.5009982349537038, 0.843359125105219, 0.3988529803240741, 0.7169489977904042, 0.32650300662878795, 0.475038149726431, 0.6342218513257577], "coverage_estimated_second_order": [0.26180013020833326, 0.22421983506944437, 0.13773546006944443, 0.12294704861111111, 0.4216210937499999, 0.42922417534722207, 0.6417925347222222, 0.9780837673611109, 0.8379882812499999, 0.9753320312499999, 0.2435763888888889, 0.5560785590277776, 0.9763519965277778, 0.43239908854166664, 0.9891124131944444, 0.2780403645833333, 0.40894097222222214], "sol": [0.0, 0.0, 0.0, 0.0, 0.0, 0.0, 0.0, 1.0, 0.0, 1.0, 0.0, 0.0, 1.0, 0.0, 1.0, 0.0, 0.0], "coverage": [0.2617404513888889, 0.22409288194444443, 0.13764322916666666, 0.12271267361111111, 0.4335546875, 0.4429296875, 0.6488585069444445, 1.0, 0.8579383680555556, 1.0, 0.2451171875, 0.5773003472222222, 1.0, 0.44059461805555555, 1.0, 0.27796440972222225, 0.4112717013888889], "coverage_estimated_first_order_diff": [0.2730004050925927, 0.302929853219697, 0.3076555950126263, 0.28757109375000006, 0.31920461647727266, 0.3182747264309766, 0.3242159090909088, -0.4805960056292087, 0.43230847800925953, -0.4376405342487377, 0.25588104745370377, 0.2660587778829968, -0.6011470196759259, 0.27635437973484867, -0.673496993371212, 0.19707374000420874, 0.2229501499368688], "coverage_estimated_second_order_diff": [5.967881944435316e-05, 0.00012695312499994005, 9.223090277776791e-05, 0.000234374999999995, -0.011933593750000082, -0.013705512152777932, -0.007065972222222272, -0.021916232638889088, -0.019950086805555656, -0.024667968750000102, -0.0015407986111110883, -0.021221788194444646, -0.02364800347222218, -0.00819552951388891, -0.010887586805555571, 7.595486111106053e-05, -0.0023307291666667673]}