{"coverage_estimated_first_order": [1.155751286300505, 0.6358033551662458, 1.4165580308291246, 0.7538946798716331, 0.2604282118055557, 0.8767191971801345, 0.375683304398148, 0.8820652619949495, 0.6218626788720539, 0.4847161484638048, 0.9393257812500002, 0.404099405513468, 0.47492906144781144, 0.7019730666035353, 0.6667211016414142, 0.48042029145622894, 0.6270644702230641], "coverage_estimated_second_order": [0.7061436631944448, 0.9903591579861112, 0.8612315538194446, 0.9900824652777778, 0.9960687934027779, 0.6865049913194446, 0.9932747395833336, 0.6323209635416667, 0.41226236979166675, 0.2803135850694444, 0.5922471788194444, 0.19937282986111116, 0.2678146701388888, 0.5112489149305555, 0.46873589409722216, 0.3355490451388889, 0.3754307725694444], "sol": [0.0, 1.0, 0.0, 1.0, 1.0, 0.0, 1.0, 0.0, 0.0, 0.0, 0.0, 0.0, 0.0, 0.0, 0.0, 0.0, 0.0], "coverage": [0.7122178819444445, 1.0, 0.8663498263888889, 1.0, 1.0, 0.6861848958333333, 1.0, 0.63390625, 0.4131987847222222, 0.28041666666666665, 0.5969965277777778, 0.19925347222222223, 0.26914496527777776, 0.5140842013888889, 0.4702387152777778, 0.3355685763888889, 0.37808159722222223], "coverage_estimated_first_order_diff": [0.4435334043560606, -0.36419664483375425, 0.5502082044402357, -0.24610532012836694, -0.7395717881944444, 0.19053430134680116, -0.624316695601852, 0.2481590119949495, 0.20866389414983172, 0.20429948179713814, 0.34232925347222243, 0.20484593329124579, 0.20578409617003368, 0.18788886521464643, 0.1964823863636364, 0.14485171506734007, 0.24898287300084188], "coverage_estimated_second_order_diff": [-0.006074218749999694, -0.009640842013888817, -0.005118272569444304, -0.009917534722222232, -0.0039312065972221255, 0.0003200954861113381, -0.006725260416666434, -0.0015852864583333348, -0.0009364149305554625, -0.00010308159722222099, -0.004749348958333344, 0.00011935763888892836, -0.0013302951388889372, -0.002835286458333419, -0.0015028211805556135, -1.9531249999982236e-05, -0.002650824652777828]}