{"coverage_estimated_first_order": [0.6623721170033672, 0.7310092803030303, 0.8579885469276094, 0.33766927477904046, 0.9178119791666668, 0.8515820180976431, 0.7412520254629629, 0.6256503314393941, 0.495259866898148, 0.5078756076388888, 0.5681007049663302, 0.9300891861321547, 0.43513106060606066, 0.4190318339646465, 0.6068232296927609, 0.47556325757575746, 0.31093523910984844], "coverage_estimated_second_order": [0.4308094618055555, 0.4794715711805555, 0.6202029079861112, 0.9973654513888891, 0.5964887152777777, 0.5353493923611112, 0.45378580729166673, 0.35314236111111114, 0.25739474826388886, 0.29397352430555557, 0.33931749131944444, 0.6723101128472222, 0.9970247395833334, 0.9969346788194445, 0.3216807725694445, 0.28779947916666665, 0.9985286458333337], "sol": [0.0, 0.0, 0.0, 1.0, 0.0, 0.0, 0.0, 0.0, 0.0, 0.0, 0.0, 0.0, 1.0, 1.0, 0.0, 0.0, 1.0], "coverage": [0.4295833333333333, 0.4786241319444444, 0.6177039930555556, 1.0, 0.598515625, 0.5375607638888888, 0.45500434027777775, 0.3537369791666667, 0.2576171875, 0.29428819444444443, 0.33911024305555554, 0.6725173611111112, 1.0, 1.0, 0.32126302083333336, 0.2878732638888889, 1.0], "coverage_estimated_first_order_diff": [0.23278878367003386, 0.25238514835858583, 0.24028455387205383, -0.6623307252209596, 0.3192963541666668, 0.31402125420875426, 0.2862476851851851, 0.2719133522727274, 0.23764267939814798, 0.2135874131944444, 0.2289904619107747, 0.2575718250210436, -0.5648689393939393, -0.5809681660353535, 0.28556020885942757, 0.18768999368686856, -0.6890647608901516], "coverage_estimated_second_order_diff": [0.0012261284722221988, 0.0008474392361110805, 0.0024989149305556513, -0.0026345486111108984, -0.002026909722222303, -0.002211371527777617, -0.0012185329861110206, -0.0005946180555555514, -0.00022243923611114935, -0.00031467013888886175, 0.00020724826388890394, -0.00020724826388895945, -0.0029752604166666252, -0.003065321180555469, 0.00041775173611113825, -7.378472222224763e-05, -0.0014713541666663277]}