{"coverage_estimated_first_order": [1.011130752840909, 1.20185499263468, 1.0742658038720538, 1.3550460371948654, 0.301334409196128, 0.2504614898989898, 0.2919136416245791, 0.2362620935921717, 0.22486900121001685, 0.20872402277988222, 1.2621532657302188, 0.20393892703072394, 0.20964389730639726, 0.26459416298400673, 0.6784373237584175, 0.16166330229377104, 0.23671129392887208], "coverage_estimated_second_order": [0.5283138020833336, 0.5283138020833333, 0.5283138020833333, 0.29865234375, 0.05706705729166666, 0.00919704861111111, 0.08468749999999999, 0.00548068576388889, 0.0036946614583333332, 0.004542100694444443, 0.39802517361111106, 0.005532769097222224, 0.0058040364583333325, 0.04446072048611112, 0.24115234374999994, 0.001482204861111111, 0.05755750868055555], "sol": [1.0, 1.0, 1.0, 0.0, 0.0, 0.0, 0.0, 0.0, 0.0, 0.0, 0.0, 0.0, 0.0, 0.0, 0.0, 0.0, 0.0], "coverage": [1.0, 1.0, 1.0, 0.6368489583333333, 0.05889756944444444, 0.010629340277777777, 0.09031684027777778, 0.011098090277777778, 0.008324652777777778, 0.009965277777777778, 0.6500434027777777, 0.0100390625, 0.0072352430555555555, 0.04681857638888889, 0.31926649305555554, 0.001484375, 0.0675390625], "coverage_estimated_first_order_diff": [0.01113075284090903, 0.20185499263467999, 0.07426580387205384, 0.7181970788615321, 0.24243683975168354, 0.23983214962121202, 0.20159680134680133, 0.22516400331439393, 0.21654434843223908, 0.19875874500210444, 0.6121098629524411, 0.19389986453072394, 0.2024086542508417, 0.21777558659511784, 0.35917083070286193, 0.16017892729377103, 0.16917223142887208], "coverage_estimated_second_order_diff": [-0.47168619791666644, -0.47168619791666666, -0.47168619791666666, -0.33819661458333333, -0.001830512152777783, -0.0014322916666666668, -0.005629340277777797, -0.0056174045138888875, -0.004629991319444445, -0.0054231770833333345, -0.25201822916666666, -0.004506293402777775, -0.001431206597222223, -0.002357855902777768, -0.0781141493055556, -2.1701388888890113e-06, -0.009981553819444447]}