{"coverage_estimated_first_order": [0.7806809645938553, 0.7593965790719696, 1.2977103745791245, 1.0723420454545456, 0.30005527672558924, 0.8749687499999999, 0.5856439262415825, 0.5403634127735691, 0.4570602272727272, 0.43484977640993266, 1.0665579335016835, 0.5128843907828283, 0.5048671796085858, 0.7273440288299664, 0.8523462331649833, 0.4815909169823232, 0.18608458412247478], "coverage_estimated_second_order": [0.9870052083333334, 0.9870073784722222, 0.7428580729166665, 0.6134906684027779, 0.9970366753472222, 0.6862575954861112, 0.3650509982638888, 0.30101562499999995, 0.2145399305555555, 0.21227430555555551, 0.628519965277778, 0.3181987847222223, 0.30455729166666673, 0.5260655381944445, 0.5372330729166666, 0.3355490451388889, 0.9895920138888891], "sol": [1.0, 1.0, 0.0, 0.0, 1.0, 0.0, 0.0, 0.0, 0.0, 0.0, 0.0, 0.0, 0.0, 0.0, 0.0, 0.0, 1.0], "coverage": [1.0, 1.0, 0.7510199652777778, 0.6219401041666667, 1.0, 0.6845529513888889, 0.3678342013888889, 0.3027734375, 0.21664930555555556, 0.21487847222222223, 0.6359895833333333, 0.31985677083333336, 0.30539496527777776, 0.5265538194444445, 0.5368967013888889, 0.3355685763888889, 1.0], "coverage_estimated_first_order_diff": [-0.21931903540614472, -0.24060342092803044, 0.5466904093013467, 0.4504019412878789, -0.6999447232744107, 0.1904157986111109, 0.21780972485269356, 0.23758997527356912, 0.24041092171717166, 0.21997130418771044, 0.43056835016835016, 0.19302761994949497, 0.19947221433080808, 0.20079020938552194, 0.31544953177609436, 0.14602234059343433, -0.8139154158775253], "coverage_estimated_second_order_diff": [-0.012994791666666616, -0.012992621527777803, -0.008161892361111311, -0.00844943576388879, -0.002963324652777821, 0.0017046440972222632, -0.0027832031250000777, -0.0017578125000000666, -0.002109375000000052, -0.002604166666666713, -0.007469618055555349, -0.001657986111111065, -0.0008376736111110339, -0.00048828125, 0.0003363715277776569, -1.9531249999982236e-05, -0.010407986111110934]}