{"coverage_estimated_first_order": [0.6605924058291248, 0.7275805923821549, 0.8100526120580808, 0.24516315893308088, 0.9389986505681819, 0.9010744028829967, 0.6401090856481481, 0.6771310237794614, 0.8035268465909093, 0.3002457504734848, 0.5633069339225591, 0.9194343302819866, 0.47895865951178457, 0.43186379945286196, 0.6137396596170033, 0.47556325757575746, 0.5101794086700338], "coverage_estimated_second_order": [0.43230794270833334, 0.47985785590277774, 0.5903765190972222, 0.9976595052083335, 0.5947092013888888, 0.5479351128472222, 0.4352571614583334, 0.4557541232638888, 0.5829047309027777, 0.9886729600694446, 0.33850694444444446, 0.6138107638888888, 0.9870627170138888, 0.9868912760416668, 0.320537109375, 0.28779947916666665, 0.34056749131944436], "sol": [0.0, 0.0, 0.0, 1.0, 0.0, 0.0, 0.0, 0.0, 0.0, 1.0, 0.0, 0.0, 1.0, 1.0, 0.0, 0.0, 0.0], "coverage": [0.43105902777777777, 0.4790234375, 0.5880121527777777, 1.0, 0.6037803819444445, 0.5581467013888889, 0.4368142361111111, 0.4596527777777778, 0.5885763888888889, 1.0, 0.33823350694444443, 0.6238628472222222, 1.0, 1.0, 0.3235894097222222, 0.2878732638888889, 0.3399652777777778], "coverage_estimated_first_order_diff": [0.22953337805134705, 0.2485571548821549, 0.22204045928030303, -0.7548368410669191, 0.3352182686237374, 0.3429277014941078, 0.20329484953703697, 0.21747824600168364, 0.21495045770202048, -0.6997542495265152, 0.22507342697811472, 0.29557148305976444, -0.5210413404882155, -0.568136200547138, 0.29015024989478105, 0.18768999368686856, 0.17021413089225595], "coverage_estimated_second_order_diff": [0.001248914930555567, 0.000834418402777759, 0.0023643663194444775, -0.0023404947916665364, -0.009071180555555669, -0.010211588541666705, -0.0015570746527777124, -0.0038986545138889883, -0.005671657986111134, -0.011327039930555394, 0.00027343750000002887, -0.010052083333333406, -0.012937282986111187, -0.01310872395833318, -0.0030523003472222032, -7.378472222224763e-05, 0.000602213541666563]}