{"coverage_estimated_first_order": [0.6444453006628788, 1.3864052977693602, 0.6238609914246632, 1.08078704229798, 0.7845450652356902, 0.6418142229587542, 0.6735920270412459, 0.8110366819234007, 0.22787812894570714, 0.743119846906566, 0.9710063894149831, 0.47860691550925927, 0.5101629761153199, 0.2648116372053872, 0.7973917403198651, 0.4208138099747474, 0.43819379734848474], "coverage_estimated_second_order": [0.9928081597222222, 0.8407834201388891, 0.9928407118055556, 0.6336404079861111, 0.5511979166666666, 0.41795464409722227, 0.48052625868055554, 0.6188595920138887, 0.9950509982638889, 0.57611328125, 0.6060861545138887, 0.2806955295138888, 0.30620225694444436, 0.9973697916666667, 0.5421506076388887, 0.26154405381944446, 0.25624674479166665], "sol": [1.0, 0.0, 1.0, 0.0, 0.0, 0.0, 0.0, 0.0, 1.0, 0.0, 0.0, 0.0, 0.0, 1.0, 0.0, 0.0, 0.0], "coverage": [1.0, 0.8452994791666667, 1.0, 0.6373003472222222, 0.5513845486111111, 0.4185763888888889, 0.4820529513888889, 0.6211371527777778, 1.0, 0.5770529513888889, 0.610078125, 0.2818967013888889, 0.3065494791666667, 1.0, 0.5406467013888889, 0.26168836805555556, 0.258359375], "coverage_estimated_first_order_diff": [-0.35555469933712125, 0.5411058186026935, -0.3761390085753368, 0.4434866950757578, 0.23316051662457915, 0.22323783406986536, 0.191539075652357, 0.18989952914562291, -0.7721218710542929, 0.16606689551767706, 0.36092826441498305, 0.19671021412037037, 0.20361349694865322, -0.7351883627946127, 0.2567450389309762, 0.1591254419191918, 0.17983442234848473], "coverage_estimated_second_order_diff": [-0.00719184027777775, -0.00451605902777763, -0.007159288194444446, -0.003659939236111076, -0.00018663194444445974, -0.0006217447916666008, -0.0015266927083333326, -0.002277560763889075, -0.004949001736111125, -0.0009396701388888484, -0.003991970486111329, -0.0012011718750000733, -0.000347222222222332, -0.0026302083333332726, 0.0015039062499997424, -0.00014431423611110938, -0.002112630208333355]}