{"coverage_estimated_first_order": [0.7061579571759258, 0.7713332886153197, 0.6406901725589224, 0.5258818707912458, 1.4153127683080806, 0.7066284985269362, 0.3150161642466329, 0.359629577020202, 0.3777191603535354, 0.4364057002314815, 0.2988969394465488, 0.5125817353219697, 1.114565859111953, 0.7079141466750843, 0.8626276278409089, 0.7234137678872055, 0.3559872264309764], "coverage_estimated_second_order": [0.4655360243055555, 0.521935763888889, 0.38780273437499996, 0.2828081597222222, 0.7085112847222225, 0.8465581597222224, 0.03267686631944445, 0.05826280381944443, 0.09274414062500001, 0.16470920138888884, 0.9610167100694443, 0.8519943576388891, 0.5980143229166666, 0.8478851996527778, 0.4721354166666666, 0.39298177083333335, 0.14762044270833338], "sol": [0.0, 0.0, 0.0, 0.0, 0.0, 1.0, 0.0, 0.0, 0.0, 0.0, 1.0, 1.0, 0.0, 1.0, 0.0, 0.0, 0.0], "coverage": [0.4719748263888889, 0.5270529513888889, 0.3896137152777778, 0.28313368055555554, 0.8371180555555555, 1.0, 0.036644965277777775, 0.06569444444444444, 0.10029947916666666, 0.17593315972222223, 1.0, 1.0, 0.6989670138888889, 1.0, 0.5107204861111111, 0.4373090277777778, 0.14826822916666665], "coverage_estimated_first_order_diff": [0.2341831307870369, 0.24428033722643083, 0.2510764572811446, 0.24274819023569028, 0.5781947127525251, -0.2933715014730638, 0.27837119896885515, 0.29393513257575754, 0.27741968118686877, 0.2604725405092593, -0.7011030605534512, -0.4874182646780303, 0.415598845223064, -0.29208585332491566, 0.35190714172979776, 0.28610474010942766, 0.20771899726430976], "coverage_estimated_second_order_diff": [-0.0064388020833333615, -0.005117187499999898, -0.0018109809027778145, -0.00032552083333337034, -0.12860677083333305, -0.15344184027777763, -0.003968098958333326, -0.007431640625000013, -0.007555338541666651, -0.011223958333333395, -0.038983289930555665, -0.1480056423611109, -0.10095269097222237, -0.15211480034722225, -0.03858506944444451, -0.04432725694444445, -0.0006477864583332715]}