{"coverage_estimated_first_order": [1.1172883364898991, 0.6383916074810605, 1.3992922743055556, 0.7777478601115321, 0.3495418429082493, 0.3387714909511785, 1.2226587357954541, 0.5320914154566501, 0.9469157486321549, 0.6924194181397305, 0.9272248237584179, 0.41766691656144783, 0.32980628419612806, 0.313254369212963, 0.4714188604797981, 0.21399023569023568, 0.5040866095854377], "coverage_estimated_second_order": [0.6439973958333336, 0.9810601128472223, 0.8392035590277779, 0.9268532986111111, 0.023510199652777775, 0.025205078124999995, 0.761037326388889, 0.9352517361111111, 0.6366851128472218, 0.4389442274305555, 0.5644911024305557, 0.18864908854166668, 0.07376627604166668, 0.021833767361111107, 0.21957682291666664, 0.0, 0.930461154513889], "sol": [0.0, 1.0, 0.0, 1.0, 0.0, 0.0, 0.0, 1.0, 0.0, 0.0, 0.0, 0.0, 0.0, 0.0, 0.0, 0.0, 1.0], "coverage": [0.6607118055555555, 1.0, 0.8549869791666667, 1.0, 0.023307291666666667, 0.024791666666666667, 0.8179123263888889, 1.0, 0.6457118055555555, 0.4444748263888889, 0.5755338541666667, 0.18856770833333333, 0.073671875, 0.02233940972222222, 0.21985677083333333, 0.0, 1.0], "coverage_estimated_first_order_diff": [0.4565765309343436, -0.3616083925189395, 0.5443052951388889, -0.22225213988846793, 0.3262345512415826, 0.3139798242845118, 0.40474640940656526, -0.46790858454334994, 0.30120394307659937, 0.2479445917508416, 0.35169096959175117, 0.2290992082281145, 0.25613440919612807, 0.2909149594907408, 0.25156208964646476, 0.21399023569023568, -0.4959133904145623], "coverage_estimated_second_order_diff": [-0.016714409722221935, -0.018939887152777724, -0.015783420138888782, -0.0731467013888889, 0.00020290798611110814, 0.00041341145833332857, -0.0568749999999999, -0.06474826388888888, -0.009026692708333672, -0.00553059895833341, -0.011042751736111023, 8.138020833334259e-05, 9.440104166667795e-05, -0.0005056423611111138, -0.0002799479166666896, 0.0, -0.069538845486111]}