{"coverage_estimated_first_order": [0.6167269715382997, 1.3844006812920875, 0.6252130537142258, 1.1580147227483166, 0.40284926609848487, 0.35231901041666663, 1.1601052057028618, 0.7302125355113638, 0.7196064801662461, 1.006154950547138, 0.9386750026304713, 0.37128598484848496, 0.33430445601851855, 0.3456228456439394, 0.5934425478745791, 0.21516086121632993, 0.6625801741372053], "coverage_estimated_second_order": [0.9855772569444445, 0.832496744791667, 0.986064453125, 0.7102701822916666, 0.08127821180555557, 0.03569552951388889, 0.7112065972222223, 0.9866200086805557, 0.98755859375, 0.5834635416666665, 0.5661675347222221, 0.11400065104166668, 0.0695779079861111, 0.05890733506944444, 0.3013693576388889, 0.001482204861111111, 0.3725575086805555], "sol": [1.0, 0.0, 1.0, 0.0, 0.0, 0.0, 0.0, 1.0, 1.0, 0.0, 0.0, 0.0, 0.0, 0.0, 0.0, 0.0, 0.0], "coverage": [1.0, 0.8431597222222222, 1.0, 0.7215017361111111, 0.08178819444444445, 0.03557291666666667, 0.7159939236111111, 1.0, 1.0, 0.5870876736111111, 0.5747873263888889, 0.11458333333333333, 0.06998697916666667, 0.05932725694444444, 0.30116753472222224, 0.001484375, 0.37774739583333333], "coverage_estimated_first_order_diff": [-0.3832730284617003, 0.5412409590698652, -0.37478694628577425, 0.4365129866372055, 0.3210610716540404, 0.31674609374999996, 0.44411128209175066, -0.2697874644886362, -0.28039351983375393, 0.41906727693602697, 0.36388767624158247, 0.25670265151515165, 0.26431747685185186, 0.28629558869949495, 0.2922750131523568, 0.21367648621632993, 0.28483277830387194], "coverage_estimated_second_order_diff": [-0.014422743055555465, -0.01066297743055522, -0.013935546874999982, -0.011231553819444517, -0.0005099826388888784, 0.00012261284722222404, -0.004787326388888791, -0.01337999131944434, -0.012441406250000009, -0.003624131944444664, -0.00861979166666671, -0.0005826822916666502, -0.00040907118055556746, -0.0004199218749999997, 0.00020182291666664964, -2.1701388888890113e-06, -0.00518988715277785]}