{"coverage_estimated_first_order": [0.5371800925925926, 0.5278935527146467, 0.5135570575547139, 0.4936595828072391, 0.5705074231902357, 0.542727785669192, 0.7125535037878789, 1.566418757891414, 0.9886514875315661, 0.8515127827756735, 0.4920748868897306, 0.4781306029040406, 0.5027017098063973, 0.5290395649200337, 0.23247266414141418, 0.4191180765993267, 0.8115594197180135], "coverage_estimated_second_order": [0.26399305555555563, 0.22647352430555553, 0.21855794270833329, 0.21306532118055566, 0.2864919704861112, 0.2658040364583334, 0.7859657118055555, 0.6744954427083334, 0.7821408420138889, 0.782279730902778, 0.2439192708333333, 0.20039388020833326, 0.24978841145833333, 0.28146809895833336, 0.992409939236111, 0.24389322916666667, 0.4442447916666665], "sol": [0.0, 0.0, 0.0, 0.0, 0.0, 0.0, 1.0, 0.0, 1.0, 1.0, 0.0, 0.0, 0.0, 0.0, 1.0, 0.0, 0.0], "coverage": [0.2640407986111111, 0.22657552083333332, 0.2186892361111111, 0.21482204861111112, 0.29200086805555553, 0.27220052083333335, 1.0, 0.8648090277777778, 1.0, 1.0, 0.2447309027777778, 0.21330729166666668, 0.2592404513888889, 0.28561631944444443, 1.0, 0.24391927083333334, 0.4979079861111111], "coverage_estimated_first_order_diff": [0.27313929398148146, 0.30131803188131334, 0.2948678214436028, 0.278837534196128, 0.2785065551346802, 0.27052726483585865, -0.28744649621212115, 0.7016097301136361, -0.011348512468433936, -0.14848721722432645, 0.24734398411195282, 0.2648233112373739, 0.24346125841750837, 0.24342324547558924, -0.7675273358585858, 0.17519880576599337, 0.3136514336069024], "coverage_estimated_second_order_diff": [-4.774305555549363e-05, -0.00010199652777778678, -0.00013129340277781565, -0.0017567274305554659, -0.005508897569444338, -0.006396484374999956, -0.21403428819444448, -0.1903135850694444, -0.2178591579861111, -0.21772026909722197, -0.0008116319444444742, -0.012913411458333413, -0.009452039930555572, -0.004148220486111076, -0.007590060763889017, -2.6041666666670737e-05, -0.05366319444444456]}