{"coverage_estimated_first_order": [1.3035887757786195, 0.7922754984743265, 1.4392911563552186, 0.6064265743371212, 0.8022293297558922, 0.7369099721170034, 0.4428282696759258, 0.3841425452441078, 0.30178396201599317, 0.2806362873526935, 1.093462394781145, 0.3359079203493266, 0.42709564920033677, 0.7184698705808081, 0.5991847722011785, 0.3656205176767678, 0.33611191077441077], "coverage_estimated_second_order": [0.7377701822916671, 0.9864767795138888, 0.836340060763889, 0.9864767795138888, 0.5101768663194446, 0.44996527777777784, 0.1926388888888889, 0.10655707465277776, 0.020992838541666663, 0.02520941840277778, 0.6468815104166667, 0.10500325520833333, 0.1668359375, 0.47333224826388876, 0.9864767795138888, 1.0, 0.12932942708333328], "sol": [0.0, 1.0, 0.0, 1.0, 0.0, 0.0, 0.0, 0.0, 0.0, 0.0, 0.0, 0.0, 0.0, 0.0, 1.0, 1.0, 0.0], "coverage": [0.74640625, 1.0, 0.845703125, 1.0, 0.5111501736111111, 0.4509678819444444, 0.19256510416666667, 0.10638454861111112, 0.020694444444444446, 0.025086805555555557, 0.6486848958333333, 0.10480902777777777, 0.16809027777777777, 0.4743923611111111, 1.0, 1.0, 0.12819010416666668], "coverage_estimated_first_order_diff": [0.5571825257786195, -0.20772450152567346, 0.5935880313552186, -0.3935734256628788, 0.2910791561447811, 0.28594209017255895, 0.25026316550925914, 0.27775799663299666, 0.2810895175715487, 0.255549481797138, 0.4447774989478117, 0.2310988925715488, 0.25900537142255897, 0.24407750946969703, -0.4008152277988215, -0.6343794823232323, 0.2079218066077441], "coverage_estimated_second_order_diff": [-0.008636067708332917, -0.01352322048611121, -0.009363064236110996, -0.01352322048611121, -0.0009733072916665586, -0.0010026041666665875, 7.378472222221988e-05, 0.00017252604166664853, 0.0002983940972222168, 0.00012261284722222404, -0.0018033854166665808, 0.0001942274305555547, -0.0012543402777777657, -0.0010601128472223498, -0.01352322048611121, 0.0, 0.001139322916666602]}