{"coverage_estimated_first_order": [0.6165431015888045, 0.679032587594697, 0.5533144452335856, 0.4467705742319023, 0.848592077020202, 0.7828341750841752, 0.23386749000420878, 0.2515396083228114, 0.26739050531355213, 0.29486617345328275, 0.20166017466329975, 0.7709679411300504, 0.34339407354797974, 0.37887949284511785, 0.7030036905513466, 0.42206569865319854, 0.21784331728745787], "coverage_estimated_second_order": [0.4681532118055555, 0.5255143229166666, 0.38975911458333334, 0.28326171874999995, 0.5922905815972223, 0.5290733506944444, 0.030424262152777784, 0.037585720486111106, 0.06575846354166666, 0.11879448784722224, 0.987521701388889, 0.5793098958333335, 0.987521701388889, 0.9875217013888888, 0.4945008680555555, 0.28779947916666665, 0.058917100694444446], "sol": [0.0, 0.0, 0.0, 0.0, 0.0, 0.0, 0.0, 0.0, 0.0, 0.0, 1.0, 0.0, 1.0, 1.0, 0.0, 0.0, 0.0], "coverage": [0.46868055555555554, 0.5265581597222222, 0.38916666666666666, 0.2828559027777778, 0.6000737847222222, 0.5376953125, 0.030729166666666665, 0.037725694444444444, 0.0654861111111111, 0.11878038194444444, 1.0, 0.5844965277777778, 1.0, 1.0, 0.5004904513888889, 0.2878732638888889, 0.05894965277777778], "coverage_estimated_first_order_diff": [0.147862546033249, 0.15247442787247478, 0.16414777856691898, 0.16391467145412453, 0.24851829229797984, 0.24513886258417517, 0.20313832333754211, 0.21381391387836696, 0.20190439420244102, 0.1760857915088383, -0.7983398253367002, 0.18647141335227257, -0.6566059264520203, -0.6211205071548822, 0.20251323916245767, 0.13419243476430964, 0.1588936645096801], "coverage_estimated_second_order_diff": [-0.00052734375000002, -0.0010438368055556424, 0.000592447916666683, 0.0004058159722221677, -0.007783203124999916, -0.008621961805555634, -0.00030490451388888104, -0.00013997395833333787, 0.000272352430555553, 1.410590277779733e-05, -0.01247829861111105, -0.005186631944444353, -0.01247829861111105, -0.01247829861111116, -0.005989583333333437, -7.378472222224763e-05, -3.255208333333148e-05]}