{"coverage_estimated_first_order": [0.8721562210648148, 0.9311459990530304, 0.7363168166035352, 0.5403844486531986, 0.699245520307239, 0.6882273779461282, 0.49528900989057234, 0.6219872027567341, 0.8211681686658253, 0.3142833267571548, 0.4299421572495791, 0.3556165101536196, 0.8744210516624579, 0.7025018571127948, 0.4390221433080808, 0.46292108059764325, 0.4969026304713806], "coverage_estimated_second_order": [0.5427973090277777, 0.587638888888889, 0.465632595486111, 0.3025162760416666, 0.41463324652777783, 0.40250651041666674, 0.2639236111111111, 0.3808463541666667, 0.5870616319444444, 0.9879937065972221, 0.9867664930555557, 0.9807237413194443, 0.6010253906249999, 0.44457790798611097, 0.9824424913194444, 0.29651258680555553, 0.3080512152777777], "sol": [0.0, 0.0, 0.0, 0.0, 0.0, 0.0, 0.0, 0.0, 0.0, 1.0, 1.0, 1.0, 0.0, 0.0, 1.0, 0.0, 0.0], "coverage": [0.544375, 0.5884939236111111, 0.4648220486111111, 0.30192708333333335, 0.42225694444444445, 0.41198350694444447, 0.26452256944444447, 0.3840451388888889, 0.5930338541666667, 1.0, 1.0, 1.0, 0.6147569444444444, 0.4490060763888889, 1.0, 0.29651041666666667, 0.30807725694444443], "coverage_estimated_first_order_diff": [0.3277812210648148, 0.34265207544191933, 0.2714947679924241, 0.23845736531986522, 0.2769885758627945, 0.27624387100168374, 0.23076644044612787, 0.23794206386784522, 0.22813431449915866, -0.6857166732428452, -0.5700578427504208, -0.6443834898463804, 0.2596641072180135, 0.2534957807239059, -0.5609778566919192, 0.1664106639309766, 0.18882537352693618], "coverage_estimated_second_order_diff": [-0.0015776909722223786, -0.0008550347222220367, 0.0008105468749999289, 0.0005891927083332416, -0.007623697916666616, -0.009476996527777726, -0.0005989583333333437, -0.0031987847222222365, -0.005972222222222268, -0.012006293402777923, -0.013233506944444251, -0.019276258680555713, -0.013731553819444464, -0.004428168402777932, -0.01755750868055561, 2.1701388888684114e-06, -2.6041666666754004e-05]}