{"coverage_estimated_first_order": [0.6184227049137205, 1.3857797716750841, 0.6926000749684346, 1.2330100536616164, 0.4079218013468014, 0.38395864898989895, 0.47640346170033665, 1.074986400462963, 1.063464701704546, 0.3938308856797139, 0.9411344276094274, 0.3864039614898991, 0.36647406881313127, 0.35175263310185184, 0.5958798768939394, 0.21516086121632996, 0.7187765782828284], "coverage_estimated_second_order": [0.9884819878472222, 0.8348763020833335, 0.9882237413194446, 0.7666080729166667, 0.09374457465277779, 0.08043185763888888, 0.9929806857638891, 0.7546332465277779, 0.737961154513889, 0.9934841579861111, 0.5735731336805555, 0.15624891493055548, 0.11930230034722222, 0.06740559895833334, 0.3056694878472222, 0.001482204861111111, 0.47370008680555564], "sol": [1.0, 0.0, 1.0, 0.0, 0.0, 0.0, 1.0, 0.0, 0.0, 1.0, 0.0, 0.0, 0.0, 0.0, 0.0, 0.0, 0.0], "coverage": [1.0, 0.8434027777777777, 1.0, 0.7744140625, 0.09394097222222222, 0.08039930555555555, 1.0, 0.7573654513888889, 0.7405381944444445, 1.0, 0.5783854166666667, 0.15687065972222222, 0.11970486111111112, 0.06766493055555556, 0.30578993055555553, 0.001484375, 0.47889322916666666], "coverage_estimated_first_order_diff": [-0.38157729508627947, 0.5423769938973064, -0.30739992503156544, 0.4585959911616164, 0.31398082912457914, 0.30355934343434343, -0.5235965382996633, 0.3176209490740741, 0.3229265072601015, -0.6061691143202861, 0.3627490109427608, 0.22953330176767686, 0.24676920770202015, 0.2840877025462963, 0.29008994633838386, 0.21367648621632995, 0.23988334911616171], "coverage_estimated_second_order_diff": [-0.011518012152777812, -0.008526475694444202, -0.01177625868055543, -0.007805989583333339, -0.00019639756944443698, 3.255208333333148e-05, -0.007019314236110907, -0.0027322048611110317, -0.002577039930555469, -0.006515842013888884, -0.004812282986111138, -0.0006217447916667396, -0.00040256076388889284, -0.00025933159722221766, -0.00012044270833333481, -2.1701388888890113e-06, -0.005193142361111014]}