{"coverage_estimated_first_order": [0.2603858257049665, 0.8473986295244109, 0.7129293613215489, 0.6955261652988216, 0.5391366845538719, 0.5379132996632999, 0.9814965277777774, 0.5435621120054714, 1.3152964304503372, 0.5853518242319022, 0.6674635390361954, 0.34455873184974756, 0.780774231902357, 0.49633866266835036, 0.5323925294612797, 0.2589638652146465, 0.7203928056607747], "coverage_estimated_second_order": [0.9959027777777779, 0.6246061197916669, 0.4814952256944444, 0.48541015625, 0.23830186631944453, 0.2337152777777777, 0.6439539930555556, 0.9715451388888889, 0.8367773437499998, 0.9702484809027774, 0.46346679687500003, 0.9712879774305555, 0.5052842881944444, 0.23788411458333333, 0.2939431423611111, 0.061436631944444445, 0.49154405381944444], "sol": [1.0, 0.0, 0.0, 0.0, 0.0, 0.0, 0.0, 1.0, 0.0, 1.0, 0.0, 1.0, 0.0, 0.0, 0.0, 0.0, 0.0], "coverage": [1.0, 0.6251128472222223, 0.48061631944444444, 0.48475260416666666, 0.24522569444444445, 0.2423480902777778, 0.6519140625, 1.0, 0.8620095486111111, 1.0, 0.46531684027777775, 1.0, 0.5201996527777778, 0.24275173611111112, 0.2961197916666667, 0.06148871527777778, 0.4941623263888889], "coverage_estimated_first_order_diff": [-0.7396141742950335, 0.22228578230218865, 0.2323130418771045, 0.21077356113215495, 0.29391099010942745, 0.2955652093855221, 0.32958246527777746, -0.45643788799452856, 0.45328688183922605, -0.41464817576809776, 0.20214669875841762, -0.6554412681502524, 0.26057457912457915, 0.25358692655723925, 0.236272737794613, 0.1974751499368687, 0.22623047927188578], "coverage_estimated_second_order_diff": [-0.0040972222222220855, -0.0005067274305553537, 0.0008789062499999778, 0.0006575520833333459, -0.00692382812499992, -0.008632812500000087, -0.007960069444444384, -0.028454861111111063, -0.02523220486111133, -0.029751519097222623, -0.0018500434027777235, -0.028712022569444495, -0.014915364583333424, -0.004867621527777782, -0.0021766493055556113, -5.2083333333334536e-05, -0.0026182725694444686]}