{"coverage_estimated_first_order": [0.33839865845959605, 0.3606898753156566, 0.3447764783249158, 0.32080052346380467, 0.931760053661616, 0.9720222932449496, 0.6157760416666668, 0.8502128840488216, 0.32555220038930976, 0.9098611531986533, 0.3393717487373738, 0.7119097156460439, 0.7109327625210438, 0.8472651804503368, 0.629496709280303, 0.26021575389309765, 0.5348786800294613], "coverage_estimated_second_order": [0.017069227430555556, 0.01467664930555556, 0.012253689236111111, 0.01713216145833333, 0.5393229166666667, 0.5681239149305557, 0.39787326388888894, 0.617273220486111, 0.9510329861111111, 0.6210264756944446, 0.043717447916666666, 0.9335004340277776, 0.9335004340277779, 0.4844303385416666, 0.33865234375000003, 0.9824674479166666, 0.33491970486111117], "sol": [0.0, 0.0, 0.0, 0.0, 0.0, 0.0, 0.0, 0.0, 1.0, 0.0, 0.0, 1.0, 1.0, 0.0, 0.0, 1.0, 0.0], "coverage": [0.017482638888888888, 0.014661458333333334, 0.01220920138888889, 0.01673611111111111, 0.5673046875, 0.5972395833333334, 0.4037673611111111, 0.6314366319444444, 1.0, 0.6539019097222222, 0.044457465277777775, 1.0, 1.0, 0.5080208333333334, 0.345546875, 1.0, 0.33598958333333334], "coverage_estimated_first_order_diff": [0.32091601957070715, 0.3460284169823233, 0.33256727693602695, 0.30406441235269355, 0.364455366161616, 0.3747827099116162, 0.21200868055555566, 0.21877625210437712, -0.6744477996106902, 0.2559592434764312, 0.294914283459596, -0.2880902843539561, -0.28906723747895624, 0.33924434711700346, 0.283949834280303, -0.7397842461069024, 0.19888909669612792], "coverage_estimated_second_order_diff": [-0.00041341145833333204, 1.5190972222226332e-05, 4.448784722222224e-05, 0.0003960503472222182, -0.027981770833333308, -0.029115668402777684, -0.005894097222222172, -0.014163411458333441, -0.04896701388888891, -0.032875434027777595, -0.0007400173611111088, -0.0664995659722224, -0.06649956597222206, -0.02359049479166675, -0.006894531249999947, -0.017532552083333375, -0.0010698784722221744]}