{"coverage_estimated_first_order": [0.5462950481376264, 0.6339221077967171, 0.7229445351957071, 0.2362646017466331, 0.4515569470749159, 0.48035331176346796, 0.867461305765993, 0.2453189841119529, 0.7644396425189395, 0.563280854114057, 0.4536456636679296, 0.6405891532512626, 0.15303429082491596, 0.4247351562500001, 0.32919108533249164, 0.2164127498947811, 0.5353216158985691], "coverage_estimated_second_order": [0.39364366319444444, 0.4778634982638889, 0.5901725260416666, 0.9998708767361112, 0.266843532986111, 0.3091916232638888, 0.7175043402777777, 0.9998708767361112, 0.6558094618055555, 0.44989040798611113, 0.30497721354166674, 0.5304069010416667, 0.9998708767361111, 0.26335069444444437, 0.1495399305555556, 0.07589301215277777, 0.3977484809027778], "sol": [0.0, 0.0, 0.0, 1.0, 0.0, 0.0, 0.0, 1.0, 0.0, 0.0, 0.0, 0.0, 1.0, 0.0, 0.0, 0.0, 0.0], "coverage": [0.39205729166666664, 0.47501302083333335, 0.58578125, 1.0, 0.26580729166666667, 0.30820746527777776, 0.716640625, 1.0, 0.6544748263888889, 0.44937065972222223, 0.30438368055555554, 0.5299088541666667, 1.0, 0.26296875, 0.14909722222222221, 0.07584635416666667, 0.39678385416666667], "coverage_estimated_first_order_diff": [0.15423775647095977, 0.15890908696338374, 0.13716328519570709, -0.7637353982533669, 0.18574965540824923, 0.1721458464856902, 0.15082068076599298, -0.754681015888047, 0.1099648161300506, 0.11391019439183481, 0.14926198311237404, 0.11068029908459598, -0.8469657091750841, 0.1617664062500001, 0.18009386311026943, 0.1405663957281144, 0.1385377617319024], "coverage_estimated_second_order_diff": [0.0015863715277777968, 0.0028504774305555536, 0.004391276041666559, -0.00012912326388880846, 0.0010362413194443532, 0.0009841579861110672, 0.0008637152777776214, -0.00012912326388880846, 0.001334635416666674, 0.0005197482638888973, 0.0005935329861112004, 0.0004980468749999911, -0.00012912326388891948, 0.00038194444444439313, 0.0004427083333333748, 4.665798611110106e-05, 0.0009646267361111405]}