{"coverage_estimated_first_order": [0.9947944523358587, 1.2643936447811448, 0.7253631221064816, 0.7846855310921718, 0.36932476325757585, 0.3869164167718855, 1.1885497422138043, 0.5845972682554714, 1.2554273621633, 0.4850333399095116, 0.81049094854798, 0.40573805765993276, 0.3724998868897307, 0.32375481639309767, 0.4102264678030303, 0.21399023569023573, 0.7480818050294613], "coverage_estimated_second_order": [0.5152636718750001, 0.7039160156249998, 0.9859060329861111, 0.9833691406250001, 0.04441948784722223, 0.07851128472222221, 0.7927484809027776, 0.9869509548611112, 0.8374924045138886, 0.9894346788194444, 0.4187163628472223, 0.16743598090277773, 0.11908854166666666, 0.03279079861111111, 0.1394965277777778, 0.0, 0.4608528645833333], "sol": [0.0, 0.0, 1.0, 1.0, 0.0, 0.0, 0.0, 1.0, 0.0, 1.0, 0.0, 0.0, 0.0, 0.0, 0.0, 0.0, 0.0], "coverage": [0.5251215277777778, 0.7127126736111111, 1.0, 1.0, 0.044626736111111114, 0.07830729166666667, 0.7984678819444444, 1.0, 0.8434895833333333, 1.0, 0.42496961805555555, 0.16762152777777778, 0.1192751736111111, 0.03317274305555556, 0.13996961805555555, 0.0, 0.46890625], "coverage_estimated_first_order_diff": [0.46967292455808096, 0.5516809711700337, -0.2746368778935184, -0.21531446890782824, 0.32469802714646473, 0.3086091251052188, 0.39008186026935987, -0.4154027317445286, 0.41193777882996674, -0.5149666600904884, 0.38552133049242443, 0.23811652988215498, 0.25322471327861956, 0.2905820733375421, 0.27025684974747477, 0.21399023569023573, 0.2791755550294613], "coverage_estimated_second_order_diff": [-0.009857855902777657, -0.00879665798611129, -0.014093967013888875, -0.016630859374999862, -0.00020724826388888312, 0.0002039930555555458, -0.005719401041666794, -0.013049045138888826, -0.005997178819444726, -0.010565321180555642, -0.006253255208333253, -0.0001855468750000533, -0.00018663194444444586, -0.00038194444444444864, -0.0004730902777777546, 0.0, -0.008053385416666725]}