{"coverage_estimated_first_order": [1.0383384864267677, 1.3074997711489897, 0.5555675754945285, 1.0649245764941078, 0.49141704019360266, 0.4995382733585859, 0.867303293350168, 0.27246849352904035, 0.8589756050084179, 0.6526053924663298, 0.5471168994633838, 0.25727166850799665, 0.7136114583333333, 0.491541143202862, 0.6047623868897305, 0.2577932396885522, 0.6309665114688553], "coverage_estimated_second_order": [0.657475043402778, 0.8607345920138888, 0.9914724392361114, 0.7048177083333332, 0.20353081597222225, 0.2218815104166667, 0.687021484375, 0.9931846788194445, 0.6644075520833332, 0.4657562934027777, 0.989623480902778, 0.9935188802083335, 0.5089702690972221, 0.23698676215277772, 0.3405186631944445, 0.05995442708333333, 0.4751953125], "sol": [0.0, 0.0, 1.0, 0.0, 0.0, 0.0, 0.0, 1.0, 0.0, 0.0, 1.0, 1.0, 0.0, 0.0, 0.0, 0.0, 0.0], "coverage": [0.6634201388888888, 0.8654644097222223, 1.0, 0.7079123263888889, 0.20478732638888889, 0.2231423611111111, 0.6891319444444445, 1.0, 0.6664366319444445, 0.4668098958333333, 1.0, 1.0, 0.5104079861111112, 0.23881510416666665, 0.34142361111111114, 0.060004340277777776, 0.4765581597222222], "coverage_estimated_first_order_diff": [0.3749183475378789, 0.44203536142676747, -0.4444324245054715, 0.35701225010521886, 0.2866297138047138, 0.27639591224747484, 0.1781713489057235, -0.7275315064709597, 0.19253897306397338, 0.18579549663299644, -0.4528831005366162, -0.7427283314920033, 0.20320347222222213, 0.2527260390361954, 0.26333877577861936, 0.19778889941077443, 0.1544083517466331], "coverage_estimated_second_order_diff": [-0.005945095486110885, -0.0047298177083334725, -0.008527560763888609, -0.0030946180555556646, -0.001256510416666634, -0.0012608506944443987, -0.0021104600694444864, -0.0068153211805555, -0.002029079861111227, -0.0010536024305556335, -0.010376519097222037, -0.006481119791666545, -0.0014377170138890616, -0.0018283420138889284, -0.0009049479166666208, -4.991319444444531e-05, -0.0013628472222221855]}