{"coverage_estimated_first_order": [0.8936742660984849, 1.061717666245791, 0.3525915916982323, 0.784501991266835, 0.928221938131313, 0.8846603272306397, 0.3689766677188552, 0.34410880944865313, 0.3612145964856903, 0.3800153645833333, 0.7954781249999998, 0.2697395767571549, 0.8339253393308081, 0.8596280671296297, 0.5530603772095959, 0.4094235216750844, 0.39814697495791246], "coverage_estimated_second_order": [0.6536436631944444, 0.8015418836805555, 0.9993348524305558, 0.5898003472222222, 0.6094997829861112, 0.5819325086805556, 0.10937282986111113, 0.062319878472222215, 0.09600260416666667, 0.14714518229166668, 0.5850010850694445, 0.991999782986111, 0.609939236111111, 0.5849207899305554, 0.9919997829861111, 0.9926649305555554, 0.20163411458333336], "sol": [0.0, 0.0, 1.0, 0.0, 0.0, 0.0, 0.0, 0.0, 0.0, 0.0, 0.0, 1.0, 0.0, 0.0, 1.0, 1.0, 0.0], "coverage": [0.6506032986111111, 0.7959635416666667, 1.0, 0.5855946180555556, 0.6121180555555555, 0.5841189236111111, 0.10884114583333333, 0.061922743055555556, 0.09555555555555556, 0.1470269097222222, 0.5837369791666667, 1.0, 0.6132595486111111, 0.5885026041666667, 1.0, 1.0, 0.20108072916666667], "coverage_estimated_first_order_diff": [0.24307096748737378, 0.2657541245791243, -0.6474084083017677, 0.19890737321127938, 0.3161038825757575, 0.30054140361952864, 0.26013552188552186, 0.28218606639309757, 0.26565904093013476, 0.23298845486111108, 0.21174114583333314, -0.7302604232428451, 0.22066579071969705, 0.271125462962963, -0.4469396227904041, -0.5905764783249157, 0.1970662457912458], "coverage_estimated_second_order_diff": [0.0030403645833333437, 0.005578342013888737, -0.0006651475694442466, 0.004205729166666616, -0.0026182725694443576, -0.0021864149305554914, 0.0005316840277777984, 0.00039713541666665936, 0.0004470486111111116, 0.0001182725694444664, 0.0012641059027778123, -0.008000217013888977, -0.003320312500000089, -0.003581814236111258, -0.008000217013888866, -0.00733506944444462, 0.0005533854166666907]}