{"coverage_estimated_first_order": [0.3411855771254209, 0.36476487005471375, 0.394663039246633, 0.42128091329966333, 1.1580422769360268, 0.5158259417087542, 0.8872383207070706, 1.0308847722011787, 0.3790602627840909, 0.9131272779882157, 0.3221867476851852, 0.6357026120580809, 0.6349904829545455, 0.809866453598485, 0.6522598221801347, 0.4204602562079125, 0.3225809935290403], "coverage_estimated_second_order": [0.021885850694444448, 0.021238064236111107, 0.0736208767361111, 0.13639648437500002, 0.7764583333333333, 0.99830078125, 0.642099609375, 0.7377777777777778, 0.99830078125, 0.6746126302083334, 0.03735785590277778, 0.4248437500000001, 0.4058355034722223, 0.5114832899305556, 0.3732769097222222, 1.0, 0.9983007812500001], "sol": [0.0, 0.0, 0.0, 0.0, 0.0, 1.0, 0.0, 0.0, 1.0, 0.0, 0.0, 0.0, 0.0, 0.0, 0.0, 1.0, 1.0], "coverage": [0.021649305555555557, 0.0208203125, 0.07300347222222223, 0.13505642361111111, 0.7743880208333334, 1.0, 0.6433767361111111, 0.7377734375, 1.0, 0.6747048611111112, 0.03703559027777778, 0.42570746527777775, 0.4059201388888889, 0.5116579861111111, 0.37191840277777777, 1.0, 1.0], "coverage_estimated_first_order_diff": [0.31953627156986536, 0.34394455755471376, 0.3216595670244108, 0.2862244896885522, 0.38365425610269344, -0.4841740582912458, 0.24386158459595952, 0.29311133470117867, -0.6209397372159091, 0.23842241687710453, 0.2851511574074074, 0.20999514678030312, 0.22907034406565663, 0.29820846748737384, 0.2803414194023569, -0.5795397437920875, -0.6774190064709598], "coverage_estimated_second_order_diff": [0.00023654513888889117, 0.000417751736111107, 0.0006174045138888778, 0.0013400607638889006, 0.0020703124999998934, -0.0016992187500000089, -0.0012771267361111338, 4.340277777736823e-06, -0.0016992187500000089, -9.223090277776791e-05, 0.00032226562499999833, -0.0008637152777776769, -8.463541666658969e-05, -0.0001746961805555447, 0.0013585069444444486, 0.0, -0.0016992187499998979]}