{"coverage_estimated_first_order": [0.6147096630366162, 1.3841344118265992, 0.6235681541982324, 1.1499941524621213, 0.5805467487373737, 0.565298085016835, 0.85882311395202, 0.24899686316287878, 0.8342445049452865, 0.6291707859848483, 0.9504764809553872, 0.7120431002735691, 0.22343197337962967, 0.5319940446127946, 0.6861831702441077, 0.2710809343434343, 0.5500353903619528], "coverage_estimated_second_order": [0.9926844618055557, 0.8397352430555558, 0.9928927951388891, 0.7164735243055553, 0.3168250868055555, 0.31113823784722217, 0.6869715711805556, 0.9939171006944446, 0.650962456597222, 0.44652018229166657, 0.587351345486111, 0.5333485243055555, 0.9981749131944444, 0.29967881944444436, 0.42463975694444445, 0.07737521701388889, 0.38793511284722215], "sol": [1.0, 0.0, 1.0, 0.0, 0.0, 0.0, 0.0, 1.0, 0.0, 0.0, 0.0, 0.0, 1.0, 0.0, 0.0, 0.0, 0.0], "coverage": [1.0, 0.8441145833333333, 1.0, 0.7200954861111111, 0.3171875, 0.31145833333333334, 0.6886371527777778, 1.0, 0.653125, 0.4479340277777778, 0.5919270833333333, 0.534375, 1.0, 0.3002300347222222, 0.42465711805555556, 0.07733072916666667, 0.38970052083333334], "coverage_estimated_first_order_diff": [-0.3852903369633838, 0.5400198284932659, -0.3764318458017676, 0.42989866635101026, 0.26335924873737365, 0.25383975168350165, 0.17018596117424223, -0.7510031368371213, 0.1811195049452865, 0.18123675820707053, 0.35854939762205384, 0.17766810027356905, -0.7765680266203703, 0.23176400989057244, 0.2615260521885521, 0.1937502051767676, 0.16033486952861947], "coverage_estimated_second_order_diff": [-0.007315538194444304, -0.0043793402777775325, -0.007107204861110938, -0.00362196180555574, -0.0003624131944445219, -0.00032009548611117156, -0.0016655815972221877, -0.006082899305555389, -0.0021625434027779944, -0.0014138454861112315, -0.0045757378472223165, -0.001026475694444584, -0.001825086805555598, -0.0005512152777778501, -1.7361111111113825e-05, 4.448784722221877e-05, -0.0017654079861111893]}