{"coverage_estimated_first_order": [0.7320428477483165, 0.9060154619107741, 0.26131923269149837, 0.7789084911616162, 1.4007093118686866, 0.6942835648148149, 0.37792119107744093, 0.3587994002525252, 0.37735155197811454, 0.4372304845328283, 0.6679624079335016, 0.49094617397937707, 1.1007518728956227, 0.6734005208333335, 0.7795257102272726, 0.7234137678872055, 0.3999541745580807], "coverage_estimated_second_order": [0.521408420138889, 0.6903200954861111, 0.9940972222222223, 0.5873361545138888, 0.7215711805555557, 0.8699978298611112, 0.11081380208333337, 0.06078884548611109, 0.09509223090277778, 0.1697222222222222, 0.4436078559027778, 0.8726660156250002, 0.6129155815972221, 0.8699348958333333, 0.41363498263888876, 0.39298177083333335, 0.2023046875], "sol": [0.0, 0.0, 1.0, 0.0, 0.0, 1.0, 0.0, 0.0, 0.0, 0.0, 0.0, 1.0, 0.0, 1.0, 0.0, 0.0, 0.0], "coverage": [0.5217404513888889, 0.6902994791666667, 1.0, 0.5858116319444444, 0.8360677083333333, 1.0, 0.11369791666666666, 0.06700954861111111, 0.10162760416666666, 0.1793142361111111, 0.45134114583333335, 1.0, 0.6977951388888889, 1.0, 0.439375, 0.4373090277777778, 0.20237847222222222], "coverage_estimated_first_order_diff": [0.2103023963594276, 0.21571598274410742, -0.7386807673085016, 0.1930968592171718, 0.5646416035353533, -0.3057164351851851, 0.26422327441077426, 0.29178985164141413, 0.2757239478114479, 0.25791624842171723, 0.21662126210016824, -0.509053826020623, 0.4029567340067338, -0.32659947916666654, 0.34015071022727256, 0.28610474010942766, 0.19757570233585847], "coverage_estimated_second_order_diff": [-0.00033203124999992006, 2.0616319444388687e-05, -0.005902777777777701, 0.0015245225694443532, -0.11449652777777763, -0.13000217013888882, -0.0028841145833332915, -0.006220703125000018, -0.00653537326388888, -0.009592013888888917, -0.007733289930555554, -0.12733398437499976, -0.08487955729166674, -0.13006510416666672, -0.025740017361111256, -0.04432725694444445, -7.378472222221988e-05]}