{"coverage_estimated_first_order": [0.5474083293876264, 0.6337816406249999, 0.7218100786510944, 0.16543139993686873, 0.8092597564183501, 0.17585295664983164, 0.6828715277777777, 0.8119594315551348, 0.1657806791877104, 0.7144064985795457, 0.450579586226852, 0.4111349760627106, 0.4740805818602694, 0.5324597985058924, 0.38412479745370365, 0.4204602562079125, 0.4239961871317339], "coverage_estimated_second_order": [0.3961480034722222, 0.4781401909722222, 0.590244140625, 0.9998274739583333, 0.6914377170138888, 0.9998274739583334, 0.5760329861111112, 0.7077821180555555, 0.9998274739583333, 0.6159852430555557, 0.3027853732638889, 0.2805577256944444, 0.3446440972222223, 0.4056618923611111, 0.22196723090277778, 0.3250390625, 0.31447591145833326], "sol": [0.0, 0.0, 0.0, 1.0, 0.0, 1.0, 0.0, 0.0, 1.0, 0.0, 0.0, 0.0, 0.0, 0.0, 0.0, 0.0, 0.0], "coverage": [0.39457899305555555, 0.4753342013888889, 0.5858854166666667, 1.0, 0.6882204861111111, 1.0, 0.5754340277777777, 0.7062413194444445, 1.0, 0.6150173611111112, 0.30210069444444443, 0.2803949652777778, 0.3436458333333333, 0.40543402777777776, 0.22065972222222222, 0.32504340277777777, 0.313359375], "coverage_estimated_first_order_diff": [0.15282933633207085, 0.158447439236111, 0.13592466198442765, -0.8345686000631313, 0.12103927030723904, -0.8241470433501683, 0.10743749999999996, 0.10571811211069038, -0.8342193208122897, 0.09938913746843459, 0.14847889178240758, 0.1307400107849328, 0.1304347485269361, 0.12702577072811466, 0.16346507523148143, 0.09541685343013473, 0.11063681213173393], "coverage_estimated_second_order_diff": [0.0015690104166666274, 0.002805989583333335, 0.004358723958333255, -0.0001725260416667318, 0.0032172309027777013, -0.00017252604166662078, 0.0005989583333334547, 0.001540798611111005, -0.0001725260416667318, 0.0009678819444445264, 0.0006846788194444509, 0.00016276041666662966, 0.0009982638888889617, 0.00022786458333334814, 0.0013075086805555691, -4.340277777792334e-06, 0.0011165364583332615]}