{"coverage_estimated_first_order": [0.6383668297558924, 0.7306500236742424, 0.9283725299873737, 0.4979128564288722, 0.363491232638889, 0.3807473695286196, 0.8453455518728954, 1.3708157223274413, 1.2162084148779464, 0.5355708109743267, 0.5264272648358588, 0.4971291166877104, 0.40231463594276096, 0.31960163089225585, 0.31257074389730644, 0.2139902356902357, 0.7040628038194445], "coverage_estimated_second_order": [0.3884548611111111, 0.4711490885416667, 0.6069759114583335, 0.8849565972222225, 0.039734157986111115, 0.07321831597222221, 0.8243012152777777, 0.7124717881944445, 0.7102452256944445, 0.9246093750000003, 0.2854448784722223, 0.2685373263888889, 0.155390625, 0.027841796875000005, 0.02813368055555556, 0.0, 0.8225325520833333], "sol": [0.0, 0.0, 0.0, 1.0, 0.0, 0.0, 1.0, 0.0, 0.0, 1.0, 0.0, 0.0, 0.0, 0.0, 0.0, 0.0, 1.0], "coverage": [0.3925651041666667, 0.4739670138888889, 0.6290798611111111, 1.0, 0.04083333333333333, 0.07455295138888889, 1.0, 0.8163888888888889, 0.7706987847222222, 1.0, 0.2892795138888889, 0.2694227430555556, 0.15672743055555555, 0.028736979166666666, 0.028567708333333334, 0.0, 1.0], "coverage_estimated_first_order_diff": [0.24580172558922575, 0.25668300978535347, 0.2992926688762626, -0.5020871435711278, 0.32265789930555566, 0.3061944181397307, -0.1546544481271046, 0.5544268334385524, 0.4455096301557242, -0.4644291890256733, 0.23714775094696988, 0.22770637363215485, 0.2455872053872054, 0.2908646517255892, 0.2840030355639731, 0.2139902356902357, -0.2959371961805555], "coverage_estimated_second_order_diff": [-0.0041102430555555736, -0.0028179253472221943, -0.02210394965277762, -0.11504340277777747, -0.001099175347222217, -0.001334635416666674, -0.17569878472222233, -0.10391710069444449, -0.060453559027777715, -0.07539062499999971, -0.0038346354166666208, -0.000885416666666694, -0.0013368055555555425, -0.0008951822916666609, -0.00043402777777777277, 0.0, -0.1774674479166667]}