{"coverage_estimated_first_order": [0.8283029750631314, 0.8886694102483166, 0.9743134496001684, 0.4788462134364479, 0.5463830413510102, 0.49069877156986536, 0.8600165456649829, 0.7979392821443604, 1.1076375499789564, 0.742791366792929, 0.7010920112584176, 0.34256866845538725, 0.39479766940235705, 0.5189200099957914, 0.23457907986111112, 0.4191180765993267, 0.8445005497685186], "coverage_estimated_second_order": [0.6254307725694446, 0.6710796440972222, 0.7374837239583333, 0.9239605034722222, 0.2750792100694445, 0.2214908854166667, 0.9222005208333335, 0.922497829861111, 0.6417241753472224, 0.40660915798611097, 0.5101453993055556, 0.09793185763888887, 0.15821723090277778, 0.2793435329861111, 0.9970768229166667, 0.24389322916666667, 0.4057508680555555], "sol": [0.0, 0.0, 0.0, 1.0, 0.0, 0.0, 1.0, 1.0, 0.0, 0.0, 0.0, 0.0, 0.0, 0.0, 1.0, 0.0, 0.0], "coverage": [0.6268793402777778, 0.6709765625, 0.7372916666666667, 1.0, 0.2746050347222222, 0.2211501736111111, 1.0, 1.0, 0.64734375, 0.40910590277777775, 0.5118880208333333, 0.0991015625, 0.1585894097222222, 0.27880642361111113, 1.0, 0.24391927083333334, 0.45794270833333334], "coverage_estimated_first_order_diff": [0.20142363478535363, 0.21769284774831654, 0.23702178293350173, -0.521153786563552, 0.27177800662878804, 0.26954859795875424, -0.13998345433501713, -0.20206071785563962, 0.46029379997895636, 0.33368546401515126, 0.1892039904250843, 0.24346710595538723, 0.23620825968013484, 0.24011358638468022, -0.7654209201388888, 0.17519880576599337, 0.3865578414351853], "coverage_estimated_second_order_diff": [-0.0014485677083332371, 0.00010308159722216548, 0.00019205729166660301, -0.07603949652777775, 0.00047417534722232757, 0.000340711805555588, -0.07779947916666652, -0.07750217013888905, -0.005619574652777626, -0.002496744791666783, -0.0017426215277777102, -0.0011697048611111344, -0.00037217881944442976, 0.0005371093749999556, -0.0029231770833333393, -2.6041666666670737e-05, -0.052191840277777846]}