{"coverage_estimated_first_order": [0.12639976194234, 0.09188975562920867, 0.08704849668560602, 0.07942392808291246, 0.0, 0.6251787536826598, 0.07513147095959596, 0.0836819562815656, 0.08445283959385516, 0.08775743502735688, 0.09134648174452864, 0.19308299794823233, 0.2583847800925925, 0.4653648174452862, 0.2702749131944444, 0.3199276146885522, 0.05818507602062287], "coverage_estimated_second_order": [0.054143880208333335, 0.007446831597222222, 0.005221354166666667, 0.0038509114583333334, 1.0, 0.6855284288194444, 0.008579644097222222, 0.015828993055555556, 0.020780164930555556, 0.033363715277777775, 0.02541015625, 0.17919162326388888, 0.260048828125, 0.5070703125, 0.26257161458333333, 0.3355490451388889, 0.002836371527777778], "sol": [0.0, 0.0, 0.0, 0.0, 1.0, 0.0, 0.0, 0.0, 0.0, 0.0, 0.0, 0.0, 0.0, 0.0, 0.0, 0.0, 0.0], "coverage": [0.054010416666666665, 0.00734375, 0.005130208333333333, 0.0036458333333333334, 1.0, 0.6820095486111111, 0.008524305555555556, 0.015399305555555555, 0.0204296875, 0.033185763888888886, 0.025164930555555555, 0.17893663194444445, 0.2590798611111111, 0.5062065972222223, 0.2609592013888889, 0.3355685763888889, 0.002690972222222222], "coverage_estimated_first_order_diff": [0.07238934527567334, 0.08454600562920868, 0.08191828835227269, 0.07577809474957913, -1.0, -0.05683079492845122, 0.06660716540404041, 0.06828265072601006, 0.06402315209385516, 0.05457167113846799, 0.06618155118897309, 0.01414636600378788, -0.0006950810185185619, -0.040841779776936094, 0.009315711805555515, -0.015640961700336686, 0.05549410379840065], "coverage_estimated_second_order_diff": [0.00013346354166667018, 0.00010308159722222272, 9.11458333333337e-05, 0.00020507812499999997, 0.0, 0.0035188802083333526, 5.5338541666666644e-05, 0.00042968750000000125, 0.00035047743055555483, 0.00017795138888888895, 0.0002452256944444446, 0.0002549913194444253, 0.0009689670138889328, 0.0008637152777777324, 0.0016124131944444398, -1.9531249999982236e-05, 0.00014539930555555573]}