{"coverage_estimated_first_order": [0.36606727167508424, 0.36409830860690245, 0.4139167087542088, 0.4694083464856903, 1.185559638047138, 1.1141117424242424, 0.2250110216750842, 0.8113603614267675, 0.6457879997895625, 0.5454612952441077, 0.358117408459596, 0.8688300452441077, 0.46086252893518515, 0.6254956912878789, 0.8025933001893938, 0.42206569865319854, 0.5564019202441077], "coverage_estimated_second_order": [0.05202256944444445, 0.017799479166666663, 0.09359592013888889, 0.19325086805555558, 0.6847493489583333, 0.6518576388888888, 0.9968750000000001, 0.6153580729166668, 0.4405750868055556, 0.34797960069444445, 0.07083333333333333, 0.5688606770833334, 0.9487196180555557, 0.9487196180555556, 0.45830078125000007, 0.9518446180555558, 0.3998263888888889], "sol": [0.0, 0.0, 0.0, 0.0, 0.0, 0.0, 1.0, 0.0, 0.0, 0.0, 0.0, 0.0, 1.0, 1.0, 0.0, 1.0, 0.0], "coverage": [0.05183159722222222, 0.01773003472222222, 0.09328993055555555, 0.19269965277777779, 0.7291579861111112, 0.6965668402777778, 1.0, 0.6174696180555556, 0.4424609375, 0.3496440972222222, 0.07092881944444444, 0.5870963541666666, 1.0, 1.0, 0.48078125, 1.0, 0.40034288194444445], "coverage_estimated_first_order_diff": [0.31423567445286205, 0.3463682738846802, 0.3206267781986532, 0.2767086937079125, 0.4564016519360269, 0.41754490214646456, -0.7749889783249158, 0.19389074337121193, 0.2033270622895625, 0.19581719802188546, 0.28718858901515154, 0.28173369107744106, -0.5391374710648149, -0.37450430871212115, 0.3218120501893938, -0.5779343013468015, 0.15605903829966328], "coverage_estimated_second_order_diff": [0.00019097222222223126, 6.944444444444142e-05, 0.0003059895833333326, 0.0005512152777777946, -0.044408637152777874, -0.04470920138888901, -0.0031249999999999334, -0.002111545138888782, -0.0018858506944443576, -0.0016644965277777812, -9.548611111111216e-05, -0.01823567708333318, -0.05128038194444429, -0.0512803819444444, -0.022480468749999927, -0.04815538194444424, -0.0005164930555555669]}