{"coverage_estimated_first_order": [0.36675862531565656, 0.3633532933501683, 0.34616891835016833, 0.3232198995159933, 1.5478168455387205, 0.8151089409722223, 0.6022242476851852, 0.8122017176978116, 0.23408637021254208, 0.7844177872474749, 0.3521732007575758, 0.6638472748316498, 0.7889325731271044, 0.7347585674452863, 0.858816732428451, 0.6261132049663299, 0.3802837068602692], "coverage_estimated_second_order": [0.051548394097222235, 0.016208767361111112, 0.012651909722222224, 0.018771701388888888, 0.7149305555555556, 0.8401855468750001, 0.39560655381944443, 0.6140820312499999, 0.9921853298611112, 0.6087934027777777, 0.06023220486111109, 0.30028645833333334, 0.39588216145833327, 0.8401855468750001, 0.4152376302083333, 0.848000217013889, 0.19461046006944444], "sol": [0.0, 0.0, 0.0, 0.0, 0.0, 1.0, 0.0, 0.0, 1.0, 0.0, 0.0, 0.0, 0.0, 1.0, 0.0, 1.0, 0.0], "coverage": [0.05136284722222222, 0.016046006944444444, 0.012330729166666667, 0.018411458333333332, 0.8626388888888888, 1.0, 0.3977690972222222, 0.6177473958333334, 1.0, 0.6137109375, 0.06, 0.3510329861111111, 0.44408854166666667, 1.0, 0.46413628472222224, 1.0, 0.19483940972222222], "coverage_estimated_first_order_diff": [0.31539577809343433, 0.34730728640572384, 0.33383818918350167, 0.30480844118265993, 0.6851779566498316, -0.1848910590277777, 0.20445515046296303, 0.1944543218644782, -0.7659136297874579, 0.17070684974747485, 0.2921732007575758, 0.31281428872053874, 0.34484403146043774, -0.26524143255471366, 0.3946804477062288, -0.37388679503367006, 0.18544429713804697], "coverage_estimated_second_order_diff": [0.00018554687500001166, 0.00016276041666666782, 0.0003211805555555572, 0.00036024305555555636, -0.14770833333333322, -0.15981445312499987, -0.0021625434027777724, -0.0036653645833334414, -0.007814670138888813, -0.004917534722222339, 0.0002322048611110919, -0.05074652777777777, -0.0482063802083334, -0.15981445312499987, -0.04889865451388892, -0.15199978298611105, -0.00022894965277778234]}