{"coverage_estimated_first_order": [0.26126150962752537, 0.2779963133943602, 0.309813353587963, 0.3362092316393097, 0.9250963778409089, 0.3125955781776095, 0.521230179398148, 0.49839461674032004, 0.4475152554187711, 0.49667843671085865, 0.2689104863741582, 0.3964848747895623, 0.8774100352483165, 0.6707855692340069, 0.4029198442760943, 0.46426326020622904, 0.23343967539983168], "coverage_estimated_second_order": [0.024011501736111114, 0.022415364583333333, 0.07374240451388887, 0.132099609375, 0.7067610677083334, 0.9984993489583335, 0.3756835937499999, 0.33503797743055547, 0.28469184027777783, 0.3289876302083333, 0.05364908854166667, 0.9984993489583336, 0.6536751302083332, 0.4703146701388889, 0.22523871527777775, 0.3394900173611111, 0.9984993489583334], "sol": [0.0, 0.0, 0.0, 0.0, 0.0, 1.0, 0.0, 0.0, 0.0, 0.0, 0.0, 1.0, 0.0, 0.0, 0.0, 0.0, 1.0], "coverage": [0.023697916666666666, 0.021996527777777778, 0.07308159722222222, 0.1308203125, 0.7052777777777778, 1.0, 0.37656684027777776, 0.3355251736111111, 0.285390625, 0.3296614583333333, 0.053385416666666664, 1.0, 0.6536805555555556, 0.47055121527777777, 0.22411024305555555, 0.3395920138888889, 1.0], "coverage_estimated_first_order_diff": [0.23756359296085872, 0.25599978561658243, 0.2367317563657408, 0.2053889191393097, 0.21981860006313114, -0.6874044218223905, 0.14466333912037022, 0.16286944312920892, 0.16212463041877107, 0.16701697837752533, 0.21552506970749155, -0.6035151252104377, 0.2237294796927609, 0.20023435395622913, 0.17880960122053874, 0.12467124631734017, -0.7665603246001683], "coverage_estimated_second_order_diff": [0.00031358506944444836, 0.0004188368055555551, 0.0006608072916666485, 0.0012792968750000022, 0.0014832899305555758, -0.001500651041666523, -0.0008832465277778812, -0.00048719618055564906, -0.0006987847222221788, -0.0006738281249999978, 0.00026367187500000305, -0.001500651041666412, -5.425347222365318e-06, -0.0002365451388888773, 0.0011284722222222043, -0.00010199652777775903, -0.001500651041666634]}