{"coverage_estimated_first_order": [0.4788057015467172, 1.010851057449495, 0.8069716724537037, 0.6992325652356903, 0.9757846748737373, 0.7882313236531988, 0.7849630944865318, 0.2375543784196128, 0.7978612058080811, 0.5642155039983162, 0.8583106165824915, 0.4794983164983164, 0.5786778777356903, 0.4691830860690237, 0.6267611216329967, 0.6259416508838385, 0.4612233769991583], "coverage_estimated_second_order": [0.9799924045138888, 0.6753678385416666, 0.5277246093750001, 0.48760959201388887, 0.5837651909722221, 0.44932834201388894, 0.6071842447916669, 0.9956076388888887, 0.6173372395833333, 0.3735384114583332, 0.5304698350694445, 0.25654079861111106, 0.3137673611111111, 0.9763498263888888, 0.9767187499999999, 0.4487586805555556, 0.2928038194444444], "sol": [1.0, 0.0, 0.0, 0.0, 0.0, 0.0, 0.0, 1.0, 0.0, 0.0, 0.0, 0.0, 0.0, 1.0, 1.0, 0.0, 0.0], "coverage": [1.0, 0.6756206597222222, 0.5258420138888888, 0.4865494791666667, 0.5991145833333333, 0.45293836805555554, 0.6082855902777777, 1.0, 0.6188758680555555, 0.37506944444444446, 0.5375868055555556, 0.25990885416666665, 0.3160373263888889, 1.0, 1.0, 0.448828125, 0.29284288194444447], "coverage_estimated_first_order_diff": [-0.5211942984532828, 0.3352303977272729, 0.28112965856481487, 0.21268308606902364, 0.376670091540404, 0.33529295559764327, 0.17667750420875405, -0.7624456215803872, 0.17898533775252556, 0.18914605955387176, 0.3207238110269359, 0.21958946233164978, 0.2626405513468015, -0.5308169139309763, -0.3732388783670033, 0.17711352588383844, 0.1683804950547138], "coverage_estimated_second_order_diff": [-0.020007595486111196, -0.00025282118055558467, 0.0018825954861112493, 0.0010601128472221832, -0.015349392361111214, -0.003610026041666603, -0.0011013454861108496, -0.004392361111111298, -0.0015386284722221921, -0.001531032986111236, -0.007116970486111152, -0.0033680555555555824, -0.0022699652777777857, -0.023650173611111214, -0.023281250000000142, -6.944444444439979e-05, -3.9062500000075495e-05]}