{"coverage_estimated_first_order": [0.5925378143413298, 0.6786733309659092, 0.6236984282933502, 0.607014155881734, 0.2942713304924243, 0.31199952651515156, 0.3379610164141414, 0.9967049992108585, 0.9883390532933506, 0.3225613767887206, 0.1599867345328283, 0.33800787168560614, 0.31057764888468004, 0.27944928977272726, 0.4087512047558922, 0.16049267676767676, 0.6109708819970541], "coverage_estimated_second_order": [0.4480403645833333, 0.5291872829861112, 0.47301432291666656, 0.4685991753472222, 0.06119791666666667, 0.091708984375, 0.9995952690972224, 0.7575770399305557, 0.7406477864583334, 0.9995952690972223, 0.9995952690972224, 0.17683919270833331, 0.134482421875, 0.07311414930555554, 0.24016059027777778, 0.0, 0.4738943142361111], "sol": [0.0, 0.0, 0.0, 0.0, 0.0, 0.0, 1.0, 0.0, 0.0, 1.0, 1.0, 0.0, 0.0, 0.0, 0.0, 0.0, 0.0], "coverage": [0.44741319444444444, 0.5286458333333334, 0.4714756944444444, 0.46773003472222224, 0.06093315972222222, 0.09151041666666666, 1.0, 0.7568663194444445, 0.7398871527777777, 1.0, 1.0, 0.17625868055555555, 0.13445746527777777, 0.0726171875, 0.2397482638888889, 0.0, 0.47403645833333335], "coverage_estimated_first_order_diff": [0.14512461989688535, 0.15002749763257583, 0.15222273384890578, 0.13928412115951178, 0.2333381707702021, 0.2204891098484849, -0.6620389835858587, 0.23983867976641404, 0.24845190051557287, -0.6774386232112795, -0.8400132654671717, 0.1617491911300506, 0.17612018360690226, 0.20683210227272725, 0.16900294086700332, 0.16049267676767676, 0.13693442366372072], "coverage_estimated_second_order_diff": [0.0006271701388888551, 0.0005414496527778034, 0.0015386284722221366, 0.0008691406249999312, 0.00026475694444445114, 0.00019856770833333315, -0.0004047309027775947, 0.0007107204861112049, 0.0007606336805556779, -0.00040473090277770574, -0.0004047309027775947, 0.0005805121527777679, 2.4956597222236532e-05, 0.000496961805555543, 0.00041232638888888395, 0.0, -0.00014214409722224097]}