{"coverage_estimated_first_order": [0.37112547085437714, 0.367463799452862, 0.3505232033880472, 0.33212897727272733, 1.3042369712752524, 0.6063310579755894, 0.7914416166877104, 1.0892499342382156, 0.6936723340172561, 0.7195105337226433, 0.3557027014941078, 0.728088646885522, 0.8156142992424242, 0.5431187315867004, 0.6616765809132996, 0.6796107638888889, 0.5230063105008417], "coverage_estimated_second_order": [0.05593641493055557, 0.019725477430555555, 0.016584201388888893, 0.025938585069444436, 0.8030002170138889, 0.9619737413194445, 0.4175010850694444, 0.6200043402777777, 0.9663259548611112, 0.961873914930556, 0.06086046006944443, 0.37117404513888885, 0.4399229600694444, 0.9720041232638891, 0.3026432291666666, 0.4331011284722222, 0.2598036024305555], "sol": [0.0, 0.0, 0.0, 0.0, 0.0, 1.0, 0.0, 0.0, 1.0, 1.0, 0.0, 0.0, 0.0, 1.0, 0.0, 0.0, 0.0], "coverage": [0.05610677083333333, 0.019856770833333332, 0.016484375, 0.025802951388888887, 0.8320920138888889, 1.0, 0.42641493055555557, 0.6394965277777778, 1.0, 1.0, 0.06173611111111111, 0.40176215277777777, 0.4701388888888889, 1.0, 0.3124001736111111, 0.4331423611111111, 0.26174479166666664], "coverage_estimated_first_order_diff": [0.3150187000210438, 0.3476070286195287, 0.3340388283880472, 0.30632602588383845, 0.47214495738636353, -0.3936689420244106, 0.36502668613215483, 0.4497534064604378, -0.30632766598274386, -0.2804894662773567, 0.2939665903829967, 0.3263264941077442, 0.34547541035353535, -0.45688126841329957, 0.3492764073021885, 0.24646840277777776, 0.26126151883417503], "coverage_estimated_second_order_diff": [-0.00017035590277776624, -0.00013129340277777748, 9.982638888889409e-05, 0.000135633680555549, -0.029091796874999964, -0.038026258680555536, -0.008913845486111183, -0.019492187500000036, -0.03367404513888883, -0.03812608506944404, -0.0008756510416666821, -0.030588107638888917, -0.03021592881944446, -0.027995876736110925, -0.009756944444444526, -4.1232638888888395e-05, -0.0019411892361111405]}