{"coverage_estimated_first_order": [0.5769444681186868, 0.5275123974116162, 0.44473820496633, 0.33992924558080806, 0.4824238189183502, 1.0818828125, 0.7876849747474748, 1.0843016230008418, 0.6907586266308925, 0.6851455952756735, 0.5007645175715489, 0.5926821732954548, 0.6837884232954545, 0.9151314078282828, 0.4277466277356903, 0.68554813236532, 0.5228626210016835], "coverage_estimated_second_order": [0.293603515625, 0.2223394097222222, 0.13509006076388885, 0.03627821180555556, 0.9712000868055557, 0.7217654079861113, 0.4211056857638889, 0.6246148003472222, 0.9732931857638889, 0.9705815972222223, 0.2371256510416667, 0.3167545572916666, 0.3756890190972222, 0.5647222222222222, 0.9834244791666663, 0.4923350694444444, 0.2613932291666666], "sol": [0.0, 0.0, 0.0, 0.0, 1.0, 0.0, 0.0, 0.0, 1.0, 1.0, 0.0, 0.0, 0.0, 0.0, 1.0, 0.0, 0.0], "coverage": [0.29395399305555553, 0.2224826388888889, 0.13507378472222223, 0.03595920138888889, 1.0, 0.7421050347222222, 0.42542534722222225, 0.6380598958333333, 1.0, 1.0, 0.23899305555555556, 0.33794270833333334, 0.3960416666666667, 0.5791102430555556, 1.0, 0.49227430555555557, 0.26209201388888886], "coverage_estimated_first_order_diff": [0.2829904750631313, 0.3050297585227273, 0.3096644202441078, 0.3039700441919192, -0.5175761810816498, 0.33977777777777773, 0.36225962752525254, 0.44624172716750843, -0.3092413733691075, -0.31485440472432646, 0.2617714620159934, 0.25473946496212146, 0.28774675662878785, 0.33602116477272725, -0.5722533722643097, 0.1932738268097644, 0.2607706071127946], "coverage_estimated_second_order_diff": [-0.00035047743055555136, -0.00014322916666670293, 1.6276041666624108e-05, 0.00031901041666666796, -0.028799913194444304, -0.020339626736110894, -0.004319661458333346, -0.01344509548611117, -0.0267068142361111, -0.02941840277777774, -0.001867404513888865, -0.021188151041666714, -0.020352647569444493, -0.014388020833333348, -0.01657552083333369, 6.076388888881512e-05, -0.0006987847222222898]}