{"coverage_estimated_first_order": [1.3552571522516834, 1.6694929450757574, 1.0149218605324073, 0.9090652659406566, 0.7457164799031988, 0.6399356718223905, 0.5216756628787877, 0.39435153619528623, 0.30806125315656563, 0.290434990530303, 0.7654924518623738, 0.4294869397095959, 0.4815062920875421, 0.2672402199074073, 0.7867271517255889, 0.4196431844486532, 0.3892960963804713], "coverage_estimated_second_order": [0.5285883246527779, 0.6551963975694444, 0.7450509982638891, 0.7466167534722223, 0.5088433159722221, 0.4023177083333333, 0.23804578993055558, 0.1101486545138889, 0.02396375868055555, 0.03555881076388889, 0.7473253038194445, 0.214599609375, 0.2625553385416665, 0.9919737413194445, 0.5323719618055556, 0.26006184895833334, 0.1525010850694444], "sol": [0.0, 0.0, 1.0, 1.0, 0.0, 0.0, 0.0, 0.0, 0.0, 0.0, 1.0, 0.0, 0.0, 1.0, 0.0, 0.0, 0.0], "coverage": [0.7149696180555556, 0.8813454861111111, 1.0, 1.0, 0.5127647569444445, 0.4059592013888889, 0.24325520833333333, 0.1143142361111111, 0.026597222222222223, 0.036710069444444444, 1.0, 0.217265625, 0.26523003472222223, 1.0, 0.5368272569444444, 0.2602039930555556, 0.16079427083333334], "coverage_estimated_first_order_diff": [0.6402875341961278, 0.7881474589646463, 0.014921860532407294, -0.09093473405934338, 0.23295172295875433, 0.23397647043350162, 0.2784204545454544, 0.28003730008417516, 0.2814640309343434, 0.2537249210858586, -0.2345075481376262, 0.2122213147095959, 0.21627625736531986, -0.7327597800925927, 0.2498998947811445, 0.1594391913930976, 0.22850182554713797], "coverage_estimated_second_order_diff": [-0.18638129340277765, -0.2261490885416667, -0.2549490017361109, -0.25338324652777766, -0.0039214409722223564, -0.0036414930555556113, -0.005209418402777749, -0.004165581597222204, -0.0026334635416666724, -0.0011512586805555516, -0.2526746961805555, -0.00266601562499999, -0.0026746961805557135, -0.00802625868055551, -0.004455295138888871, -0.00014214409722224097, -0.008293185763888933]}