{"coverage_estimated_first_order": [0.5891289207175925, 1.2463703124999999, 0.9986920007365319, 0.8165517203282827, 0.7905203782617843, 0.7499198232323232, 0.3092762126473064, 0.3464319102483165, 0.3615852299031988, 0.376740361952862, 0.5841553174978955, 0.26526672322180134, 0.7529844197180134, 0.7194037536826601, 0.9063928845749158, 0.20546630629208756, 0.36042594960016844], "coverage_estimated_second_order": [0.9913541666666668, 0.7922178819444446, 0.607814670138889, 0.462458767361111, 0.5261132812500001, 0.4933615451388889, 0.03340169270833334, 0.062455512152777774, 0.09597764756944444, 0.14349717881944443, 0.9913541666666668, 0.9913541666666666, 0.5577018229166666, 0.4667795138888889, 0.6009689670138889, 0.9999999999999998, 0.15200954861111116], "sol": [1.0, 0.0, 0.0, 0.0, 0.0, 0.0, 0.0, 0.0, 0.0, 0.0, 1.0, 1.0, 0.0, 0.0, 0.0, 1.0, 0.0], "coverage": [1.0, 0.7963237847222222, 0.6086892361111111, 0.46326822916666666, 0.5280555555555555, 0.4962717013888889, 0.03358506944444444, 0.06262152777777778, 0.09608072916666667, 0.14421440972222221, 1.0, 1.0, 0.5602083333333333, 0.46875, 0.6021918402777777, 1.0, 0.15200086805555554], "coverage_estimated_first_order_diff": [-0.4108710792824075, 0.45004652777777765, 0.3900027646254207, 0.35328349116161606, 0.26246482270622884, 0.2536481218434343, 0.275691143202862, 0.2838103824705387, 0.26550450073653215, 0.23252595223063977, -0.4158446825021045, -0.7347332767781987, 0.19277608638468013, 0.2506537536826601, 0.3042010442971381, -0.7945336937079124, 0.2084250815446129], "coverage_estimated_second_order_diff": [-0.008645833333333242, -0.004105902777777559, -0.00087456597222213, -0.0008094618055556335, -0.0019422743055553804, -0.0029101562499999623, -0.0001833767361111016, -0.0001660156250000086, -0.00010308159722223487, -0.0007172309027777823, -0.008645833333333242, -0.008645833333333353, -0.0025065104166667185, -0.001970486111111114, -0.001222873263888813, -2.220446049250313e-16, 8.680555555612424e-06]}