{"coverage_estimated_first_order": [0.7408602312184345, 0.7591606915509259, 1.2991220170454547, 1.0790443550084177, 0.40580118108164986, 0.3810158748947812, 0.7696734138257575, 0.807669349747475, 0.9034229429713807, 0.34709234138257583, 1.0525413352272728, 0.49132563920454553, 0.39654824810606054, 0.3499190630260943, 0.6626707018097645, 0.21516086121632993, 0.32714367766203717], "coverage_estimated_second_order": [0.981759982638889, 0.9817675781250002, 0.738095703125, 0.6117100694444444, 0.09246202256944444, 0.0779318576388889, 0.5342545572916666, 0.5458626302083334, 0.6406868489583335, 0.9895920138888888, 0.6127311197916668, 0.2637749565972223, 0.15310329861111116, 0.06744466145833333, 0.3096430121527777, 0.001482204861111111, 0.9851877170138891], "sol": [1.0, 1.0, 0.0, 0.0, 0.0, 0.0, 0.0, 0.0, 0.0, 1.0, 0.0, 0.0, 0.0, 0.0, 0.0, 0.0, 1.0], "coverage": [1.0, 1.0, 0.7517317708333333, 0.6254947916666667, 0.09279513888888889, 0.07812934027777778, 0.537421875, 0.5490060763888889, 0.6446006944444445, 1.0, 0.6204036458333333, 0.2650824652777778, 0.15391493055555555, 0.06747395833333333, 0.3095833333333333, 0.001484375, 1.0], "coverage_estimated_first_order_diff": [-0.2591397687815655, -0.24083930844907409, 0.5473902462121214, 0.453549563341751, 0.31300604219276096, 0.30288653461700343, 0.23225153882575744, 0.2586632733585861, 0.25882224852693625, -0.6529076586174242, 0.4321376893939395, 0.22624317392676774, 0.242633317550505, 0.28244510469276096, 0.3530873684764312, 0.21367648621632993, -0.6728563223379629], "coverage_estimated_second_order_diff": [-0.018240017361111027, -0.01823242187499985, -0.013636067708333366, -0.013784722222222268, -0.0003331163194444514, -0.00019748263888888506, -0.0031673177083334503, -0.003143446180555509, -0.003913845486110956, -0.010407986111111156, -0.007672526041666461, -0.0013075086805555136, -0.0008116319444443909, -2.929687500000111e-05, 5.967881944435316e-05, -2.1701388888890113e-06, -0.014812282986110925]}