{"coverage_estimated_first_order": [0.41379373173548284, 0.9785097135809453, 0.7655694208773255, 1.1692696058792107, 1.3497135514863, 1.062833361810269, 1.0394371091786074, 1.3036805359162895, 0.7646182715874814], "coverage_estimated_second_order": [0.9508995225694444, 0.6224869791666665, 0.4238758680555556, 0.41082031250000006, 0.49744466145833355, 0.7437250434027776, 0.7413357204861108, 0.5013335503472222, 0.77787109375], "sol": [1.0, 0.0, 0.0, 0.0, 0.0, 1.0, 1.0, 0.0, 1.0], "coverage": [1.0, 0.6508767361111111, 0.45012586805555554, 0.5545269097222222, 0.6554079861111111, 1.0, 1.0, 0.6675, 1.0], "coverage_estimated_first_order_diff": [-0.5862062682645172, 0.3276329774698342, 0.31544355282176995, 0.6147426961569885, 0.6943055653751888, 0.062833361810269, 0.03943710917860743, 0.6361805359162895, -0.2353817284125186], "coverage_estimated_second_order_diff": [-0.04910047743055557, -0.028389756944444566, -0.02624999999999994, -0.14370659722222212, -0.15796332465277751, -0.25627495659722244, -0.25866427951388915, -0.16616644965277783, -0.22212890625000004]}