{"coverage_estimated_first_order": [0.3630238430508423, 0.9685963914812721, 0.7573790614002012, 1.3165148060426095, 1.380038689353947, 0.8623064010259551, 1.3886617116798643, 0.9487758992819885, 0.9082138087606839], "coverage_estimated_second_order": [0.9847309027777778, 0.6403472222222222, 0.4384928385416667, 0.48629340277777794, 0.530822482638889, 0.7602821180555555, 0.6093749999999999, 0.7577148437500001, 0.7602408854166667], "sol": [1.0, 0.0, 0.0, 0.0, 0.0, 1.0, 0.0, 1.0, 1.0], "coverage": [1.0, 0.6506423611111111, 0.44938368055555555, 0.6652560763888888, 0.7140451388888889, 1.0, 0.7771050347222223, 1.0, 1.0], "coverage_estimated_first_order_diff": [-0.6369761569491577, 0.317954030370161, 0.3079953808446456, 0.6512587296537207, 0.665993550465058, -0.13769359897404487, 0.611556676957642, -0.051224100718011534, -0.09178619123931608], "coverage_estimated_second_order_diff": [-0.01526909722222225, -0.010295138888888888, -0.010890842013888846, -0.1789626736111109, -0.1832226562499999, -0.23971788194444454, -0.16773003472222237, -0.2422851562499999, -0.23975911458333332]}