{"coverage_estimated_first_order": [0.9460194251979639, 0.3768463119422447, 0.9478471731240573, 0.9019858096483787, 1.591265200791855, 0.9141485936321643, 1.2547234202174462, 1.3578440112022374, 0.7805341978538212], "coverage_estimated_second_order": [0.6528309461805553, 0.9800694444444444, 0.663251953125, 0.7839420572916668, 0.661398654513889, 0.7835753038194444, 0.5267936197916667, 0.5320941840277778, 0.7927517361111109], "sol": [0.0, 1.0, 0.0, 1.0, 0.0, 1.0, 0.0, 0.0, 1.0], "coverage": [0.6658029513888889, 1.0, 0.6788411458333333, 1.0, 0.8566276041666666, 1.0, 0.6715234375, 0.7098177083333334, 1.0], "coverage_estimated_first_order_diff": [0.280216473809075, -0.6231536880577553, 0.269006027290724, -0.09801419035162129, 0.7346375966251885, -0.08585140636783573, 0.5831999827174462, 0.6480263028689041, -0.21946580214617883], "coverage_estimated_second_order_diff": [-0.012972005208333637, -0.019930555555555562, -0.015589192708333366, -0.21605794270833323, -0.1952289496527776, -0.2164246961805556, -0.14472981770833326, -0.1777235243055556, -0.20724826388888906]}