{"coverage_estimated_first_order": [0.11385214873208906, 0.12245103440013824, 0.11238589586475616, 0.3471685235592634, 0.31847493735074156, 0.3321730504100678, 0.3199001539718452, 0.46917572527809204, 0.0], "coverage_estimated_second_order": [0.007893880208333334, 0.008479817708333334, 0.008965928819444444, 0.3396495225694444, 0.2914854600694444, 0.3095062934027778, 0.30038194444444444, 0.5102387152777778, 1.0], "sol": [0.0, 0.0, 0.0, 0.0, 0.0, 0.0, 0.0, 0.0, 1.0], "coverage": [0.0078515625, 0.008415798611111112, 0.008953993055555555, 0.3391059027777778, 0.2910373263888889, 0.3089322916666667, 0.29940538194444444, 0.5070399305555555, 1.0], "coverage_estimated_first_order_diff": [0.10600058623208905, 0.11403523578902713, 0.1034319028092006, 0.008062620781485619, 0.027437610961852654, 0.02324075874340109, 0.020494772027400743, -0.03786420527746348, -1.0], "coverage_estimated_second_order_diff": [4.2317708333334744e-05, 6.401909722222182e-05, 1.193576388888902e-05, 0.0005436197916666163, 0.00044813368055551805, 0.0005740017361111072, 0.0009765625, 0.0031987847222222365, 0.0]}