{"coverage_estimated_first_order": [0.39742884202960044, 0.38290253130498986, 0.3527839641465561, 1.188855192818313, 0.6617154997014831, 1.3629943350537328, 0.6417210085155856, 1.181906388456825, 0.5993181246857718], "coverage_estimated_second_order": [0.08909830729166668, 0.038521050347222224, 0.0376584201388889, 0.6356174045138889, 0.8574338107638888, 0.70986328125, 0.8574338107638889, 0.6003385416666669, 0.8574338107638888], "sol": [0.0, 0.0, 0.0, 0.0, 1.0, 0.0, 1.0, 0.0, 1.0], "coverage": [0.09136284722222222, 0.04111545138888889, 0.04081597222222222, 0.7530121527777778, 1.0, 0.8478125, 1.0, 0.7225520833333333, 1.0], "coverage_estimated_first_order_diff": [0.3060659948073782, 0.34178707991610097, 0.3119679919243339, 0.4358430400405353, -0.33828450029851687, 0.5151818350537328, -0.35827899148441444, 0.45935430512349174, -0.40068187531422816], "coverage_estimated_second_order_diff": [-0.0022645399305555453, -0.0025944010416666663, -0.0031575520833333204, -0.11739474826388885, -0.1425661892361112, -0.13794921875, -0.14256618923611108, -0.12221354166666643, -0.1425661892361112]}