{"coverage_estimated_first_order": [1.283675062985176, 0.8396957953011014, 0.8443779548961843, 1.3217902783623263, 0.7563247508724398, 1.0197911025766933, 0.655145931427995], "coverage_estimated_second_order": [0.8573437793555998, 1.0396234272528, 1.0520275838228001, 0.8990505063982001, 1.0275239928523998, 0.63034826948413, 1.0114159555651], "sol": [0.0, 1.0, 1.0, 0.0, 1.0, 0.0, 1.0], "coverage": [0.8286675347222222, 1.0, 1.0, 0.8624392361111111, 1.0, 0.6197612847222222, 1.0], "coverage_estimated_first_order_diff": [0.4550075282629539, -0.1603042046988986, -0.15562204510381572, 0.45935104225121526, -0.24367524912756022, 0.400029817854471, -0.34485406857200496], "coverage_estimated_second_order_diff": [0.02867624463337759, 0.03962342725279999, 0.05202758382280015, 0.03661127028708899, 0.027523992852399815, 0.01058698476190778, 0.011415955565100111]}