{"coverage_estimated_first_order": [0.41909979943064185, 0.9357235081306075, 0.3917929633583508, 0.7245104786706351, 0.45819993044772295, 0.3354024785412353, 0.2986012470885092, 0.3315377981582125, 0.2254329521437198, 0.6073325838940651, 0.6674106873274672, 0.5660099691597654], "coverage_estimated_second_order": [0.9991373697916667, 0.6465321180555554, 0.9991373697916668, 0.5175130208333333, 0.2091156684027778, 0.05720160590277778, 0.0010460069444444445, 0.06805555555555555, 0.9991373697916667, 0.43440104166666677, 0.5136230468749999, 0.41554036458333327], "sol": [1.0, 0.0, 1.0, 0.0, 0.0, 0.0, 0.0, 0.0, 1.0, 0.0, 0.0, 0.0], "coverage": [1.0, 0.6425607638888889, 1.0, 0.516796875, 0.20904947916666666, 0.05720486111111111, 0.0010416666666666667, 0.06807725694444444, 1.0, 0.43234375, 0.5129383680555556, 0.4148263888888889], "coverage_estimated_first_order_diff": [-0.5809002005693582, 0.2931627442417185, -0.6082070366416492, 0.20771360367063507, 0.24915045128105628, 0.27819761743012417, 0.29755958042184255, 0.26346054121376805, -0.7745670478562802, 0.17498883389406505, 0.15447231927191163, 0.15118358027087653], "coverage_estimated_second_order_diff": [-0.0008626302083333259, 0.003971354166666496, -0.0008626302083332149, 0.0007161458333332371, 6.618923611112493e-05, -3.2552083333303727e-06, 4.340277777777806e-06, -2.170138888889228e-05, -0.0008626302083333259, 0.0020572916666667385, 0.0006846788194443398, 0.0007139756944443687]}