{"coverage_estimated_first_order": [0.06974332513802624, 0.08247002782091101, 0.08855711913388543, 0.09350772623360941, 0.26142933973861293, 0.3795284706047273, 0.5976952639751553, 0.0, 0.13200254755434787, 0.28132330216959983, 0.1558889212387854, 0.07324130866114563], "coverage_estimated_second_order": [0.0, 0.0, 0.0, 0.0, 0.22303276909722222, 0.3814290364583333, 0.6480631510416667, 1.0, 0.06805555555555555, 0.25330295138888886, 0.09088107638888888, 0.0], "sol": [0.0, 0.0, 0.0, 0.0, 0.0, 0.0, 0.0, 1.0, 0.0, 0.0, 0.0, 0.0], "coverage": [0.0, 0.0, 0.0, 0.0, 0.22292100694444444, 0.3814279513888889, 0.6481727430555555, 1.0, 0.06807725694444444, 0.2532248263888889, 0.09092447916666667, 0.0], "coverage_estimated_first_order_diff": [0.06974332513802624, 0.08247002782091101, 0.08855711913388543, 0.09350772623360941, 0.03850833279416849, -0.0018994807841616335, -0.050477479080400234, -1.0, 0.06392529060990343, 0.028098475780710952, 0.06496444207211872, 0.07324130866114563], "coverage_estimated_second_order_diff": [0.0, 0.0, 0.0, 0.0, 0.0001117621527777779, 1.0850694444064501e-06, -0.00010959201388882622, 0.0, -2.170138888889228e-05, 7.812499999998446e-05, -4.340277777778456e-05, 0.0]}