{"coverage_estimated_first_order": [0.572657096488958, 1.0208728082945135, 0.525969798675811, 0.9970721187025536, 0.9655194045462391, 0.3354024785412353, 0.7989286064742925, 0.6540100958635264, 0.5775587069746377, 0.498303474378882, 0.786217407479296, 0.3727758960921325], "coverage_estimated_second_order": [0.9943109809027779, 0.6421625434027778, 0.9943109809027777, 0.7074110243055556, 0.709189453125, 1.0, 0.5378146701388888, 0.3814290364583333, 0.31711154513888884, 0.22179904513888887, 0.524853515625, 0.9943109809027778], "sol": [1.0, 0.0, 1.0, 0.0, 0.0, 1.0, 0.0, 0.0, 0.0, 0.0, 0.0, 1.0], "coverage": [1.0, 0.6424782986111112, 1.0, 0.7111935763888889, 0.7090190972222222, 1.0, 0.5377604166666666, 0.3814279513888889, 0.3157248263888889, 0.22083767361111112, 0.5267230902777778, 1.0], "coverage_estimated_first_order_diff": [-0.427342903511042, 0.3783945096834024, -0.47403020132418905, 0.2858785423136647, 0.25650030732401685, -0.6645975214587647, 0.2611681898076259, 0.2725821444746375, 0.26183388058574886, 0.2774658007677709, 0.2594943172015183, -0.6272241039078674], "coverage_estimated_second_order_diff": [-0.005689019097222081, -0.0003157552083333792, -0.005689019097222303, -0.003782552083333335, 0.00017035590277780788, 0.0, 5.4253472222209886e-05, 1.0850694444064501e-06, 0.00138671874999996, 0.0009613715277777546, -0.0018695746527777057, -0.005689019097222192]}