{"coverage_estimated_first_order": [0.6576171524542788, 0.5171505159808489, 1.1632829564570395, 0.7247595728735334, 1.2277470992926152, 0.48051296691683926, 1.0448055312931332, 0.8515994489734299, 0.6614394814311595, 0.26519433661145625, 0.5743984536749481, 0.43755800336438916], "coverage_estimated_second_order": [0.41968532986111107, 0.9997102864583333, 0.7349761284722223, 0.9997102864583334, 0.8032356770833333, 1.0000000000000002, 0.769562717013889, 0.6198003472222222, 0.4330685763888889, 0.9997102864583334, 0.31349826388888885, 0.19542100694444445], "sol": [0.0, 1.0, 0.0, 1.0, 0.0, 1.0, 0.0, 0.0, 0.0, 1.0, 0.0, 0.0], "coverage": [0.4192361111111111, 1.0, 0.7319401041666667, 1.0, 0.8030815972222223, 1.0, 0.7693576388888889, 0.6196223958333333, 0.4307769097222222, 1.0, 0.3133420138888889, 0.19522135416666667], "coverage_estimated_first_order_diff": [0.23838104134316768, -0.48284948401915107, 0.43134285229037284, -0.27524042712646657, 0.4246655020703929, -0.5194870330831607, 0.2754478924042444, 0.23197705314009653, 0.23066257170893728, -0.7348056633885438, 0.26105643978605925, 0.2423366491977225], "coverage_estimated_second_order_diff": [0.00044921874999998, -0.00028971354166673624, 0.003036024305555607, -0.0002897135416666252, 0.000154079861111045, 2.220446049250313e-16, 0.00020507812500014655, 0.00017795138888887507, 0.002291666666666692, -0.0002897135416666252, 0.00015624999999996891, 0.00019965277777778123]}