{"coverage_estimated_first_order": [0.49426296691683935, 0.4500664601664943, 0.5148451733954452, 0.6829967865769496, 0.4626872115467565, 1.0786984989648036, 1.1280552671023119, 0.4923382019927536, 0.4841283023852658, 1.0101626229296068, 1.182304175293306, 0.4129579990510697], "coverage_estimated_second_order": [0.2362836371527778, 0.15776584201388888, 0.21613823784722222, 0.4089236111111111, 1.0, 0.7345572916666665, 0.7782964409722222, 1.0, 1.0, 0.7137055121527778, 0.7966590711805556, 1.0], "sol": [0.0, 0.0, 0.0, 0.0, 1.0, 0.0, 0.0, 1.0, 1.0, 0.0, 0.0, 1.0], "coverage": [0.23406684027777777, 0.1571875, 0.21561197916666666, 0.4086328125, 1.0, 0.7344748263888888, 0.7784244791666667, 1.0, 1.0, 0.7110677083333333, 0.7955034722222222, 1.0], "coverage_estimated_first_order_diff": [0.26019612663906155, 0.2928789601664943, 0.2992331942287786, 0.2743639740769496, -0.5373127884532435, 0.3442236725759148, 0.34963078793564517, -0.5076617980072464, -0.5158716976147342, 0.29909491459627346, 0.3868007030710837, -0.5870420009489303], "coverage_estimated_second_order_diff": [0.0022167968750000377, 0.0005783420138888717, 0.000526258680555558, 0.0002907986111110872, 0.0, 8.246527777766577e-05, -0.00012803819444451303, 0.0, 0.0, 0.002637803819444451, 0.0011555989583333925, 0.0]}