{"coverage_estimated_first_order": [0.4848228627501726, 0.45226254636818497, 0.5169822884316769, 0.6864187181892684, 0.3018868077122152, 0.8100649316338858, 0.7997120266131814, 0.8019545969202898, 1.222423969655797, 0.6173589086223257, 0.8873305808963079, 0.7594735108264319], "coverage_estimated_second_order": [0.2154177517361111, 0.15900173611111112, 0.21726888020833332, 0.41074327256944443, 1.0, 0.5603385416666666, 0.5396527777777778, 0.5333897569444445, 0.5942719184027778, 0.8323524305555556, 0.8323524305555559, 0.8323524305555556], "sol": [0.0, 0.0, 0.0, 0.0, 1.0, 0.0, 0.0, 0.0, 0.0, 1.0, 1.0, 1.0], "coverage": [0.2143967013888889, 0.15816840277777777, 0.21664930555555556, 0.41044270833333335, 1.0, 0.5603559027777778, 0.5395876736111112, 0.5332465277777778, 0.7196137152777777, 1.0, 1.0, 1.0], "coverage_estimated_first_order_diff": [0.2704261613612837, 0.2940941435904072, 0.30033298287612137, 0.275976009855935, -0.6981131922877848, 0.24970902885610802, 0.26012435300207026, 0.268708069142512, 0.5028102543780193, -0.3826410913776743, -0.1126694191036921, -0.24052648917356811], "coverage_estimated_second_order_diff": [0.0010210503472222188, 0.0008333333333333526, 0.0006195746527777601, 0.0003005642361110783, 0.0, -1.7361111111169336e-05, 6.510416666660745e-05, 0.00014322916666664742, -0.1253417968749999, -0.16764756944444437, -0.16764756944444414, -0.16764756944444437]}