{"coverage_estimated_first_order": [1.2934351144196907, 1.4016781673353045, 1.7309620245421442, 1.6025587985820702, 1.5405096366394904, 0.8698436541708607, 0.9782921999298936, 1.247457470481677, 1.206055405360189, 1.2547080041441454, 1.2407057182763643, 1.2336195378271488, 1.452862440644181, 1.0284266122521803, 1.1163263776016055], "coverage_estimated_second_order": [0.9704750177699001, 0.9670503958016001, 0.7857966355213001, 0.7033703499819001, 0.7250318155426001, 0.97470493425264, 0.9482007458396, 0.6479814958594, 0.9334902361542002, 0.9353256186568, 0.5014728948259, 0.551546131962, 0.6457684510080999, 0.9100993633215, 0.41608734573760003], "sol": [1.0, 1.0, 0.0, 0.0, 0.0, 1.0, 1.0, 0.0, 1.0, 1.0, 0.0, 0.0, 0.0, 1.0, 0.0], "coverage": [1.0, 1.0, 0.8198220486111111, 0.7447960069444445, 0.7558637152777777, 1.0, 1.0, 0.6700694444444445, 1.0, 1.0, 0.4998914930555556, 0.5522395833333333, 0.6787934027777778, 1.0, 0.41761284722222225], "coverage_estimated_first_order_diff": [0.2934351144196907, 0.4016781673353045, 0.9111399759310331, 0.8577627916376257, 0.7846459213617126, -0.13015634582913926, -0.02170780007010642, 0.5773880260372325, 0.20605540536018907, 0.2547080041441454, 0.7408142252208088, 0.6813799544938155, 0.7740690378664032, 0.02842661225218035, 0.6987135303793832], "coverage_estimated_second_order_diff": [-0.029524982230099917, -0.03294960419839987, -0.034025413089810996, -0.04142565696254441, -0.030831899735177637, -0.025295065747359957, -0.05179925416039999, -0.02208794858504448, -0.06650976384579976, -0.06467438134320003, 0.0015814017703443817, -0.0006934513713333645, -0.0330249517696779, -0.08990063667850001, -0.001525501484622216]}