{"coverage_estimated_first_order": [1.2644504821177325, 1.4197981601037666, 1.288338612818111, 1.4051658544529453, 1.343057971149849, 0.9802822331493245, 0.8031728792152735, 1.1113297591927125, 1.0949289280745316, 0.7343078290002472, 0.9752324610263969, 1.0193902912746517, 1.3760236878845205, 0.929131966638231, 0.8929153339422777], "coverage_estimated_second_order": [0.5672124702072999, 0.6515889993273, 0.8782848028849999, 0.8170681341135002, 0.8158200738108998, 0.8374021644360401, 0.9943268848646001, 0.6599210001209, 0.5788261120347001, 0.9606918441765999, 0.3455745974572, 0.4868610176746, 0.6002619301378, 0.48706401261068, 0.3000266552762], "sol": [0.0, 0.0, 1.0, 1.0, 1.0, 1.0, 1.0, 0.0, 0.0, 1.0, 0.0, 0.0, 0.0, 0.0, 0.0], "coverage": [0.5720138888888889, 0.6758984375, 1.0, 1.0, 1.0, 1.0, 1.0, 0.6658289930555555, 0.6091015625, 1.0, 0.37026041666666665, 0.5135112847222222, 0.6534809027777778, 0.49487413194444446, 0.3196527777777778], "coverage_estimated_first_order_diff": [0.6924365932288435, 0.7438997226037666, 0.2883386128181109, 0.4051658544529453, 0.34305797114984893, -0.0197177668506755, -0.19682712078472653, 0.44550076613715694, 0.48582736557453154, -0.26569217099975284, 0.6049720443597303, 0.5058790065524296, 0.7225427851067426, 0.4342578346937866, 0.5732625561645], "coverage_estimated_second_order_diff": [-0.004801418681589009, -0.024309438172700037, -0.12171519711500012, -0.1829318658864998, -0.18417992618910017, -0.1625978355639599, -0.00567311513539992, -0.005907992934655493, -0.03027545046529989, -0.03930815582340008, -0.024685819209466664, -0.02665026704762219, -0.05321897263997777, -0.007810119333764465, -0.019626122501577803]}