{"coverage_estimated_first_order": [1.5439744073993145, 1.2601664971679774, 1.7567890878330106, 1.8436987850669444, 1.4177266285217163, 1.0940662941702157, 1.4325898082187252, 0.8771751806397782, 1.1966019148821518, 1.2390401687941939, 0.8862446674651759, 1.1455496283771252, 1.3409925805855403, 0.8963394185430782, 1.1429506207614326], "coverage_estimated_second_order": [0.739515161944, 0.9569483373734001, 0.7981227526224, 0.8289543674027001, 0.9379068338919999, 0.9516318023669401, 0.7496148385300001, 0.9995831437539, 0.5075230551482001, 0.5117062409352, 0.9675260445830001, 0.45180444786819995, 0.9321590252427999, 0.95267150842185, 0.5070130583766], "sol": [0.0, 1.0, 0.0, 0.0, 1.0, 1.0, 0.0, 1.0, 0.0, 0.0, 1.0, 0.0, 1.0, 1.0, 0.0], "coverage": [0.770859375, 1.0, 0.8390972222222223, 0.8683029513888889, 1.0, 1.0, 0.7555555555555555, 1.0, 0.5448784722222222, 0.5464322916666666, 1.0, 0.4735329861111111, 1.0, 1.0, 0.5403819444444444], "coverage_estimated_first_order_diff": [0.7731150323993145, 0.26016649716797735, 0.9176918656107883, 0.9753958336780555, 0.41772662852171627, 0.09406629417021573, 0.6770342526631696, -0.12282481936022183, 0.6517234426599297, 0.6926078771275272, -0.11375533253482406, 0.6720166422660141, 0.3409925805855403, -0.10366058145692181, 0.6025686763169882], "coverage_estimated_second_order_diff": [-0.03134421305599999, -0.043051662626599874, -0.040974469599822316, -0.03934858398618879, -0.062093166108000086, -0.048368197633059884, -0.005940717025555431, -0.0004168562460999947, -0.037355417074022124, -0.03472605073146662, -0.03247395541699993, -0.021728538242911155, -0.06784097475720008, -0.04732849157815, -0.03336888606784438]}