{"coverage_estimated_first_order": [1.4056223934359398, 1.5419609624926458, 1.711547103804688, 1.4934550780335554, 1.3588133484228038, 1.2113864069196438, 1.337112993516845, 1.1995476299648342, 1.1258217516443707, 1.2324264707827328, 1.3858596364773639, 1.0388969063048779, 1.304524955604502, 0.9006598983488484, 0.9352444685139097], "coverage_estimated_second_order": [0.5163274930649, 0.5793039319111, 0.6930988222194, 0.9419731888330003, 0.9689992780333001, 0.47740002685794, 0.8808534070158001, 0.8961124638506001, 0.353458671786, 0.4433492374194, 0.6695287217478001, 0.9547889124989999, 0.9014231891298001, 0.23265458995498, 0.9750448518408001], "sol": [0.0, 0.0, 0.0, 1.0, 1.0, 0.0, 1.0, 1.0, 0.0, 0.0, 0.0, 1.0, 1.0, 0.0, 1.0], "coverage": [0.5441102430555556, 0.6074522569444445, 0.7205642361111111, 1.0, 1.0, 0.4824045138888889, 1.0, 1.0, 0.3611067708333333, 0.4462890625, 0.6864670138888889, 1.0, 1.0, 0.23383680555555555, 1.0], "coverage_estimated_first_order_diff": [0.8615121503803842, 0.9345087055482013, 0.990982867693577, 0.49345507803355537, 0.35881334842280377, 0.728981893030755, 0.3371129935168451, 0.19954762996483422, 0.7647149808110374, 0.7861374082827328, 0.699392622588475, 0.038896906304877854, 0.304524955604502, 0.6668230927932929, -0.06475553148609026], "coverage_estimated_second_order_diff": [-0.027782749990655553, -0.028148325033344523, -0.027465413891711088, -0.0580268111669997, -0.031000721966699896, -0.005004487030948912, -0.11914659298419994, -0.10388753614939994, -0.007648099047333323, -0.002939825080599978, -0.016938292141088773, -0.04521108750100011, -0.09857681087019987, -0.001182215600575548, -0.024955148159199858]}