{"coverage_estimated_first_order": [1.3811167619850764, 1.4789440208600706, 1.901554733992709, 1.5877964163355254, 1.557401050980384, 1.1592553213927625, 1.18004814222917, 0.9795081857134101, 1.1610678084918549, 1.1905699288127176, 1.2181557839222206, 1.0396555066096504, 1.622587102156684, 0.8246350884558109, 0.819640447933814], "coverage_estimated_second_order": [0.8847635259751999, 0.8636741810995001, 0.7048210748576, 0.7721971806784002, 0.7690338701639998, 0.87629414135034, 0.3201713148387, 0.1880438159882, 0.4400487458633, 0.415641790848, 0.4909802584994, 0.2559348971704, 0.6006165282264, 0.9603708582212399, 0.9552508551615999], "sol": [1.0, 1.0, 0.0, 1.0, 1.0, 1.0, 0.0, 0.0, 0.0, 0.0, 0.0, 0.0, 0.0, 1.0, 1.0], "coverage": [1.0, 1.0, 0.8407248263888889, 1.0, 1.0, 1.0, 0.3198046875, 0.18776041666666668, 0.4717925347222222, 0.44133680555555554, 0.5146440972222223, 0.26815538194444444, 0.7075564236111112, 1.0, 1.0], "coverage_estimated_first_order_diff": [0.3811167619850764, 0.4789440208600706, 1.0608299076038201, 0.5877964163355254, 0.557401050980384, 0.15925532139276255, 0.86024345472917, 0.7917477690467435, 0.6892752737696326, 0.7492331232571621, 0.7035116866999983, 0.771500124665206, 0.9150306785455729, -0.1753649115441891, -0.18035955206618604], "coverage_estimated_second_order_diff": [-0.11523647402480008, -0.13632581890049988, -0.13590375153128886, -0.22780281932159985, -0.23096612983600018, -0.12370585864966, 0.0003666273386999652, 0.0002833993215333175, -0.031743788858922206, -0.02569501470755553, -0.02366383872282224, -0.012220484774044416, -0.10693989538471116, -0.03962914177876009, -0.04474914483840009]}