{"coverage_estimated_first_order": [1.2382828636030938, 1.3885073337311298, 1.1141910559002088, 1.420949843123641, 1.2511512261827102, 0.8614810595108309, 1.1465874581812445, 1.0303887137037147, 1.171600089061598, 0.8101379773754513, 1.2029471727398666, 1.1711527902251309, 0.9927975113336358, 0.8780221674285555, 0.7785027263271646], "coverage_estimated_second_order": [0.5835405017777999, 0.6834761212083, 0.9619961495556999, 0.7103532460094999, 0.5576579990982999, 0.2818010817112399, 0.9450684615228001, 0.9428749257846, 0.6806883510714, 1.0022703895118001, 0.6710507478868, 0.6627103738724001, 0.9568978911858, 0.41932492900706003, 0.9927197405858001], "sol": [0.0, 0.0, 1.0, 0.0, 0.0, 0.0, 1.0, 1.0, 0.0, 1.0, 0.0, 0.0, 1.0, 0.0, 1.0], "coverage": [0.5967664930555555, 0.7059288194444444, 1.0, 0.7266145833333333, 0.5746831597222222, 0.2905034722222222, 1.0, 1.0, 0.6798654513888889, 1.0, 0.6659939236111111, 0.6485590277777777, 1.0, 0.4307986111111111, 1.0], "coverage_estimated_first_order_diff": [0.6415163705475383, 0.6825785142866854, 0.11419105590020884, 0.6943352597903076, 0.6764680664604881, 0.5709775872886087, 0.14658745818124452, 0.030388713703714654, 0.4917346376727092, -0.18986202262454865, 0.5369532491287555, 0.5225937624473531, -0.007202488666364193, 0.4472235563174444, -0.22149727367283545], "coverage_estimated_second_order_diff": [-0.013225991277755589, -0.022452698236144375, -0.0380038504443001, -0.01626133732383339, -0.01702516062392223, -0.008702390510982316, -0.05493153847719989, -0.05712507421540003, 0.0008228996825111468, 0.0022703895118001416, 0.005056824275688876, 0.014151346094622319, -0.04310210881419996, -0.011473682104051086, -0.007280259414199852]}