{"coverage_estimated_first_order": [1.084533113364041, 1.227557266570409, 1.0402843683743428, 1.5160965850415435, 1.0759919129340334, 0.7898658315743856, 0.6695684517135692, 0.9912375147781531, 0.7031602867245872, 0.7370442048615308, 0.7543955641657433, 0.7526833123446299, 0.9271649300630174, 0.7793779000228435, 0.7068760464162172], "coverage_estimated_second_order": [0.609633594178, 0.7189054211597999, 0.9863057119952, 0.872883818263, 0.9777040395475998, 0.9555514982496, 1.0013089399284, 0.6428641294384001, 0.0559700707238, 0.071662715092, 0.156483674146, 0.2100961152054, 0.9700591750798001, 0.37941566916411007, 0.15995259501840003], "sol": [0.0, 0.0, 1.0, 0.0, 1.0, 1.0, 1.0, 0.0, 0.0, 0.0, 0.0, 0.0, 1.0, 0.0, 0.0], "coverage": [0.5923046875, 0.7025651041666666, 1.0, 0.8893185763888889, 1.0, 1.0, 1.0, 0.6399565972222222, 0.02396267361111111, 0.042109375, 0.13578559027777778, 0.1948220486111111, 1.0, 0.37328125, 0.13565104166666667], "coverage_estimated_first_order_diff": [0.49222842586404103, 0.5249921624037425, 0.040284368374342794, 0.6267780086526547, 0.0759919129340334, -0.2101341684256144, -0.33043154828643084, 0.35128091755593094, 0.679197613113476, 0.6949348298615308, 0.6186099738879655, 0.5578612637335189, -0.07283506993698263, 0.40609665002284345, 0.5712250047495505], "coverage_estimated_second_order_diff": [0.017328906678000022, 0.01634031699313332, -0.013694288004799993, -0.016434758125888904, -0.022295960452400232, -0.04444850175040005, 0.001308939928400088, 0.0029075322161778994, 0.03200739711268889, 0.02955334009200001, 0.020698083868222222, 0.015274066594288899, -0.029940824920199893, 0.006134419164110061, 0.024301553351733368]}