{"coverage_estimated_first_order": [0.7540106059516725, 0.8258209751872833, 0.8532811862939361, 0.8073664550876956, 0.7308228536976964, 0.6117019485086391, 0.7601818931219333, 0.6979254969416232, 0.7771498964729193, 0.8068165752262212, 0.49534845780359216, 0.815510335868455, 0.8393607737561424, 0.33518670017253016, 0.7860764204297429], "coverage_estimated_second_order": [0.2885579139614, 0.31722072696900006, 0.29394112485800006, 0.1947973592316, 0.1375340360269, 0.22231908343641998, 1.0185188043003002, 1.0235915991866, 0.5128927369876, 0.5153485822030001, 0.967142090306, 0.5147148533072, 0.3754312632894, 0.98237703805497, 0.556244558027], "sol": [0.0, 0.0, 0.0, 0.0, 0.0, 0.0, 1.0, 1.0, 0.0, 0.0, 1.0, 0.0, 0.0, 1.0, 0.0], "coverage": [0.2384548611111111, 0.25555555555555554, 0.21526475694444444, 0.10927951388888889, 0.060980902777777776, 0.19815972222222222, 1.0, 1.0, 0.5419748263888889, 0.5438845486111111, 1.0, 0.5233810763888889, 0.30648871527777777, 1.0, 0.5740928819444444], "coverage_estimated_first_order_diff": [0.5155557448405613, 0.5702654196317277, 0.6380164293494917, 0.6980869411988067, 0.6698419509199186, 0.4135422262864169, -0.2398181068780667, -0.3020745030583768, 0.23517507008403038, 0.26293202661511006, -0.5046515421964078, 0.29212925947956614, 0.5328720584783646, -0.6648132998274698, 0.2119835384852985], "coverage_estimated_second_order_diff": [0.050103052850288904, 0.06166517141344452, 0.07867636791355562, 0.0855178453427111, 0.07655313324912223, 0.02415936121419776, 0.018518804300300173, 0.023591599186600032, -0.02908208940128898, -0.02853596640811107, -0.03285790969400004, -0.00866622308168885, 0.06894254801162225, -0.01762296194502999, -0.017848323917444398]}