{"coverage_estimated_first_order": [1.195821924486799, 0.8628131195214944, 1.3578825671023238, 0.9680541098074251, 1.3079304543304209, 0.6191686008205717, 0.6971508653616783, 0.986108773235261, 0.7732085951673437, 0.7869050002699094, 0.9559600548703713, 0.8351647595191832, 1.0926493324898134, 0.6830128852008963, 0.5790802540596492], "coverage_estimated_second_order": [0.7898846213946, 1.0326457720873, 0.9032358324368001, 1.0612538090498003, 0.8715372125174001, 1.03624499706704, 1.0085732697817, 0.6498965934576, 0.233854855777, 0.208511152471, 0.5503507119312001, 0.389959047017, 0.6524685734312, 0.25431307741595005, 0.977883210347], "sol": [0.0, 1.0, 0.0, 1.0, 0.0, 1.0, 1.0, 0.0, 0.0, 0.0, 0.0, 0.0, 0.0, 0.0, 1.0], "coverage": [0.765625, 1.0, 0.8638671875, 1.0, 0.8254947916666666, 1.0, 1.0, 0.6492621527777778, 0.24654513888888888, 0.22047309027777778, 0.5731553819444445, 0.4068098958333333, 0.6313671875, 0.2533463541666667, 1.0], "coverage_estimated_first_order_diff": [0.4301969244867989, -0.13718688047850558, 0.4940153796023238, -0.03194589019257488, 0.48243566266375426, -0.3808313991794283, -0.30284913463832175, 0.33684662045748326, 0.5266634562784549, 0.5664319099921316, 0.3828046729259268, 0.4283548636858499, 0.46128214498981346, 0.42966653103422964, -0.42091974594035075], "coverage_estimated_second_order_diff": [0.02425962139460003, 0.03264577208729991, 0.039368644936800035, 0.06125380904980027, 0.04604242085073351, 0.036244997067039986, 0.008573269781700033, 0.0006344406798222124, -0.012690283111888884, -0.01196193780677779, -0.022804670013244377, -0.016850848816333308, 0.021101385931200034, 0.0009667232492833744, -0.022116789653000013]}