{"coverage_estimated_first_order": [0.8847229404232653, 1.3822401613645465, 1.309739197039949, 1.2306549843891865, 1.1340281473142382, 0.862156697213414, 1.254274467931551, 0.7003899587404945, 1.1376642567922481, 1.1750914167239612, 1.2822999127348829, 1.173740553045539, 1.1864550960913696, 0.7948179176886553, 0.8214544943978875], "coverage_estimated_second_order": [0.9543823058186001, 0.7155585262192, 0.5023141638756, 0.3508213177948, 0.29381922057640003, 0.22684836659239999, 0.7570204410025, 0.9945386626135, 0.9145965427760001, 0.9148961658160001, 0.7045004074465, 0.6260724197766, 0.4876329236051, 0.9181942927173398, 0.9857203907658], "sol": [1.0, 0.0, 0.0, 0.0, 0.0, 0.0, 0.0, 1.0, 1.0, 1.0, 0.0, 0.0, 0.0, 1.0, 1.0], "coverage": [1.0, 0.7436154513888888, 0.5175607638888889, 0.3537673611111111, 0.29217881944444446, 0.19815972222222222, 0.7694184027777777, 1.0, 1.0, 1.0, 0.7132725694444444, 0.628828125, 0.49973524305555556, 1.0, 1.0], "coverage_estimated_first_order_diff": [-0.11527705957673473, 0.6386247099756577, 0.7921784331510601, 0.8768876232780753, 0.8418493278697937, 0.6639969749911918, 0.4848560651537732, -0.2996100412595055, 0.13766425679224814, 0.17509141672396122, 0.5690273432904385, 0.544912428045539, 0.6867198530358141, -0.20518208231134472, -0.17854550560211246], "coverage_estimated_second_order_diff": [-0.04561769418139994, -0.02805692516968883, -0.015246600013288925, -0.0029460433163110977, 0.0016404011319555711, 0.028688644370177763, -0.012397961775277744, -0.005461337386500009, -0.08540345722399989, -0.08510383418399992, -0.008772161997944394, -0.0027557052233999624, -0.012102319450455534, -0.08180570728266023, -0.01427960923420002]}