{"coverage_estimated_first_order": [1.1657427905922775, 1.2495384451014049, 1.5531435888796832, 1.4894546123508663, 0.985037203834777, 0.9378907238401102, 0.8994201343789163, 1.1649563033430204, 0.7704820839584579, 1.2667184761645895, 1.1413876951914943, 0.8221860754629668, 1.2557484120297342, 0.8310059331984557, 1.015750355481162], "coverage_estimated_second_order": [0.9867894658130999, 0.9904005594241999, 0.7869959500732001, 0.7897241855584001, 0.9639864657142, 0.43533329402284004, 0.9825739636087001, 0.6965120519406, 1.0019117254129, 0.7623799201085999, 0.6073700970284, 1.0278499986346001, 0.5977131266314999, 0.3446996403169, 0.49523024874300003], "sol": [1.0, 1.0, 0.0, 0.0, 1.0, 0.0, 1.0, 0.0, 1.0, 0.0, 0.0, 1.0, 0.0, 0.0, 0.0], "coverage": [1.0, 1.0, 0.7947309027777778, 0.8166449652777777, 1.0, 0.4630989583333333, 1.0, 0.692421875, 1.0, 0.7586154513888889, 0.6055381944444445, 1.0, 0.6226215277777778, 0.3539236111111111, 0.500078125], "coverage_estimated_first_order_diff": [0.16574279059227748, 0.24953844510140488, 0.7584126861019054, 0.6728096470730885, -0.014962796165223002, 0.4747917655067769, -0.10057986562108368, 0.4725344283430204, -0.22951791604154215, 0.5081030247757007, 0.5358495007470498, -0.17781392453703315, 0.6331268842519564, 0.47708232208734463, 0.515672230481162], "coverage_estimated_second_order_diff": [-0.013210534186900103, -0.009599440575800089, -0.007734952704577691, -0.026920779719377674, -0.03601353428580001, -0.027765664310493265, -0.017426036391299915, 0.004090176940599988, 0.0019117254128999672, 0.003764468719711034, 0.0018319025839554914, 0.027849998634600137, -0.024908401146277903, -0.009223970794211112, -0.004847876257000006]}