{"coverage_estimated_first_order": [1.3457354684130205, 1.043538266682811, 1.4672185857988318, 1.4454407745838134, 0.9356396365909387, 0.9378907238401134, 1.1366277344016669, 1.023499553632102, 0.7710432629160329, 1.2869421299675141, 1.1519065276635423, 0.8902514457340276, 1.253247424294914, 0.8227948538438241, 1.0115232609416513], "coverage_estimated_second_order": [0.7520994295868999, 0.999513130538, 0.778463962379, 0.7868618853500001, 0.9803791281901999, 0.4353332940228401, 0.9726332550120999, 0.9696288388859, 1.0007531738084001, 0.773468533949, 0.5802040954068, 0.9814417097002001, 0.6112216859598, 0.33564149898971996, 0.4828006478960001], "sol": [0.0, 1.0, 0.0, 0.0, 1.0, 0.0, 1.0, 1.0, 1.0, 0.0, 0.0, 1.0, 0.0, 0.0, 0.0], "coverage": [0.7493098958333333, 1.0, 0.7885286458333334, 0.8120182291666667, 1.0, 0.4630989583333333, 1.0, 1.0, 1.0, 0.7665277777777778, 0.584609375, 1.0, 0.6267144097222223, 0.3518706597222222, 0.4819921875], "coverage_estimated_first_order_diff": [0.5964255725796872, 0.04353826668281102, 0.6786899399654984, 0.6334225454171467, -0.06436036340906126, 0.4747917655067801, 0.13662773440166687, 0.0234995536321021, -0.22895673708396713, 0.5204143521897363, 0.5672971526635423, -0.10974855426597241, 0.6265330145726918, 0.4709241941216019, 0.5295310734416514], "coverage_estimated_second_order_diff": [0.0027895337535666087, -0.0004868694620000502, -0.010064683454333423, -0.025156343816666538, -0.0196208718098001, -0.02776566431049321, -0.02736674498790015, -0.030371161114099987, 0.0007531738084001205, 0.00694075617122214, -0.004405279593200029, -0.01855829029979994, -0.015492723762422278, -0.016229160732502246, 0.0008084603960000769]}