{"coverage_estimated_first_order": [1.6369245047000829, 1.392931949843378, 1.5439741426747524, 1.5469212206506155, 1.392319059679897, 1.2384239388115497, 1.4945831197220172, 0.909006220938681, 0.9085813149903219, 1.4256597102685593, 1.2580298752400387, 0.9513196133043035, 1.5599653661674544, 0.9429845733019925, 1.1098118356397193], "coverage_estimated_second_order": [0.6567595575732998, 0.8294161628419999, 0.7983051664684, 0.8144129767510001, 0.838031924328, 0.5160311602933201, 0.8072053286782999, 0.9933782884650001, 0.9941216722818, 0.7656439683562, 0.5519155677545999, 1.0218342502661, 0.5951273725102, 0.34947661460366997, 0.44008024201440005], "sol": [0.0, 1.0, 1.0, 1.0, 1.0, 0.0, 0.0, 1.0, 1.0, 0.0, 0.0, 1.0, 0.0, 0.0, 0.0], "coverage": [0.7546180555555555, 1.0, 1.0, 1.0, 1.0, 0.5343967013888888, 0.8107465277777778, 1.0, 1.0, 0.7663237847222222, 0.5591276041666666, 1.0, 0.685703125, 0.3603559027777778, 0.45255208333333335], "coverage_estimated_first_order_diff": [0.8823064491445274, 0.3929319498433781, 0.5439741426747524, 0.5469212206506155, 0.3923190596798971, 0.7040272374226608, 0.6838365919442394, -0.090993779061319, -0.09141868500967809, 0.6593359255463371, 0.6989022710733721, -0.04868038669569652, 0.8742622411674544, 0.5826286705242147, 0.6572597523063859], "coverage_estimated_second_order_diff": [-0.09785849798225565, -0.17058383715800007, -0.2016948335316, -0.1855870232489999, -0.161968075672, -0.01836554109556876, -0.0035411990994779208, -0.006621711534999908, -0.0058783277181999605, -0.0006798163660222123, -0.007212036412066691, 0.021834250266099975, -0.09057575248979999, -0.010879288174107826, -0.012471841318933308]}