{"coverage_estimated_first_order": [1.5661744703367246, 1.3068428109653214, 1.828588214225148, 1.472319166060619, 1.7655241581187866, 0.9150064687563687, 1.271671580157185, 1.1598824737622322, 1.2383584704959367, 0.9030862324373424, 1.1477159795461889, 1.2232606684593539, 1.30520191197963, 1.1107932086942829, 1.0437226298970068], "coverage_estimated_second_order": [0.7244363399181001, 0.9441168292822, 0.8252020855841, 0.9476281887798002, 0.8369074938805, 0.98615699602582, 0.9359424666989001, 0.9316854322469001, 0.5750332378119, 0.9542709218962, 0.36073708907720003, 0.5290984733768, 0.9042745573772001, 0.60365196006479, 0.3080570118072], "sol": [0.0, 1.0, 0.0, 1.0, 0.0, 1.0, 1.0, 1.0, 0.0, 1.0, 0.0, 0.0, 1.0, 0.0, 0.0], "coverage": [0.7496180555555556, 1.0, 0.8749001736111112, 1.0, 0.8599435763888889, 1.0, 1.0, 1.0, 0.6103862847222222, 1.0, 0.3889453125, 0.5433203125, 1.0, 0.6132552083333334, 0.33207899305555555], "coverage_estimated_first_order_diff": [0.816556414781169, 0.3068428109653214, 0.9536880406140368, 0.47231916606061897, 0.9055805817298977, -0.08499353124363129, 0.27167158015718496, 0.1598824737622322, 0.6279721857737145, -0.09691376756265757, 0.7587706670461889, 0.6799403559593539, 0.3052019119796301, 0.49753800036094953, 0.7116436368414513], "coverage_estimated_second_order_diff": [-0.025181715637455526, -0.055883170717800024, -0.049698088027011145, -0.05237181122019985, -0.023036082508388844, -0.013843003974180035, -0.06405753330109987, -0.06831456775309985, -0.03535304691032226, -0.0457290781038, -0.02820822342279994, -0.014221839123199964, -0.09572544262279992, -0.009603248268543307, -0.02402198124835553]}