{"coverage_estimated_first_order": [1.0769107418138835, 1.1762230323502982, 1.1034329851393252, 1.3166574770735795, 1.1746505687079196, 0.7439406421158856, 0.9464160341367823, 0.7803164423232762, 0.8063884918944624, 0.8086649634418711, 0.5946119912739842, 0.799169639961797, 0.8421144260897323, 0.6670038374822174, 0.8936915876576578], "coverage_estimated_second_order": [0.8837916841933998, 0.8827969706901999, 0.8918889055828001, 0.6632379752076, 0.5717209422278, 0.29136237532394, 0.4149264928066, 0.3000566488163, 0.29668235932989995, 0.2541664666798, 0.9560285569311999, 0.32770112711020005, 0.9159272802626, 0.18384155855062997, 0.5199126964766], "sol": [1.0, 1.0, 1.0, 0.0, 0.0, 0.0, 0.0, 0.0, 0.0, 0.0, 1.0, 0.0, 1.0, 0.0, 0.0], "coverage": [1.0, 1.0, 1.0, 0.7115668402777777, 0.6038802083333333, 0.29215711805555555, 0.4294965277777778, 0.3114322916666667, 0.3153255208333333, 0.27219618055555556, 1.0, 0.34846354166666665, 1.0, 0.19158420138888888, 0.5449045138888889], "coverage_estimated_first_order_diff": [0.07691074181388347, 0.17622303235029824, 0.1034329851393252, 0.6050906367958018, 0.5707703603745863, 0.45178352406033007, 0.5169195063590045, 0.46888415065660954, 0.49106297106112906, 0.5364687828863155, -0.40538800872601577, 0.45070609829513036, -0.1578855739102677, 0.4754196360933285, 0.34878707376876883], "coverage_estimated_second_order_diff": [-0.11620831580660018, -0.11720302930980009, -0.1081110944171999, -0.04832886507017775, -0.032159266105533324, -0.0007947427316155609, -0.014570034971177814, -0.011375642850366685, -0.01864316150343337, -0.018029713875755582, -0.043971443068800076, -0.020762414556466602, -0.08407271973740005, -0.007742642838258901, -0.024991817412288952]}