{"coverage_estimated_first_order": [1.3292660050771936, 1.4325990942114426, 1.7632795856039607, 1.2898257492666554, 1.532716655193666, 0.9948507238777355, 1.53657916590501, 0.9468442767786245, 1.4082692857436518, 1.1032365314831583, 1.1040209936874943, 1.133357400805387, 1.434160777017743, 0.932709028295817, 1.3042676606175074], "coverage_estimated_second_order": [0.9685422865763, 0.9741506920312, 0.7530600495061, 0.9261753801495003, 0.6549584538194002, 0.3136369576341, 0.7969801871578, 0.9459057066316002, 0.7085008998706, 0.9560316696420001, 0.951507736706, 0.9559187957622, 0.5834000228667999, 0.31967361994383, 0.6373088052375], "sol": [1.0, 1.0, 0.0, 1.0, 0.0, 0.0, 0.0, 1.0, 0.0, 1.0, 1.0, 1.0, 0.0, 0.0, 0.0], "coverage": [1.0, 1.0, 0.8017274305555555, 1.0, 0.69875, 0.34283854166666666, 0.8226215277777778, 1.0, 0.7219010416666667, 1.0, 1.0, 1.0, 0.6234678819444445, 0.32766927083333336, 0.6456163194444444], "coverage_estimated_first_order_diff": [0.3292660050771936, 0.4325990942114426, 0.9615521550484052, 0.2898257492666554, 0.833966655193666, 0.6520121822110689, 0.7139576381272323, -0.05315572322137552, 0.6863682440769852, 0.10323653148315826, 0.10402099368749429, 0.13335740080538705, 0.8106928950732984, 0.6050397574624837, 0.658651341173063], "coverage_estimated_second_order_diff": [-0.03145771342369996, -0.025849307968800028, -0.04866738104945556, -0.0738246198504997, -0.04379154618059977, -0.029201584032566674, -0.025641340619977804, -0.05409429336839977, -0.013400141796066634, -0.04396833035799985, -0.048492263294000026, -0.04408120423780004, -0.04006785907764454, -0.00799565088950338, -0.008307514206944422]}