{"coverage_estimated_first_order": [1.0724809016418015, 1.1887790386748478, 1.2399511317543173, 1.190529981342189, 1.0844012596996695, 0.8621566972134171, 1.0974350480744233, 1.0176553069716114, 1.1368374448786247, 1.2609506046722108, 1.225677507083447, 1.0311323553844758, 1.1804541212216466, 0.7961412360510781, 1.0561955344211331], "coverage_estimated_second_order": [0.26390776642360003, 0.31597123644770003, 0.2986267059842, 0.2041049428459, 0.1498681250465, 0.22684836659239999, 0.9547030652182, 0.9550996459885002, 0.8745350652902001, 0.8573509133838, 0.5797767084993001, 0.8920702973644, 0.3883582317132, 0.90423689530287, 0.48447347410100006], "sol": [0.0, 0.0, 0.0, 0.0, 0.0, 0.0, 1.0, 1.0, 1.0, 1.0, 0.0, 1.0, 0.0, 1.0, 0.0], "coverage": [0.21176215277777777, 0.2510112847222222, 0.21456163194444444, 0.10935329861111111, 0.060980902777777776, 0.19815972222222222, 1.0, 1.0, 1.0, 1.0, 0.5976475694444444, 1.0, 0.3125173611111111, 1.0, 0.4856857638888889], "coverage_estimated_first_order_diff": [0.8607187488640238, 0.9377677539526256, 1.0253894998098727, 1.0811766827310778, 1.0234203569218918, 0.6639969749911949, 0.09743504807442327, 0.01765530697161144, 0.1368374448786247, 0.26095060467221076, 0.6280299376390025, 0.031132355384475785, 0.8679367601105354, -0.20385876394892188, 0.5705097705322442], "coverage_estimated_second_order_diff": [0.052145613645822264, 0.0649599517254778, 0.08406507403975555, 0.09475164423478889, 0.08888722226872221, 0.028688644370177763, -0.04529693478179997, -0.04490035401149983, -0.1254649347097999, -0.14264908661620002, -0.01787086094514434, -0.10792970263559998, 0.07584087060208888, -0.09576310469713001, -0.0012122897878888428]}