{"coverage_estimated_first_order": [1.0280356193496947, 1.5555798045205853, 1.2088929918943143, 1.1418526863142415, 1.3906345409970717, 0.9266700867333776, 1.0383087975990086, 0.8634316258845669, 1.0262781584446656, 1.0352938541183314, 1.2578063473151833, 1.0971348762533635, 1.2368004816515832, 0.9148811343002511, 0.8140722032729095], "coverage_estimated_second_order": [0.9933799666270999, 0.8513619265737999, 1.0164953507408998, 0.9899101102672001, 0.6985610896894, 0.39092900664244, 0.35578452579540004, 0.2290259036715, 1.0153031221622002, 1.0066529333372, 0.6542420336077999, 0.4928072823638, 0.5500997848061, 0.38638310852099, 0.9794896297240001], "sol": [1.0, 0.0, 1.0, 1.0, 0.0, 0.0, 0.0, 0.0, 1.0, 1.0, 0.0, 0.0, 0.0, 0.0, 1.0], "coverage": [1.0, 0.8460199652777778, 1.0, 1.0, 0.6991232638888889, 0.3900868055555556, 0.3561545138888889, 0.23297309027777777, 1.0, 1.0, 0.6621006944444444, 0.4897699652777778, 0.5553776041666667, 0.3678255208333333, 1.0], "coverage_estimated_first_order_diff": [0.028035619349694674, 0.7095598392428075, 0.20889299189431432, 0.14185268631424153, 0.6915112771081828, 0.536583281177822, 0.6821542837101198, 0.6304585356067891, 0.026278158444665634, 0.035293854118331414, 0.5957056528707388, 0.6073649109755856, 0.6814228774849165, 0.5470556134669178, -0.18592779672709048], "coverage_estimated_second_order_diff": [-0.006620033372900069, 0.005341961296022157, 0.016495350740899806, -0.010089889732799895, -0.0005621741994888962, 0.000842201086884431, -0.00036998809348887107, -0.003947186606277769, 0.0153031221622002, 0.006652933337200073, -0.007858660836644549, 0.0030373170860222287, -0.0052778193605667045, 0.018557587687656696, -0.02051037027599989]}