{"coverage_estimated_first_order": [0.759577051135524, 1.2493158221990917, 1.2272878914923828, 0.8398194864771794, 1.128056163265029, 0.7367090182155109, 1.1893586062016428, 0.6400037036722794, 0.8738110922489972, 0.9575744170205387, 0.7373317034478861, 0.7311237869038927, 1.0385850474574763, 0.5795386231835421, 0.9821396869748595], "coverage_estimated_second_order": [1.0147018185352, 0.830817509772, 0.7451599936826, 0.9862860011326001, 0.6706907318204002, 0.30760020651644, 0.8182020412383999, 0.9986567751612001, 0.40747457946300003, 0.4777150332812, 1.0085814887834, 1.0192595875715997, 0.5851637961892, 0.08204324554899001, 0.6404952951793], "sol": [1.0, 0.0, 0.0, 1.0, 0.0, 0.0, 0.0, 1.0, 0.0, 0.0, 1.0, 1.0, 0.0, 0.0, 0.0], "coverage": [1.0, 0.8286935763888889, 0.7576302083333334, 1.0, 0.6914670138888889, 0.33695746527777776, 0.8182855902777778, 1.0, 0.4004991319444444, 0.46374131944444447, 1.0, 1.0, 0.6052256944444444, 0.0825998263888889, 0.6307074652777778], "coverage_estimated_first_order_diff": [-0.24042294886447602, 0.4206222458102028, 0.46965768315904943, -0.1601805135228206, 0.43658914937614013, 0.3997515529377332, 0.371073015923865, -0.35999629632772057, 0.4733119603045528, 0.4938330975760942, -0.2626682965521139, -0.2688762130961073, 0.43335935301303186, 0.4969387967946532, 0.35143222169708177], "coverage_estimated_second_order_diff": [0.014701818535199918, 0.0021239333831111207, -0.012470214650733391, -0.01371399886739988, -0.020776282068488694, -0.029357258761337768, -8.354903937790592e-05, -0.0013432248387998946, 0.006975447518555611, 0.013973713836755552, 0.008581488783399926, 0.019259587571599734, -0.020061898255244404, -0.0005565808398988875, 0.009787829901522271]}