{"coverage_estimated_first_order": [1.3620301915561122, 1.0924121482656786, 1.141991676844317, 1.3531759655018687, 1.1984473346937115, 0.8237848972372587, 1.334825009484462, 0.7862828947183507, 1.024106485054293, 1.1347863615530043, 1.1929002066685142, 0.9472554411933256, 1.1807067858204165, 0.9238042858226665, 1.0278923782063432], "coverage_estimated_second_order": [0.7461398865366, 1.0311024741427, 1.0173771268276, 0.5761738942141, 0.4308911819836001, 0.19462263900464, 0.8085232086250999, 0.9960752236005002, 0.9824010945950999, 0.9746816299850001, 0.5784247669656, 0.9547602583937, 0.4784090561264, 0.39275889498998, 0.45471618310960005], "sol": [0.0, 1.0, 1.0, 0.0, 0.0, 0.0, 0.0, 1.0, 1.0, 1.0, 0.0, 1.0, 0.0, 0.0, 0.0], "coverage": [0.7235720486111111, 1.0, 1.0, 0.5656510416666667, 0.4215277777777778, 0.1932595486111111, 0.7972092013888888, 1.0, 1.0, 1.0, 0.5776649305555556, 1.0, 0.4765842013888889, 0.36953993055555556, 0.45852864583333336], "coverage_estimated_first_order_diff": [0.638458142945001, 0.09241214826567856, 0.14199167684431702, 0.787524923835202, 0.7769195569159337, 0.6305253486261475, 0.5376158080955732, -0.21371710528164933, 0.024106485054292914, 0.13478636155300427, 0.6152352761129586, -0.05274455880667439, 0.7041225844315276, 0.5542643552671109, 0.5693637323730099], "coverage_estimated_second_order_diff": [0.022567837925488887, 0.031102474142699954, 0.017377126827599954, 0.010522852547433348, 0.009363404205822323, 0.0013630903935288874, 0.01131400723621101, -0.003924776399499841, -0.017598905404900056, -0.025318370014999925, 0.0007598364100444011, -0.045239741606299955, 0.0018248547375110946, 0.02321896443442445, -0.003812462723733312]}