{"coverage_estimated_first_order": [1.400408611979387, 1.5060082918423692, 1.4380216649923134, 1.598288908124995, 1.4476886109729445, 1.0598047226887277, 1.2472228050620375, 1.0173664490673824, 1.1266921599970425, 1.5239581504092876, 1.1831101777626734, 1.231208964646409, 1.4342988745338288, 0.802779601931664, 1.0965621109982573], "coverage_estimated_second_order": [0.879143639774, 0.8880250679463001, 0.8741920652376, 0.5455514213266, 0.48328609889300006, 0.3817921757248399, 0.3791307388829, 0.2459801232374, 0.9711457076879, 0.748900613006, 0.9403752572512998, 0.4879069859856, 0.5137339838424999, 0.9923913606941399, 0.937872216872], "sol": [1.0, 1.0, 1.0, 0.0, 0.0, 0.0, 0.0, 0.0, 1.0, 0.0, 1.0, 0.0, 0.0, 1.0, 1.0], "coverage": [1.0, 1.0, 1.0, 0.5860460069444444, 0.5058376736111111, 0.39141927083333333, 0.4104904513888889, 0.26371961805555555, 1.0, 0.7511024305555556, 1.0, 0.49919270833333335, 0.5494661458333333, 1.0, 1.0], "coverage_estimated_first_order_diff": [0.40040861197938704, 0.5060082918423692, 0.43802166499231343, 1.0122429011805505, 0.9418509373618335, 0.6683854518553944, 0.8367323536731486, 0.7536468310118268, 0.12669215999704253, 0.772855719853732, 0.18311017776267335, 0.7320162563130757, 0.8848327287004955, -0.19722039806833602, 0.09656211099825729], "coverage_estimated_second_order_diff": [-0.12085636022599999, -0.1119749320536999, -0.12580793476240004, -0.04049458561784447, -0.022551574718111034, -0.009627095108493411, -0.0313597125059889, -0.017739494818155538, -0.028854292312100016, -0.002201817549555618, -0.05962474274870022, -0.01128572234773334, -0.0357321619908334, -0.007608639305860088, -0.06212778312800005]}