{"coverage_estimated_first_order": [0.7433727053054411, 0.8246083618390005, 0.8912380132258662, 0.9796417424533562, 0.5538425430524039, 0.7905414692769719, 0.8684703478935821, 0.39072477551432716, 0.5302893915525977, 0.9768478585739075, 0.7021694881051063, 0.6884541724370223, 0.9054690520065425, 0.4669400048099238, 0.6149384864358216], "coverage_estimated_second_order": [0.31460366096079995, 0.38748218059859996, 0.4723402262868, 0.6570847132162, 0.9374530230224, 0.59079596918314, 0.6043357438995001, 0.9698488492915, 0.9912499987456, 0.7290227243878, 0.3732800085423, 0.3876714027596, 0.623992319085, 1.0254217170129, 0.27814430364340004], "sol": [0.0, 0.0, 0.0, 0.0, 1.0, 0.0, 0.0, 1.0, 1.0, 0.0, 0.0, 0.0, 0.0, 1.0, 0.0], "coverage": [0.34019965277777775, 0.4221006944444444, 0.5215581597222222, 0.7166319444444444, 1.0, 0.6132378472222222, 0.6180034722222222, 1.0, 1.0, 0.7313237847222223, 0.4018098958333333, 0.4127777777777778, 0.6687413194444445, 1.0, 0.2991449652777778], "coverage_estimated_first_order_diff": [0.40317305252766333, 0.4025076673945561, 0.36967985350364396, 0.2630097980089118, -0.4461574569475961, 0.1773036220547497, 0.25046687567135995, -0.6092752244856728, -0.4697106084474023, 0.2455240738516853, 0.30035959227177295, 0.27567639465924454, 0.236727732562098, -0.5330599951900762, 0.3157935211580438], "coverage_estimated_second_order_diff": [-0.025595991816977803, -0.03461851384584447, -0.04921793343542219, -0.05954723122824446, -0.06254697697760003, -0.022441878039082153, -0.013667728322722117, -0.030151150708500052, -0.008750001254399953, -0.0023010603344222336, -0.02852988729103334, -0.025106375018177807, -0.04474900035944451, 0.02542171701290008, -0.02100066163437775]}