{"coverage_estimated_first_order": [1.2930514551166354, 1.4324430067093104, 1.5429995615123726, 1.6664103719158352, 1.1878050218267202, 1.211606711565158, 1.429670648939333, 0.9105837773352082, 1.2769954216717776, 1.402138644338506, 1.327969049564823, 1.0906190951794121, 1.2439899249584836, 1.013001687377583, 1.14351617385231], "coverage_estimated_second_order": [0.3820224187385, 0.47077245686080005, 0.5682426253994, 0.7781096505978999, 0.9822799931413999, 0.61589851650224, 0.7034871785154, 0.9903965242451, 0.8625010922417002, 0.8532737231094, 0.5554545581877, 0.9374779198773, 1.0055685123272, 0.90895457378797, 0.4202075777556], "sol": [0.0, 0.0, 0.0, 0.0, 1.0, 0.0, 0.0, 1.0, 1.0, 1.0, 0.0, 1.0, 1.0, 1.0, 0.0], "coverage": [0.3951605902777778, 0.48743055555555553, 0.5925, 0.8026258680555556, 1.0, 0.6221310763888889, 0.6959852430555555, 1.0, 1.0, 1.0, 0.5672829861111112, 1.0, 1.0, 1.0, 0.4352951388888889], "coverage_estimated_first_order_diff": [0.8978908648388577, 0.9450124511537548, 0.9504995615123726, 0.8637845038602796, 0.1878050218267202, 0.5894756351762692, 0.7336854058837774, -0.08941622266479177, 0.2769954216717776, 0.402138644338506, 0.7606860634537119, 0.09061909517941213, 0.2439899249584836, 0.013001687377582893, 0.7082210349634213], "coverage_estimated_second_order_diff": [-0.013138171539277765, -0.016658098694755485, -0.024257374600600068, -0.024516217457655642, -0.01772000685860009, -0.006232559886648836, 0.007501935459844455, -0.009603475754899948, -0.13749890775829976, -0.14672627689060003, -0.011828427923411211, -0.0625220801227, 0.005568512327200015, -0.09104542621203005, -0.015087561133288852]}