{"coverage_estimated_first_order": [1.3498426111492485, 1.4438334707349407, 1.7224190629018035, 1.6008654114455418, 1.465494306013245, 1.0404541477542688, 1.5193602555991208, 0.9082065349147833, 1.2698201445227977, 1.29191028750519, 1.1040951719801495, 1.2293904017997288, 1.2387939480438843, 0.7732940611168023, 1.0355677489581472], "coverage_estimated_second_order": [0.9339344463986, 0.923358054768, 0.6827380208618001, 0.6096458937474001, 0.534561579258, 0.35788125170184, 0.7924381659886001, 0.9816478880891001, 0.5801818637583, 0.5744325428402, 1.0100302574486, 0.5415655986252, 0.9289782791658, 0.9606786111319299, 1.0009229352194], "sol": [1.0, 1.0, 0.0, 0.0, 0.0, 0.0, 0.0, 1.0, 0.0, 0.0, 1.0, 0.0, 1.0, 1.0, 1.0], "coverage": [1.0, 1.0, 0.7317708333333334, 0.6485373263888888, 0.5666102430555555, 0.37224392361111114, 0.8002690972222222, 1.0, 0.5812196180555556, 0.5797395833333333, 1.0, 0.5367578125, 1.0, 1.0, 1.0], "coverage_estimated_first_order_diff": [0.34984261114924853, 0.4438334707349407, 0.9906482295684701, 0.952328085056653, 0.8988840629576895, 0.6682102241431577, 0.7190911583768986, -0.09179346508521669, 0.6886005264672421, 0.7121707041718567, 0.1040951719801495, 0.6926325892997288, 0.23879394804388432, -0.22670593888319768, 0.03556774895814718], "coverage_estimated_second_order_diff": [-0.06606555360139998, -0.07664194523199996, -0.04903281247153324, -0.038891432641488755, -0.032048663797555554, -0.014362671909271152, -0.007830931233622107, -0.018352111910899915, -0.0010377542972554998, -0.005307040493133353, 0.010030257448599977, 0.004807786125200053, -0.0710217208342, -0.03932138886807013, 0.0009229352194000118]}