{"coverage_estimated_first_order": [1.3812391623124247, 1.5496788159984505, 1.3840798184512662, 1.4034300071739523, 1.7199202035569603, 1.0374625378324642, 1.4862375543889887, 0.9104651983733006, 1.2636990925843632, 1.3679620955931417, 1.006627077423032, 1.0114607764378072, 1.527119862112918, 0.7966169559466588, 1.2286770408989698], "coverage_estimated_second_order": [0.5345906286158, 0.6478697445128999, 0.9770757289752001, 0.9976455217114001, 0.8253026384206001, 0.9958759191731201, 0.7893044892184999, 0.9868825115279002, 0.6094554198302, 0.6916589429742, 0.9856487062942, 1.0009436140627, 0.7281567340742, 0.9933011027184498, 0.5985218711695001], "sol": [0.0, 0.0, 1.0, 1.0, 0.0, 1.0, 0.0, 1.0, 0.0, 0.0, 1.0, 1.0, 0.0, 1.0, 0.0], "coverage": [0.5471006944444444, 0.6590451388888889, 1.0, 1.0, 0.8218532986111111, 1.0, 0.8006987847222222, 1.0, 0.6266536458333334, 0.7035069444444444, 1.0, 1.0, 0.7375868055555556, 1.0, 0.603125], "coverage_estimated_first_order_diff": [0.8341384678679803, 0.8906336771095615, 0.38407981845126615, 0.4034300071739523, 0.8980669049458492, 0.03746253783246423, 0.6855387696667665, -0.08953480162669936, 0.6370454467510298, 0.6644551511486974, 0.006627077423031924, 0.011460776437807185, 0.7895330565573625, -0.20338304405334118, 0.6255520408989698], "coverage_estimated_second_order_diff": [-0.012510065828644445, -0.011175394375989023, -0.02292427102479988, -0.002354478288599915, 0.003449339809489027, -0.004124080826879872, -0.011394295503722285, -0.013117488472099814, -0.017198226003133366, -0.01184800147024434, -0.014351293705800017, 0.0009436140626999379, -0.00943007148135555, -0.0066988972815501535, -0.0046031288304999585]}