{"coverage_estimated_first_order": [1.4087744161428062, 1.5521388707243777, 1.5776224880877368, 1.897784499797619, 1.44973892874029, 1.1134168691046715, 1.1627751993583293, 0.9700429480544253, 0.9487903237412985, 1.3932991146077516, 1.125530151162535, 1.0272614109109266, 1.5817858503149422, 0.9362038779652042, 1.0275466693820268], "coverage_estimated_second_order": [0.8237258462211998, 0.7968099214307001, 0.7860970555078, 0.7036510258516001, 0.8657977311149999, 0.96839085595754, 0.25704493264379996, 0.15960443538900002, 0.9784136204609, 0.6735219058327999, 0.33661423629789994, 0.2376263774468, 0.5944796677961, 0.9837805073185201, 0.2954909660880001], "sol": [1.0, 1.0, 1.0, 0.0, 1.0, 1.0, 0.0, 0.0, 1.0, 0.0, 0.0, 0.0, 0.0, 1.0, 0.0], "coverage": [1.0, 1.0, 1.0, 0.8272743055555556, 1.0, 1.0, 0.26125868055555557, 0.15569010416666668, 1.0, 0.6801996527777778, 0.3592621527777778, 0.2517013888888889, 0.6806380208333334, 1.0, 0.32174479166666664], "coverage_estimated_first_order_diff": [0.4087744161428062, 0.5521388707243777, 0.5776224880877368, 1.0705101942420634, 0.44973892874029, 0.11341686910467152, 0.9015165188027737, 0.8143528438877585, -0.05120967625870154, 0.7130994618299737, 0.7662679983847573, 0.7755600220220378, 0.9011478294816089, -0.06379612203479579, 0.7058018777153601], "coverage_estimated_second_order_diff": [-0.17627415377880018, -0.20319007856929994, -0.21390294449220004, -0.12362327970395548, -0.1342022688850001, -0.03160914404245996, -0.004213747911755605, 0.003914331222333339, -0.02158637953910003, -0.006677746944977914, -0.02264791647987785, -0.014075011442088864, -0.0861583530372334, -0.01621949268147993, -0.026253825578666568]}