{"coverage_estimated_first_order": [1.305145888905359, 0.9785347668683386, 1.38487213243549, 1.329481805105244, 1.2154121737039398, 0.8044343223027998, 1.0900062101569696, 0.9647981895965944, 1.1309915773850696, 1.1949485540433096, 1.0193957342897342, 0.9985783837594661, 0.9021996228347609, 1.0008189279968953, 1.2013814875623816], "coverage_estimated_second_order": [0.7192947144804, 0.9816933739895, 0.6604594687055, 0.5711620461042, 0.4851625792172, 0.18104737120663997, 0.48186207688110005, 0.3972222074385, 0.8737552751169001, 0.8696397988292, 0.8955891344764, 0.8791166337030999, 0.9867251782681999, 0.5222260445576, 0.537535704196], "sol": [0.0, 1.0, 0.0, 0.0, 0.0, 0.0, 0.0, 0.0, 1.0, 1.0, 1.0, 1.0, 1.0, 0.0, 0.0], "coverage": [0.7303385416666667, 1.0, 0.6814322916666666, 0.5938151041666667, 0.5033420138888889, 0.19537760416666666, 0.498515625, 0.4015798611111111, 1.0, 1.0, 1.0, 1.0, 1.0, 0.5044965277777778, 0.5971180555555555], "coverage_estimated_first_order_diff": [0.5748073472386924, -0.021465233131661376, 0.7034398407688234, 0.7356667009385772, 0.712070159815051, 0.609056718136133, 0.5914905851569696, 0.5632183284854833, 0.1309915773850696, 0.19494855404330957, 0.01939573428973418, -0.0014216162405339405, -0.09780037716523915, 0.49632240021911755, 0.6042634320068261], "coverage_estimated_second_order_diff": [-0.01104382718626662, -0.018306626010500038, -0.02097282296116665, -0.022653058062466758, -0.018179434671688866, -0.014330232960026695, -0.016653548118899963, -0.004357653672611095, -0.1262447248830999, -0.13036020117080005, -0.10441086552360002, -0.12088336629690011, -0.013274821731800057, 0.017729516779822263, -0.059582351359555474]}