{"coverage_estimated_first_order": [1.1256215479707803, 1.2376214371624534, 1.3045765238012494, 1.2969948293241291, 1.1649416234366181, 0.796747365345353, 1.1732524176832697, 1.0864636984348746, 1.273428096752218, 0.9670633323844458, 0.9789546442502987, 1.0728051304334993, 0.9246993976955491, 0.8812483827401894, 1.18366491971998], "coverage_estimated_second_order": [0.40171955446330004, 0.4467399663544, 0.4687475798275, 0.4750349260925, 0.3758565790481, 0.16191066842739996, 0.8644287485652, 0.8556756823388001, 0.7189382769620001, 0.9492783538980001, 0.9166712769067998, 0.887440723084, 0.9063981882616, 0.42544206030134, 0.6480247319432], "sol": [0.0, 0.0, 0.0, 0.0, 0.0, 0.0, 1.0, 1.0, 0.0, 1.0, 1.0, 1.0, 1.0, 0.0, 0.0], "coverage": [0.4264322916666667, 0.4680642361111111, 0.49149739583333335, 0.5047699652777777, 0.4040234375, 0.17210503472222222, 1.0, 1.0, 0.7231336805555556, 1.0, 1.0, 1.0, 1.0, 0.4383463541666667, 0.6445095486111111], "coverage_estimated_first_order_diff": [0.6991892563041135, 0.7695572010513423, 0.8130791279679161, 0.7922248640463514, 0.7609181859366181, 0.6246423306231308, 0.1732524176832697, 0.08646369843487456, 0.5502944161966624, -0.03293666761555425, -0.021045355749701344, 0.07280513043349934, -0.0753006023044509, 0.4429020285735227, 0.5391553711088689], "coverage_estimated_second_order_diff": [-0.02471273720336664, -0.02132426975671109, -0.022749816005833368, -0.029735039185277756, -0.028166858451900034, -0.01019436629482226, -0.13557125143479998, -0.1443243176611999, -0.0041954035935555245, -0.05072164610199992, -0.08332872309320016, -0.11255927691599998, -0.09360181173839999, -0.012904293865326655, 0.0035151833320888892]}