{"coverage_estimated_first_order": [0.9057406670812079, 0.557760312535037, 0.9900406805669347, 0.9446056389258813, 0.9370784186989425, 0.3833690800146138, 0.7106453475888832, 0.6142233254519419, 0.4888089437930195, 0.9686276458461265, 0.7987514448729607, 0.4754534860295354, 0.776788522689013, 0.6856719402405839, 0.6867759372776059], "coverage_estimated_second_order": [0.6354221090606, 0.9317815052988999, 0.6737812629454, 0.6007894079140002, 0.6412384929862001, 0.9749744073027401, 0.34693082710559997, 0.27113464269800003, 1.0128736039747999, 0.762748448717, 0.5328053230098, 1.0146177512162, 0.41041435451439995, 0.47429944455259, 0.4036876427406], "sol": [0.0, 1.0, 0.0, 0.0, 0.0, 1.0, 0.0, 0.0, 1.0, 0.0, 0.0, 1.0, 0.0, 0.0, 0.0], "coverage": [0.6853602430555555, 1.0, 0.7375868055555556, 0.6623611111111111, 0.6949348958333333, 1.0, 0.3670920138888889, 0.2877647569444444, 1.0, 0.7497829861111112, 0.5310329861111112, 1.0, 0.4612760416666667, 0.48844184027777776, 0.4035112847222222], "coverage_estimated_first_order_diff": [0.2203804240256524, -0.442239687464963, 0.25245387501137917, 0.2822445278147703, 0.24214352286560914, -0.6166309199853862, 0.3435533336999943, 0.3264585685074975, -0.5111910562069806, 0.21884465973501532, 0.2677184587618495, -0.5245465139704646, 0.3155124810223463, 0.1972300999628061, 0.2832646525553837], "coverage_estimated_second_order_diff": [-0.0499381339949555, -0.06821849470110009, -0.06380554261015559, -0.061571703197110916, -0.053696402847133284, -0.025025592697259902, -0.02016118678328893, -0.016630114246444394, 0.012873603974799863, 0.012965462605888822, 0.001772336898688831, 0.014617751216200014, -0.050861687152266744, -0.014142395725187773, 0.00017635801837778686]}