{"coverage_estimated_first_order": [1.090763226554593, 1.167569454549295, 1.2867479965976623, 1.286592658745119, 1.239765846418558, 0.6261368717619449, 0.8930898874841469, 1.1716735450795641, 0.9477744632838396, 1.3967931309737018, 1.1763855222796933, 1.0244924278082064, 1.0955031414767262, 0.895652328364159, 1.0532573415117727], "coverage_estimated_second_order": [0.2781840645974, 0.2871273798813, 0.40909656881420003, 0.44484020042419997, 0.48596448811250004, 0.9633680039944, 0.9615635076080001, 0.6645536289563999, 0.8886412761852001, 0.7130074363434, 0.8471114948603999, 0.8868531376665998, 0.32225007263780003, 0.44471643738866995, 0.8567629166181999], "sol": [0.0, 0.0, 0.0, 0.0, 0.0, 1.0, 1.0, 0.0, 1.0, 0.0, 1.0, 1.0, 0.0, 0.0, 1.0], "coverage": [0.22094184027777777, 0.23223524305555557, 0.3677300347222222, 0.4145008680555556, 0.4592751736111111, 1.0, 1.0, 0.6727256944444444, 1.0, 0.7837890625, 1.0, 1.0, 0.2908854166666667, 0.4520399305555556, 1.0], "coverage_estimated_first_order_diff": [0.8698213862768153, 0.9353342114937394, 0.91901796187544, 0.8720917906895636, 0.7804906728074468, -0.3738631282380551, -0.10691011251585314, 0.4989478506351197, -0.05222553671616037, 0.6130040684737018, 0.17638552227969329, 0.024492427808206374, 0.8046177248100596, 0.4436123978086034, 0.05325734151177275], "coverage_estimated_second_order_diff": [0.057242224319622254, 0.054892136825744425, 0.041366534091977825, 0.03033933236864439, 0.02668931450138895, -0.036631996005599965, -0.038436492391999866, -0.0081720654880445, -0.11135872381479994, -0.0707816261566, -0.15288850513960006, -0.11314686233340021, 0.03136465597113336, -0.007323493166885631, -0.14323708338180008]}