{"coverage_estimated_first_order": [1.1833344560313765, 1.7000629288890092, 1.7523905997190028, 1.516972851166356, 1.4080198080223363, 1.2113864069196403, 1.2529463525586242, 1.0817251738721034, 1.378051967155074, 1.059781132069265, 1.4131573031887195, 1.0263977484609608, 1.2698297230035298, 1.026404503979427, 0.9476753863235383], "coverage_estimated_second_order": [0.9025073818450999, 0.7429137028214998, 0.6885544487486, 0.8980261446158001, 0.8970450101008001, 0.47740002685804006, 0.513827415895, 0.4001845137872, 0.6848392995522999, 0.990505881174, 0.7154830876218, 0.9935974856868, 0.8800272751554001, 0.46710813173057003, 0.9916806038000001], "sol": [1.0, 0.0, 0.0, 1.0, 1.0, 0.0, 0.0, 0.0, 0.0, 1.0, 0.0, 1.0, 1.0, 0.0, 1.0], "coverage": [1.0, 0.8228211805555555, 0.7729730902777778, 1.0, 1.0, 0.4824045138888889, 0.5394574652777778, 0.4213151041666667, 0.6917447916666667, 1.0, 0.7216102430555555, 1.0, 1.0, 0.4761154513888889, 1.0], "coverage_estimated_first_order_diff": [0.18333445603137655, 0.8772417483334537, 0.979417509441225, 0.516972851166356, 0.4080198080223363, 0.7289818930307514, 0.7134888872808464, 0.6604100697054367, 0.6863071754884073, 0.05978113206926494, 0.6915470601331639, 0.026397748460960768, 0.2698297230035298, 0.5502890525905381, -0.052324613676461684], "coverage_estimated_second_order_diff": [-0.09749261815490007, -0.07990747773405571, -0.08441864152917788, -0.1019738553841999, -0.10295498989919993, -0.005004487030848825, -0.025630049382777798, -0.021130590379466685, -0.006905492114366751, -0.009494118826000042, -0.006127155433755527, -0.006402514313200047, -0.11997272484459987, -0.009007319658318858, -0.008319396199999884]}