{"coverage_estimated_first_order": [1.136337891858914, 1.2650163064598288, 1.4659462860136134, 1.281787888540036, 1.280132194808895, 1.0263409900829301, 1.1810783095513613, 0.6626042680810952, 0.8094246152274165, 1.2677212072894624, 0.9874814282637325, 0.9590816787348369, 1.39684808336034, 0.8037589415405468, 0.880094590122941], "coverage_estimated_second_order": [0.4183751086456, 0.507484580841, 0.6771804516152, 0.9281703282482001, 0.9221209979536, 0.90253709128514, 0.6352556724713999, 0.9755285559055, 0.985578427069, 0.7237335894947999, 0.37312854754089997, 0.38661754000680004, 0.7295492748342, 0.99587249258987, 0.2845502797822], "sol": [0.0, 0.0, 0.0, 1.0, 1.0, 1.0, 0.0, 1.0, 1.0, 0.0, 0.0, 0.0, 0.0, 1.0, 0.0], "coverage": [0.415703125, 0.5082508680555555, 0.6838802083333333, 1.0, 1.0, 1.0, 0.6494184027777777, 1.0, 1.0, 0.73140625, 0.4041970486111111, 0.4142925347222222, 0.7547786458333333, 1.0, 0.3078342013888889], "coverage_estimated_first_order_diff": [0.7206347668589139, 0.7567654384042732, 0.7820660776802801, 0.281787888540036, 0.28013219480889506, 0.026340990082930116, 0.5316599067735835, -0.3373957319189048, -0.1905753847725835, 0.5363149572894623, 0.5832843796526215, 0.5447891440126147, 0.6420694375270067, -0.19624105845945317, 0.572260388734052], "coverage_estimated_second_order_diff": [0.002671983645600007, -0.0007662872145555166, -0.006699756718133276, -0.07182967175179988, -0.07787900204639997, -0.09746290871485996, -0.014162730306377824, -0.024471444094499972, -0.014421572930999993, -0.007672660505200102, -0.03106850107021114, -0.027674994715422174, -0.02522937099913336, -0.004127507410130016, -0.023283921606688907]}