{"coverage_estimated_first_order": [1.0579944798134895, 1.6019057940836041, 1.2645838366505016, 1.5754093575068209, 1.4793883141948807, 0.7362536851584387, 0.9023316126870087, 1.1513261036428462, 0.9158747582254476, 0.9352877630115846, 1.114343717208418, 0.9714063587663097, 1.0378187726007502, 0.8773551087149554, 0.7301554081245398], "coverage_estimated_second_order": [0.9944601598455998, 0.8705503148472, 0.9884534480962001, 0.8627044377711999, 0.8434055478666, 1.0075978337110199, 0.9775186231926001, 0.6471908415737999, 0.23849882304439998, 0.2130063787022, 0.5655781299542, 0.3885199700144, 1.0082577456632, 0.37483516193537003, 0.9623538496436002], "sol": [1.0, 0.0, 1.0, 0.0, 0.0, 1.0, 1.0, 0.0, 0.0, 0.0, 0.0, 0.0, 1.0, 0.0, 1.0], "coverage": [1.0, 0.8713194444444444, 1.0, 0.8576258680555555, 0.836015625, 1.0, 1.0, 0.6512413194444444, 0.25348524305555553, 0.2271875, 0.5939800347222223, 0.4088888888888889, 1.0, 0.36786024305555554, 1.0], "coverage_estimated_first_order_diff": [0.057994479813489486, 0.7305863496391597, 0.26458383665050156, 0.7177834894512654, 0.6433726891948807, -0.2637463148415613, -0.09766838731299132, 0.5000847841984017, 0.6623895151698921, 0.7081002630115846, 0.5203636824861958, 0.5625174698774207, 0.03781877260075017, 0.5094948656593998, -0.26984459187546017], "coverage_estimated_second_order_diff": [-0.005539840154400233, -0.0007691295972444001, -0.01154655190379994, 0.005078569715644354, 0.007389922866600007, 0.007597833711019852, -0.022481376807399922, -0.004050477870644498, -0.014986420011155549, -0.014181121297799998, -0.02840190476802229, -0.02036891887448894, 0.008257745663200033, 0.006974918879814496, -0.03764615035639984]}