{"coverage_estimated_first_order": [0.7558695228864802, 0.8271832688717402, 0.9573347619786291, 1.088336530023504, 0.7096275577863284, 0.5545216438254996, 0.9083311170639328, 0.4066443989529114, 0.6317643760390795, 0.6545875302701518, 0.7967599310978268, 0.69143523568997, 0.8631337811217487, 0.5773579375632887, 0.4110389677036361], "coverage_estimated_second_order": [0.33132570952999996, 0.3864395884198, 0.5681499224634, 0.750925929492, 1.0093442098657999, 1.04893493524994, 0.6710458801327001, 0.9797107251490002, 0.2287877685236, 0.2334369877402, 0.532045563736, 0.38746664011980003, 0.5257627273586, 0.23615202458179999, 0.9741292141348], "sol": [0.0, 0.0, 0.0, 0.0, 1.0, 1.0, 0.0, 1.0, 0.0, 0.0, 0.0, 0.0, 0.0, 0.0, 1.0], "coverage": [0.3522222222222222, 0.4084027777777778, 0.5790364583333333, 0.7427907986111111, 1.0, 1.0, 0.6835894097222223, 1.0, 0.24351996527777778, 0.24933159722222223, 0.5610633680555556, 0.4118359375, 0.5297873263888889, 0.22266493055555556, 1.0], "coverage_estimated_first_order_diff": [0.403647300664258, 0.4187804910939624, 0.3782983036452958, 0.34554573141239286, -0.29037244221367164, -0.4454783561745004, 0.2247417073417105, -0.5933556010470886, 0.3882444107613018, 0.4052559330479296, 0.23569656304227127, 0.27959929818997, 0.33334645473285973, 0.3546930070077331, -0.5889610322963639], "coverage_estimated_second_order_diff": [-0.020896512692222258, -0.021963189357977808, -0.010886535869933267, 0.008135130880888908, 0.009344209865799868, 0.04893493524993997, -0.012543529589522207, -0.02028927485099985, -0.014732196754177779, -0.01589460948202223, -0.029017804319555585, -0.024369297380199995, -0.004024599030288956, 0.013487094026244428, -0.025870785865199974]}