{"coverage_estimated_first_order": [1.1132342259154002, 1.2171145328368007, 1.3468331542357386, 1.393818222507253, 1.3433607161899142, 0.671519990992964, 0.888778364046646, 1.1958706512450605, 0.8778986250211409, 1.3470815639302907, 0.9771698649815256, 0.9422241646167412, 0.9270047902367693, 0.9810382669136808, 1.184948570414967], "coverage_estimated_second_order": [0.3858808969098, 0.44198326670590005, 0.5739065733486001, 0.6653534378632001, 0.6829960381871001, 1.00296768742804, 0.9901409970381999, 0.692705905845, 0.9971937942878002, 0.7808613606724, 1.0002296935239998, 0.9980184890271, 0.985010442603, 0.59062768337221, 0.6505786698617999], "sol": [0.0, 0.0, 0.0, 0.0, 0.0, 1.0, 1.0, 0.0, 1.0, 0.0, 1.0, 1.0, 1.0, 0.0, 0.0], "coverage": [0.41913194444444446, 0.47813368055555555, 0.6038237847222222, 0.6882378472222223, 0.6991362847222222, 1.0, 1.0, 0.69109375, 1.0, 0.7796918402777778, 1.0, 1.0, 1.0, 0.6008940972222222, 0.6430555555555556], "coverage_estimated_first_order_diff": [0.6941022814709558, 0.7389808522812451, 0.7430093695135164, 0.7055803752850308, 0.6442244314676919, -0.328480009007036, -0.11122163595335399, 0.5047769012450606, -0.12210137497885909, 0.5673897236525128, -0.022830135018474418, -0.05777583538325881, -0.0729952097632307, 0.3801441696914586, 0.5418930148594113], "coverage_estimated_second_order_diff": [-0.03325104753464447, -0.036150413849655505, -0.029917211373622132, -0.02288440935902214, -0.016140246535122138, 0.002967687428039989, -0.00985900296180009, 0.001612155845000074, -0.002806205712199805, 0.0011695203946221477, 0.0002296935239998188, -0.0019815109729000024, -0.01498955739700003, -0.010266413850012146, 0.007523114306244305]}