{"coverage_estimated_first_order": [0.9591232787414892, 1.0620831733228262, 1.202184164101099, 0.9749384471600854, 0.901448965005168, 0.9155485389838468, 1.1090633818275637, 0.6002020326991886, 0.6290154457042607, 1.1343582398708485, 0.9662480282382631, 0.679329277558415, 1.0990020306732635, 0.7029543456197315, 0.8320929807446328], "coverage_estimated_second_order": [0.40126884995830003, 0.48703161307119996, 0.6491800304198, 1.0643868022998, 1.0665219683934, 0.51692250873612, 0.7167860645235, 1.0063011935041002, 1.0087736823858, 0.7806788951848, 0.5589343088718, 1.0395142505511998, 0.6410966455094, 0.31331198792161996, 0.4289258710718], "sol": [0.0, 0.0, 0.0, 1.0, 1.0, 0.0, 0.0, 1.0, 1.0, 0.0, 0.0, 1.0, 0.0, 0.0, 0.0], "coverage": [0.3834548611111111, 0.46856770833333333, 0.6140407986111112, 1.0, 1.0, 0.480859375, 0.7082161458333334, 1.0, 1.0, 0.7661154513888889, 0.5488324652777777, 1.0, 0.6136284722222223, 0.3174609375, 0.4297048611111111], "coverage_estimated_first_order_diff": [0.5756684176303781, 0.5935154649894929, 0.5881433654899879, -0.025061552839914625, -0.09855103499483198, 0.4346891639838468, 0.40084723599423033, -0.3997979673008114, -0.3709845542957393, 0.36824278848195957, 0.4174155629604853, -0.320670722441585, 0.48537355845104124, 0.3854934081197315, 0.40238811963352167], "coverage_estimated_second_order_diff": [0.017813988847188933, 0.018463904737866632, 0.03513923180868883, 0.06438680229979998, 0.06652196839339997, 0.03606313373612002, 0.008569918690166656, 0.006301193504100189, 0.008773682385800008, 0.014563443795911124, 0.01010184359402222, 0.03951425055119984, 0.027468173287177766, -0.004148949578380023, -0.0007789900393110893]}