{"coverage_estimated_first_order": [0.7972491641398366, 0.8922175695927264, 0.6499841876087484, 1.0002142384651784, 0.9722059355183708, 0.4404158172226449, 0.6766346473822297, 0.5879229348946541, 0.9184124526392258, 0.5144708578726088, 0.5075547484640726, 0.7936079112037614, 0.7868358577855435, 0.6780096385662254, 0.7830663159109794], "coverage_estimated_second_order": [0.4424547631647, 0.5379014145583, 0.953173060744, 0.6896200927380001, 0.6928363175742001, 1.00440537782474, 0.27502840345119994, 0.2151983604148, 0.726828570689, 1.0209198594536, 1.0239594410188, 0.5483141802916001, 0.4172807543768, 0.45668808749983997, 0.5508029876474], "sol": [0.0, 0.0, 1.0, 0.0, 0.0, 1.0, 0.0, 0.0, 0.0, 1.0, 1.0, 0.0, 0.0, 0.0, 0.0], "coverage": [0.4865798611111111, 0.5851909722222223, 1.0, 0.7276649305555556, 0.7219878472222222, 1.0, 0.2853689236111111, 0.22283420138888888, 0.7102647569444445, 1.0, 1.0, 0.5381032986111111, 0.4472786458333333, 0.469296875, 0.5383289930555556], "coverage_estimated_first_order_diff": [0.3106693030287255, 0.3070265973705041, -0.35001581239125157, 0.27254930790962284, 0.25021808829614856, -0.5595841827773551, 0.39126572377111857, 0.3650887335057652, 0.2081476956947813, -0.4855291421273912, -0.49244525153592744, 0.25550461259265034, 0.3395572119522102, 0.20871276356622542, 0.24473732285542382], "coverage_estimated_second_order_diff": [-0.04412509794641112, -0.04728955766392229, -0.04682693925600001, -0.03804483781755552, -0.029151529648022145, 0.004405377824739931, -0.01034052015991116, -0.00763584097408887, 0.01656381374455551, 0.020919859453599976, 0.023959441018799987, 0.010210881680489003, -0.02999789145653331, -0.012608787500160035, 0.012473994591844395]}