{"coverage_estimated_first_order": [0.7402555682501686, 0.8064566176702751, 0.9183304189924095, 0.9926199423756232, 0.9895912025436353, 0.4210652422881861, 0.7445153586393265, 0.6474491438075933, 0.7039484507067529, 0.7686120773848482, 0.8894902620558571, 0.48835371330164745, 0.5495394977241922, 0.6477406141333729, 0.476003274674353], "coverage_estimated_second_order": [0.29594757298080004, 0.3406244725484, 0.4906936124818, 0.6370754300538001, 0.6904074865301999, 1.0107575044763402, 0.3920302440601, 0.3334714247322, 0.3640723999382, 0.43352938941319996, 0.652178543109, 1.0101364906576, 0.9765315928794001, 0.37327584369762, 1.0111427434328], "sol": [0.0, 0.0, 0.0, 0.0, 0.0, 1.0, 0.0, 0.0, 0.0, 0.0, 0.0, 1.0, 1.0, 0.0, 1.0], "coverage": [0.3098003472222222, 0.35953993055555555, 0.5031901041666667, 0.6452387152777778, 0.6991362847222222, 1.0, 0.39893229166666666, 0.3468793402777778, 0.35936631944444447, 0.4282855902777778, 0.6450824652777778, 1.0, 1.0, 0.37067274305555553, 1.0], "coverage_estimated_first_order_diff": [0.43045522102794637, 0.44691668711471955, 0.4151403148257429, 0.34738122709784547, 0.2904549178214131, -0.5789347577118139, 0.34558306697265984, 0.30056980352981555, 0.34458213126230847, 0.34032648710707036, 0.24440779677807933, -0.5116462866983525, -0.4504605022758078, 0.2770678710778174, -0.523996725325647], "coverage_estimated_second_order_diff": [-0.013852774241422172, -0.01891545800715555, -0.012496491684866662, -0.00816328522397769, -0.008728798192022325, 0.010757504476340163, -0.0069020476065666525, -0.013407915545577798, 0.004706080493755538, 0.005243799135422167, 0.007096077831222236, 0.010136490657600028, -0.023468407120599943, 0.002603100642064482, 0.011142743432799973]}