{"coverage_estimated_first_order": [0.3657586699073895, 0.8158068278201263, 0.7158755298379571, 0.6473825265444048, 0.5806060322768702, 0.37568212305716386, 0.8006357957832467, 0.2992056461597882, 0.524657208257453, 0.5350200071172238, 0.33105978830171895, 0.5953785536051546, 0.591869819778221, 0.34352428237373445, 0.6339960045397972], "coverage_estimated_second_order": [0.9504524165414, 0.703529525999, 0.48259787183940006, 0.3208430766638, 0.22953351133719999, 0.025813014730019998, 0.7495363283598002, 1.0065816500272, 0.2890040932336, 0.28049994271260004, 0.9837587384550001, 0.44218893782479995, 0.3273855427022, 0.04733514308866, 0.5388257147548], "sol": [1.0, 0.0, 0.0, 0.0, 0.0, 0.0, 0.0, 1.0, 0.0, 0.0, 1.0, 0.0, 0.0, 0.0, 0.0], "coverage": [1.0, 0.7395095486111111, 0.5070876736111111, 0.33058159722222225, 0.23316840277777778, 0.0, 0.7510677083333334, 1.0, 0.30896701388888886, 0.2961371527777778, 1.0, 0.45375, 0.3478602430555556, 0.0450390625, 0.5629947916666667], "coverage_estimated_first_order_diff": [-0.6342413300926105, 0.07629727920901519, 0.20878785622684604, 0.3168009293221825, 0.34743762949909246, 0.37568212305716386, 0.04956808744991337, -0.7007943538402118, 0.21569019436856413, 0.23888285433944595, -0.668940211698281, 0.14162855360515458, 0.24400957672266538, 0.29848521987373444, 0.07100121287313055], "coverage_estimated_second_order_diff": [-0.0495475834586, -0.035980022612111084, -0.024489801771711006, -0.009738520558422226, -0.0036348914405777977, 0.025813014730019998, -0.0015313799735331424, 0.0065816500272000145, -0.019962920655288874, -0.015637210065177765, -0.01624126154499994, -0.011561062175200032, -0.02047470035335558, 0.0022960805886600016, -0.02416907691186665]}