{"coverage_estimated_first_order": [0.902492608957404, 1.4026352366727657, 1.4087218420228331, 1.430238058727786, 1.3929876038044826, 0.6715199909929608, 1.0082954399032422, 0.8800723956169189, 1.0609792582074056, 1.0632745238008496, 0.9121992185645225, 1.133525844717623, 0.93483961541363, 1.0990585831039321, 1.1334441766454648], "coverage_estimated_second_order": [0.9833616581182, 0.7658548030992001, 0.7123204254155, 0.7483274345431, 0.7776600898194, 1.00296768742804, 0.3549928768948, 0.28317549242679996, 0.997801760578, 0.9946116995707996, 0.9668140111418, 0.5440286659789, 1.0155515468415, 0.68604015028349, 0.564209886045], "sol": [1.0, 0.0, 0.0, 0.0, 0.0, 1.0, 0.0, 0.0, 1.0, 1.0, 1.0, 0.0, 1.0, 0.0, 0.0], "coverage": [1.0, 0.7825086805555556, 0.7349001736111112, 0.7582638888888888, 0.7778385416666667, 1.0, 0.3764279513888889, 0.29989149305555557, 1.0, 1.0, 1.0, 0.5493272569444444, 1.0, 0.6638628472222222, 0.5787109375], "coverage_estimated_first_order_diff": [-0.09750739104259598, 0.6201265561172101, 0.673821668411722, 0.6719741698388972, 0.615149062137816, -0.3284800090070392, 0.6318674885143534, 0.5801809025613633, 0.06097925820740557, 0.06327452380084964, -0.08780078143547754, 0.5841985877731787, -0.06516038458636997, 0.4351957358817099, 0.5547332391454648], "coverage_estimated_second_order_diff": [-0.016638341881800023, -0.016653877456355493, -0.02257974819561115, -0.009936454345788825, -0.00017845184726661412, 0.002967687428039989, -0.02143507449408888, -0.016716000628755612, -0.0021982394220000367, -0.0053883004292003545, -0.03318598885820001, -0.005298590965544414, 0.015551546841499952, 0.02217730306126775, -0.014501051455000025]}