{"coverage_estimated_first_order": [0.9252453438063819, 1.4248302178964924, 1.4700048215321178, 1.133766864769398, 1.5063189650537199, 0.8475014693145941, 1.057689817110623, 0.9003817385895969, 1.1233698440965916, 1.2020990858551257, 0.8508334166017145, 0.8070753501355155, 1.2939010423667197, 0.6880675085446848, 1.0940766079322986], "coverage_estimated_second_order": [1.0044296338488, 0.7984002710902, 0.7877887278678, 1.0403115004710002, 0.8836951143568, 1.03630509252072, 0.4269738003215, 0.29934510616480003, 0.6168814975842001, 0.6893978852876, 1.017197368453, 1.0192637485582, 0.6694993937138001, 0.9984516835317199, 0.6050814042377], "sol": [1.0, 0.0, 0.0, 1.0, 0.0, 1.0, 0.0, 0.0, 0.0, 0.0, 1.0, 1.0, 0.0, 1.0, 0.0], "coverage": [1.0, 0.7946614583333333, 0.7747048611111111, 1.0, 0.8480859375, 1.0, 0.4328515625, 0.29920572916666666, 0.6259678819444444, 0.6965190972222223, 1.0, 1.0, 0.6495876736111111, 1.0, 0.6021354166666667], "coverage_estimated_first_order_diff": [-0.0747546561936181, 0.6301687595631591, 0.6952999604210066, 0.13376686476939792, 0.6582330275537198, -0.15249853068540586, 0.624838254610623, 0.6011760094229303, 0.49740196215214716, 0.5055799886329034, -0.14916658339828548, -0.19292464986448454, 0.6443133687556085, -0.3119324914553152, 0.49194119126563185], "coverage_estimated_second_order_diff": [0.004429633848799908, 0.003738812756866605, 0.013083866756688822, 0.04031150047100018, 0.035609176856799984, 0.036305092520720006, -0.005877762178500001, 0.00013937699813337812, -0.009086384360244337, -0.007121211934622229, 0.017197368453000017, 0.0192637485581999, 0.019911720102688935, -0.001548316468280131, 0.0029459875710332595]}