{"coverage_estimated_first_order": [1.0270268128516022, 1.5956937647430542, 1.2939370345414387, 1.2676552652923991, 1.5929489958148482, 0.912235163480072, 1.266452833712015, 0.696197252099938, 0.9495005837923247, 1.0131186778757837, 0.9038399318226252, 0.8913539961249282, 1.4042195339475287, 0.6867779043563508, 0.8386289152199032], "coverage_estimated_second_order": [0.9836256646064, 0.8746991311026, 0.9809875090106, 0.9891242874292001, 0.8635090090058001, 1.00626473510834, 0.740967172581, 0.9779001124101, 0.26379291833900004, 0.3238548369464, 0.1660038076942, 0.2195261069128, 0.7614347479144, 0.9946924019370699, 0.1544027093436], "sol": [1.0, 0.0, 1.0, 1.0, 0.0, 1.0, 0.0, 1.0, 0.0, 0.0, 0.0, 0.0, 0.0, 1.0, 0.0], "coverage": [1.0, 0.8760069444444445, 1.0, 1.0, 0.8544965277777777, 1.0, 0.7538585069444445, 1.0, 0.24162326388888888, 0.3067361111111111, 0.1440842013888889, 0.20422743055555556, 0.7594227430555556, 1.0, 0.12828125], "coverage_estimated_first_order_diff": [0.027026812851602244, 0.7196868202986098, 0.2939370345414387, 0.26765526529239914, 0.7384524680370704, -0.08776483651992795, 0.5125943267675704, -0.303802747900062, 0.7078773199034358, 0.7063825667646726, 0.7597557304337363, 0.6871265655693726, 0.6447967908919732, -0.3132220956436492, 0.7103476652199032], "coverage_estimated_second_order_diff": [-0.016374335393600004, -0.0013078133418444882, -0.019012490989400055, -0.01087571257079989, 0.00901248122802234, 0.006264735108340025, -0.012891334363444473, -0.022099887589900002, 0.022169654450111154, 0.017118725835288895, 0.021919606305311118, 0.01529867635724444, 0.0020120048588444517, -0.00530759806293013, 0.026121459343599995]}