{"coverage_estimated_first_order": [1.1491304154088147, 1.2601929315586882, 1.4675752570969351, 1.280036999494057, 1.2570776887744872, 0.9155485389838467, 1.2279873241931973, 0.6990432512914663, 1.1660637515924737, 0.8000874395466488, 1.1601564943158535, 1.0937438031755449, 1.3119925389432516, 0.9230550123621435, 0.7287694841328908], "coverage_estimated_second_order": [0.4345204592881, 0.49341088803629995, 0.6759642295068999, 0.9355580106616002, 0.9453680466423999, 0.9253063662117199, 0.7015004792178998, 0.9913735870822001, 0.6788533177041002, 1.0067201982816, 0.6430225745547999, 0.597680091814, 0.6075564329223999, 0.47067019375842, 1.0128982010758], "sol": [0.0, 0.0, 0.0, 1.0, 1.0, 1.0, 0.0, 1.0, 0.0, 1.0, 0.0, 0.0, 0.0, 0.0, 1.0], "coverage": [0.4261197916666667, 0.4884027777777778, 0.6772092013888888, 1.0, 1.0, 1.0, 0.7094618055555556, 1.0, 0.6781206597222222, 1.0, 0.6405425347222222, 0.6016362847222222, 0.6167491319444445, 0.4727517361111111, 1.0], "coverage_estimated_first_order_diff": [0.723010623742148, 0.7717901537809104, 0.7903660557080463, 0.280036999494057, 0.2570776887744872, -0.0844514610161533, 0.5185255186376417, -0.30095674870853373, 0.4879430918702514, -0.19991256045335115, 0.5196139595936313, 0.4921075184533227, 0.6952434069988072, 0.4503032762510324, -0.2712305158671092], "coverage_estimated_second_order_diff": [0.008400667621433322, 0.005008110258522158, -0.00124497188198891, -0.06444198933839984, -0.05463195335760007, -0.07469363378828009, -0.007961326337655783, -0.008626412917799864, 0.0007326579818779377, 0.006720198281600087, 0.0024800398325777184, -0.003956192908222245, -0.00919269902204456, -0.0020815423526910903, 0.012898201075800086]}