{"coverage_estimated_first_order": [1.2884854695051642, 1.4151495245576036, 1.4345255636815601, 1.3984980984848938, 1.2649274239227488, 1.113196564459157, 1.0352679573456058, 0.8524871711141881, 0.6985052338558068, 1.128381555838817, 0.9844534192527484, 0.8832542430332427, 1.3942776824974281, 0.8309776824590516, 0.9003891179196789], "coverage_estimated_second_order": [0.6865359663497999, 0.6467026826960999, 0.6066944446142, 0.6721811665526003, 0.7265812907729998, 0.52652612466294, 0.2821185517008, 0.17574443259830003, 0.9559484329093, 0.5778603111515999, 0.34302098575439993, 0.22771526257520003, 0.4607791752808999, 0.33429526836976003, 0.3068928523312], "sol": [1.0, 1.0, 1.0, 1.0, 1.0, 0.0, 0.0, 0.0, 1.0, 0.0, 0.0, 0.0, 0.0, 0.0, 0.0], "coverage": [1.0, 1.0, 1.0, 1.0, 1.0, 0.5343967013888888, 0.29033854166666667, 0.17467013888888888, 1.0, 0.6070442708333333, 0.36181423611111113, 0.23957465277777779, 0.6140104166666667, 0.34530381944444444, 0.3298394097222222], "coverage_estimated_first_order_diff": [0.2884854695051642, 0.41514952455760357, 0.43452556368156015, 0.3984980984848938, 0.2649274239227488, 0.5787998630702682, 0.7449294156789392, 0.6778170322252992, -0.30149476614419324, 0.5213372850054837, 0.6226391831416374, 0.643679590255465, 0.7802672658307614, 0.48567386301460713, 0.5705497081974567], "coverage_estimated_second_order_diff": [-0.31346403365020015, -0.3532973173039001, -0.39330555538580003, -0.3278188334473997, -0.2734187092270002, -0.007870576725948819, -0.008219989965866648, 0.0010742937094111449, -0.04405156709070002, -0.029183959681733485, -0.0187932503567112, -0.011859390202577758, -0.15323124138576677, -0.011008551074684403, -0.022946557391022193]}