{"coverage_estimated_first_order": [1.1820375137353694, 1.2984123266842726, 1.2279166799251684, 1.3971898032689216, 1.2478449019375497, 0.8237848972372556, 1.0976174094617117, 0.9277396444292687, 1.023545306096718, 1.1145627077500797, 1.1823813741964662, 0.8791900709222649, 1.1832077735552364, 0.9320153651772981, 1.0321194727458538], "coverage_estimated_second_order": [0.9463252803514999, 0.9558229248626999, 0.9295517253950999, 0.5516232151215001, 0.45090984875420004, 0.19462263900463994, 0.42614703672489995, 0.33130876629460004, 0.9827835362482, 0.9885873709774, 0.5800882224148001, 0.9480446370751001, 0.41316989054350006, 0.39049450503735006, 0.4508807099098], "sol": [1.0, 1.0, 1.0, 0.0, 0.0, 0.0, 0.0, 0.0, 1.0, 1.0, 0.0, 1.0, 0.0, 0.0, 0.0], "coverage": [1.0, 1.0, 1.0, 0.56015625, 0.4468272569444444, 0.1932595486111111, 0.4386935763888889, 0.3361545138888889, 1.0, 1.0, 0.5894097222222222, 1.0, 0.41170572916666665, 0.36899305555555556, 0.4555078125], "coverage_estimated_first_order_diff": [0.18203751373536936, 0.29841232668427264, 0.2279166799251684, 0.8370335532689216, 0.8010176449931052, 0.6305253486261444, 0.6589238330728229, 0.5915851305403799, 0.0235453060967179, 0.1145627077500797, 0.592971651974244, -0.12080992907773513, 0.7715020443885698, 0.5630223096217426, 0.5766116602458538], "coverage_estimated_second_order_diff": [-0.053674719648500124, -0.04417707513730007, -0.07044827460490011, -0.008533034878499879, 0.00408259180975562, 0.0013630903935288319, -0.012546539663988943, -0.004845747594288852, -0.01721646375179997, -0.011412629022599985, -0.00932149980742214, -0.051955362924899884, 0.0014641613768334172, 0.0215014494817945, -0.004627102590199994]}