{"coverage_estimated_first_order": [0.8409981391639444, 0.9668083545262076, 0.7552336689421674, 1.2066078738980939, 0.7958371605324204, 0.6192553379909775, 0.9093079512544872, 0.4100751066890341, 0.5591258731031273, 0.602279034024051, 0.6002594357915556, 0.6098854399741829, 0.9303552373628101, 0.5835613946859489, 0.549866495209818], "coverage_estimated_second_order": [0.5287115458630001, 0.6570598102347999, 1.017781254127, 0.8770139464488, 1.0545423287624, 1.0293825404458, 0.6841186259083001, 0.9912766871004001, 0.040886724873800004, 0.087113288613, 0.13182585535240002, 0.19668085293100002, 0.6284383058274, 0.25385185150002, 0.10806394638280001], "sol": [0.0, 0.0, 1.0, 0.0, 1.0, 1.0, 0.0, 1.0, 0.0, 0.0, 0.0, 0.0, 0.0, 0.0, 0.0], "coverage": [0.5236545138888888, 0.6452734375, 1.0, 0.8354644097222222, 1.0, 1.0, 0.6944618055555556, 1.0, 0.009709201388888889, 0.060234375, 0.11276475694444445, 0.18351996527777778, 0.6034722222222222, 0.24601128472222222, 0.08468315972222222], "coverage_estimated_first_order_diff": [0.31734362527505555, 0.3215349170262076, -0.24476633105783263, 0.37114346417587163, -0.20416283946757963, -0.38074466200902246, 0.21484614569893157, -0.589924893310966, 0.5494166717142385, 0.5420446590240511, 0.4874946788471112, 0.42636547469640507, 0.32688301514058793, 0.3375501099637267, 0.4651833354875958], "coverage_estimated_second_order_diff": [0.005057031974111226, 0.011786372734799877, 0.017781254126999935, 0.041549536726577796, 0.05454232876240006, 0.02938254044579991, -0.010343179647255507, -0.008723312899599933, 0.031177523484911117, 0.026878913612999995, 0.01906109840795557, 0.013160887653222236, 0.024966083605177825, 0.007840566777797764, 0.023380786660577788]}