{"coverage_estimated_first_order": [1.2645257911847838, 1.8559601272769435, 1.5590469193488414, 1.9707884688496102, 1.4798087422099169, 1.0403205802791604, 1.2839434100277751, 1.1326942644890714, 0.9833297474720153, 1.0486061494802947, 1.0854553524674622, 1.092219617963167, 1.351103376163196, 1.0125763408919655, 1.010532142316568], "coverage_estimated_second_order": [0.8912912421723999, 0.7704093584259999, 0.8151385917912, 0.7574263561518, 0.8621920483932, 0.9318655092958201, 0.9229692382369, 0.9291784746817999, 0.0576373860258, 0.1069021980604, 0.2098395099912, 0.2806372734936, 0.8000216986552001, 0.38173869818929995, 0.1922574814188], "sol": [1.0, 0.0, 1.0, 0.0, 1.0, 1.0, 1.0, 1.0, 0.0, 0.0, 0.0, 0.0, 1.0, 0.0, 0.0], "coverage": [1.0, 0.8774392361111111, 1.0, 0.8968315972222223, 1.0, 1.0, 1.0, 1.0, 0.024500868055555555, 0.07474826388888889, 0.18135850694444444, 0.24960503472222223, 1.0, 0.3775824652777778, 0.17264322916666666], "coverage_estimated_first_order_diff": [0.2645257911847838, 0.9785208911658324, 0.5590469193488414, 1.073956871627388, 0.47980874220991687, 0.04032058027916041, 0.2839434100277751, 0.1326942644890714, 0.9588288794164598, 0.9738578855914058, 0.9040968455230177, 0.8426145832409446, 0.3511033761631961, 0.6349938756141877, 0.8378889131499014], "coverage_estimated_second_order_diff": [-0.10870875782760014, -0.10702987768511119, -0.18486140820880004, -0.1394052410704223, -0.13780795160680004, -0.06813449070417987, -0.07703076176309998, -0.07082152531820007, 0.033136517970244445, 0.032153934171511106, 0.02848100304675555, 0.031032238771377785, -0.19997830134479988, 0.004156232911522173, 0.01961425225213334]}