{"coverage_estimated_first_order": [1.4015124813945807, 1.0805467818541472, 1.5197135734889642, 1.5457016279867006, 1.0388140783472593, 0.9832738430711323, 0.8651439755721491, 1.145939863779186, 0.7761003475561896, 1.190178967448825, 1.2023945837743304, 1.0399220480917997, 1.042838374947345, 0.8965832807064191, 0.7798501769048742], "coverage_estimated_second_order": [0.7848247006529999, 1.012001332081, 0.8135335228624, 0.8694862198320001, 1.0115870366214998, 0.4773932274340201, 1.0113996162813002, 0.6599363993445, 1.0073629230054002, 0.6556971578761999, 0.682570659745, 0.5100371069115001, 1.0309995560536, 0.4482430251353501, 1.0242646900918002], "sol": [0.0, 1.0, 0.0, 0.0, 1.0, 0.0, 1.0, 0.0, 1.0, 0.0, 0.0, 0.0, 1.0, 0.0, 1.0], "coverage": [0.7776215277777778, 1.0, 0.8079427083333334, 0.8609418402777778, 1.0, 0.4719921875, 1.0, 0.6539322916666667, 1.0, 0.6535026041666666, 0.6738064236111111, 0.5156684027777778, 1.0, 0.4513715277777778, 1.0], "coverage_estimated_first_order_diff": [0.6238909536168029, 0.08054678185414721, 0.7117708651556308, 0.6847597877089229, 0.03881407834725925, 0.5112816555711324, -0.13485602442785094, 0.49200757211251933, -0.22389965244381038, 0.5366763632821584, 0.5285881601632193, 0.5242536453140219, 0.042838374947345104, 0.44521175292864135, -0.22014982309512576], "coverage_estimated_second_order_diff": [0.007203172875222097, 0.01200133208099996, 0.005590814529066623, 0.008544379554222381, 0.011587036621499847, 0.00540103993402008, 0.011399616281300151, 0.006004107677833326, 0.0073629230054002015, 0.0021945537095332535, 0.00876423613388888, -0.005631295866277752, 0.030999556053600053, -0.0031285026424276996, 0.024264690091800212]}