{"coverage_estimated_first_order": [1.3878253924934025, 1.5576703152157139, 1.3196303227631025, 1.692512430907051, 1.1475563564113536, 1.1201648354005336, 1.2868292300829736, 1.167352378743328, 1.1656739264291545, 1.2869193714399858, 1.3708566089474075, 1.1574645562374377, 1.4340559053098545, 1.046186383861394, 1.1946961073126718], "coverage_estimated_second_order": [0.5481529915643, 0.6666485909841, 0.9856759574479999, 0.8214944558727, 0.9923512182805001, 0.5087742099104, 0.9396616400265, 0.9323421391081, 0.9640768441305, 0.9462064531680002, 0.5670247908632, 0.8812172593920999, 0.6037794982236, 0.41905701619989, 0.47540173980860007], "sol": [0.0, 0.0, 1.0, 0.0, 1.0, 0.0, 1.0, 1.0, 1.0, 1.0, 0.0, 1.0, 0.0, 0.0, 0.0], "coverage": [0.5701041666666666, 0.6829774305555556, 1.0, 0.8383203125, 1.0, 0.5199609375, 1.0, 1.0, 1.0, 1.0, 0.5995746527777778, 1.0, 0.6205642361111111, 0.4088454861111111, 0.4877690972222222], "coverage_estimated_first_order_diff": [0.8177212258267359, 0.8746928846601583, 0.31963032276310255, 0.8541921184070509, 0.14755635641135356, 0.6002038979005335, 0.28682923008297356, 0.16735237874332798, 0.16567392642915446, 0.2869193714399858, 0.7712819561696297, 0.15746455623743771, 0.8134916691987434, 0.637340897750283, 0.7069270100904497], "coverage_estimated_second_order_diff": [-0.02195117510236666, -0.01632883957145559, -0.014324042552000149, -0.016825856627300073, -0.0076487817194998975, -0.011186727589600043, -0.06033835997350001, -0.06765786089189996, -0.03592315586950001, -0.05379354683199977, -0.03254986191457776, -0.11878274060790006, -0.016784737887511114, 0.010211530088778897, -0.01236735741362216]}