{"coverage_estimated_first_order": [1.615992465595598, 1.3502379399345437, 1.8500641228057604, 1.5556187445932392, 1.4098954343494676, 1.2190733638770905, 1.2718626878014905, 1.160302901777269, 1.238358470495937, 0.9030862324373427, 1.147715979546189, 1.2232606684593539, 1.363413662519965, 1.0230552636296055, 1.0437226298970068], "coverage_estimated_second_order": [0.6817124984642999, 0.8689358906342001, 0.7121155094747, 0.8600668229672, 0.8871838583059, 0.47476200620342, 0.9350074889292, 0.9300106335569003, 0.5750332378117998, 0.9542709218962, 0.36073708907720003, 0.5290984733768, 0.8236901142852, 0.45780969335739996, 0.3080570118072], "sol": [0.0, 1.0, 0.0, 1.0, 1.0, 0.0, 1.0, 1.0, 0.0, 1.0, 0.0, 0.0, 1.0, 0.0, 0.0], "coverage": [0.7608246527777778, 1.0, 0.8286588541666666, 1.0, 1.0, 0.48716145833333335, 1.0, 1.0, 0.6103862847222222, 1.0, 0.3889453125, 0.5433203125, 1.0, 0.4679644097222222, 0.33207899305555555], "coverage_estimated_first_order_diff": [0.8551678128178202, 0.35023793993454366, 1.0214052686390938, 0.5556187445932392, 0.4098954343494676, 0.7319119055437572, 0.2718626878014905, 0.16030290177726902, 0.6279721857737147, -0.09691376756265735, 0.7587706670461891, 0.6799403559593539, 0.3634136625199651, 0.5550908539073833, 0.7116436368414513], "coverage_estimated_second_order_diff": [-0.07911215431347784, -0.13106410936579993, -0.11654334469196659, -0.13993317703279995, -0.11281614169410004, -0.012399452129913335, -0.06499251107079995, -0.06998936644309972, -0.0353530469104224, -0.0457290781038, -0.02820822342279994, -0.014221839123199964, -0.1763098857148, -0.010154716364822236, -0.02402198124835553]}