{"coverage_estimated_first_order": [0.565292704447506, 1.0457628156343393, 0.9931096683004011, 1.0318380778979197, 0.5806060322768702, 0.6797490181778855, 0.9135997386160848, 0.42051100667711727, 0.8143260963464329, 0.45693538405782175, 0.6933397084165221, 0.7409819128044505, 0.8653348732669969, 0.5963837661094518, 0.6175549756657022], "coverage_estimated_second_order": [1.0072985579763, 0.8121369066722, 0.6981455784759, 0.7648060565152001, 0.9835054905908001, 0.42627179919682, 0.7047570845676, 0.9947924530802, 0.5802916442036999, 0.9690216895666, 0.35290378187179994, 0.46367472435800006, 0.5812475461172, 0.3328027949998, 0.28287901865360005], "sol": [1.0, 0.0, 0.0, 0.0, 1.0, 0.0, 0.0, 1.0, 0.0, 1.0, 0.0, 0.0, 0.0, 0.0, 0.0], "coverage": [1.0, 0.8170789930555555, 0.7187543402777777, 0.7879340277777778, 1.0, 0.4583246527777778, 0.7184418402777778, 1.0, 0.6078342013888889, 1.0, 0.37453993055555557, 0.48345920138888887, 0.6035460069444445, 0.34914930555555557, 0.30376302083333334], "coverage_estimated_first_order_diff": [-0.434707295552494, 0.22868382257878372, 0.2743553280226234, 0.24390405012014194, -0.41939396772312976, 0.22142436540010768, 0.195157898338307, -0.5794889933228827, 0.20649189495754405, -0.5430646159421783, 0.3187997778609666, 0.2575227114155616, 0.2617888663225524, 0.2472344605538962, 0.3137919548323688], "coverage_estimated_second_order_diff": [0.00729855797630008, -0.004942086383355582, -0.020608761801877762, -0.023127971262577707, -0.016494509409199942, -0.032052853580957774, -0.013684755710177798, -0.005207546919799966, -0.027542557185188943, -0.030978310433400047, -0.02163614868375563, -0.019784477030888814, -0.022298460827244515, -0.01634651055575559, -0.020884002179733296]}