{"coverage_estimated_first_order": [0.5834325094667883, 0.6569619147137066, 0.7329237643063983, 0.4024792782465523, 0.7477142680385895, 0.5970467206098193, 0.7405363037176276, 0.2741430583047102, 0.5304321315069873, 0.5764367370937152, 0.4561969770308191, 0.4844161994208826, 0.7424275344696223, 0.2282900513694805, 0.4151975589821827], "coverage_estimated_second_order": [0.33870809025599996, 0.4251298534832, 0.5518039582442, 0.9255896965996001, 0.63082046615, 0.4932627091043, 0.6306452535127001, 0.9796190630046001, 0.253860192366, 0.31445369438299997, 0.1201835759192, 0.2072505526688, 0.6345691522676, 0.98896354419254, 0.09187320666240001], "sol": [0.0, 0.0, 0.0, 1.0, 0.0, 0.0, 0.0, 1.0, 0.0, 0.0, 0.0, 0.0, 0.0, 1.0, 0.0], "coverage": [0.3776215277777778, 0.47420572916666665, 0.6192925347222222, 1.0, 0.6997439236111112, 0.5233376736111112, 0.6420182291666666, 1.0, 0.23884114583333332, 0.30397569444444444, 0.10445746527777777, 0.19680555555555557, 0.6900868055555556, 1.0, 0.07256510416666667], "coverage_estimated_first_order_diff": [0.20581098168901046, 0.18275618554703993, 0.11363122958417604, -0.5975207217534477, 0.047970344427478384, 0.07370904699870817, 0.09851807455096095, -0.7258569416952898, 0.291590985673654, 0.2724610426492708, 0.3517395117530413, 0.28761064386532703, 0.052340728914066714, -0.7717099486305194, 0.342632454815516], "coverage_estimated_second_order_diff": [-0.03891343752177784, -0.04907587568346666, -0.0674885764780222, -0.07441030340039989, -0.06892345746111117, -0.030074964506811186, -0.011372975653966555, -0.02038093699539989, 0.015019046532666669, 0.010477999938555527, 0.015726110641422222, 0.010444997113244425, -0.05551765328795555, -0.011036455807460044, 0.019308102495733337]}