{"coverage_estimated_first_order": [1.3401458516642863, 0.9954199243709928, 1.4466181276659238, 1.030539501755606, 1.305689028918769, 0.8696233495253497, 1.1125675106558655, 0.9534970288262055, 1.3405063974623725, 0.9896224390455861, 1.114736529041316, 1.011690946933868, 1.1787206821575211, 0.8100676570606404, 1.0006115647171565], "coverage_estimated_second_order": [0.7772112832731999, 0.9992677735690999, 0.7665688588041999, 0.9849176044319001, 0.6628089944408001, 0.31786986031264, 0.4933784404869, 0.36979093812020003, 0.6680263490345, 0.9118492350952001, 0.8937883474748, 0.9004549753390001, 0.5194457689609999, 0.31051642449626, 0.8947024673993], "sol": [0.0, 1.0, 0.0, 1.0, 0.0, 0.0, 0.0, 0.0, 0.0, 1.0, 1.0, 1.0, 0.0, 0.0, 1.0], "coverage": [0.7800607638888889, 1.0, 0.7812760416666666, 1.0, 0.6827170138888888, 0.34283854166666666, 0.5030729166666666, 0.37159288194444445, 0.7317751736111111, 1.0, 1.0, 1.0, 0.5393489583333333, 0.3231640625, 1.0], "coverage_estimated_first_order_diff": [0.5600850877753974, -0.0045800756290071964, 0.6653420859992571, 0.030539501755606047, 0.6229720150298802, 0.526784807858683, 0.6094945939891988, 0.581904146881761, 0.6087312238512614, -0.01037756095441389, 0.11473652904131604, 0.011690946933867963, 0.6393717238241878, 0.4869035945606404, 0.0006115647171565097], "coverage_estimated_second_order_diff": [-0.002849480615689015, -0.0007322264309000959, -0.01470718286246675, -0.015082395568099871, -0.019908019448088732, -0.02496868135402669, -0.009694476179766653, -0.001801943824244423, -0.06374882457661113, -0.0881507649047999, -0.10621165252520004, -0.0995450246609999, -0.019903189372333374, -0.012647638003740025, -0.10529753260069996]}