{"coverage_estimated_first_order": [0.9491181843319804, 1.0509197664349863, 1.2086653329832728, 0.9031996750050345, 1.2799028744381649, 0.7222740949622082, 0.6091032091455334, 0.941982405641494, 0.6714320527852118, 1.1088766535501033, 0.8569602417528458, 0.8313956895506545, 1.1225935504408235, 0.6703478176402641, 0.774750678914538], "coverage_estimated_second_order": [0.41736980650120004, 0.49730506438989996, 0.6963592350812, 0.9998627819428001, 0.8173158461707, 1.04270102919584, 0.9763014235094002, 0.607818510614, 0.9912528613611999, 0.6998114367742001, 0.3965971432925, 0.39659937263559997, 0.6873572004944, 1.0220568421294898, 0.335631388955], "sol": [0.0, 0.0, 0.0, 1.0, 0.0, 1.0, 1.0, 0.0, 1.0, 0.0, 0.0, 0.0, 0.0, 1.0, 0.0], "coverage": [0.46055121527777776, 0.5420616319444445, 0.7295833333333334, 1.0, 0.8121788194444445, 1.0, 1.0, 0.6225086805555555, 1.0, 0.7005859375, 0.42606770833333335, 0.4199392361111111, 0.7059288194444444, 1.0, 0.36078125], "coverage_estimated_first_order_diff": [0.4885669690542026, 0.5088581344905418, 0.47908199964993947, -0.09680032499496549, 0.4677240549937204, -0.2777259050377918, -0.3908967908544666, 0.3194737250859385, -0.3285679472147882, 0.40829071605010336, 0.43089253341951245, 0.41145645343954335, 0.41666473099637913, -0.3296521823597359, 0.413969428914538], "coverage_estimated_second_order_diff": [-0.04318140877657772, -0.04475656755454449, -0.03322409825213335, -0.00013721805719990599, 0.005137026726255489, 0.04270102919584007, -0.02369857649059981, -0.014690169941555475, -0.008747138638800056, -0.0007745007257998759, -0.02947056504083334, -0.023339863475511147, -0.018571618950044444, 0.022056842129489773, -0.025149861045]}