{"coverage_estimated_first_order": [1.4267491085566284, 1.5545513880497719, 1.3144824892455964, 1.6889927330878882, 1.1701904344307257, 1.230957286499617, 1.0843854378651423, 1.32502867033488, 1.3379703626539174, 1.4069389241975356, 1.2167645714644624, 1.1007816787009816, 1.4721131003190084, 0.7035132070571187, 1.1195014930266636], "coverage_estimated_second_order": [0.6147988355347, 0.6818715499743, 0.9915508330814, 0.8221262645735, 1.0018657365146, 0.67198254464804, 0.9677809819204002, 0.6812304284501999, 0.6330966228142, 0.6943950528732, 0.9380782064574, 0.9376361636996999, 0.710432893638, 0.9951555951342, 0.9398336481334001], "sol": [0.0, 0.0, 1.0, 0.0, 1.0, 0.0, 1.0, 0.0, 0.0, 0.0, 1.0, 1.0, 0.0, 1.0, 1.0], "coverage": [0.6363585069444444, 0.7016015625, 1.0, 0.8382074652777778, 1.0, 0.6748741319444445, 1.0, 0.6933854166666666, 0.6463498263888889, 0.7117925347222223, 1.0, 1.0, 0.7307725694444445, 1.0, 1.0], "coverage_estimated_first_order_diff": [0.790390601612184, 0.8529498255497718, 0.3144824892455964, 0.8507852678101104, 0.17019043443072568, 0.5560831545551725, 0.0843854378651423, 0.6316432536682133, 0.6916205362650285, 0.6951463894753134, 0.21676457146446237, 0.10078167870098165, 0.741340530874564, -0.29648679294288127, 0.11950149302666357], "coverage_estimated_second_order_diff": [-0.021559671409744352, -0.019730012525700058, -0.008449166918599982, -0.016081200704277765, 0.0018657365145999805, -0.0028915872964044853, -0.032219018079599815, -0.012154988216466767, -0.013253203574688954, -0.017397481849022234, -0.06192179354259997, -0.06236383630030007, -0.020339675806444468, -0.004844404865799956, -0.06016635186659991]}