{"coverage_estimated_first_order": [0.7393050711156968, 0.831300448077137, 0.8732788621124262, 0.8968272178932076, 0.8342266158247471, 0.6570850677396584, 0.9083383062837929, 0.43355372083359833, 0.5333238838958329, 0.9797107042726304, 0.702631505934778, 0.6891734879934988, 0.6344048263868189, 0.5295983919396807, 0.6159674818274077], "coverage_estimated_second_order": [0.2994140594336, 0.376631713079, 0.40208217976340005, 0.45621109626839995, 0.4129788482316, 0.34273126870094, 0.6359210301443, 0.9906909365995, 0.9919055983049999, 0.7302151084176, 0.37447044568329996, 0.3889957120823, 0.969640958886, 1.02967510109346, 0.2806200072388], "sol": [0.0, 0.0, 0.0, 0.0, 0.0, 0.0, 0.0, 1.0, 1.0, 0.0, 0.0, 0.0, 1.0, 1.0, 0.0], "coverage": [0.3127126736111111, 0.38436197916666665, 0.4163628472222222, 0.4803125, 0.43559895833333334, 0.3489713541666667, 0.635, 1.0, 1.0, 0.7319661458333333, 0.4033420138888889, 0.4141840277777778, 1.0, 1.0, 0.30255208333333333], "coverage_estimated_first_order_diff": [0.42659239750458566, 0.44693846891047034, 0.456916014890204, 0.41651471789320765, 0.39862765749141377, 0.30811371357299167, 0.27333830628379285, -0.5664462791664017, -0.46667611610416715, 0.2477445584392971, 0.29928949204588906, 0.27498946021572096, -0.36559517361318106, -0.4704016080603193, 0.31341539849407435], "coverage_estimated_second_order_diff": [-0.013298614177511103, -0.007730266087666637, -0.014280667458822172, -0.024101403731600024, -0.022620110101733315, -0.006240085465726686, 0.0009210301443000057, -0.009309063400499973, -0.008094401695000086, -0.0017510374157333475, -0.02887156820558895, -0.025188315695477803, -0.030359041114000007, 0.029675101093459944, -0.021932076094533348]}