{"coverage_estimated_first_order": [0.9989239865250049, 1.5115035320946866, 1.532479107417613, 1.2358358442082635, 1.1508813489287069, 1.1515683644353156, 0.8025534839967562, 1.1035098651469508, 1.2058965874189285, 0.8540082076403916, 0.9903238370772722, 1.0287935580954282, 1.393853371254147, 0.7120536338751144, 0.9083563562706697], "coverage_estimated_second_order": [1.0023881680606999, 0.8417970632228, 0.7960649313404, 1.0347790021685999, 1.0357679235059, 0.6699491047798201, 0.9967754100022002, 0.6506299309834, 0.6660841253007, 0.9896235452502, 0.37063413799440004, 0.5004852713536, 0.7802668913363999, 1.0266290313242799, 0.3272681322666], "sol": [1.0, 0.0, 0.0, 1.0, 1.0, 0.0, 1.0, 0.0, 0.0, 1.0, 0.0, 0.0, 0.0, 1.0, 0.0], "coverage": [1.0, 0.8270355902777777, 0.7810112847222223, 1.0, 1.0, 0.6357725694444445, 1.0, 0.6598741319444444, 0.6678211805555555, 1.0, 0.39578559027777777, 0.5261935763888889, 0.7674001736111111, 1.0, 0.34753038194444447], "coverage_estimated_first_order_diff": [-0.0010760134749950856, 0.6844679418169088, 0.7514678226953907, 0.23583584420826353, 0.15088134892870686, 0.5157957949908711, -0.1974465160032438, 0.4436357332025064, 0.538075406863373, -0.14599179235960835, 0.5945382467994944, 0.5025999817065393, 0.6264531976430359, -0.28794636612488556, 0.5608259743262252], "coverage_estimated_second_order_diff": [0.002388168060699858, 0.01476147294502228, 0.015053646618177763, 0.03477900216859986, 0.03576792350590008, 0.03417653533537557, -0.0032245899977998427, -0.009244200961044391, -0.0017370552548554574, -0.01037645474979998, -0.02515145228337773, -0.02570830503528887, 0.012866717725288801, 0.02662903132427985, -0.020262249677844457]}