{"coverage_estimated_first_order": [1.4159872764671124, 1.1318073667827506, 1.617045395342568, 1.3488619962439266, 1.2559696297385832, 1.204638440623785, 1.2669515052213756, 0.733191307578301, 0.9522569073265166, 1.0157085761331732, 0.8873613105683997, 0.8905703406901695, 1.2387352881025184, 0.6807873815323133, 0.8164423487858894], "coverage_estimated_second_order": [0.696781620518, 0.913586455605, 0.7333768118534001, 0.9066032997218001, 0.9083935196708, 0.6342444093277, 0.7249395446981, 0.9876154893489001, 0.26895040447060004, 0.3287694917352, 0.1401590055888, 0.218982590874, 0.8865492294076001, 0.97464547923295, 0.1205943348868], "sol": [0.0, 1.0, 0.0, 1.0, 1.0, 0.0, 0.0, 1.0, 0.0, 0.0, 0.0, 0.0, 1.0, 1.0, 0.0], "coverage": [0.7524479166666667, 1.0, 0.8056380208333334, 1.0, 1.0, 0.6420746527777778, 0.7302560763888889, 1.0, 0.246640625, 0.3116189236111111, 0.11767795138888888, 0.20364583333333333, 1.0, 1.0, 0.09422743055555556], "coverage_estimated_first_order_diff": [0.6635393598004458, 0.13180736678275062, 0.8114073745092347, 0.34886199624392655, 0.25596962973858317, 0.5625637878460071, 0.5366954288324867, -0.266808692421699, 0.7056162823265166, 0.7040896525220621, 0.7696833591795108, 0.6869245073568362, 0.23873528810251843, -0.31921261846768667, 0.7222149182303338], "coverage_estimated_second_order_diff": [-0.055666296148666694, -0.08641354439500004, -0.07226120897993327, -0.0933967002781999, -0.09160648032920005, -0.007830243450077767, -0.005316531690788939, -0.012384510651099911, 0.022309779470600033, 0.017150568124088883, 0.02248105419991113, 0.015336757540666657, -0.11345077059239994, -0.025354520767050026, 0.026366904331244445]}