{"coverage_estimated_first_order": [1.5583803242609902, 1.2672367470352655, 1.3892547524668548, 1.646378898130844, 1.5536556304479945, 0.8237848972372587, 1.2786096253786003, 1.071621933153933, 1.0854713332993893, 1.5356729164608696, 1.285801596877771, 1.0854856417944019, 1.3489380550880306, 1.0233153781357474, 1.155943373423234], "coverage_estimated_second_order": [0.7728949112904, 1.0017238321815998, 1.010070488454, 0.7370654688887999, 0.731339010108, 0.98457032389344, 0.5040003940389, 0.3594892609458, 0.8783803300562001, 0.7009794935642, 0.8510993291211999, 0.8861435687395, 0.48751543215359994, 0.4799577317577599, 0.8512948711055999], "sol": [0.0, 1.0, 1.0, 0.0, 0.0, 1.0, 0.0, 0.0, 1.0, 0.0, 1.0, 1.0, 0.0, 0.0, 1.0], "coverage": [0.7712847222222222, 1.0, 1.0, 0.749609375, 0.7482291666666666, 1.0, 0.5151302083333333, 0.36679253472222223, 1.0, 0.78375, 1.0, 1.0, 0.4989192708333333, 0.4934939236111111, 1.0], "coverage_estimated_first_order_diff": [0.7870956020387679, 0.26723674703526545, 0.3892547524668548, 0.896769523130844, 0.8054264637813279, -0.17621510276274133, 0.763479417045267, 0.7048293984317107, 0.08547133329938927, 0.7519229164608696, 0.28580159687777096, 0.08548564179440188, 0.8500187842546972, 0.5298214545246362, 0.15594337342323406], "coverage_estimated_second_order_diff": [0.0016101890681777808, 0.0017238321815997715, 0.010070488453999937, -0.012543906111200154, -0.016890156558666658, -0.015429676106559986, -0.011129814294433382, -0.007303273776422203, -0.12161966994379991, -0.08277050643579997, -0.1489006708788001, -0.11385643126050005, -0.01140383867973338, -0.013536191853351198, -0.14870512889440013]}