{"coverage_estimated_first_order": [1.1397280271388048, 1.2178635337603803, 1.3715198163115965, 1.4796014234316444, 1.0629766434175711, 0.8049763925302774, 0.8171661463678355, 1.1031754081488776, 0.8777558029671142, 1.2651120697859422, 1.0554255472921523, 1.159374700807283, 1.1983786956916034, 0.9087189792202969, 0.9702697627638299], "coverage_estimated_second_order": [0.4225886633836, 0.4379037439209, 0.6081476170902, 0.7509456721753001, 0.9956110943165999, 1.03829859759324, 0.9802912256162001, 0.6301038963635999, 0.9546750829866, 0.6653590613949999, 0.9722463814073999, 0.598325413851, 0.5191088494881999, 0.4530843607055, 0.9687369915131999], "sol": [0.0, 0.0, 0.0, 0.0, 1.0, 1.0, 1.0, 0.0, 1.0, 0.0, 1.0, 0.0, 0.0, 0.0, 1.0], "coverage": [0.4521267361111111, 0.4685329861111111, 0.6306987847222222, 0.7546657986111112, 1.0, 1.0, 1.0, 0.6348003472222222, 1.0, 0.6799305555555556, 1.0, 0.5950260416666666, 0.5304340277777778, 0.4534548611111111, 1.0], "coverage_estimated_first_order_diff": [0.6876012910276937, 0.7493305476492691, 0.7408210315893743, 0.7249356248205332, 0.06297664341757114, -0.19502360746972258, -0.18283385363216453, 0.4683750609266554, -0.1222441970328858, 0.5851815142303866, 0.05542554729215232, 0.5643486591406164, 0.6679446679138256, 0.45526411810918577, -0.029730237236170076], "coverage_estimated_second_order_diff": [-0.029538072727511078, -0.030629242190211126, -0.02255116763202214, -0.0037201264358110997, -0.004388905683400113, 0.03829859759323995, -0.01970877438379992, -0.0046964508586223586, -0.04532491701340002, -0.014571494160555698, -0.02775361859260006, 0.0032993721843334045, -0.011325178289577909, -0.0003705004056110961, -0.03126300848680008]}