{"coverage_estimated_first_order": [1.1874558570967069, 1.2896952105517092, 1.580447364819784, 1.50778019107714, 1.0085121378842212, 1.0486831749391934, 1.102868156674808, 0.9683749915532665, 0.9517603314739007, 1.0200632120373583, 0.9442236028986353, 0.96595610826931, 1.3809568706284958, 0.6021199407591602, 0.8792316679107399], "coverage_estimated_second_order": [0.9512018867822002, 0.9444002560834001, 0.7767718651766002, 0.7996673427590001, 0.9739066823908, 0.59898024051022, 0.9644053765141002, 0.9872182739100002, 0.2689351713365, 0.3333768338116, 0.21396098189360002, 0.2995306588548, 0.7261968969428001, 0.98399713760803, 0.1929418033226], "sol": [1.0, 1.0, 0.0, 0.0, 1.0, 0.0, 1.0, 1.0, 0.0, 0.0, 0.0, 0.0, 0.0, 1.0, 0.0], "coverage": [1.0, 1.0, 0.8000217013888888, 0.8250694444444444, 1.0, 0.6180121527777778, 1.0, 1.0, 0.24803385416666668, 0.31308159722222223, 0.18085069444444443, 0.26563368055555553, 0.7391753472222222, 1.0, 0.17022135416666667], "coverage_estimated_first_order_diff": [0.18745585709670687, 0.2896952105517092, 0.7804256634308953, 0.6827107466326956, 0.008512137884221227, 0.4306710221614156, 0.10286815667480798, -0.03162500844673355, 0.703726477307234, 0.706981614815136, 0.7633729084541908, 0.7003224277137545, 0.6417815234062736, -0.3978800592408398, 0.7090103137440733], "coverage_estimated_second_order_diff": [-0.04879811321779981, -0.05559974391659994, -0.0232498362122886, -0.025402101685444323, -0.026093317609199973, -0.019031912267557738, -0.03559462348589981, -0.012781726089999834, 0.020901317169833344, 0.020295236589377763, 0.03311028744915559, 0.033896978299244485, -0.012978450279422127, -0.01600286239197002, 0.022720449155933325]}