{"coverage_estimated_first_order": [1.6539362403778437, 1.403938712314396, 1.6101754059596611, 1.657604309953355, 1.5711585804482295, 1.1131965644591606, 1.4563636374271007, 0.867910239859855, 1.0830504021836211, 1.1168991202616274, 0.8899807460749868, 1.137143200974196, 1.602056695328433, 0.932953307728452, 1.1535916014136804], "coverage_estimated_second_order": [0.6804280330044, 0.8005210803257999, 0.6929943049848002, 0.6232534239593002, 0.65833732294, 0.7960812329413399, 0.7725027903822999, 0.9816211894617002, 0.28638275972259997, 0.2765167378404, 0.9632949767808, 0.433265548282, 0.5302144338315999, 0.27692318228401, 0.5151868229961], "sol": [0.0, 1.0, 1.0, 1.0, 1.0, 1.0, 0.0, 1.0, 0.0, 0.0, 1.0, 0.0, 0.0, 0.0, 0.0], "coverage": [0.7799782986111111, 1.0, 1.0, 1.0, 1.0, 1.0, 0.7851041666666667, 1.0, 0.3092795138888889, 0.29641493055555557, 1.0, 0.45481770833333335, 0.6786111111111112, 0.2702951388888889, 0.5488498263888889], "coverage_estimated_first_order_diff": [0.8739579417667326, 0.40393871231439604, 0.6101754059596611, 0.6576043099533551, 0.5711585804482295, 0.1131965644591606, 0.671259470760434, -0.13208976014014495, 0.7737708882947323, 0.8204841897060718, -0.11001925392501322, 0.6823254926408626, 0.9234455842173218, 0.6626581688395631, 0.6047417750247915], "coverage_estimated_second_order_diff": [-0.0995502656067111, -0.19947891967420006, -0.3070056950151998, -0.37674657604069983, -0.34166267706, -0.20391876705866008, -0.01260137628436686, -0.018378810538299817, -0.022896754166288946, -0.019898192715155583, -0.036705023219199995, -0.02155216005133337, -0.14839667727951122, 0.00662804339512113, -0.03366300339278894]}