{"coverage_estimated_first_order": [0.9119823182332757, 1.0042509499427437, 1.1068580507961527, 1.1048093058811046, 1.0633970714326073, 0.5009094974095559, 0.9801523925842242, 0.893637730739092, 0.8757332106701927, 0.9642004866857228, 0.758310354833525, 0.8055224806901858, 0.9672196712278434, 0.6764272364884903, 0.9993992780746506], "coverage_estimated_second_order": [0.2654360359592, 0.3162704308334, 0.43545858686960004, 0.46007532041340005, 0.48655751879, 0.96557397826084, 0.936651642163, 0.9394526578152003, 0.4076152992504, 0.46996531813100006, 0.9626866584956001, 0.9433524444378, 0.35287372853480004, 0.23203888235861997, 0.639836239014], "sol": [0.0, 0.0, 0.0, 0.0, 0.0, 1.0, 1.0, 1.0, 0.0, 0.0, 1.0, 1.0, 0.0, 0.0, 0.0], "coverage": [0.20325520833333333, 0.25276909722222224, 0.3847526041666667, 0.42663194444444447, 0.4602951388888889, 1.0, 1.0, 1.0, 0.4007118055555556, 0.46401475694444444, 1.0, 1.0, 0.3077517361111111, 0.2262326388888889, 0.6293619791666667], "coverage_estimated_first_order_diff": [0.7087271098999424, 0.7514818527205214, 0.7221054466294861, 0.6781773614366602, 0.6031019325437184, -0.4990905025904441, -0.019847607415775848, -0.10636226926090797, 0.47502140511463714, 0.5001857297412784, -0.24168964516647495, -0.19447751930981416, 0.6594679351167323, 0.45019459759960145, 0.37003729890798387], "coverage_estimated_second_order_diff": [0.062180827625866686, 0.06350133361117777, 0.05070598270293336, 0.03344337596895558, 0.026262379901111077, -0.034426021739159984, -0.06334835783699999, -0.060547342184799735, 0.0069034936948444425, 0.005950561186555625, -0.03731334150439991, -0.056647555562200025, 0.04512199242368892, 0.005806243469731076, 0.0104742598473333]}