{"coverage_estimated_first_order": [1.4213718209390804, 1.5903483952555817, 1.385154239488001, 1.4004700486063397, 1.6216210465255767, 1.0972805803167889, 1.4615681772493194, 0.8942814840976444, 1.1693700716056907, 1.203753793059037, 1.4108848461446044, 1.300801835079977, 1.234299493916763, 1.1026130631290867, 0.941536337636593], "coverage_estimated_second_order": [0.5474055789228, 0.6438876205872, 0.964485628329, 0.9806651827538002, 0.720955641494, 0.40994666637763993, 0.7617159560087999, 0.9885717841058002, 0.9990448508934, 0.9987932492855999, 0.6666911195645999, 0.6037744289514999, 0.9694349620082001, 0.50739045685869, 0.9688151274122001], "sol": [0.0, 0.0, 1.0, 1.0, 0.0, 0.0, 0.0, 1.0, 1.0, 1.0, 0.0, 0.0, 1.0, 0.0, 1.0], "coverage": [0.5746354166666666, 0.6769748263888888, 1.0, 1.0, 0.7323090277777777, 0.41338541666666667, 0.7718055555555555, 1.0, 1.0, 1.0, 0.6892447916666666, 0.6163802083333333, 1.0, 0.4909027777777778, 1.0], "coverage_estimated_first_order_diff": [0.8467364042724138, 0.9133735688666929, 0.385154239488001, 0.4004700486063397, 0.889312018747799, 0.6838951636501223, 0.6897626216937639, -0.10571851590235559, 0.16937007160569073, 0.20375379305903696, 0.7216400544779378, 0.6844216267466438, 0.23429949391676308, 0.6117102853513089, -0.058463662363407054], "coverage_estimated_second_order_diff": [-0.02722983774386667, -0.03308720580168889, -0.03551437167100002, -0.019334817246199787, -0.011353386283777689, -0.0034387502890267374, -0.01008959954675559, -0.011428215894199845, -0.0009551491065999951, -0.0012067507144001288, -0.022553672102066713, -0.012605779381833382, -0.03056503799179988, 0.0164876790809122, -0.031184872587799894]}