{"coverage_estimated_first_order": [1.1722569829959109, 1.229338171921206, 1.5547601891556746, 1.0881918930726129, 1.3555070241776435, 0.8696233495253466, 1.1481102307370639, 0.9453771841756491, 1.085650144618509, 1.1352915844535059, 1.0548247353690496, 0.8808630804207693, 1.2216081975279263, 0.7008717129858977, 0.971316513683344], "coverage_estimated_second_order": [1.0005819533836, 1.0022721147406999, 0.7745376422892001, 0.9596883153402, 0.6739188239224001, 0.31786986031264003, 0.5082693040055, 0.3636876091824, 0.4296009045361, 0.476818865499, 0.9743437332103998, 0.9635256806782, 0.5227553331864, 0.09180562069244999, 0.9660317800359001], "sol": [1.0, 1.0, 0.0, 1.0, 0.0, 0.0, 0.0, 0.0, 0.0, 0.0, 1.0, 1.0, 0.0, 0.0, 1.0], "coverage": [1.0, 1.0, 0.7890407986111111, 1.0, 0.69875, 0.34283854166666666, 0.5086067708333334, 0.3675954861111111, 0.4189626736111111, 0.4709114583333333, 1.0, 1.0, 0.5414583333333334, 0.085546875, 1.0], "coverage_estimated_first_order_diff": [0.17225698299591086, 0.22933817192120598, 0.7657193905445635, 0.08819189307261288, 0.6567570241776435, 0.5267848078586799, 0.6395034599037305, 0.577781698064538, 0.6666874710073978, 0.6643801261201725, 0.05482473536904964, -0.11913691957923067, 0.6801498641945929, 0.6153248379858977, -0.02868348631665596], "coverage_estimated_second_order_diff": [0.000581953383600009, 0.002272114740699882, -0.014503156321911015, -0.04031168465979995, -0.02483117607759988, -0.024968681354026634, -0.0003374668278334214, -0.003907876928711085, 0.01063823092498889, 0.005907407165666678, -0.0256562667896002, -0.03647431932180001, -0.01870300014693338, 0.006258745692449996, -0.03396821996409993]}