{"coverage_estimated_first_order": [1.2800215858212562, 1.867119634855164, 1.571340609729268, 1.6481625282456291, 1.4946498387834644, 1.2761201010851184, 1.4529314155028061, 0.8675298002933134, 0.8416034881558934, 1.2968485257248223, 1.1512953773444987, 1.0869863898189371, 1.379752883666935, 1.0161446704741088, 1.0429035201143886], "coverage_estimated_second_order": [0.759226394997, 0.6444965397377999, 0.6709530112126001, 0.6393871414710002, 0.6834366370944, 0.47338164380552006, 0.7434157166572, 0.9654649533318, 0.9525135591274, 0.6186770447279999, 0.40291687166580004, 0.3709882457409, 0.7190068580263, 0.44210962440614004, 0.33177846927300003], "sol": [1.0, 0.0, 1.0, 1.0, 1.0, 0.0, 0.0, 1.0, 1.0, 0.0, 0.0, 0.0, 1.0, 0.0, 0.0], "coverage": [1.0, 0.8759157986111111, 1.0, 1.0, 1.0, 0.5327734375, 0.7666015625, 1.0, 1.0, 0.6595833333333333, 0.44296006944444444, 0.40629340277777776, 1.0, 0.45321180555555557, 0.36297743055555554], "coverage_estimated_first_order_diff": [0.28002158582125625, 0.9912038362440528, 0.5713406097292679, 0.6481625282456291, 0.49464983878346436, 0.7433466635851185, 0.6863298530028061, -0.1324701997066866, -0.15839651184410664, 0.637265192391489, 0.7083353079000543, 0.6806929870411593, 0.37975288366693505, 0.5629328649185532, 0.679926089558833], "coverage_estimated_second_order_diff": [-0.24077360500300005, -0.23141925887331127, -0.3290469887873999, -0.3606128585289998, -0.31656336290560005, -0.05939179369447989, -0.023185845842800035, -0.034535046668199954, -0.04748644087260001, -0.04090628860533341, -0.0400431977786444, -0.035305157036877755, -0.28099314197369996, -0.011102181149415524, -0.031198961282555504]}