{"coverage_estimated_first_order": [1.1831066794723997, 1.3100768562125489, 1.1255031714707704, 1.578096923017253, 1.1489951385193573, 0.8697100866957556, 1.0449260309732402, 0.9153763970347896, 1.2674235966763803, 0.9368987979384844, 0.9127100205070162, 0.9284901842028379, 1.2260887548101138, 0.9315122298175081, 1.1273783616821385], "coverage_estimated_second_order": [0.5242730159001999, 0.5961070462322, 0.9707624035914, 0.8249335267691, 1.0263600695172, 1.01413249279242, 0.3928108775021, 0.3054010969162, 0.7217417181597001, 0.9951717389758, 1.0023767705262, 1.0035410598745, 0.5349966809076, 0.49390230747735003, 0.58783098916], "sol": [0.0, 0.0, 1.0, 0.0, 1.0, 1.0, 0.0, 0.0, 0.0, 1.0, 1.0, 1.0, 0.0, 0.0, 0.0], "coverage": [0.5397916666666667, 0.6116796875, 1.0, 0.8157638888888888, 1.0, 1.0, 0.4024826388888889, 0.30819878472222223, 0.7215972222222222, 1.0, 1.0, 1.0, 0.5328472222222222, 0.49861979166666665, 0.5825217013888889], "coverage_estimated_first_order_diff": [0.643315012805733, 0.6983971687125489, 0.1255031714707704, 0.7623330341283642, 0.1489951385193573, -0.13028991330424444, 0.6424433920843513, 0.6071776123125674, 0.545826374454158, -0.0631012020615156, -0.08728997949298378, -0.07150981579716209, 0.6932415325878916, 0.4328924381508415, 0.5448566602932495], "coverage_estimated_second_order_diff": [-0.015518650766466746, -0.015572641267800003, -0.02923759640860002, 0.00916963788021119, 0.026360069517199936, 0.014132492792420015, -0.009671761386788935, -0.002797687806022242, 0.00014449593747789535, -0.004828261024199976, 0.0023767705261998895, 0.003541059874500041, 0.0021494586853777475, -0.004717484189316612, 0.00530928777111106]}