{"coverage_estimated_first_order": [1.241344508996951, 0.9401157816149569, 1.0368556733489387, 1.2790160964183532, 1.2002683320903271, 0.5733301485324805, 0.7177732889565382, 1.0044661194431734, 0.8054188579268123, 0.8125546572457716, 0.6162452679331751, 0.8737119784912754, 1.0492756061345083, 0.6837458132159338, 0.9137538200297661], "coverage_estimated_second_order": [0.7856104270932001, 1.0385337719584, 1.0489737092140001, 0.7967151207276, 0.7611480962877001, 0.99659354459334, 1.0066377263864, 0.6683786128968, 0.2954043844509999, 0.2586740949188, 0.9789633879103999, 0.4558743613494, 0.5772184868504, 0.25324385781913, 0.5547791441498001], "sol": [0.0, 1.0, 1.0, 0.0, 0.0, 1.0, 1.0, 0.0, 0.0, 0.0, 1.0, 0.0, 0.0, 0.0, 0.0], "coverage": [0.7548480902777778, 1.0, 1.0, 0.7727647569444445, 0.7491796875, 1.0, 1.0, 0.6583116319444444, 0.3121875, 0.2707638888888889, 1.0, 0.4668923611111111, 0.5664583333333333, 0.2501909722222222, 0.5752821180555555], "coverage_estimated_first_order_diff": [0.48649641871917326, -0.0598842183850431, 0.03685567334893869, 0.5062513394739088, 0.45108864459032716, -0.42666985146751946, -0.28222671104346175, 0.346154487498729, 0.49323135792681233, 0.5417907683568827, -0.38375473206682487, 0.40681961738016426, 0.48281727280117503, 0.43355484099371155, 0.3384717019742106], "coverage_estimated_second_order_diff": [0.030762336815422286, 0.03853377195840002, 0.04897370921400013, 0.023950363783155515, 0.011968408787700113, -0.0034064554066599584, 0.0066377263863999225, 0.010066980952355586, -0.016783115549000083, -0.012089793970088913, -0.02103661208960006, -0.011017999761711084, 0.010760153517066717, 0.003052885596907806, -0.020502973905755395]}