{"coverage_estimated_first_order": [1.4511449779460919, 1.6192636245861083, 1.3905202100513032, 1.8044170646444835, 1.25115122618271, 1.1655479546315526, 1.3577354171117053, 1.2179049761727465, 1.1580320144038392, 1.258076127758595, 1.0461448495401677, 1.07744412527697, 1.2611512292491969, 0.9013928263638857, 1.2699180344840266], "coverage_estimated_second_order": [0.5966343389516999, 0.6813541281807, 0.9513261690888001, 0.8656296214713001, 0.9933118408296, 0.52252046052164, 0.8531472579657999, 0.8482352024262, 0.40165360510899994, 0.4616296715586, 0.9348723943430001, 0.9196294072369, 0.9383775935058001, 0.24124515820006004, 0.6229909718990001], "sol": [0.0, 0.0, 1.0, 0.0, 1.0, 0.0, 1.0, 1.0, 0.0, 0.0, 1.0, 1.0, 1.0, 0.0, 0.0], "coverage": [0.6238194444444445, 0.7164713541666666, 1.0, 0.8840407986111111, 1.0, 0.5229557291666667, 1.0, 1.0, 0.40763020833333335, 0.4706814236111111, 1.0, 1.0, 1.0, 0.23731770833333332, 0.6322092013888889], "coverage_estimated_first_order_diff": [0.8273255335016474, 0.9027922704194417, 0.3905202100513032, 0.9203762660333724, 0.25115122618271, 0.6425922254648859, 0.3577354171117053, 0.2179049761727465, 0.7504018060705058, 0.7873947041474839, 0.04614484954016773, 0.07744412527696998, 0.26115122924919687, 0.6640751180305524, 0.6377088330951377], "coverage_estimated_second_order_diff": [-0.027185105492744555, -0.03511722598596667, -0.04867383091119992, -0.018411177139810997, -0.006688159170399999, -0.0004352686450266319, -0.14685274203420007, -0.15176479757380001, -0.00597660322433341, -0.009051752052511075, -0.06512760565699993, -0.08037059276309999, -0.06162240649419992, 0.003927449866726718, -0.009218229489888818]}