{"coverage_estimated_first_order": [1.2908892393425007, 1.4299275821426285, 1.254673240617284, 1.388860010617629, 1.2676222125085672, 1.1508927267327325, 1.0335952483148507, 0.8938328341203962, 1.1685009936134036, 0.782696841969619, 1.1351040301079114, 1.0269823368184534, 1.124141142162202, 0.9022423004265834, 0.7189115063502386], "coverage_estimated_second_order": [0.5293882799723, 0.5858664313539999, 0.8581462209335999, 0.8486694664295001, 0.8500205858977998, 0.48575278560934, 0.38092037523280003, 0.2941830487739, 0.6800651221137, 0.9984866325892001, 0.5948075351272, 0.4776101827886, 0.8657818701208001, 0.45000478297565, 1.0105007059172], "sol": [0.0, 0.0, 1.0, 1.0, 1.0, 0.0, 0.0, 0.0, 0.0, 1.0, 0.0, 0.0, 1.0, 0.0, 1.0], "coverage": [0.5843532986111111, 0.6553081597222222, 1.0, 1.0, 1.0, 0.5327734375, 0.3855208333333333, 0.2983767361111111, 0.6789366319444444, 1.0, 0.5908723958333333, 0.4771137152777778, 1.0, 0.45944444444444443, 1.0], "coverage_estimated_first_order_diff": [0.7065359407313896, 0.7746194224204063, 0.254673240617284, 0.388860010617629, 0.2676222125085672, 0.6181192892327325, 0.6480744149815174, 0.5954560980092851, 0.4895643616689592, -0.21730315803038103, 0.5442316342745781, 0.5498686215406756, 0.12414114216220207, 0.44279785598213894, -0.2810884936497614], "coverage_estimated_second_order_diff": [-0.05496501863881109, -0.06944172836822238, -0.14185377906640007, -0.15133053357049986, -0.14997941410220017, -0.04702065189065996, -0.004600458100533278, -0.004193687337211094, 0.001128490169255536, -0.0015133674107998818, 0.003935139293866685, 0.0004964675108222183, -0.1342181298791999, -0.009439661468794436, 0.010500705917199982]}