{"coverage_estimated_first_order": [1.2746688062152816, 0.9450053034241753, 1.3926020732086422, 1.3371352603319933, 1.3137113307353239, 0.744616279818475, 1.0538139151995483, 0.9133039093175725, 1.3463037398378395, 1.031081935316061, 1.2558132609511028, 0.8998558668249343, 1.1982974762969931, 0.8049680110621804, 0.797429207540058], "coverage_estimated_second_order": [0.6752537173741001, 0.94091504258, 0.6915247450692, 0.612621438752, 0.6595520433714, 0.9796913134846201, 0.4322984880952, 0.331430256671, 0.7790612511991, 1.0272886929802, 0.7067325192948, 1.0037024386276, 0.5398750322679999, 1.02609257162609, 1.0018279901912], "sol": [0.0, 1.0, 0.0, 0.0, 0.0, 1.0, 0.0, 0.0, 0.0, 1.0, 0.0, 1.0, 0.0, 1.0, 1.0], "coverage": [0.7188107638888889, 1.0, 0.7563151041666667, 0.6788411458333333, 0.7106987847222223, 1.0, 0.45036892361111114, 0.344296875, 0.7491970486111111, 1.0, 0.701171875, 1.0, 0.5832552083333333, 1.0, 1.0], "coverage_estimated_first_order_diff": [0.5558580423263927, -0.054994696575824675, 0.6362869690419755, 0.6582941144986599, 0.6030125460131016, -0.255383720181525, 0.6034449915884371, 0.5690070343175726, 0.5971066912267283, 0.03108193531606096, 0.5546413859511028, -0.10014413317506565, 0.6150422679636598, -0.1950319889378196, -0.20257079245994203], "coverage_estimated_second_order_diff": [-0.043557046514788755, -0.05908495741999997, -0.06479035909746667, -0.06621970708133329, -0.0511467413508222, -0.02030868651537987, -0.018070435515911143, -0.01286661832899999, 0.02986420258798883, 0.02728869298020009, 0.005560644294799966, 0.003702438627599891, -0.0433801760653334, 0.026092571626090022, 0.0018279901911999463]}