{"coverage_estimated_first_order": [1.0666658689867647, 1.2091364632669237, 1.006804670853108, 1.096162197281967, 0.9876585677512602, 0.9802822331493245, 1.0829714447907075, 0.5734167244379014, 0.9539290067963069, 0.6024055038614905, 0.8215583504818811, 0.8773117344606812, 1.1663615201049244, 0.708235903366416, 0.7369347781274647], "coverage_estimated_second_order": [0.5386502786121999, 0.6526308046229, 0.9835530844248999, 1.0194551427128, 1.0016906331358, 0.54658542895974, 0.7149453006356, 1.0015402129351, 0.5795490365853001, 0.9673920962842001, 0.3282367472312, 0.46549526064979996, 0.6730138248674, 0.32985987275203005, 0.26149996115880003], "sol": [0.0, 0.0, 1.0, 1.0, 1.0, 0.0, 0.0, 1.0, 0.0, 1.0, 0.0, 0.0, 0.0, 0.0, 0.0], "coverage": [0.5323871527777778, 0.6490928819444445, 1.0, 1.0, 1.0, 0.5327430555555556, 0.7166232638888889, 1.0, 0.6079557291666666, 1.0, 0.3490755208333333, 0.48583333333333334, 0.6570008680555556, 0.3405989583333333, 0.2791796875], "coverage_estimated_first_order_diff": [0.5342787162089869, 0.5600435813224792, 0.006804670853107986, 0.09616219728196707, -0.012341432248739848, 0.44753917759376893, 0.36634818090181864, -0.42658327556209863, 0.34597327762964025, -0.3975944961385095, 0.47248282964854776, 0.3914784011273479, 0.5093606520493689, 0.36763694503308264, 0.45775509062746467], "coverage_estimated_second_order_diff": [0.006263125834422123, 0.0035379226784555406, -0.01644691557510014, 0.019455142712800022, 0.0016906331357999793, 0.013842373404184483, -0.0016779632532888389, 0.0015402129351000937, -0.02840669258136652, -0.03260790371579991, -0.02083877360213332, -0.02033807268353338, 0.016012956811844448, -0.010739085581303265, -0.017679726341199964]}