{"coverage_estimated_first_order": [0.9269206241639484, 1.4321126453915107, 1.4203236516681348, 1.0307997356024619, 1.3048453662660155, 0.8619363925678998, 1.268657473915851, 0.7215308110803159, 1.058956583810847, 1.0810575077113525, 0.9415455056972566, 1.2025880544065308, 1.2112324257913294, 0.9103830601715577, 1.155299085086594], "coverage_estimated_second_order": [1.0014697882771, 0.8172736138546001, 0.7300473426938, 0.9731925024689001, 0.6616033018172001, 0.3057090970539, 0.7580344825772001, 0.9945274041861001, 0.999113129511, 0.9943697085018, 0.9722127666974001, 0.6334079302714, 0.5830535995977001, 0.38230595241227, 0.6021715724945], "sol": [1.0, 0.0, 0.0, 1.0, 0.0, 0.0, 0.0, 1.0, 1.0, 1.0, 1.0, 0.0, 0.0, 0.0, 0.0], "coverage": [1.0, 0.8287109375, 0.7571397569444445, 1.0, 0.6914670138888889, 0.33695746527777776, 0.7708506944444444, 1.0, 1.0, 1.0, 1.0, 0.6327387152777778, 0.6120963541666666, 0.3678732638888889, 0.6143576388888888], "coverage_estimated_first_order_diff": [-0.07307937583605162, 0.6034017078915107, 0.6631838947236903, 0.030799735602461853, 0.6133783523771267, 0.524978927290122, 0.4978067794714065, -0.2784691889196841, 0.05895658381084701, 0.08105750771135245, -0.05845449430274341, 0.569849339128753, 0.5991360716246628, 0.5425097962826688, 0.5409414461977052], "coverage_estimated_second_order_diff": [0.0014697882770999815, -0.011437323645399955, -0.02709241425064446, -0.0268074975310999, -0.029863712071688808, -0.031248368223877776, -0.012816211867244354, -0.0054725958138999165, -0.0008868704890000467, -0.005630291498200046, -0.027787233302599912, 0.0006692149936221581, -0.029042754568966545, 0.014432688523381088, -0.012186066394388795]}