{"coverage_estimated_first_order": [0.5263667488415744, 0.565201399696753, 0.6549782129556989, 0.6892685219712011, 0.7092071297712922, 0.2504547487047779, 0.4847214876614451, 0.40709304893015963, 0.3519028143263631, 0.7438588829378812, 0.7309621263607529, 0.5576530580618959, 0.551854674510951, 0.5527413387513016, 0.3342347976291503], "coverage_estimated_second_order": [0.1286101922554, 0.1380131679694, 0.2791450485316, 0.3809056743722, 0.4698631848854, 0.96492785400874, 0.15056768656359998, 0.0827516864816, 1.0166332584582, 0.6473239788069999, 0.6067770319947999, 0.3679156368116, 0.21377439402179998, 0.42328738713065, 1.017621699327], "sol": [0.0, 0.0, 0.0, 0.0, 0.0, 1.0, 0.0, 0.0, 1.0, 0.0, 0.0, 0.0, 0.0, 0.0, 1.0], "coverage": [0.07175347222222223, 0.08036892361111111, 0.2367751736111111, 0.3572439236111111, 0.4583246527777778, 1.0, 0.1385546875, 0.0694921875, 1.0, 0.6321744791666667, 0.5843315972222223, 0.35758246527777776, 0.18469184027777777, 0.4306423611111111, 1.0], "coverage_estimated_first_order_diff": [0.4546132766193522, 0.48483247608564184, 0.4182030393445878, 0.33202459836009, 0.2508824769935144, -0.7495452512952221, 0.34616680016144513, 0.33760086143015966, -0.6480971856736368, 0.11168440377121447, 0.14663052913853059, 0.20007059278411815, 0.3671628342331733, 0.12209897764019051, -0.6657652023708497], "coverage_estimated_second_order_diff": [0.056856720033177766, 0.05764424435828888, 0.04236987492048888, 0.023661750761088896, 0.011538532107622235, -0.03507214599125996, 0.012012999063599983, 0.013259498981600004, 0.016633258458200073, 0.015149499640333186, 0.022445434772577655, 0.010333171533822239, 0.029082553744022216, -0.007354973980461088, 0.017621699326999973]}