{"coverage_estimated_first_order": [1.1371910865335757, 1.2581173562179657, 1.402650374880292, 1.172078702386131, 1.1012926740405626, 1.1515683644353192, 1.2571931583119782, 0.7315228330268184, 0.8794432755441421, 1.3994022684772225, 1.1084414032512735, 0.8241994057357604, 1.3521842796857977, 0.7029543456197315, 0.9630821688708839], "coverage_estimated_second_order": [0.42039206294590004, 0.5083287959977999, 0.6531579081622001, 1.0454881194468002, 1.0558889991948002, 0.6699491047799201, 0.7141916572843999, 1.0027931120843, 1.0292332801702, 0.872985477261, 0.5525081204779, 1.0310729186946, 0.7644791335801999, 1.01751162980082, 0.4246119074118], "sol": [0.0, 0.0, 0.0, 1.0, 1.0, 0.0, 0.0, 1.0, 1.0, 0.0, 0.0, 1.0, 0.0, 1.0, 0.0], "coverage": [0.41920572916666665, 0.5070572916666667, 0.6370876736111111, 1.0, 1.0, 0.6357725694444445, 0.7091883680555555, 1.0, 1.0, 0.8384592013888889, 0.5488498263888889, 1.0, 0.7546267361111111, 1.0, 0.4299088541666667], "coverage_estimated_first_order_diff": [0.717985357366909, 0.751060064551299, 0.765562701269181, 0.172078702386131, 0.10129267404056264, 0.5157957949908747, 0.5480047902564227, -0.2684771669731816, -0.12055672445585786, 0.5609430670883336, 0.5595915768623846, -0.17580059426423955, 0.5975575435746866, -0.29704565438026853, 0.5331733147042172], "coverage_estimated_second_order_diff": [0.001186333779233384, 0.0012715043311332108, 0.016070234551089024, 0.0454881194468002, 0.05588899919480017, 0.0341765353354756, 0.00500328922884441, 0.002793112084300109, 0.029233280170199993, 0.0345262758721111, 0.0036582940890110827, 0.031072918694599938, 0.009852397469088836, 0.017511629800819994, -0.005296946754866694]}