{"coverage_estimated_first_order": [0.9420986407247162, 1.4649576602337704, 1.5276476427397563, 1.237547415991448, 1.5868593287906685, 0.7820921374465298, 0.9886498504989365, 0.8651457571451292, 0.9561304925119851, 0.9853163705788867, 1.0554135101954474, 1.0134288300297438, 1.0454347980099965, 1.104529112211555, 0.9375981381815297], "coverage_estimated_second_order": [0.9921754407783998, 0.8110955693848, 0.8003729765807, 1.0073869194602, 0.8750768078128, 1.0029667726843199, 0.31034377444919997, 0.24701172276279998, 1.0438325876054, 1.0415947749044, 0.43347525731619996, 0.4017274319367, 0.9820576107381, 0.68702472972095, 0.35185422934280003], "sol": [1.0, 0.0, 0.0, 1.0, 0.0, 1.0, 0.0, 0.0, 1.0, 1.0, 0.0, 0.0, 1.0, 0.0, 0.0], "coverage": [1.0, 0.8179557291666667, 0.8054513888888889, 1.0, 0.8666927083333333, 1.0, 0.32037760416666666, 0.25463975694444446, 1.0, 1.0, 0.41562934027777776, 0.38101996527777776, 1.0, 0.6652907986111111, 0.3404947916666667], "coverage_estimated_first_order_diff": [-0.05790135927528384, 0.6470019310671037, 0.7221962538508674, 0.2375474159914479, 0.7201666204573351, -0.21790786255347017, 0.6682722463322699, 0.6105060002006848, -0.04386950748801488, -0.014683629421113342, 0.6397841699176696, 0.6324088647519661, 0.0454347980099965, 0.43923831360044396, 0.597103346514863], "coverage_estimated_second_order_diff": [-0.007824559221600191, -0.006860159781866715, -0.005078412308188951, 0.007386919460200092, 0.008384099479466611, 0.002966772684319885, -0.010033829717466691, -0.007628034181644483, 0.043832587605399986, 0.04159477490439989, 0.0178459170384222, 0.020707466658922258, -0.01794238926189995, 0.0217339311098389, 0.011359437676133344]}