{"coverage_estimated_first_order": [1.4224201343673681, 1.5404165455813743, 1.5159555480377367, 1.786324424597735, 1.24784490193755, 1.1278517923579772, 1.2857990627607825, 1.0754004962105197, 1.375448120423081, 1.057346408052698, 1.4191651922021973, 1.0270412623525582, 1.4522665022233117, 0.9546953528659854, 0.9592091421399195], "coverage_estimated_second_order": [0.8276324901466, 0.8167063798331999, 0.8282560723377999, 0.6985392874847001, 0.8808084392196001, 0.50647410420144, 0.46453290142769993, 0.3511633386506, 0.6826147011550999, 0.9888586133136, 0.7135384912396, 0.9899255366851, 0.48928140781939994, 0.35352677757997997, 0.9762116459772001], "sol": [1.0, 1.0, 1.0, 0.0, 1.0, 0.0, 0.0, 0.0, 0.0, 1.0, 0.0, 1.0, 0.0, 0.0, 1.0], "coverage": [1.0, 1.0, 1.0, 0.8202430555555555, 1.0, 0.5216145833333333, 0.49514756944444444, 0.3684548611111111, 0.6906467013888888, 1.0, 0.7243359375, 1.0, 0.5685026041666666, 0.36953993055555556, 1.0], "coverage_estimated_first_order_diff": [0.42242013436736814, 0.5404165455813743, 0.5159555480377367, 0.9660813690421794, 0.24784490193754993, 0.6062372090246438, 0.790651493316338, 0.7069456350994086, 0.6848014190341922, 0.05734640805269797, 0.6948292547021973, 0.027041262352558215, 0.883763898056645, 0.5851554223104298, -0.04079085786008052], "coverage_estimated_second_order_diff": [-0.1723675098534, -0.18329362016680006, -0.17174392766220015, -0.12170376807085548, -0.11919156078039994, -0.015140479131893314, -0.030614668016744506, -0.017291522460511077, -0.008032000233788916, -0.011141386686399968, -0.010797446260400023, -0.010074463314900028, -0.07922119634726671, -0.016013152975575595, -0.023788354022799885]}