{"coverage_estimated_first_order": [1.354622960761672, 1.4781950199364908, 1.8768680719168507, 1.5020132154111339, 1.8377851237527267, 1.0257989198554491, 1.2516603599079807, 1.072203428809593, 1.1612106305458816, 1.2725394229570663, 1.1399001016115937, 0.8225049704191087, 1.35121319670185, 0.8969543761491948, 1.034319255584951], "coverage_estimated_second_order": [0.8804761413443999, 0.873643600555, 0.7403556989604001, 0.8791615927316001, 0.7977433690436, 0.9795881535151401, 0.47594035104309995, 0.37698884132270005, 0.4339390500797, 0.5595570060176001, 0.3648556689354, 0.9535815492484001, 0.8407468176014, 0.95306080701231, 0.3020256341648], "sol": [1.0, 1.0, 0.0, 1.0, 0.0, 1.0, 0.0, 0.0, 0.0, 0.0, 0.0, 1.0, 1.0, 1.0, 0.0], "coverage": [1.0, 1.0, 0.8414496527777777, 1.0, 0.8807725694444445, 1.0, 0.49231336805555553, 0.3962717013888889, 0.4607465277777778, 0.5894748263888889, 0.3893185763888889, 1.0, 1.0, 1.0, 0.3201822916666667], "coverage_estimated_first_order_diff": [0.354622960761672, 0.47819501993649083, 1.035418419139073, 0.5020132154111339, 0.9570125543082822, 0.02579891985544913, 0.7593469918524252, 0.6759317274207041, 0.7004641027681038, 0.6830645965681774, 0.7505815252227048, -0.17749502958089125, 0.3512131967018499, -0.10304562385080518, 0.7141369639182843], "coverage_estimated_second_order_diff": [-0.11952385865560011, -0.126356399445, -0.10109395381737762, -0.1208384072683999, -0.0830292004008445, -0.02041184648485994, -0.016373017012455582, -0.019282860066188845, -0.026807477698077786, -0.029917820371288872, -0.02446290745348889, -0.04641845075159989, -0.15925318239859998, -0.046939192987690004, -0.01815665750186668]}