{"coverage_estimated_first_order": [1.3552591025371155, 1.498079384703492, 1.6889052398619033, 1.4094352791556646, 1.7144420721921227, 0.907319511798922, 1.2631797945222185, 1.1310777149963591, 0.9163068494674305, 1.3559095614735464, 1.3698911671396325, 1.243797839620679, 1.2486283818509258, 1.0893415762149221, 0.925167220371901], "coverage_estimated_second_order": [0.4943723098338, 0.5672529817954, 0.7323217586334001, 0.9578739608668001, 0.8277950015063, 0.99279147710834, 0.9437053412007002, 0.9481516539853001, 0.9980642159542001, 0.68098112801, 0.6907831088516, 0.5698601801261001, 0.9346068109596002, 0.57577561967638, 0.9936415417518002], "sol": [0.0, 0.0, 0.0, 1.0, 0.0, 1.0, 1.0, 1.0, 1.0, 0.0, 0.0, 0.0, 1.0, 0.0, 1.0], "coverage": [0.5222178819444444, 0.597109375, 0.7635503472222223, 1.0, 0.8455598958333334, 1.0, 1.0, 1.0, 1.0, 0.6856206597222222, 0.6854513888888889, 0.5679210069444445, 1.0, 0.589609375, 1.0], "coverage_estimated_first_order_diff": [0.833041220592671, 0.9009700097034918, 0.9253548926396811, 0.4094352791556646, 0.8688821763587894, -0.09268048820107799, 0.2631797945222185, 0.13107771499635912, -0.08369315053256954, 0.6702889017513242, 0.6844397782507436, 0.6758768326762346, 0.24862838185092584, 0.4997322012149221, -0.07483277962809898], "coverage_estimated_second_order_diff": [-0.027845572110644423, -0.029856393204600096, -0.03122858858882216, -0.0421260391331999, -0.01776489432703332, -0.007208522891659963, -0.056294658799299846, -0.0518483460146999, -0.0019357840457998599, -0.0046395317122222, 0.00533171996271109, 0.0019391731816555957, -0.06539318904039981, -0.013833755323619967, -0.006358458248199805]}