{"coverage_estimated_first_order": [1.1486052037102406, 1.6627633755787514, 1.614819678327462, 1.5500528569381533, 1.3915488216964793, 0.9219747396977389, 1.3991584408295292, 1.2264533555428174, 1.230978416374503, 1.3106803299735574, 1.2608181742335731, 1.1598471156674188, 1.1360852643059112, 0.882609508299392, 1.1543698686861674], "coverage_estimated_second_order": [0.9636312800695999, 0.76416381655, 0.6201539545834, 0.5627942143842, 0.4591230592365999, 0.15955293897389997, 0.8235330111144, 0.8382678921934001, 0.4239603185961999, 0.47260396216940004, 0.8731963311634, 0.8511744480805999, 0.9339676888571999, 0.21084582448751, 0.9091573359770002], "sol": [1.0, 0.0, 0.0, 0.0, 0.0, 0.0, 1.0, 1.0, 0.0, 0.0, 1.0, 1.0, 1.0, 0.0, 1.0], "coverage": [1.0, 0.7888020833333333, 0.661328125, 0.6000954861111111, 0.48272569444444446, 0.17210503472222222, 1.0, 1.0, 0.42649305555555556, 0.48453125, 1.0, 1.0, 1.0, 0.20891059027777778, 1.0], "coverage_estimated_first_order_diff": [0.14860520371024055, 0.8739612922454181, 0.9534915533274619, 0.9499573708270422, 0.9088231272520348, 0.7498697049755167, 0.3991584408295292, 0.22645335554281742, 0.8044853608189475, 0.8261490799735574, 0.2608181742335731, 0.15984711566741883, 0.13608526430591117, 0.6736989180216142, 0.15436986868616742], "coverage_estimated_second_order_diff": [-0.03636871993040014, -0.024638266783333362, -0.0411741704166001, -0.03730127172691111, -0.023602635207844558, -0.01255209574832225, -0.17646698888559997, -0.16173210780659986, -0.0025327369593556304, -0.011927287830599986, -0.1268036688366, -0.14882555191940006, -0.06603231114280006, 0.0019352342097322117, -0.09084266402299979]}