{"coverage_estimated_first_order": [1.1876659398376013, 1.3073978307572605, 1.4302357466545377, 1.1072891330689847, 1.3588133484228038, 0.907319511798922, 1.1171870809291746, 1.0020204804066715, 0.7768106076072159, 1.2105361220344886, 1.2277935186119313, 1.1089155666216026, 1.0357759067715373, 0.868319010096534, 0.794504986860293], "coverage_estimated_second_order": [0.5116988673288, 0.5789223200476, 0.7011527496448001, 0.9838592645890002, 0.7225627402501, 0.36221028517953996, 0.9573976096638002, 0.9596196354875, 1.0065456923582001, 0.6895338897695998, 0.7017415053155999, 0.5788533361987, 0.9855968176570001, 0.40288721274069, 1.0043729545408], "sol": [0.0, 0.0, 0.0, 1.0, 0.0, 0.0, 1.0, 1.0, 1.0, 0.0, 0.0, 0.0, 1.0, 0.0, 1.0], "coverage": [0.5222178819444444, 0.5912717013888888, 0.7120182291666667, 1.0, 0.7250086805555556, 0.3618532986111111, 1.0, 1.0, 1.0, 0.6856206597222222, 0.6854513888888889, 0.5679210069444445, 1.0, 0.41291666666666665, 1.0], "coverage_estimated_first_order_diff": [0.6654480578931569, 0.7161261293683716, 0.718217517487871, 0.10728913306898469, 0.6338046678672482, 0.545466213187811, 0.11718708092917463, 0.0020204804066714654, -0.22318939239278413, 0.5249154623122664, 0.5423421297230424, 0.5409945596771581, 0.0357759067715373, 0.45540234342986735, -0.20549501313970697], "coverage_estimated_second_order_diff": [-0.010519014615644418, -0.012349381341288823, -0.010865479521866561, -0.016140735410999807, -0.0024459403054555295, 0.0003569865684288631, -0.042602390336199836, -0.040380364512500044, 0.006545692358200128, 0.003913230047377647, 0.016290116426710965, 0.01093232925425558, -0.014403182342999865, -0.01002945392597665, 0.0043729545408]}