{"coverage_estimated_first_order": [0.8591709685510769, 0.9635307676935679, 0.6936771545982603, 1.0971523705477524, 0.616997639764088, 0.7444827123433665, 0.9495760751304839, 0.4387667685482164, 0.6641173787529375, 0.6803636570834533, 0.45816178726385437, 0.7308454149617238, 0.8854341359614635, 0.4728646700721735, 0.7495441703376564], "coverage_estimated_second_order": [0.5601373822662, 0.6655156857525999, 1.0402250260022, 0.8481063543346999, 1.0295651661464, 0.5219796713935401, 0.7402551254858001, 1.0129379085692, 0.2911758608004, 0.2825246083546, 0.9826421713250001, 0.4439387441922, 0.6082745396922, 0.08955291546274, 0.5137125649476], "sol": [0.0, 0.0, 1.0, 0.0, 1.0, 0.0, 0.0, 1.0, 0.0, 0.0, 1.0, 0.0, 0.0, 0.0, 0.0], "coverage": [0.5539453125, 0.650078125, 1.0, 0.8236111111111111, 1.0, 0.5199609375, 0.7346006944444444, 1.0, 0.3086328125, 0.2957855902777778, 1.0, 0.4542144097222222, 0.6017534722222222, 0.09128038194444445, 0.5356857638888889], "coverage_estimated_first_order_diff": [0.3052256560510769, 0.313452642693568, -0.3063228454017397, 0.2735412594366413, -0.38300236023591205, 0.22452177484336644, 0.2149753806860395, -0.5612332314517836, 0.3554845662529375, 0.38457806680567547, -0.5418382127361456, 0.2766310052395016, 0.2836806637392413, 0.38158428812772904, 0.21385840644876752], "coverage_estimated_second_order_diff": [0.006192069766200015, 0.015437560752599944, 0.040225026002199904, 0.02449524322358887, 0.029565166146400035, 0.0020187338935400145, 0.0056544310413556564, 0.012937908569200074, -0.017456951699600043, -0.013260981923177761, -0.01735782867499991, -0.010275665530022238, 0.006521067469977826, -0.001727466481704451, -0.021973198941288907]}