{"coverage_estimated_first_order": [1.5744615637996293, 1.2727483581247079, 1.7151857589212067, 1.7401106195351161, 1.2386577873826539, 1.2192936685226046, 1.0138467745217326, 1.3065503405766883, 1.4532697461787372, 1.0801956150548353, 0.9759057525413911, 1.28442697337978, 1.2952819997534535, 0.9050910537647373, 1.2208433558067728], "coverage_estimated_second_order": [0.7592526061295002, 0.980568741259, 0.7844386360008, 0.8413430440621001, 0.9849523411212, 0.62352229223642, 1.003213397426, 0.6927437353397, 0.7969102125076, 1.0249453348742001, 1.010235342686, 0.6655636331556, 0.9918287916891999, 1.00792018377018, 0.6059573223924], "sol": [0.0, 1.0, 0.0, 0.0, 1.0, 0.0, 1.0, 0.0, 0.0, 1.0, 1.0, 0.0, 1.0, 1.0, 0.0], "coverage": [0.7791319444444444, 1.0, 0.8084722222222223, 0.8625520833333333, 1.0, 0.6269053819444445, 1.0, 0.6942317708333333, 0.770625, 1.0, 1.0, 0.6675694444444444, 1.0, 1.0, 0.6065494791666667], "coverage_estimated_first_order_diff": [0.7953296193551849, 0.2727483581247079, 0.9067135366989845, 0.8775585362017828, 0.23865778738265386, 0.5923882865781601, 0.013846774521732552, 0.612318569743355, 0.6826447461787372, 0.0801956150548353, -0.024094247458608886, 0.6168575289353355, 0.2952819997534535, -0.09490894623526269, 0.6142938766401062], "coverage_estimated_second_order_diff": [-0.01987933831494426, -0.019431258741000046, -0.024033586221422265, -0.021209039271233188, -0.015047658878799997, -0.003383089708024478, 0.0032133974260000198, -0.0014880354936332996, 0.026285212507599964, 0.024945334874200142, 0.010235342686000015, -0.0020058112888444724, -0.008171208310800093, 0.00792018377017989, -0.0005921567742667166]}