{"coverage_estimated_first_order": [1.6005001352253034, 1.3192620917860356, 1.414083892963202, 1.7341280891531716, 1.2210814127130836, 1.2386442434570637, 1.2406696720382797, 1.0456142650477296, 1.091411415629246, 1.5772588825687839, 1.4279949718907814, 0.97451352198513, 1.4924006809628574, 0.8252515915664573, 0.9565926529100389], "coverage_estimated_second_order": [0.7713697748041, 0.9804472874828001, 0.9896978549297999, 0.787087146166, 0.9695948996657999, 0.66968243893922, 0.47080460098699994, 0.3377487011712, 1.0178847784246001, 0.8504845679906001, 0.7177548390083, 0.9854013740988999, 0.6601972963045999, 1.02027247001311, 0.997308787465], "sol": [0.0, 1.0, 1.0, 0.0, 1.0, 0.0, 0.0, 0.0, 1.0, 0.0, 0.0, 1.0, 0.0, 1.0, 1.0], "coverage": [0.7777604166666666, 1.0, 1.0, 0.818984375, 1.0, 0.6765277777777777, 0.4830685763888889, 0.35211805555555553, 1.0, 0.8320399305555556, 0.7195399305555555, 1.0, 0.6768663194444444, 1.0, 1.0], "coverage_estimated_first_order_diff": [0.8227397185586368, 0.3192620917860356, 0.414083892963202, 0.9151437141531716, 0.22108141271308357, 0.562116465679286, 0.7576010956493908, 0.693496209492174, 0.09141141562924604, 0.7452189520132283, 0.7084550413352259, -0.02548647801487003, 0.815534361518413, -0.17474840843354267, -0.04340734708996108], "coverage_estimated_second_order_diff": [-0.0063906418625666594, -0.01955271251719992, -0.010302145070200108, -0.031897228834000035, -0.030405100334200075, -0.006845338838557757, -0.012263975401888949, -0.014369354384355548, 0.017884778424600123, 0.018444637435044542, -0.0017850915472555906, -0.01459862590110006, -0.01666902313984453, 0.020272470013110055, -0.0026912125350000426]}