{"coverage_estimated_first_order": [0.9306597751622812, 1.0040630230246264, 1.108187292181952, 0.7766995910433414, 1.100872246025527, 0.8475014693145972, 0.8755813609712118, 0.7501546721805931, 0.8119882862975742, 1.286083882008512, 1.1373297679922294, 0.7033861465389031, 1.0388996761233518, 0.5677331134427215, 0.6827054346788557], "coverage_estimated_second_order": [0.36527547885580003, 0.3917619813548999, 0.5283507848976, 0.9214557041004, 0.6344909037164002, 0.4936613394651199, 0.35450814433370004, 0.27703523249699996, 1.0395960566594, 0.8714761970801999, 0.7316438179825, 1.0068640353426, 0.5566908325590001, 1.01482942618299, 1.0139449235150002], "sol": [0.0, 0.0, 0.0, 1.0, 0.0, 0.0, 0.0, 0.0, 1.0, 0.0, 0.0, 1.0, 0.0, 1.0, 1.0], "coverage": [0.401015625, 0.431171875, 0.5855425347222222, 1.0, 0.6997439236111112, 0.5233376736111112, 0.35649739583333334, 0.28430555555555553, 1.0, 0.8319314236111112, 0.7115972222222222, 1.0, 0.6004340277777778, 1.0, 1.0], "coverage_estimated_first_order_diff": [0.5296441501622812, 0.5728911480246264, 0.5226447574597298, -0.2233004089566586, 0.40112832241441576, 0.3241637957034861, 0.5190839651378785, 0.46584911662503753, -0.18801171370242575, 0.4541524583974009, 0.4257325457700072, -0.2966138534610969, 0.438465648345574, -0.4322668865572785, -0.3172945653211443], "coverage_estimated_second_order_diff": [-0.03574014614419996, -0.03940989364510006, -0.05719174982462216, -0.07854429589959999, -0.065253019894711, -0.029676334145991246, -0.0019892514996333044, -0.007270323058555572, 0.039596056659400025, 0.03954477346908869, 0.020046595760277786, 0.006864035342599939, -0.043743195218777675, 0.014829426182989991, 0.013944923515000207]}