{"coverage_estimated_first_order": [0.7786362282161491, 0.8693300652253653, 0.9529521419472642, 1.0851164171695111, 0.6343829067893524, 0.7251321374089077, 0.9110678390979174, 0.4513608648901948, 0.8170526896549561, 0.45950252378768286, 0.6756288968590597, 0.7408480336862652, 0.6521151563494973, 0.6716220141810422, 0.5953046093489655], "coverage_estimated_second_order": [0.38732289708249995, 0.4787023960068, 0.5883408575905, 0.8141892571843001, 1.0223056246457998, 0.4766814822531401, 0.639043395239, 0.9987947850938002, 0.5821279567873, 0.970110114246, 0.3194146943086, 0.4620821039358, 1.050205119953, 0.44801067245858, 0.23852416140480004], "sol": [0.0, 0.0, 0.0, 0.0, 1.0, 0.0, 0.0, 1.0, 0.0, 1.0, 0.0, 0.0, 1.0, 0.0, 0.0], "coverage": [0.38221788194444445, 0.4738628472222222, 0.5808723958333334, 0.7984939236111112, 1.0, 0.46721788194444447, 0.6345529513888889, 1.0, 0.6089496527777778, 1.0, 0.33990885416666666, 0.4806987847222222, 1.0, 0.4560720486111111, 0.25755208333333335], "coverage_estimated_first_order_diff": [0.39641834627170464, 0.39546721800314305, 0.3720797461139308, 0.28662249355839997, -0.3656170932106476, 0.2579142554644632, 0.27651488770902855, -0.5486391351098052, 0.20810303687717835, -0.5404974762123171, 0.33572004269239303, 0.26014924896404296, -0.34788484365050265, 0.21554996556993106, 0.3377525260156321], "coverage_estimated_second_order_diff": [0.005105015138055502, 0.004839548784577763, 0.0074684617571666445, 0.015695333573188974, 0.02230562464579977, 0.009463600308695641, 0.004490443850111103, -0.0012052149061998474, -0.02682169599047779, -0.02988988575399998, -0.020494159858066685, -0.0186166807864222, 0.05020511995300003, -0.008061376152531108, -0.01902792192853331]}