{"coverage_estimated_first_order": [0.8390732691352881, 0.951641196277377, 0.7392811057745367, 1.1984091061036326, 0.8184712385517923, 0.7300477890900609, 0.6316464485704234, 0.5413959070166638, 0.669188383090507, 0.7014302634195807, 0.5716635004176827, 0.5509547302067294, 0.9728187571926648, 0.4710677139287037, 0.531141182655649], "coverage_estimated_second_order": [0.524178517004, 0.6289085483379999, 0.9994293600966, 0.8515542551138, 1.0382826675383998, 1.0122645233064, 0.1741350613512, 0.1118097883228, 0.25623816039479996, 0.27267341313359994, 0.0575170856702, 0.0617536984166, 0.6726986475584, 0.98240874384785, 0.067378750689], "sol": [0.0, 0.0, 1.0, 0.0, 1.0, 1.0, 0.0, 0.0, 0.0, 0.0, 0.0, 0.0, 0.0, 1.0, 0.0], "coverage": [0.5262977430555555, 0.6275651041666667, 1.0, 0.8146137152777778, 1.0, 1.0, 0.17522135416666668, 0.11043836805555556, 0.2355251736111111, 0.24999131944444444, 0.023637152777777778, 0.030017361111111113, 0.6526736111111111, 1.0, 0.043307291666666664], "coverage_estimated_first_order_diff": [0.3127755260797326, 0.3240760921107103, -0.26071889422546335, 0.3837953908258548, -0.18152876144820773, -0.26995221090993915, 0.4564250944037567, 0.4309575389611083, 0.43366320947939585, 0.4514389439751363, 0.5480263476399049, 0.5209373690956183, 0.32014514608155364, -0.5289322860712963, 0.48783389098898233], "coverage_estimated_second_order_diff": [-0.002119226051555567, 0.0013434441713332523, -0.0005706399034000054, 0.03694053983602219, 0.03828266753839982, 0.012264523306400044, -0.0010862928154666829, 0.001371420267244447, 0.020712986783688853, 0.022682093689155497, 0.03387993289242222, 0.03173633730548889, 0.020025036447288924, -0.01759125615214996, 0.024071459022333333]}