{"coverage_estimated_first_order": [0.7115572927914553, 1.2289581707922945, 0.8576657793125178, 0.7752263750639723, 1.0372472426394044, 0.6762153380285997, 0.5465390644660781, 0.8446750173477439, 0.5610801915102388, 0.5892300955300511, 0.6311253702987281, 0.6187978787634003, 0.9349945025558132, 0.4656288353913903, 0.6022958158852492], "coverage_estimated_second_order": [1.012334225046, 0.89510155553, 1.043580164354, 1.019843864245, 0.7263940293074, 0.39763891130243995, 0.9850371184788, 0.6313056985926999, 0.0468188952568, 0.06276275085840001, 0.18218762032980002, 0.20835383457159998, 0.6372665267840001, 0.07255757889674, 0.1889635437716], "sol": [1.0, 0.0, 1.0, 1.0, 0.0, 0.0, 1.0, 0.0, 0.0, 0.0, 0.0, 0.0, 0.0, 0.0, 0.0], "coverage": [1.0, 0.8638368055555555, 1.0, 1.0, 0.6991232638888889, 0.3900868055555556, 1.0, 0.6374782986111112, 0.01727864583333333, 0.035668402777777775, 0.16226128472222223, 0.19398871527777778, 0.6178211805555556, 0.06861979166666667, 0.1644314236111111], "coverage_estimated_first_order_diff": [-0.2884427072085447, 0.365121365236739, -0.14233422068748225, -0.2247736249360277, 0.3381239787505155, 0.2861285324730441, -0.45346093553392186, 0.2071967187366327, 0.5438015456769054, 0.5535616927522733, 0.46886408557650583, 0.42480916348562253, 0.3171733220002576, 0.3970090437247237, 0.4378643922741381], "coverage_estimated_second_order_diff": [0.012334225045999903, 0.031264749974444506, 0.04358016435399992, 0.019843864245000065, 0.027270765418511145, 0.007552105746884363, -0.014962881521199956, -0.006172600018411245, 0.029540249423466666, 0.027094348080622235, 0.019926335607577783, 0.014365119293822198, 0.019445346228444516, 0.0039377872300733335, 0.02453212016048889]}