{"coverage_estimated_first_order": [1.1351892383606914, 1.2360810346609368, 1.397776076197408, 1.5744857018756981, 1.1894349115790301, 0.9611519628603798, 0.9650868650107693, 0.8401981197865096, 0.884357620229909, 1.3025126361210937, 1.1578128162588377, 0.9730070477938708, 1.0761011491432086, 0.8819689679884791, 0.7275774481702035], "coverage_estimated_second_order": [0.405432453372, 0.4573061143285999, 0.6186697202448, 0.7894478529426, 0.9678150120087999, 0.9696794085105401, 0.25350227091940003, 0.1926523484656, 1.0344707962758002, 0.7409237921299999, 0.6008945995468999, 0.3798744130047, 0.9603044623936001, 0.9911125488887, 1.0081833578384], "sol": [0.0, 0.0, 0.0, 0.0, 1.0, 1.0, 0.0, 0.0, 1.0, 0.0, 0.0, 0.0, 1.0, 1.0, 1.0], "coverage": [0.3964713541666667, 0.45254774305555556, 0.6156553819444445, 0.7913064236111111, 1.0, 1.0, 0.24923177083333334, 0.18927517361111112, 1.0, 0.7060243055555555, 0.5851041666666666, 0.3725954861111111, 1.0, 1.0, 1.0], "coverage_estimated_first_order_diff": [0.7387178841940247, 0.7835332916053812, 0.7821206942529636, 0.783179278264587, 0.18943491157903014, -0.03884803713962015, 0.715855094177436, 0.6509229461753985, -0.11564237977009095, 0.5964883305655382, 0.572708649592171, 0.6004115616827597, 0.07610114914320865, -0.11803103201152088, -0.27242255182979647], "coverage_estimated_second_order_diff": [0.008961099205333334, 0.004758371273044348, 0.003014338300355579, -0.0018585706685111392, -0.032184987991200065, -0.03032059148945987, 0.004270500086066692, 0.003377174854488879, 0.034470796275800186, 0.034899486574444416, 0.015790432880233296, 0.0072789268935888884, -0.03969553760639988, -0.00888745111129996, 0.008183357838400074]}