{"coverage_estimated_first_order": [1.3850016542297237, 1.1003396842473263, 1.1498851431689072, 1.356864862211382, 1.1984473346937117, 0.8237848972372587, 1.3768228415461832, 0.804466083894877, 1.2365130575204415, 0.9321966224165648, 1.287586376146544, 0.9602243596245423, 1.178701288868768, 0.8131996524576435, 0.8243198140888008], "coverage_estimated_second_order": [0.7703925442994, 1.0268665304278, 1.0121117945326998, 0.5807796291481, 0.4308911819836, 0.19462263900463994, 0.8449516677143001, 0.9950210613082, 0.6940228912577, 0.9872856307560001, 0.7239371997271999, 1.0076590314684999, 0.47816503541919997, 0.30803434118823997, 0.9992374945124002], "sol": [0.0, 1.0, 1.0, 0.0, 0.0, 0.0, 0.0, 1.0, 0.0, 1.0, 0.0, 1.0, 0.0, 0.0, 1.0], "coverage": [0.7514409722222222, 1.0, 1.0, 0.5695920138888889, 0.4215277777777778, 0.1932595486111111, 0.831796875, 1.0, 0.6908897569444444, 1.0, 0.7107986111111111, 1.0, 0.4763541666666667, 0.31101996527777775, 1.0], "coverage_estimated_first_order_diff": [0.6335606820075015, 0.10033968424732631, 0.14988514316890722, 0.787272848322493, 0.776919556915934, 0.6305253486261475, 0.5450259665461832, -0.19553391610512305, 0.5456233005759971, -0.06780337758343524, 0.5767877650354329, -0.039775640375457666, 0.7023471222021014, 0.5021796871798657, -0.17568018591119916], "coverage_estimated_second_order_diff": [0.018951572077177792, 0.02686653042779996, 0.012111794532699838, 0.011187615259211081, 0.009363404205822212, 0.0013630903935288319, 0.01315479271430009, -0.0049789386917999945, 0.00313313431325557, -0.012714369243999935, 0.013138588616088853, 0.007659031468499888, 0.001810868752533279, -0.002985624089537786, -0.0007625054875998183]}