{"coverage_estimated_first_order": [1.1719093138043322, 1.7195541303469628, 1.7655423252671922, 1.526186017544575, 1.408440236037372, 1.2113864069196405, 1.4146322373117202, 0.865566185160166, 1.096495812364487, 1.151209169789731, 1.226202820582331, 1.217229667974543, 1.314365277733011, 1.1292848479041226, 1.0873126388619498], "coverage_estimated_second_order": [0.9001684183573, 0.7662048609941999, 0.6974412883068001, 0.8930348278843, 0.8957538489379999, 0.47740002685804017, 0.731849972852, 0.9928999476357001, 1.0333535555003, 1.0393448903612, 0.481970370254, 0.5175230741668999, 0.8892054136595001, 0.5419378955327502, 0.38238744039640005], "sol": [1.0, 0.0, 0.0, 1.0, 1.0, 0.0, 0.0, 1.0, 1.0, 1.0, 0.0, 0.0, 1.0, 0.0, 0.0], "coverage": [1.0, 0.8443142361111111, 0.7784895833333333, 1.0, 1.0, 0.4824045138888889, 0.7435112847222223, 1.0, 1.0, 1.0, 0.4790407986111111, 0.5120486111111111, 1.0, 0.5253168402777778, 0.38092881944444446], "coverage_estimated_first_order_diff": [0.17190931380433216, 0.8752398942358517, 0.987052741933859, 0.526186017544575, 0.408440236037372, 0.7289818930307517, 0.6711209525894979, -0.13443381483983396, 0.09649581236448701, 0.1512091697897311, 0.7471620219712198, 0.7051810568634318, 0.31436527773301104, 0.6039680076263448, 0.7063838194175054], "coverage_estimated_second_order_diff": [-0.0998315816427, -0.07810937511691118, -0.08104829502653321, -0.1069651721157, -0.10424615106200008, -0.005004487030848714, -0.011661311870222235, -0.007100052364299891, 0.03335355550029995, 0.039344890361199925, 0.0029295716428889285, 0.005474463055788803, -0.11079458634049988, 0.016621055254972372, 0.0014586209519555915]}