{"coverage_estimated_first_order": [0.9932166059625089, 0.6552335252005228, 1.0374611674905772, 0.9648339969534323, 0.8620248753462726, 0.5539795735980217, 0.5332723393309278, 0.8880029811954641, 0.8188579269686163, 0.4463200845109435, 0.6916147290006792, 0.7488323242167404, 0.6031041514431534, 0.6614805912064146, 0.6288520255294672], "coverage_estimated_second_order": [0.7508809781488, 1.0305732990552001, 0.7352707046188001, 0.6187080147982, 0.4959464015235, 0.18201629523733995, 1.0198040338096, 0.6908348375391, 0.5848386258845, 0.9674230485628, 0.35276613872560003, 0.49000920779039997, 1.0194322667336, 0.42893094567828005, 0.30661956670260004], "sol": [0.0, 1.0, 0.0, 0.0, 0.0, 0.0, 1.0, 0.0, 0.0, 1.0, 0.0, 0.0, 1.0, 0.0, 0.0], "coverage": [0.7220442708333333, 1.0, 0.7236501736111111, 0.6234939236111111, 0.5033420138888889, 0.19537760416666666, 1.0, 0.6792491319444445, 0.6103428819444444, 1.0, 0.37416666666666665, 0.51328125, 1.0, 0.4342534722222222, 0.3249739583333333], "coverage_estimated_first_order_diff": [0.2711723351291756, -0.3447664747994772, 0.3138109938794661, 0.3413400733423212, 0.3586828614573837, 0.3586019694313551, -0.46672766066907223, 0.20875384925101959, 0.20851504502417184, -0.5536799154890565, 0.31744806233401257, 0.23555107421674037, -0.39689584855684656, 0.22722711898419234, 0.30387806719613386], "coverage_estimated_second_order_diff": [0.028836707315466614, 0.03057329905520012, 0.011620531007689006, -0.004785908812911077, -0.007395612365388882, -0.013361308929326715, 0.01980403380959994, 0.011585705594655549, -0.02550425605994444, -0.032576951437199964, -0.021400527941066616, -0.023272042209600052, 0.01943226673359999, -0.005322526543942163, -0.01835439163073327]}