{"coverage_estimated_first_order": [0.7560124347341162, 0.7883880903805247, 1.036620316538831, 0.8927862567755955, 0.8080568931894845, 0.5085964543669996, 0.7911316796072676, 0.6544454244400696, 0.7336045903377562, 0.7918438229958169, 0.569835120082584, 0.5272479953750132, 0.7745832900135605, 0.4745182727397169, 0.8368226435078328], "coverage_estimated_second_order": [1.0602463937263997, 1.0478237634527998, 0.6662543782432, 0.4391362066812, 0.345386154211, 0.05477940200602, 0.45179596773740005, 0.32802332693900005, 0.4095960007949, 0.4690386509856, 1.0273979673234, 1.0291351514809999, 0.34945293173559994, 0.07765011666013, 0.6146812703533999], "sol": [1.0, 1.0, 0.0, 0.0, 0.0, 0.0, 0.0, 0.0, 0.0, 0.0, 1.0, 1.0, 0.0, 0.0, 0.0], "coverage": [1.0, 1.0, 0.6181684027777777, 0.3986458333333333, 0.31114583333333334, 0.03509548611111111, 0.4322829861111111, 0.3206814236111111, 0.3996223958333333, 0.4565234375, 1.0, 1.0, 0.3135850694444444, 0.06634548611111112, 0.5983810763888889], "coverage_estimated_first_order_diff": [-0.24398756526588383, -0.2116119096194753, 0.4184519137610533, 0.4941404234422622, 0.49691105985615114, 0.4735009682558885, 0.3588486934961565, 0.33376400082895846, 0.33398219450442285, 0.3353203854958169, -0.43016487991741603, -0.4727520046249868, 0.4609982205691161, 0.4081727866286058, 0.23844156711894382], "coverage_estimated_second_order_diff": [0.06024639372639973, 0.04782376345279982, 0.04808597546542226, 0.040490373347866704, 0.03424032087766665, 0.019683915894908893, 0.01951298162628895, 0.007341903327888921, 0.009973604961566684, 0.012515213485599974, 0.02739796732339994, 0.029135151480999877, 0.03586786229115552, 0.011304630549018882, 0.01630019396451099]}