{"coverage_estimated_first_order": [1.6024128121881112, 1.3344163671627802, 1.4300305449568853, 1.742310586830682, 1.1984473346937117, 1.1278517923579803, 1.5230066627835328, 0.9339437464996015, 1.3760092993806563, 1.0775700618556225, 1.4296840246742455, 1.095106632623619, 1.4497655144884916, 0.9464842735113538, 0.9549820476004088], "coverage_estimated_second_order": [0.7666085556260999, 0.9703997556117999, 0.9816001903756999, 0.7946681006307001, 0.9604058742028, 0.50647410420144, 0.8318284503467, 0.9840310491154001, 0.6833471518996, 0.9753902533780001, 0.7100838027554001, 0.9947951708081, 0.6072142567183999, 0.35593733373806, 0.9861588550658], "sol": [0.0, 1.0, 1.0, 0.0, 1.0, 0.0, 0.0, 1.0, 0.0, 1.0, 0.0, 1.0, 0.0, 0.0, 1.0], "coverage": [0.7783940972222222, 1.0, 1.0, 0.8319401041666666, 1.0, 0.5216145833333333, 0.831796875, 1.0, 0.6908897569444444, 1.0, 0.7107986111111111, 1.0, 0.6404383680555555, 0.37003038194444443, 1.0], "coverage_estimated_first_order_diff": [0.824018714965889, 0.3344163671627802, 0.4300305449568853, 0.9103704826640154, 0.19844733469371167, 0.606237209024647, 0.6912097877835328, -0.06605625350039845, 0.6851195424362119, 0.07757006185562254, 0.7188854135631344, 0.09510663262361896, 0.809327146432936, 0.5764538915669093, -0.045017952399591166], "coverage_estimated_second_order_diff": [-0.011785541596122329, -0.02960024438820008, -0.0183998096243001, -0.03727200353596649, -0.03959412579720001, -0.015140479131893314, 3.1575346700063456e-05, -0.01596895088459993, -0.007542605044844386, -0.024609746621999884, -0.0007148083557110274, -0.005204829191900018, -0.03322411133715564, -0.014093048206384406, -0.013841144934199967]}