{"coverage_estimated_first_order": [1.3630098856917925, 1.4960264722570835, 1.8750102358195533, 1.42448061254452, 1.7348017896407124, 0.9804158006244299, 1.2692922970952376, 1.11077682151531, 1.091399313288505, 1.165563121313855, 1.08743789452956, 1.1017013415680479, 1.6012716763625694, 0.8056542564360729, 1.0137255380862513], "coverage_estimated_second_order": [0.8965365697299998, 0.8865653869310001, 0.8075265449394, 0.958406314125, 0.861970812245, 1.02487450736942, 0.9230531149844001, 0.9525007363692001, 0.2670357513007, 0.330831259894, 0.20738725160940003, 0.2947911117962, 0.7478608454054, 0.9775172578564499, 0.18642553074840001], "sol": [1.0, 1.0, 0.0, 1.0, 0.0, 1.0, 1.0, 1.0, 0.0, 0.0, 0.0, 0.0, 0.0, 1.0, 0.0], "coverage": [1.0, 1.0, 0.8727256944444445, 1.0, 0.8542447916666667, 1.0, 1.0, 1.0, 0.24804253472222224, 0.3130859375, 0.18085503472222222, 0.26568576388888887, 0.7628515625, 1.0, 0.1705078125], "coverage_estimated_first_order_diff": [0.3630098856917925, 0.4960264722570835, 1.0022845413751087, 0.42448061254451996, 0.8805569979740457, -0.0195841993755701, 0.2692922970952376, 0.11077682151530999, 0.8433567785662827, 0.8524771838138551, 0.9065828598073378, 0.836015577679159, 0.8384201138625694, -0.1943457435639271, 0.8432177255862513], "coverage_estimated_second_order_diff": [-0.10346343027000016, -0.11343461306899993, -0.06519914950504446, -0.04159368587500001, 0.007726020578333381, 0.024874507369420096, -0.07694688501559988, -0.047499263630799926, 0.018993216578477773, 0.01774532239399995, 0.0265322168871778, 0.02910534790731112, -0.014990717094599981, -0.02248274214355006, 0.01591771824840002]}