{"coverage_estimated_first_order": [1.4766552314291475, 1.6173315492562204, 1.4517862194807425, 1.5815506533539672, 1.4444114155095538, 1.2761201010851213, 1.2198560857838916, 1.0515817305692663, 1.4129887411234283, 1.0061549044680789, 1.1351040301079114, 1.2828245848050708, 1.2920725158402442, 1.0125681419311958, 1.049251414989685], "coverage_estimated_second_order": [0.5284938458833, 0.5602327782822, 0.8187786592154, 0.8095458797106001, 0.8173925595431998, 0.47338164380552, 0.4332633083176, 0.3386739577901, 0.7035825030724999, 0.9670088134866, 0.9833338647879999, 0.5756346109382, 0.8350241138122001, 0.4472764481939, 0.9822076413624999], "sol": [0.0, 0.0, 1.0, 1.0, 1.0, 0.0, 0.0, 0.0, 0.0, 1.0, 1.0, 0.0, 1.0, 0.0, 1.0], "coverage": [0.6098263888888888, 0.6608940972222223, 1.0, 1.0, 1.0, 0.5327734375, 0.44721354166666666, 0.3510026041666667, 0.7249609375, 1.0, 1.0, 0.5833550347222223, 1.0, 0.45960069444444446, 1.0], "coverage_estimated_first_order_diff": [0.8668288425402586, 0.9564374520339981, 0.4517862194807425, 0.5815506533539672, 0.44441141550955376, 0.7433466635851214, 0.7726425441172249, 0.7005791264025996, 0.6880278036234283, 0.00615490446807887, 0.1351040301079114, 0.6994695500828485, 0.2920725158402442, 0.5529674474867514, 0.049251414989684994], "coverage_estimated_second_order_diff": [-0.0813325430055889, -0.10066131894002228, -0.18122134078459995, -0.1904541202893999, -0.18260744045680022, -0.059391793694479944, -0.013950233349066643, -0.012328646376566665, -0.021378434427500093, -0.03299118651340005, -0.01666613521200011, -0.007720423784022268, -0.1649758861877999, -0.012324246250544457, -0.01779235863750006]}