{"coverage_estimated_first_order": [1.198250320906511, 1.2717047151506433, 1.6316385425450186, 1.2775117610496247, 1.1787178211766567, 1.0484628702936791, 1.030188657559031, 0.8586958580684363, 0.803224911835635, 1.2062002624021857, 0.8391785909034789, 1.0027764349886292, 1.3264892486944517, 0.8245429972070585, 1.0919014990529434], "coverage_estimated_second_order": [0.9289267533427998, 0.9244506607466999, 0.722899844596, 0.9411997306985002, 0.9433344085562, 0.5123797977487201, 0.3473405982534, 0.2285440949016, 1.0127600757215, 0.6745800550248, 1.0110359476031998, 0.4388677861823999, 0.5640144845746999, 0.33437812037223, 0.5917232700249], "sol": [1.0, 1.0, 0.0, 1.0, 1.0, 0.0, 0.0, 0.0, 1.0, 0.0, 1.0, 0.0, 0.0, 0.0, 0.0], "coverage": [1.0, 1.0, 0.7809635416666667, 1.0, 1.0, 0.48561631944444444, 0.34847222222222224, 0.2359982638888889, 1.0, 0.6674565972222222, 1.0, 0.43888020833333335, 0.5990581597222222, 0.3414626736111111, 0.57859375], "coverage_estimated_first_order_diff": [0.19825032090651096, 0.2717047151506433, 0.8506750008783519, 0.2775117610496247, 0.1787178211766567, 0.5628465508492346, 0.6817164353368088, 0.6226975941795474, -0.19677508816436495, 0.5387436651799635, -0.1608214090965211, 0.5638962266552958, 0.7274310889722295, 0.4830803235959474, 0.5133077490529434], "coverage_estimated_second_order_diff": [-0.07107324665720016, -0.0755493392533001, -0.05806369707066672, -0.05880026930149984, -0.05666559144380001, 0.026763478304275667, -0.0011316239688222152, -0.0074541689872889005, 0.012760075721500064, 0.007123457802577837, 0.011035947603199814, -1.2422150933444343e-05, -0.03504367514752227, -0.007084553238881075, 0.013129520024899977]}