{"coverage_estimated_first_order": [1.1523902238610448, 1.2626632444988097, 1.3685157067591927, 1.0017981882358786, 1.2782729846858554, 0.9727288436669862, 1.0792650777860286, 0.9610346728103055, 0.8847077032436474, 1.3273438655030818, 1.2274272272675688, 1.1181841062433953, 1.2889581557840712, 0.6723760019130668, 0.7938029460833501], "coverage_estimated_second_order": [0.45471655211059997, 0.515454245691, 0.6273502550168, 0.9093544686208, 0.6296784360779001, 0.49133161825294003, 1.0007889940993, 1.0010230206173, 1.0339302740034, 0.7891167840132, 0.7010798205497, 0.5933906478408, 0.6668651875508, 1.0128190067530498, 1.0041185389918004], "sol": [0.0, 0.0, 0.0, 1.0, 0.0, 0.0, 1.0, 1.0, 1.0, 0.0, 0.0, 0.0, 0.0, 1.0, 1.0], "coverage": [0.4965321180555556, 0.5638324652777778, 0.6919835069444444, 1.0, 0.6997439236111112, 0.5233376736111112, 1.0, 1.0, 1.0, 0.7577907986111111, 0.6849522569444444, 0.5816883680555556, 0.710625, 1.0, 1.0], "coverage_estimated_first_order_diff": [0.6558581058054893, 0.698830779221032, 0.6765321998147482, 0.0017981882358786283, 0.5785290610747442, 0.44939117005587503, 0.07926507778602865, -0.038965327189694476, -0.11529229675635255, 0.5695530668919707, 0.5424749703231244, 0.5364957381878397, 0.5783331557840713, -0.3276239980869332, -0.2061970539166499], "coverage_estimated_second_order_diff": [-0.04181556594495561, -0.04837821958677779, -0.06463325192764446, -0.09064553137919995, -0.07006548753321107, -0.03200605535817114, 0.0007889940993, 0.0010230206173000855, 0.033930274003399985, 0.03132598540208886, 0.01612756360525558, 0.011702279785244407, -0.04375981244919991, 0.01281900675304981, 0.004118538991800369]}