{"coverage_estimated_first_order": [1.442691678497359, 1.1366921014299496, 1.180753483957228, 1.3694158418547364, 1.2212725203573895, 0.9345773483363418, 0.9102736549129697, 1.1548391869396148, 1.1287570183726277, 1.1301730985942797, 0.9581163180740251, 1.1015696854165626, 1.2581037313076107, 0.5732803167314914, 0.9140807746444092], "coverage_estimated_second_order": [0.7812578411034, 1.011558506551, 0.9872579473188001, 0.5981778018602, 0.48068937455390015, 0.38501919449201993, 0.9745626047721001, 0.659696213956, 0.5843476011408, 0.5517051102868, 1.0140462273284, 0.5525854886242, 0.606695645475, 0.98540121209717, 1.00625246629], "sol": [0.0, 1.0, 1.0, 0.0, 0.0, 0.0, 1.0, 0.0, 0.0, 0.0, 1.0, 0.0, 0.0, 1.0, 1.0], "coverage": [0.7772309027777777, 1.0, 1.0, 0.5934939236111111, 0.47983506944444443, 0.39141927083333333, 1.0, 0.6639930555555555, 0.5774913194444444, 0.5477560763888889, 1.0, 0.5408289930555555, 0.6078125, 1.0, 1.0], "coverage_estimated_first_order_diff": [0.6654607757195812, 0.1366921014299496, 0.180753483957228, 0.7759219182436253, 0.7414374509129451, 0.5431580775030085, -0.08972634508703026, 0.4908461313840593, 0.5512656989281832, 0.5824170222053908, -0.041883681925974914, 0.5607406923610071, 0.6502912313076107, -0.4267196832685086, -0.08591922535559082], "coverage_estimated_second_order_diff": [0.004026938325622287, 0.011558506550999992, -0.012742052681199878, 0.004683878249088891, 0.0008543051094557219, -0.006400076341313399, -0.025437395227899895, -0.0042968415995555675, 0.006856281696355548, 0.003949033897911125, 0.014046227328400107, 0.011756495568644443, -0.0011168545249999884, -0.01459878790282998, 0.006252466290000092]}