{"coverage_estimated_first_order": [1.0967196670257533, 1.619882519589302, 1.649358351150418, 1.723815121946983, 1.3128676680825702, 1.0409962179817467, 1.393983066162584, 0.8386379380433048, 1.4487379155565536, 1.0908109146017133, 0.9776307319572339, 1.2765765619674896, 1.4993009710369616, 0.9277321737324521, 1.2095463059430078], "coverage_estimated_second_order": [0.9834505397194001, 0.8045111425682, 0.7639120817017, 0.8186544747653002, 1.0082883218696, 1.01201753998444, 0.7320879974968001, 0.9882188229490001, 0.7956248491947001, 1.0270343845871999, 1.0094715792942, 0.6363218689141998, 0.7177648684086, 1.00691092991367, 0.5936524380558], "sol": [1.0, 0.0, 0.0, 0.0, 1.0, 1.0, 0.0, 1.0, 0.0, 1.0, 1.0, 0.0, 0.0, 1.0, 0.0], "coverage": [1.0, 0.8291579861111111, 0.789140625, 0.8156076388888889, 1.0, 1.0, 0.7545442708333333, 1.0, 0.7693359375, 1.0, 1.0, 0.6348697916666667, 0.7293576388888889, 1.0, 0.5969878472222222], "coverage_estimated_first_order_diff": [0.0967196670257533, 0.7907245334781909, 0.8602177261504179, 0.9082074830580942, 0.31286766808257016, 0.040996217981746685, 0.6394387953292507, -0.16136206195669522, 0.6794019780565537, 0.09081091460171331, -0.022369268042766066, 0.6417067703008229, 0.7699433321480726, -0.07226782626754791, 0.6125584587207856], "coverage_estimated_second_order_diff": [-0.016549460280599892, -0.024646843542911134, -0.025228543298300043, 0.0030468358764113024, 0.008288321869599935, 0.012017539984439995, -0.022456273336533217, -0.011781177050999903, 0.026288911694700157, 0.027034384587199867, 0.00947157929419995, 0.0014520772475331567, -0.01159277048028895, 0.006910929913670039, -0.0033354091664221652]}