{"coverage_estimated_first_order": [0.5838377109613089, 0.6316316354869129, 0.7768093658242091, 0.49755178238369707, 0.9030788547574778, 0.36102689515834696, 0.5029712647228402, 0.41998899432526715, 0.49154179614096727, 0.4888212008967467, 0.6270872638141669, 0.48849735804483263, 0.6598773825937544, 0.44737600636456853, 0.26515610368711934], "coverage_estimated_second_order": [0.3240667523496, 0.3575807895761, 0.5885260614086001, 0.9914038691856, 0.802171074783, 1.0451386604393, 0.19190667196780004, 0.11561591607520001, 0.2233391872986, 0.18324984345839998, 0.4624043944174, 0.23610364238919998, 0.45474430619600004, 0.21459833932639, 0.9631393232452], "sol": [0.0, 0.0, 0.0, 1.0, 0.0, 1.0, 0.0, 0.0, 0.0, 0.0, 0.0, 0.0, 0.0, 0.0, 1.0], "coverage": [0.3611501736111111, 0.39143663194444445, 0.6116840277777778, 1.0, 0.7994618055555556, 1.0, 0.18980034722222222, 0.11210503472222222, 0.23975260416666666, 0.19483940972222222, 0.48432291666666666, 0.24791232638888888, 0.46163628472222223, 0.2079123263888889, 1.0], "coverage_estimated_first_order_diff": [0.22268753735019775, 0.24019500354246848, 0.16512533804643137, -0.502448217616303, 0.10361704920192227, -0.638973104841653, 0.31317091750061793, 0.30788395960304493, 0.2517891919743006, 0.2939817911745245, 0.14276434714750025, 0.24058503165594375, 0.19824109787153216, 0.23946367997567963, -0.7348438963128807], "coverage_estimated_second_order_diff": [-0.03708342126151115, -0.033855842368344435, -0.023157966369177663, -0.008596130814400027, 0.002709269227444411, 0.04513866043930004, 0.0021063247455778145, 0.0035108813529777932, -0.01641341686806666, -0.011589566263822237, -0.02191852224926666, -0.011808683999688901, -0.006891978526222198, 0.006686012937501096, -0.03686067675479998]}