{"coverage_estimated_first_order": [1.4065563429146668, 1.5550376676007323, 1.6072513706388718, 1.5068989894228266, 1.7973453506930543, 0.9343570436908244, 1.1881178087658297, 1.001643337460626, 1.0931656275945967, 1.1283815558388168, 1.2046356908398501, 1.1498175772200794, 1.5063981335041872, 1.1486163317103486, 1.0836257641734222], "coverage_estimated_second_order": [0.7957914476409, 0.767570448295, 0.7371483700453, 0.8094361918100001, 0.7312051121695999, 0.97577583432372, 0.2873075023114, 0.21217957838930002, 1.0359124040460002, 1.0334305430778, 0.4300513339292, 0.3952086127708, 0.4962812010875, 0.57346727966265, 0.3588129091482001], "sol": [1.0, 1.0, 1.0, 1.0, 0.0, 1.0, 0.0, 0.0, 1.0, 1.0, 0.0, 0.0, 0.0, 0.0, 0.0], "coverage": [1.0, 1.0, 1.0, 1.0, 0.8420963541666666, 1.0, 0.3108767361111111, 0.22623697916666666, 1.0, 1.0, 0.42227430555555556, 0.382421875, 0.5854079861111111, 0.5607638888888888, 0.3555815972222222], "coverage_estimated_first_order_diff": [0.4065563429146668, 0.5550376676007323, 0.6072513706388718, 0.5068989894228266, 0.9552489965263877, -0.0656429563091756, 0.8772410726547186, 0.7754063582939593, 0.09316562759459668, 0.12838155583881683, 0.7823613852842946, 0.7673957022200794, 0.920990147393076, 0.5878524428214598, 0.7280441669511999], "coverage_estimated_second_order_diff": [-0.20420855235909996, -0.23242955170500001, -0.2628516299547, -0.19056380818999985, -0.11089124199706668, -0.02422416567628005, -0.023569233799711098, -0.014057400777366641, 0.03591240404600016, 0.03343054307779991, 0.007777028373644412, 0.012786737770799972, -0.0891267850236111, 0.012703390773761147, 0.0032313119259778644]}