{"coverage_estimated_first_order": [1.0406847241420132, 1.5839843224721364, 1.232276005665386, 1.156211460209466, 1.391054969012108, 0.9266700867333778, 1.3848012090532784, 0.7819045184765305, 0.9814979867353175, 1.077703562638362, 1.2243818554526964, 0.8294714466955243, 1.2748718325004094, 0.6965303780694808, 0.790627305841595], "coverage_estimated_second_order": [0.9787923755276, 0.8682719271347998, 1.0059492427964, 0.9807665897688002, 0.6988919928812002, 0.39092900664243996, 0.8475030198719999, 1.0007100349533, 0.35416022887099996, 0.4448912799508, 0.6997123672074, 1.0253372180406999, 0.619195750659, 0.09077162744576, 1.0053344415880001], "sol": [1.0, 0.0, 1.0, 1.0, 0.0, 0.0, 0.0, 1.0, 0.0, 0.0, 0.0, 1.0, 0.0, 0.0, 1.0], "coverage": [1.0, 0.8710546875, 1.0, 1.0, 0.6991232638888889, 0.3900868055555556, 0.8438541666666667, 1.0, 0.3545920138888889, 0.44, 0.6928428819444444, 1.0, 0.6248220486111111, 0.08788628472222222, 1.0], "coverage_estimated_first_order_diff": [0.040684724142013184, 0.7129296349721364, 0.2322760056653861, 0.15621146020946597, 0.691931705123219, 0.5365832811778222, 0.5409470423866117, -0.21809548152346947, 0.6269059728464286, 0.637703562638362, 0.531538973508252, -0.1705285533044757, 0.6500497838892982, 0.6086440933472586, -0.20937269415840498], "coverage_estimated_second_order_diff": [-0.02120762447239999, -0.0027827603652001986, 0.005949242796400078, -0.019233410231199843, -0.0002312710076887159, 0.0008422010868843754, 0.003648853205333258, 0.0007100349533000205, -0.0004317850178889304, 0.00489127995080002, 0.00686948526295561, 0.025337218040699883, -0.0056262979521111145, 0.0028853427235377843, 0.005334441588000116]}