{"coverage_estimated_first_order": [0.8222247890111862, 0.9364944182057336, 0.6933262979858706, 1.020456620295867, 0.9723970431626767, 0.4404158172226449, 0.5594404132023205, 0.8874290437848439, 0.6306482128378627, 0.7204889809115098, 0.7327958727959112, 0.4821994507900004, 0.8242893758481402, 0.5703682409832385, 0.658172396260966], "coverage_estimated_second_order": [0.48652190949019997, 0.6176126677555, 0.9863646205976, 0.7284820407938, 0.6934903615519001, 1.00440537782474, 1.0253707321515002, 0.6971631848297999, 0.22320798443120002, 0.345682435976, 0.4041186773518, 0.9924728454526999, 0.49228526860480004, 0.24685371982921, 0.34051385437340004], "sol": [0.0, 0.0, 1.0, 0.0, 0.0, 1.0, 1.0, 0.0, 0.0, 0.0, 0.0, 1.0, 0.0, 0.0, 0.0], "coverage": [0.5124392361111111, 0.6461631944444445, 1.0, 0.7604383680555555, 0.7229383680555556, 1.0, 1.0, 0.6824739583333334, 0.23158854166666668, 0.3551779513888889, 0.4084548611111111, 1.0, 0.5209895833333333, 0.24837239583333334, 0.3484114583333333], "coverage_estimated_first_order_diff": [0.30978555290007515, 0.29033122376128917, -0.30667370201412936, 0.2600182522403114, 0.24945867510712116, -0.5595841827773551, -0.4405595867976795, 0.20495508545151053, 0.399059671171196, 0.3653110295226209, 0.32434101168480006, -0.5178005492099996, 0.3032997925148069, 0.3219958451499051, 0.3097609379276327], "coverage_estimated_second_order_diff": [-0.02591732662091112, -0.028550526688944422, -0.013635379402400005, -0.03195632726175557, -0.02944800650365542, 0.004405377824739931, 0.025370732151500208, 0.014689226496466534, -0.008380557235466657, -0.0094955154128889, -0.0043361837593111074, -0.00752715454730013, -0.028704314728533298, -0.0015186760041233371, -0.007897603959933275]}