{"coverage_estimated_first_order": [1.195518387659477, 1.3306095262823734, 1.0832583633841757, 1.481306070068031, 0.970576045766061, 0.9949374610481445, 1.3200491084874848, 0.7666688806656001, 0.8736322809298775, 1.3579557490279026, 0.9683085649566074, 0.9357463482775252, 1.2241266555579156, 0.8142443432687143, 1.1667665467147497], "coverage_estimated_second_order": [0.5447518508365, 0.6467595296195, 1.0133345439512, 0.8249718127373, 1.0096823682346, 0.51486205466644, 0.7823898260429, 0.9961882263487, 0.9980946898384, 0.7903105127922, 0.9948178434152, 0.9974248591043, 0.6000299204998, 0.32201108958926, 0.6301578343106], "sol": [0.0, 0.0, 1.0, 0.0, 1.0, 0.0, 0.0, 1.0, 1.0, 0.0, 1.0, 1.0, 0.0, 0.0, 0.0], "coverage": [0.55484375, 0.6509722222222222, 1.0, 0.8238324652777778, 1.0, 0.5199609375, 0.7869921875, 1.0, 1.0, 0.7850520833333333, 1.0, 1.0, 0.6097265625, 0.3363802083333333, 0.6184418402777778], "coverage_estimated_first_order_diff": [0.6406746376594771, 0.6796373040601512, 0.0832583633841757, 0.6574736047902532, -0.029423954233938954, 0.47497652354814446, 0.5330569209874848, -0.23333111933439987, -0.12636771907012245, 0.5729036656945693, -0.03169143504339256, -0.06425365172247477, 0.6144000930579155, 0.477864134935381, 0.5483247064369718], "coverage_estimated_second_order_diff": [-0.010091899163499951, -0.004212692602722168, 0.01333454395120004, 0.0011393474595222663, 0.009682368234599892, -0.005098882833560081, -0.004602361457100024, -0.003811773651300032, -0.0019053101616000045, 0.005258429458866676, -0.005182156584800035, -0.00257514089569999, -0.00969664200020004, -0.014369118744073317, 0.011715994032822197]}