{"coverage_estimated_first_order": [0.9081444369185445, 0.989739889682626, 1.1125321345303338, 1.184320411846176, 1.1663804055446219, 0.546292616640575, 0.8975563177038559, 0.7970257381690679, 1.098608844445543, 0.7686120773848482, 1.109672533642959, 0.7549170474884842, 0.7198716992712867, 0.8776413183199924, 0.6592399209280962], "coverage_estimated_second_order": [0.29954977448180004, 0.3440563365246, 0.4929397192074, 0.6370683673294, 0.6889920657738, 1.00770560808302, 0.4047326453623, 0.35728133355520003, 0.7040581595614002, 1.0113625791554, 0.7076511559434, 1.0140183569608001, 0.9746366524150001, 0.6011461317996, 1.0031195949793998], "sol": [0.0, 0.0, 0.0, 0.0, 0.0, 1.0, 0.0, 0.0, 0.0, 1.0, 0.0, 1.0, 1.0, 0.0, 1.0], "coverage": [0.31005642361111113, 0.35977430555555556, 0.5035503472222222, 0.6452734375, 0.6991362847222222, 1.0, 0.40882378472222225, 0.3642621527777778, 0.6917100694444445, 1.0, 0.6931857638888889, 1.0, 1.0, 0.609296875, 1.0], "coverage_estimated_first_order_diff": [0.5980880133074333, 0.6299655841270705, 0.6089817873081116, 0.5390469743461761, 0.46724412082239963, -0.45370738335942495, 0.48873253298163366, 0.43276358539129006, 0.4068987750010986, -0.23138792261515184, 0.41648676975407006, -0.2450829525115158, -0.2801283007287133, 0.2683444433199924, -0.34076007907190375], "coverage_estimated_second_order_diff": [-0.010506649129311096, -0.01571796903095557, -0.010610628014822265, -0.008205070170600015, -0.010144218948422212, 0.00770560808302001, -0.0040911393599222245, -0.006980819222577761, 0.012348090116955701, 0.011362579155399954, 0.01446539205451114, 0.014018356960800116, -0.025363347584999918, -0.00815074320039999, 0.0031195949793998423]}