{"coverage_estimated_first_order": [1.1005742036404649, 1.2392032229685614, 1.053744014116942, 1.1941908647828334, 1.0908330095075804, 1.0256653523803436, 0.9122985485389212, 0.7941225375358334, 0.7709489295854053, 0.8618034904152447, 0.8362040583805112, 0.5425491508845984, 0.9534992607799972, 0.6820024968035908, 0.7493246723560463], "coverage_estimated_second_order": [0.5094453957203, 0.5939044271404998, 0.8831454176982, 0.8796495387888001, 0.8778339133974, 0.4964379031515, 0.44450047578139995, 0.3635005601529, 0.22629181872840004, 0.33878830834160006, 0.3432144248378, 0.9628797053027, 0.8901846322604001, 0.23832385709449003, 0.2738235297244], "sol": [0.0, 0.0, 1.0, 1.0, 1.0, 0.0, 0.0, 0.0, 0.0, 0.0, 0.0, 1.0, 1.0, 0.0, 0.0], "coverage": [0.5453862847222222, 0.6403515625, 1.0, 1.0, 1.0, 0.5327734375, 0.45630208333333333, 0.3748220486111111, 0.23618489583333332, 0.351171875, 0.3600998263888889, 1.0, 1.0, 0.23357638888888888, 0.2874305555555556], "coverage_estimated_first_order_diff": [0.5551879189182427, 0.5988516604685614, 0.053744014116942074, 0.19419086478283343, 0.09083300950758044, 0.4928919148803437, 0.4559964652055879, 0.41930048892472227, 0.5347640337520719, 0.5106316154152447, 0.4761042319916223, -0.45745084911540157, -0.04650073922000275, 0.44842610791470194, 0.4618941168004907], "coverage_estimated_second_order_diff": [-0.03594088900192216, -0.04644713535950018, -0.11685458230180001, -0.12035046121119986, -0.12216608660259998, -0.036335534348499954, -0.01180160755193338, -0.011321488458211126, -0.009893077104933284, -0.012383566658399958, -0.016885401551088863, -0.03712029469730005, -0.10981536773959988, 0.004747468205601152, -0.013607025831155584]}