{"coverage_estimated_first_order": [1.1836772601081211, 1.3269713806914445, 1.1002879146834146, 1.0866714043884844, 1.3638710517726051, 1.0374625378324642, 1.0295991542262954, 0.9031619742781903, 1.134010177100412, 1.2337753857624114, 1.1610115442730597, 0.8883996850099527, 1.2764533339115076, 0.8038372747520013, 1.004769608438781], "coverage_estimated_second_order": [0.5104007357864, 0.6244970865374, 1.0233243808427, 1.0251671204809, 0.7252119791180001, 0.5765515278415199, 0.3838362260539, 0.3108079675281, 0.8811479115078001, 0.8864074702996, 0.5506203095187, 0.9468580180846999, 0.658045749366, 0.9138546729097499, 0.4149315391342], "sol": [0.0, 0.0, 1.0, 1.0, 0.0, 0.0, 0.0, 0.0, 1.0, 1.0, 0.0, 1.0, 0.0, 1.0, 0.0], "coverage": [0.5057682291666666, 0.6158723958333333, 1.0, 1.0, 0.7106640625, 0.5764670138888889, 0.39993489583333336, 0.32196180555555554, 1.0, 1.0, 0.5586284722222222, 1.0, 0.65328125, 1.0, 0.4203559027777778], "coverage_estimated_first_order_diff": [0.6779090309414545, 0.7110989848581112, 0.10028791468341458, 0.08667140438848442, 0.6532069892726051, 0.46099552394357535, 0.6296642583929621, 0.5812001687226348, 0.13401017710041208, 0.23377538576241141, 0.6023830720508375, -0.1116003149900473, 0.6231720839115076, -0.19616272524799871, 0.5844137056610031], "coverage_estimated_second_order_diff": [0.004632506619733356, 0.008624690704066684, 0.023324380842699943, 0.025167120480900085, 0.014547916618000034, 8.451395263098238e-05, -0.01609866977943336, -0.01115383802745551, -0.11885208849219986, -0.11359252970040001, -0.008008162703522226, -0.05314198191530006, 0.004764499365999986, -0.08614532709025013, -0.00542436364357779]}