{"coverage_estimated_first_order": [1.1424700280948823, 1.6699697347966609, 1.6528751086175908, 1.7243001759194547, 1.2376230170855946, 1.2116067115651548, 1.4340421321971002, 0.8818873113776128, 1.451772407899789, 1.0936737603004363, 0.9780927497869057, 1.2772958775239662, 1.2864484959575733, 0.9026526157975314, 1.210575301334594], "coverage_estimated_second_order": [0.966289276435, 0.8045711196775999, 0.7214502252379, 0.8233465999931001, 0.976646079631, 0.61589851650224, 0.7564047579271, 1.0040423656096, 0.7962950068745, 1.0269181167184, 1.0094153533147998, 0.6367877036931999, 0.9936596976732001, 1.0103946081759398, 0.5948390099640001], "sol": [1.0, 0.0, 0.0, 0.0, 1.0, 0.0, 0.0, 1.0, 0.0, 1.0, 1.0, 0.0, 1.0, 1.0, 0.0], "coverage": [1.0, 0.8393185763888888, 0.7562543402777778, 0.8519444444444444, 1.0, 0.6221310763888889, 0.7641276041666667, 1.0, 0.7700434027777778, 1.0, 1.0, 0.6351953125, 1.0, 1.0, 0.5979947916666667], "coverage_estimated_first_order_diff": [0.1424700280948823, 0.830651158407772, 0.896620768339813, 0.8723557314750103, 0.23762301708559463, 0.5894756351762659, 0.6699145280304335, -0.11811268862238722, 0.6817290051220111, 0.09367376030043628, -0.021907250213094254, 0.6421005650239662, 0.28644849595757327, -0.09734738420246858, 0.6125805096679272], "coverage_estimated_second_order_diff": [-0.033710723565000045, -0.03474745671128898, -0.03480411503987779, -0.02859784445134428, -0.02335392036899997, -0.006232559886648836, -0.00772284623956665, 0.004042365609600029, 0.026251604096722225, 0.026918116718400054, 0.009415353314799813, 0.0015923911931998713, -0.00634030232679994, 0.010394608175939846, -0.0031557817026666157]}