{"coverage_estimated_first_order": [0.7996950139269527, 0.8621033258302683, 0.9448989562781709, 1.0806228162015141, 0.6570169848087245, 0.835924588507991, 0.6707286804143853, 0.5812145726148492, 0.7448613783696945, 0.7566016053644045, 0.7686260135536256, 0.6332238414789931, 0.6927448258722148, 0.43978469887112287, 0.39334265054105333], "coverage_estimated_second_order": [0.41332001228259996, 0.45873428017539997, 0.5690556950048, 0.7925467380957999, 1.0194159646191998, 0.6310950874046001, 0.2464149017924, 0.1883641238996, 0.44996864388900004, 0.42448472030140005, 0.4633084235736, 0.2559648401494, 1.0308129827488, 0.99614820133095, 0.9620401965492], "sol": [0.0, 0.0, 0.0, 0.0, 1.0, 0.0, 0.0, 0.0, 0.0, 0.0, 0.0, 0.0, 1.0, 1.0, 1.0], "coverage": [0.39428385416666667, 0.4459505208333333, 0.5575130208333333, 0.7731076388888889, 1.0, 0.6221310763888889, 0.2409765625, 0.18293402777777779, 0.47379340277777776, 0.44332899305555556, 0.47901475694444445, 0.26208333333333333, 1.0, 1.0, 1.0], "coverage_estimated_first_order_diff": [0.4054111597602861, 0.41615280499693497, 0.38738593544483757, 0.30751517731262523, -0.3429830151912755, 0.21379351211910214, 0.4297521179143853, 0.3982805448370714, 0.2710679755919167, 0.3132726123088489, 0.28961125660918113, 0.3711405081456598, -0.30725517412778525, -0.5602153011288771, -0.6066573494589467], "coverage_estimated_second_order_diff": [0.019036158115933288, 0.012783759342066658, 0.011542674171466705, 0.019439099206911004, 0.01941596461919981, 0.008964011015711204, 0.005438339292400007, 0.005430096121822214, -0.02382475888877772, -0.01884427275415551, -0.015706333370844427, -0.006118493183933316, 0.030812982748799955, -0.003851798669050055, -0.03795980345079997]}