{"coverage_estimated_first_order": [1.5823932589320193, 1.3363445431830487, 1.3875393947900467, 1.5708122853621662, 1.398482151373412, 1.059804722688731, 1.3299138269043471, 1.1768829008496293, 1.021742920425896, 1.5522520750699216, 1.297277082498121, 1.0365593569435274, 1.471085255168743, 0.8062707595467195, 1.1506777430624764], "coverage_estimated_second_order": [0.7064902110272, 0.9583128866101, 0.9403005071944, 0.5802017784852, 0.46787829224840005, 0.38179217572484, 0.9050109482095999, 0.9144353644305001, 1.0169430925674001, 0.8612352237268002, 0.5670310269957001, 0.9673039773148999, 0.603302499162, 1.00454405766479, 0.46892481036760003], "sol": [0.0, 1.0, 1.0, 0.0, 0.0, 0.0, 1.0, 1.0, 1.0, 0.0, 0.0, 1.0, 0.0, 1.0, 0.0], "coverage": [0.7330512152777777, 1.0, 1.0, 0.5983550347222222, 0.48053819444444446, 0.39141927083333333, 1.0, 1.0, 1.0, 0.8388671875, 0.5854817708333333, 1.0, 0.6222352430555556, 1.0, 0.48356770833333335], "coverage_estimated_first_order_diff": [0.8493420436542416, 0.33634454318304874, 0.38753939479004673, 0.972457250639944, 0.9179439569289676, 0.6683854518553978, 0.3299138269043471, 0.17688290084962932, 0.021742920425896095, 0.7133848875699216, 0.7117953116647877, 0.03655935694352741, 0.8488500121131874, -0.19372924045328055, 0.667110034729143], "coverage_estimated_second_order_diff": [-0.026561004250577724, -0.041687113389900055, -0.05969949280560005, -0.01815325623702213, -0.012659902196044404, -0.009627095108493355, -0.09498905179040007, -0.08556463556949989, 0.01694309256740012, 0.02236803622680017, -0.018450743837633232, -0.03269602268510008, -0.018932743893555593, 0.0045440576647899356, -0.014642897965733315]}