{"coverage_estimated_first_order": [1.3282268664950703, 1.4452010314834254, 1.624997923412996, 1.300214942178122, 1.6108472024207663, 0.861936392567903, 1.3371309437140202, 1.1845694904746717, 1.2277787649509455, 1.3076482481434117, 1.243299970119991, 1.1591375657359422, 1.414244578742209, 0.9027806767346712, 1.133893148250162], "coverage_estimated_second_order": [0.43676988039880005, 0.4863127388493, 0.6751830356218, 0.9477436037434, 0.7777370023950001, 1.0246814092598, 0.8593913377004001, 0.8783652983252002, 0.4179101700816, 0.466883138382, 0.8771813875141999, 0.8502814484431999, 0.558275392741, 0.24094108378313, 0.9165850103361001], "sol": [0.0, 0.0, 0.0, 1.0, 0.0, 1.0, 1.0, 1.0, 0.0, 0.0, 1.0, 1.0, 0.0, 0.0, 1.0], "coverage": [0.4860894097222222, 0.5372005208333334, 0.7255381944444445, 1.0, 0.7994618055555556, 1.0, 1.0, 1.0, 0.4198133680555556, 0.47814236111111114, 1.0, 1.0, 0.5768532986111111, 0.234375, 1.0], "coverage_estimated_first_order_diff": [0.8421374567728481, 0.908000510650092, 0.8994597289685516, 0.30021494217812195, 0.8113853968652107, -0.138063607432097, 0.3371309437140202, 0.18456949047467175, 0.8079653968953899, 0.8295058870323007, 0.24329997011999094, 0.15913756573594218, 0.837391280131098, 0.6684056767346712, 0.13389314825016196], "coverage_estimated_second_order_diff": [-0.04931952932342215, -0.050887781984033376, -0.05035515882264441, -0.052256396256599946, -0.021724803160555473, 0.024681409259800002, -0.1406086622995999, -0.12163470167479984, -0.001903197973955606, -0.011259222729111118, -0.12281861248580006, -0.14971855155680014, -0.0185779058701111, 0.006566083783130006, -0.08341498966389993]}