{"coverage_estimated_first_order": [1.3640818081910875, 1.474860076773142, 1.7583248115015373, 1.6149315170585163, 1.442630907623143, 0.9296616966551856, 1.3380106007101948, 1.1775692326648817, 1.3114339601821932, 0.9558298813108994, 1.3644498409579389, 1.3062384815822958, 1.195540948783289, 1.0052361017094822, 0.9325081214298181], "coverage_estimated_second_order": [0.8930343893479, 0.8681583916654, 0.6659549913945001, 0.6044004708966, 0.4986924079404999, 0.17803387279879995, 0.8617589685319001, 0.8956509607889002, 0.6716751056583999, 0.9920573062096001, 0.6809984952194, 0.6518134784056, 0.888987697611, 0.41699038359222, 0.9615178373214002], "sol": [1.0, 1.0, 0.0, 0.0, 0.0, 0.0, 1.0, 1.0, 0.0, 1.0, 0.0, 0.0, 1.0, 0.0, 1.0], "coverage": [1.0, 1.0, 0.7487065972222222, 0.6555859375, 0.5350347222222223, 0.19537760416666666, 1.0, 1.0, 0.6798524305555556, 1.0, 0.6901692708333333, 0.6481814236111111, 1.0, 0.43579427083333333, 1.0], "coverage_estimated_first_order_diff": [0.3640818081910875, 0.4748600767731419, 1.009618214279315, 0.9593455795585163, 0.9075961854009207, 0.734284092488519, 0.33801060071019484, 0.17756923266488167, 0.6315815296266376, -0.04417011868910059, 0.6742805701246055, 0.6580570579711847, 0.1955409487832891, 0.5694418308761489, -0.0674918785701819], "coverage_estimated_second_order_diff": [-0.10696561065209997, -0.1318416083346, -0.08275160582772212, -0.051185466603400065, -0.036342314281722354, -0.01734373136786671, -0.13824103146809985, -0.10434903921109984, -0.008177324897155613, -0.007942693790399913, -0.009170775613933313, 0.0036320547944889148, -0.11101230238899995, -0.018803887241113315, -0.03848216267859983]}