{"coverage_estimated_first_order": [1.1878493741280982, 1.7084947843272873, 1.7524951142511487, 1.518961152898948, 1.4310743140567441, 1.3221788580187237, 1.1748661010933574, 1.024709569354693, 1.4510460698618914, 1.073280870366089, 0.9505177310309472, 1.2092402728779053, 1.3542563230493025, 0.9059553056525216, 1.1953546708296852], "coverage_estimated_second_order": [0.8941688462264998, 0.7389574021868001, 0.6792204144216, 0.8861928864105002, 0.885915274351, 0.62572376247272, 0.38249597062280005, 0.3030650947772, 0.7960546617986999, 1.0290343464952, 1.0033629249415998, 0.5477579337563999, 0.8582992390598, 0.9990375699532399, 0.5686068837679], "sol": [1.0, 0.0, 0.0, 1.0, 1.0, 0.0, 0.0, 0.0, 0.0, 1.0, 1.0, 0.0, 1.0, 1.0, 0.0], "coverage": [1.0, 0.8262109375, 0.7652821180555556, 1.0, 1.0, 0.6373177083333333, 0.4069314236111111, 0.32256510416666667, 0.7696614583333333, 1.0, 1.0, 0.5523263888888889, 1.0, 1.0, 0.5732638888888889], "coverage_estimated_first_order_diff": [0.1878493741280982, 0.8822838468272873, 0.9872129961955931, 0.518961152898948, 0.4310743140567441, 0.6848611496853904, 0.7679346774822463, 0.7021444651880264, 0.6813846115285581, 0.07328087036608899, -0.049482268969052834, 0.6569138839890164, 0.35425632304930255, -0.09404469434747842, 0.6220907819407963], "coverage_estimated_second_order_diff": [-0.10583115377350016, -0.0872535353131999, -0.0860617036339556, -0.1138071135894998, -0.11408472564899996, -0.011593945860613353, -0.02443545298831107, -0.019500009389466666, 0.026393203465366555, 0.029034346495200092, 0.003362924941599843, -0.0045684551324889355, -0.1417007609402, -0.0009624300467601099, -0.004657005120988877]}