{"coverage_estimated_first_order": [0.7438316668279616, 0.8130700643044946, 0.8470166910526675, 0.801926669332203, 0.7077683476632883, 0.5009094974095558, 0.7650930757020484, 0.716181290975468, 0.921382460371828, 0.5417725466198473, 0.5733373543776834, 0.9372035418779463, 0.7565107262907026, 0.5650874043591497, 0.8383238785572349], "coverage_estimated_second_order": [0.2608914112951, 0.2877333520924, 0.27667771380390005, 0.17967659219790003, 0.08622340223979999, 0.031045304450039994, 1.0074266077052, 1.014378638267, 0.7275095055858001, 1.0073392955786, 1.0085424249483999, 0.6879296290635999, 0.22328467191600002, 0.25491904822479, 0.6261775049422], "sol": [0.0, 0.0, 0.0, 0.0, 0.0, 0.0, 1.0, 1.0, 0.0, 1.0, 1.0, 0.0, 0.0, 0.0, 0.0], "coverage": [0.20358506944444443, 0.21799479166666666, 0.19282552083333335, 0.08967013888888889, 0.0019704861111111112, 0.0, 1.0, 1.0, 0.711171875, 1.0, 1.0, 0.6702083333333333, 0.14188802083333332, 0.2547699652777778, 0.6058203125], "coverage_estimated_first_order_diff": [0.5402465973835172, 0.5950752726378279, 0.6541911702193342, 0.7122565304433142, 0.7057978615521773, 0.5009094974095558, -0.23490692429795157, -0.283818709024532, 0.21021058537182802, -0.4582274533801527, -0.4266626456223166, 0.266995208544613, 0.6146227054573693, 0.31031743908137194, 0.23250356605723488], "coverage_estimated_second_order_diff": [0.057306341850655584, 0.06973856042573331, 0.0838521929705667, 0.09000645330901114, 0.08425291612868888, 0.031045304450039994, 0.0074266077052000945, 0.014378638266999921, 0.016337630585800067, 0.007339295578600025, 0.008542424948399852, 0.017721295730266595, 0.0813966510826667, 0.00014908294701221347, 0.020357192442200023]}