{"coverage_estimated_first_order": [1.4914496099995185, 1.2170768821206575, 1.3564940269252987, 1.3581731574273543, 1.2155298566789108, 1.1131965644591606, 1.3144733894300773, 0.7292136105797965, 0.9114729852795305, 0.9460154705053019, 1.0896584212028262, 0.9642885317355202, 1.3897711978109593, 0.7121619697393972, 0.692589459262626], "coverage_estimated_second_order": [0.7106854851101998, 0.8610689299180999, 0.8342735866541999, 0.852220990802, 0.8695078953431999, 0.52652612466294, 0.7798229129194999, 0.9741347472847002, 0.22998328693939998, 0.23448125224379998, 0.536798615071, 0.38920149997699993, 0.6173167744335999, 0.12049578740443999, 0.9649892623596001], "sol": [0.0, 1.0, 1.0, 1.0, 1.0, 0.0, 0.0, 1.0, 0.0, 0.0, 0.0, 0.0, 0.0, 0.0, 1.0], "coverage": [0.7822612847222222, 1.0, 1.0, 1.0, 1.0, 0.5343967013888888, 0.7950390625, 1.0, 0.2448611111111111, 0.25067708333333333, 0.5689887152777777, 0.414453125, 0.6793142361111111, 0.11577256944444445, 1.0], "coverage_estimated_first_order_diff": [0.7091883252772962, 0.21707688212065746, 0.35649402692529875, 0.35817315742735434, 0.21552985667891078, 0.5787998630702718, 0.5194343269300773, -0.2707863894202035, 0.6666118741684194, 0.6953383871719685, 0.5206697059250485, 0.5498354067355202, 0.7104569616998482, 0.5963894002949527, -0.30741054073737395], "coverage_estimated_second_order_diff": [-0.07157579961202243, -0.1389310700819001, -0.16572641334580007, -0.14777900919800002, -0.13049210465680006, -0.007870576725948819, -0.015216149580500105, -0.025865252715299825, -0.01487782417171113, -0.016195831089533347, -0.032190100206777705, -0.025251625023000046, -0.06199746167751119, 0.004723217959995543, -0.03501073764039986]}