{"coverage_estimated_first_order": [1.33744309602802, 1.4233136835372022, 1.7646697821623454, 1.697672534511715, 1.643913398766541, 0.9152267734018799, 1.2395616900236863, 1.037263769504471, 1.2689510665305106, 1.2713909277334032, 1.0754035101209671, 1.1604718368540061, 1.2409276939405938, 0.881822946477945, 1.016515481789335], "coverage_estimated_second_order": [0.9500319793451998, 0.9512632766254001, 0.7883892995128001, 0.7795461295725999, 0.7999071288023999, 0.99837624959482, 0.4400013124469, 0.3105822433537, 0.5789305691855, 0.5407098048358, 1.0008837245754, 0.43086536019359994, 0.9501120256419999, 0.9614307709152501, 1.0076740474978], "sol": [1.0, 1.0, 0.0, 0.0, 0.0, 1.0, 0.0, 0.0, 0.0, 0.0, 1.0, 0.0, 1.0, 1.0, 1.0], "coverage": [1.0, 1.0, 0.8149826388888889, 0.8059114583333333, 0.8212717013888889, 1.0, 0.45321180555555557, 0.3245659722222222, 0.5801128472222222, 0.5485894097222223, 1.0, 0.42930555555555555, 1.0, 1.0, 1.0], "coverage_estimated_first_order_diff": [0.3374430960280199, 0.4233136835372022, 0.9496871432734565, 0.8917610761783816, 0.8226416973776521, -0.08477322659812014, 0.7863498844681307, 0.7126977972822488, 0.6888382193082884, 0.722801518011181, 0.07540351012096713, 0.7311662812984505, 0.24092769394059377, -0.11817705352205499, 0.01651548178933493], "coverage_estimated_second_order_diff": [-0.049968020654800216, -0.04873672337459989, -0.026593339376088765, -0.026365328760733386, -0.02136457258648905, -0.0016237504051800355, -0.013210493108655574, -0.013983728868522227, -0.0011822780367222174, -0.007879604886422253, 0.0008837245754000911, 0.001559804638044393, -0.049887974358000076, -0.03856922908474991, 0.007674047497800096]}