{"coverage_estimated_first_order": [1.4882686509789478, 1.6659195582062647, 1.492321581064476, 1.6027911636514625, 1.4676570291882676, 1.3869125521842047, 0.991361721734204, 1.2858999328546503, 1.3483912502576483, 1.0022147033053441, 1.1178878538690793, 1.1649797350084736, 1.4163534618176659, 0.9040524087033105, 1.024933517460115], "coverage_estimated_second_order": [0.5225916910278, 0.6093911320333001, 0.818686686732, 0.7933234340227002, 0.8057114835507, 0.62170537942004, 0.9861107560604001, 0.6697806609963001, 0.6608849116165001, 0.9827376756508, 0.3399931617372, 0.4967364312753999, 0.8189308522648001, 1.00087986574391, 0.2957589655576], "sol": [0.0, 0.0, 1.0, 1.0, 1.0, 0.0, 1.0, 0.0, 0.0, 1.0, 0.0, 0.0, 1.0, 1.0, 0.0], "coverage": [0.5999652777777778, 0.7073220486111111, 1.0, 1.0, 1.0, 0.6876866319444445, 1.0, 0.6771440972222222, 0.6684852430555556, 1.0, 0.3710807291666667, 0.5277083333333333, 1.0, 1.0, 0.3210807291666667], "coverage_estimated_first_order_diff": [0.88830337320117, 0.9585975095951536, 0.4923215810644761, 0.6027911636514625, 0.46765702918826757, 0.6992259202397603, -0.008638278265795996, 0.6087558356324281, 0.6799060072020927, 0.0022147033053441234, 0.7468071247024126, 0.6372714016751403, 0.41635346181766586, -0.0959475912966895, 0.7038527882934484], "coverage_estimated_second_order_diff": [-0.07737358674997774, -0.09793091657781106, -0.18131331326800004, -0.20667656597729978, -0.1942885164493, -0.06598125252440445, -0.013889243939599893, -0.007363436225922171, -0.007600331439055474, -0.017262324349200053, -0.031087567429466667, -0.03097190205793343, -0.1810691477351999, 0.0008798657439099689, -0.025321763609066683]}