{"coverage_estimated_first_order": [0.9893147291729427, 1.4992648357760014, 1.5273923898864112, 1.2311488190319435, 1.1278268428942988, 1.0407759133362324, 0.8718557818048134, 1.1505145825752303, 0.770323266017197, 1.266556270978467, 1.138094968169913, 0.8222610290470473, 1.3090314402909706, 0.8235326028850357, 1.0113528982677686], "coverage_estimated_second_order": [0.9942250116164999, 0.8295146318714999, 0.7888688326002, 1.0361057016514001, 1.0322653631941998, 0.51107619258074, 1.0136598340785001, 0.6857859972054, 1.002051669993, 0.7625096483029998, 0.6053191604935999, 1.0278878689206001, 0.6605925621520999, 0.33971274006893004, 0.4974016627782], "sol": [1.0, 0.0, 0.0, 1.0, 1.0, 0.0, 1.0, 0.0, 1.0, 0.0, 0.0, 1.0, 0.0, 0.0, 0.0], "coverage": [1.0, 0.8222135416666667, 0.7773133680555555, 1.0, 1.0, 0.480859375, 1.0, 0.6814019097222223, 1.0, 0.7585980902777778, 0.6037977430555556, 1.0, 0.6544748263888889, 0.3528602430555556, 0.4995703125], "coverage_estimated_first_order_diff": [-0.01068527082705728, 0.6770512941093347, 0.7500790218308557, 0.2311488190319435, 0.1278268428942988, 0.5599165383362324, -0.12814421819518662, 0.46911267285300806, -0.22967673398280297, 0.5079581807006892, 0.5342972251143575, -0.17773897095295266, 0.6545566139020818, 0.47067235982948014, 0.5117825857677687], "coverage_estimated_second_order_diff": [-0.0057749883835001015, 0.0073010902048331605, 0.011555464544644511, 0.036105701651400146, 0.032265363194199814, 0.03021681758074002, 0.013659834078500133, 0.0043840874831777565, 0.0020516699929999938, 0.003911558025222028, 0.001521417438044348, 0.027887868920600134, 0.006117735763211063, -0.013147502986625537, -0.0021686497217999756]}