{"coverage_estimated_first_order": [1.500424038171002, 1.2063067426475902, 1.6125435157965853, 1.5429756074419225, 1.4156763107543706, 1.040454147754272, 1.514988772341353, 0.9369030008723788, 1.0950431582947864, 1.6003751715432597, 1.4539714717580672, 1.0427136194551745, 1.1963353770447949, 0.8836431326968539, 0.9685086214758633], "coverage_estimated_second_order": [0.7165938535494001, 0.9606231201351, 0.6698549924166001, 0.5869397098111999, 0.508738927351, 0.35788125170184, 0.8269011728143, 1.012323625761, 1.0171868782740001, 0.8712415819813999, 0.7447852452153, 1.0109785150191, 0.9773370272182, 1.01073404096658, 0.9997528090556], "sol": [0.0, 1.0, 0.0, 0.0, 0.0, 0.0, 0.0, 1.0, 1.0, 0.0, 0.0, 1.0, 1.0, 1.0, 1.0], "coverage": [0.7421440972222222, 1.0, 0.709921875, 0.6206336805555556, 0.5349175347222223, 0.37224392361111114, 0.8199609375, 1.0, 1.0, 0.8489236111111111, 0.7371875, 1.0, 1.0, 1.0, 1.0], "coverage_estimated_first_order_diff": [0.7582799409487797, 0.2063067426475902, 0.9026216407965852, 0.922341926886367, 0.8807587760321484, 0.6682102241431608, 0.6950278348413531, -0.06309699912762123, 0.09504315829478638, 0.7514515604321486, 0.7167839717580672, 0.04271361945517449, 0.19633537704479487, -0.1163568673031461, -0.03149137852413675], "coverage_estimated_second_order_diff": [-0.025550243672822104, -0.039376879864900016, -0.040066882583399965, -0.03369397074435565, -0.02617860737122224, -0.014362671909271152, 0.006940235314299992, 0.01232362576099999, 0.017186878274000117, 0.02231797087028875, 0.007597745215299989, 0.010978515019099966, -0.02266297278179996, 0.010734040966579927, -0.00024719094439995537]}