{"coverage_estimated_first_order": [1.0528613987627307, 1.1562066445681456, 1.267230868581812, 1.284168490033577, 1.2630496728236962, 0.7369293228610283, 1.2854255937291883, 0.756039930572702, 1.3468712599344763, 1.0513126200642855, 1.28009555268548, 0.9679864250550758, 1.1837726774665, 0.7941919908937703, 0.8082523808315735], "coverage_estimated_second_order": [0.217044391796, 0.26723141689839996, 0.38286036274409996, 0.44503790324150005, 0.5102005053798, 0.97212237235604, 0.7417497979848999, 0.9896833530362001, 0.7792304945820001, 1.013669935506, 0.7189353304171999, 1.0075500173848, 0.4755567867834, 1.0177717696708601, 1.003494126646], "sol": [0.0, 0.0, 0.0, 0.0, 0.0, 1.0, 0.0, 1.0, 0.0, 1.0, 0.0, 1.0, 0.0, 1.0, 1.0], "coverage": [0.16002170138888888, 0.21366319444444445, 0.3419878472222222, 0.41173611111111114, 0.47605902777777775, 1.0, 0.7324348958333333, 1.0, 0.7493315972222222, 1.0, 0.7039366319444444, 1.0, 0.44872395833333334, 1.0, 1.0], "coverage_estimated_first_order_diff": [0.8928396973738417, 0.9425434501237011, 0.9252430213595899, 0.872432378922466, 0.7869906450459184, -0.2630706771389717, 0.552990697895855, -0.24396006942729798, 0.5975396627122541, 0.0513126200642855, 0.5761589207410356, -0.032013574944924184, 0.7350487191331667, -0.20580800910622965, -0.19174761916842653], "coverage_estimated_second_order_diff": [0.05702269040711111, 0.05356822245395551, 0.04087251552187776, 0.03330179213038892, 0.03414147760202224, -0.027877627643959957, 0.009314902151566606, -0.010316646963799858, 0.02989889735977791, 0.01366993550599993, 0.014998698472755478, 0.00755001738479999, 0.02683282845006668, 0.017771769670860138, 0.0034941266460000175]}