{"coverage_estimated_first_order": [0.988133881613521, 1.500655662893461, 1.1544349688468325, 1.4449890056667065, 1.3756023367792185, 0.6908705659274197, 1.050906141531829, 0.8578389045845697, 0.8759627722615109, 1.258625446779352, 1.0365074326248578, 1.0855508297534824, 1.168725572587511, 0.9005324671243965, 0.9573438289947092], "coverage_estimated_second_order": [1.0222474884175998, 0.865655644908, 1.0306900262102, 0.7675304404866, 0.7698297826314, 0.99706574355684, 0.38845580936519997, 0.22958607581899998, 0.9558853634686, 0.6603696368957999, 0.9639344891457998, 0.48528935714300003, 0.4965093043697, 0.46186572746914994, 0.9672592803964], "sol": [1.0, 0.0, 1.0, 0.0, 0.0, 1.0, 0.0, 0.0, 1.0, 0.0, 1.0, 0.0, 0.0, 0.0, 1.0], "coverage": [1.0, 0.8486935763888889, 1.0, 0.7645746527777778, 0.7748654513888888, 1.0, 0.39028211805555557, 0.2368185763888889, 1.0, 0.6779123263888889, 1.0, 0.48483506944444443, 0.5023524305555556, 0.4740711805555556, 1.0], "coverage_estimated_first_order_diff": [-0.011866118386478997, 0.6519620865045722, 0.1544349688468325, 0.6804143528889287, 0.6007368853903297, -0.3091294340725803, 0.6606240234762735, 0.6210203281956808, -0.12403722773848913, 0.5807131203904632, 0.03650743262485778, 0.600715760309038, 0.6663731420319554, 0.4264612865688409, -0.042656171005290844], "coverage_estimated_second_order_diff": [0.022247488417599826, 0.016962068519111084, 0.030690026210199894, 0.0029557877088222106, -0.005035668757488843, -0.0029342564431600326, -0.0018263086903556047, -0.007232500569888917, -0.04411463653140002, -0.017542689493089014, -0.03606551085420018, 0.0004542876985555999, -0.005843126185855585, -0.012205453086405638, -0.03274071960360003]}