{"coverage_estimated_first_order": [1.2877420368919028, 1.8375546994582699, 1.534119900848829, 1.5477944755677935, 1.3908256486413777, 1.2307369818540992, 1.0314516597718288, 1.2521884942929404, 0.912983005836602, 1.3330889784679325, 1.3620874966594811, 1.1764509368252964, 1.5450609276070992, 0.9306322290780144, 0.9365306135143995], "coverage_estimated_second_order": [0.8505989354165999, 0.73830745383, 0.8113598103316, 0.8377716666494001, 0.8713713109511001, 0.52859306239074, 0.9429552269510002, 0.6166111876643, 0.9972945438804, 0.6456007840882, 0.6882318658518, 0.501209970557, 0.6043382793225001, 0.33052625888383, 0.9924855203712002], "sol": [1.0, 0.0, 1.0, 1.0, 1.0, 0.0, 1.0, 0.0, 1.0, 0.0, 0.0, 0.0, 0.0, 0.0, 1.0], "coverage": [1.0, 0.8650130208333333, 1.0, 1.0, 1.0, 0.5327430555555556, 1.0, 0.6448611111111111, 1.0, 0.6526128472222222, 0.6939192708333334, 0.5160633680555555, 0.6787065972222223, 0.34372395833333336, 1.0], "coverage_estimated_first_order_diff": [0.2877420368919028, 0.9725416786249366, 0.5341199008488291, 0.5477944755677935, 0.3908256486413777, 0.6979939262985436, 0.031451659771828844, 0.6073273831818293, -0.08701699416339803, 0.6804761312457103, 0.6681682258261478, 0.6603875687697409, 0.866354330384877, 0.586908270744681, -0.06346938648560052], "coverage_estimated_second_order_diff": [-0.14940106458340008, -0.12670556700333335, -0.18864018966840002, -0.16222833335059994, -0.1286286890488999, -0.004149993164815569, -0.0570447730489998, -0.028249923446811098, -0.002705456119600047, -0.0070120631340222506, -0.005687404981533417, -0.01485339749855552, -0.0743683178997222, -0.01319769944950333, -0.007514479628799808]}