{"coverage_estimated_first_order": [1.330926589599533, 1.0119994460805064, 1.430135059489031, 1.4306219083916663, 0.9585030349810408, 1.0486831749391967, 1.2535862740626504, 0.7253879324875694, 1.3092353325572774, 0.9454304442173554, 0.8217696241672034, 1.1416291010093327, 1.2984723070532462, 0.7092745484278428, 1.0638338046003737], "coverage_estimated_second_order": [0.763402547265, 1.0066620353355997, 0.7512054547918999, 0.7736249915360002, 0.9905016247039999, 0.59898024051022, 0.7393878206567001, 1.0026103786790002, 0.8046342082414, 1.0372107954754002, 1.0197120985688, 0.6452356916741999, 0.7183836131916, 1.02836321920885, 0.5775187614162], "sol": [0.0, 1.0, 0.0, 0.0, 1.0, 0.0, 0.0, 1.0, 0.0, 1.0, 1.0, 0.0, 0.0, 1.0, 0.0], "coverage": [0.7663671875, 1.0, 0.7676302083333333, 0.7990538194444444, 1.0, 0.6180121527777778, 0.7489973958333334, 1.0, 0.7693359375, 1.0, 1.0, 0.6348871527777777, 0.7308680555555556, 1.0, 0.5726258680555556], "coverage_estimated_first_order_diff": [0.564559402099533, 0.011999446080506404, 0.6625048511556977, 0.6315680889472218, -0.041496965018959164, 0.43067102216141895, 0.5045888782293171, -0.2746120675124306, 0.5398993950572775, -0.05456955578264455, -0.17823037583279655, 0.5067419482315549, 0.5676042514976907, -0.29072545157215723, 0.4912079365448181], "coverage_estimated_second_order_diff": [-0.0029646402349999823, 0.006662035335599725, -0.016424753541433357, -0.02542882790844425, -0.009498375296000061, -0.019031912267557738, -0.0096095751766333, 0.002610378679000158, 0.03529827074140002, 0.03721079547540018, 0.019712098568799963, 0.010348538896422177, -0.012484442363955517, 0.0283632192088501, 0.004892893360644357]}