{"coverage_estimated_first_order": [1.136042433035353, 1.2291820844190737, 1.3344801650640863, 1.464776515721793, 1.0105953908106977, 1.0863793372127688, 1.0412017137713865, 0.9091166847322328, 0.9543762805466345, 1.4341936973088538, 1.2787727912463789, 0.8381247747947944, 1.0314373454686667, 0.7811643720676636, 0.8105650269181465], "coverage_estimated_second_order": [0.40731074795749994, 0.45063473628899997, 0.5592542927894, 0.7779707353518, 0.9997470944585999, 0.62265006439802, 0.3979596596621, 0.3395382715312, 1.0297555593156, 0.8625309727917999, 0.7215255662369, 0.9973651845999, 1.0104120760922002, 1.0178665725041398, 1.0027812726234], "sol": [0.0, 0.0, 0.0, 0.0, 1.0, 0.0, 0.0, 0.0, 1.0, 0.0, 0.0, 1.0, 1.0, 1.0, 1.0], "coverage": [0.39905815972222225, 0.44985243055555557, 0.5627821180555556, 0.7790147569444444, 1.0, 0.6221310763888889, 0.4058203125, 0.3536935763888889, 1.0, 0.8324392361111111, 0.7105946180555556, 1.0, 1.0, 1.0, 1.0], "coverage_estimated_first_order_diff": [0.7369842733131307, 0.7793296538635182, 0.7716980470085307, 0.6857617587773485, 0.010595390810697713, 0.46424826082387993, 0.6353814012713865, 0.555423108343344, -0.04562371945336552, 0.6017544611977427, 0.5681781731908233, -0.1618752252052056, 0.03143734546866672, -0.21883562793233635, -0.18943497308185353], "coverage_estimated_second_order_diff": [0.008252588235277691, 0.0007823057334443995, -0.003527825266155582, -0.0010440215926444951, -0.0002529055414001169, 0.0005189880091310828, -0.007860652837899995, -0.0141553048576889, 0.029755559315600033, 0.030091736680688763, 0.010930948181344435, -0.0026348154001000212, 0.010412076092200184, 0.01786657250413981, 0.0027812726233999996]}