{"coverage_estimated_first_order": [1.566482369371435, 1.2994574119035267, 1.7641263477296538, 1.3618897595614432, 1.5866846373504542, 1.0402338431087577, 1.2740443375674808, 1.1607515517545173, 1.0988622286357221, 1.1582503843159162, 1.2527074851959985, 1.2932793287760789, 1.262853285091847, 1.1109323455748634, 1.116632960502941], "coverage_estimated_second_order": [0.7235160870101, 0.9498084814082002, 0.7838485465, 0.9608902194626, 0.7264658301833999, 0.36432034250313994, 0.9322225243422001, 0.9291090929066002, 1.0296856075574998, 1.030877327514, 0.49523304817179997, 0.5863862526585001, 0.9357669716064001, 0.5136444114579, 0.4052358941026], "sol": [0.0, 1.0, 0.0, 1.0, 0.0, 0.0, 1.0, 1.0, 1.0, 1.0, 0.0, 0.0, 1.0, 0.0, 0.0], "coverage": [0.7496397569444444, 1.0, 0.8275868055555555, 1.0, 0.7404730902777777, 0.36769097222222225, 1.0, 1.0, 1.0, 1.0, 0.4911328125, 0.5691449652777778, 1.0, 0.4946701388888889, 0.40154079861111114], "coverage_estimated_first_order_diff": [0.8168426124269905, 0.2994574119035267, 0.9365395421740983, 0.3618897595614432, 0.8462115470726764, 0.6725428708865354, 0.2740443375674808, 0.16075155175451727, 0.09886222863572214, 0.1582503843159162, 0.7615746726959984, 0.7241343634983011, 0.262853285091847, 0.6162622066859745, 0.7150921618918299], "coverage_estimated_second_order_diff": [-0.02612366993434445, -0.05019151859179982, -0.043738259055555506, -0.039109780537399996, -0.014007260094377805, -0.0033706297190823076, -0.0677774756577999, -0.07089090709339985, 0.029685607557499827, 0.030877327513999964, 0.004100235671799957, 0.01724128738072228, -0.0642330283935999, 0.018974272569011075, 0.0036950954914888867]}