{"coverage_estimated_first_order": [1.1408439034144777, 1.235244507059208, 1.3474705148864128, 0.9888961251481465, 1.2778525566708192, 0.9727288436669862, 0.8755813609712118, 1.1590104723457164, 0.9538572855680858, 1.4385055669190554, 1.3196955403959274, 0.9143832682985962, 1.2464280980062385, 0.6801002913533941, 0.8577382576624809], "coverage_estimated_second_order": [0.4480317694346, 0.49150183205520004, 0.6115112004974, 0.9185961473656001, 0.6296148809016001, 0.49133161825294003, 0.9951165234559001, 0.6888952962136, 1.0271791136861999, 0.869635588999, 0.7650041521427, 1.0092373452630001, 0.6355976918974, 1.0137653174364598, 1.0055982938710002], "sol": [0.0, 0.0, 0.0, 1.0, 0.0, 0.0, 1.0, 0.0, 1.0, 0.0, 0.0, 1.0, 0.0, 1.0, 1.0], "coverage": [0.49266927083333334, 0.5452690972222223, 0.6815538194444445, 1.0, 0.6997439236111112, 0.5233376736111112, 1.0, 0.6833072916666667, 1.0, 0.8405512152777778, 0.74875, 1.0, 0.6927951388888889, 1.0, 1.0], "coverage_estimated_first_order_diff": [0.6481746325811444, 0.6899754098369857, 0.6659166954419683, -0.01110387485185349, 0.578108633059708, 0.44939117005587503, -0.12441863902878825, 0.4757031806790497, -0.0461427144319142, 0.5979543516412776, 0.5709455403959274, -0.08561673170140383, 0.5536329591173497, -0.3198997086466059, -0.1422617423375191], "coverage_estimated_second_order_diff": [-0.04463750139873335, -0.05376726516702224, -0.07004261894704444, -0.08140385263439986, -0.07012904270951104, -0.03200605535817114, -0.0048834765440999295, 0.005588004546933312, 0.02717911368619985, 0.02908437372122219, 0.016254152142699985, 0.00923734526300013, -0.057197446991488876, 0.013765317436459812, 0.005598293871000193]}