{"coverage_estimated_first_order": [1.0031120253356207, 1.5100647342432931, 1.5123385909245581, 1.1493081976206292, 1.408210915666642, 0.9073195117989189, 0.9496191066607249, 1.2211661117613986, 1.017845505870457, 1.0923395878580182, 0.8914678318220738, 0.8739216592743397, 1.0353947401576835, 0.7753551285204368, 1.1391492381812587], "coverage_estimated_second_order": [1.008024779566, 0.8434050053469999, 0.7971742123078, 1.0007755695408, 0.749673233829, 0.36221028517953996, 1.0103716961578, 0.7125493907471999, 0.4094801110156, 0.4690993401662, 1.002245965228, 1.0121624535336, 1.0233696739081999, 0.21755651506471999, 0.6557433824901001], "sol": [1.0, 0.0, 0.0, 1.0, 0.0, 0.0, 1.0, 0.0, 0.0, 0.0, 1.0, 1.0, 1.0, 0.0, 0.0], "coverage": [1.0, 0.8376171875, 0.7962413194444444, 1.0, 0.7461414930555555, 0.3618532986111111, 1.0, 0.7026388888888889, 0.4074826388888889, 0.4640798611111111, 1.0, 1.0, 1.0, 0.21052083333333332, 0.6504166666666666], "coverage_estimated_first_order_diff": [0.003112025335620716, 0.6724475467432931, 0.7160972714801137, 0.1493081976206292, 0.6620694226110865, 0.5454662131878079, -0.05038089333927509, 0.5185272228725096, 0.610362866981568, 0.6282597267469071, -0.10853216817792621, -0.12607834072566027, 0.03539474015768351, 0.5648342951871035, 0.48873257151459204], "coverage_estimated_second_order_diff": [0.008024779566000007, 0.0057878178469998875, 0.0009328928633555167, 0.0007755695408000474, 0.003531740773444425, 0.0003569865684288631, 0.010371696157799981, 0.009910501858310994, 0.001997472126711086, 0.005019479055088871, 0.002245965228000024, 0.012162453533600015, 0.023369673908199884, 0.0070356817313866615, 0.00532671582343347]}