{"coverage_estimated_first_order": [1.2780967157926002, 1.434750957043769, 1.2530442695339623, 1.3906108996636082, 1.290676718542975, 1.2616851778318159, 0.9866862336730146, 0.8573938509100251, 0.8118618572483465, 1.2503306097124325, 0.9624289640557903, 0.8923202123777454, 1.2089966865792903, 0.7829462296049867, 0.8702366123402888], "coverage_estimated_second_order": [0.4952181860034, 0.5803069290777999, 0.8491153278304, 0.8364936718884001, 0.8393792847097999, 0.6345151329735, 0.2942117901614, 0.21855584996389998, 0.9853113706894001, 0.6804100846411999, 0.3119822865497, 0.2435138095541, 0.8488825492268002, 1.0053754359443199, 0.265529118509], "sol": [0.0, 0.0, 1.0, 1.0, 1.0, 0.0, 0.0, 0.0, 1.0, 0.0, 0.0, 0.0, 1.0, 1.0, 0.0], "coverage": [0.5492057291666667, 0.6488368055555556, 1.0, 1.0, 1.0, 0.6876866319444445, 0.29411458333333335, 0.2152170138888889, 1.0, 0.6807335069444445, 0.33042100694444443, 0.2542361111111111, 1.0, 1.0, 0.2888454861111111], "coverage_estimated_first_order_diff": [0.7288909866259335, 0.7859141514882135, 0.2530442695339623, 0.3906108996636082, 0.29067671854297505, 0.5739985458873714, 0.6925716503396813, 0.6421768370211361, -0.18813814275165353, 0.569597102767988, 0.6320079571113458, 0.6380841012666343, 0.20899668657929027, -0.21705377039501328, 0.5813911262291778], "coverage_estimated_second_order_diff": [-0.05398754316326665, -0.06852987647775566, -0.1508846721696, -0.16350632811159993, -0.16062071529020006, -0.05317149897094442, 9.720682806663161e-05, 0.0033388360750110924, -0.014688629310599888, -0.00032342230324455823, -0.018438720394744423, -0.010722301557011094, -0.15111745077319982, 0.005375435944319884, -0.023316367602111088]}