{"coverage_estimated_first_order": [0.6244815397092486, 1.0951006465043431, 1.0776817861460533, 0.7446747035830494, 1.054441402020363, 0.6568647630941409, 0.7275115443070638, 0.6143345120608642, 0.6664616044230054, 0.6628634023206574, 0.4460444359031335, 0.6629245375146465, 0.6596776468699503, 0.5427699804121917, 0.7504666029380825], "coverage_estimated_second_order": [1.0240091270293998, 0.8360480751136, 0.780725452176, 1.0417635567354, 0.7762653400348001, 0.36937037262013994, 0.3824613776492001, 0.2749086330032, 0.2964443105968, 0.2537580127716, 0.963510489076, 0.3289336932981999, 1.0427416718014, 0.19697607378669, 0.5136620585159], "sol": [1.0, 0.0, 0.0, 1.0, 0.0, 0.0, 0.0, 0.0, 0.0, 0.0, 1.0, 0.0, 1.0, 0.0, 0.0], "coverage": [1.0, 0.8152517361111111, 0.7582552083333334, 1.0, 0.7461414930555555, 0.3618532986111111, 0.39694444444444443, 0.2865017361111111, 0.3150390625, 0.27188802083333335, 1.0, 0.34838975694444446, 1.0, 0.1875607638888889, 0.5392925347222223], "coverage_estimated_first_order_diff": [-0.3755184602907514, 0.279848910393232, 0.3194265778127199, -0.25532529641695056, 0.3082999089648074, 0.2950114644830298, 0.33056709986261934, 0.3278327759497531, 0.35142254192300537, 0.3909753814873241, -0.5539555640968665, 0.31453478057020207, -0.34032235313004966, 0.35520921652330284, 0.21117406821586027], "coverage_estimated_second_order_diff": [0.024009127029399835, 0.020796339002488895, 0.022470243842666604, 0.0417635567354, 0.03012384697924453, 0.007517074009028846, -0.01448306679524436, -0.011593103107911118, -0.018594751903200035, -0.01813000806173337, -0.03648951092399999, -0.01945606364624458, 0.04274167180139998, 0.009415309897801094, -0.025630476206322306]}