{"coverage_estimated_first_order": [1.2965094514019384, 1.0325452774927093, 1.1364337827753972, 1.0799529965701884, 1.319124726450267, 0.8545127885694579, 1.1639780447552268, 0.6239330541405684, 0.7021009051566169, 0.7509304640228329, 0.7483451153769572, 0.7471379955449785, 0.9502086209512788, 0.6642632872352087, 0.693618454654212], "coverage_estimated_second_order": [0.7086791589332, 0.911417513572, 0.9152509027219999, 0.9262453436764, 0.7068999103970001, 0.42141344937209996, 0.7528046210534, 0.9730174252360002, 0.052269592472400005, 0.09801357020859999, 0.1442804635846, 0.203811948662, 0.926212171675, 0.20403222631478, 0.1304087521856], "sol": [0.0, 1.0, 1.0, 1.0, 0.0, 0.0, 0.0, 1.0, 0.0, 0.0, 0.0, 0.0, 1.0, 0.0, 0.0], "coverage": [0.7453776041666667, 1.0, 1.0, 1.0, 0.7415798611111111, 0.4150390625, 0.7537109375, 1.0, 0.018355034722222222, 0.06863715277777778, 0.12121527777777778, 0.18762586805555556, 1.0, 0.1938671875, 0.10180989583333333], "coverage_estimated_first_order_diff": [0.5511318472352718, 0.0325452774927093, 0.1364337827753972, 0.0799529965701884, 0.5775448653391559, 0.4394737260694579, 0.41026710725522686, -0.37606694585943157, 0.6837458704343947, 0.6822933112450551, 0.6271298375991795, 0.5595121274894229, -0.04979137904872122, 0.4703960997352087, 0.5918085588208787], "coverage_estimated_second_order_diff": [-0.03669844523346666, -0.08858248642800004, -0.08474909727800006, -0.07375465632360001, -0.03467995071411101, 0.0063743868720999575, -0.0009063164465999973, -0.02698257476399979, 0.03391455775017778, 0.029376417430822213, 0.023065185806822222, 0.016186080606444442, -0.07378782832499997, 0.01016503881477998, 0.028598856352266666]}