{"coverage_estimated_first_order": [1.5791334504797894, 1.3338742302429272, 1.4865989451277892, 1.8490510966203446, 1.3772868554620439, 1.0026244180055912, 1.4786360733115156, 0.9148914793307901, 1.3030989687747223, 1.0249956491134884, 1.230006349546406, 1.012119053875677, 1.4941196383279234, 1.0569497699957962, 1.0856442811120168], "coverage_estimated_second_order": [0.7439991793593002, 0.9591111433433999, 0.9488929371498999, 0.8003701799821001, 0.9626602586487999, 0.98682470834542, 0.798701870439, 0.9876230237992001, 0.6333728828340001, 0.9859931235628, 0.488915952347, 1.0085388341313, 0.616790985987, 0.51912951789634, 0.3935749184528], "sol": [0.0, 1.0, 1.0, 0.0, 1.0, 1.0, 0.0, 1.0, 0.0, 1.0, 0.0, 1.0, 0.0, 0.0, 0.0], "coverage": [0.7505164930555556, 1.0, 1.0, 0.84078125, 1.0, 1.0, 0.7970442708333333, 1.0, 0.634921875, 1.0, 0.49063368055555556, 1.0, 0.6424956597222222, 0.5248003472222222, 0.4025607638888889], "coverage_estimated_first_order_diff": [0.8286169574242338, 0.3338742302429272, 0.48659894512778923, 1.0082698466203446, 0.3772868554620439, 0.0026244180055912114, 0.6815918024781823, -0.08510852066920993, 0.6681770937747223, 0.024995649113488394, 0.7393726689908504, 0.012119053875677022, 0.8516239786057012, 0.5321494227735739, 0.683083517223128], "coverage_estimated_second_order_diff": [-0.006517313696255411, -0.04088885665660014, -0.05110706285010014, -0.0404110700178999, -0.037339741351200106, -0.01317529165457998, 0.001657599605666693, -0.012376976200799916, -0.0015489921659999073, -0.0140068764372, -0.0017177282085555357, 0.008538834131299966, -0.025704673735222228, -0.005670829325882254, -0.00898584543608888]}