{"coverage_estimated_first_order": [1.3369005696931995, 1.4839462113036392, 1.7001368800129255, 1.4892811273515703, 1.4340579994197795, 1.0407759133362355, 1.2550560954206078, 1.1381150674539997, 0.9103806868349869, 1.4321533642204491, 1.2907114491696623, 1.0252086723171845, 1.519382927635539, 1.0363440896487919, 1.137788037239866], "coverage_estimated_second_order": [0.4571959136491, 0.5405405390600999, 0.7085073630638001, 0.9000459941612002, 0.921911271342, 0.91370781033154, 0.9515809092767, 0.9615545995627001, 0.9919189774312002, 0.764058420494, 0.5620722632267999, 0.9682348137788002, 0.6127795368555999, 0.47111407813431994, 0.467283048375], "sol": [0.0, 0.0, 0.0, 1.0, 1.0, 1.0, 1.0, 1.0, 1.0, 0.0, 0.0, 1.0, 0.0, 0.0, 0.0], "coverage": [0.4687369791666667, 0.5527907986111111, 0.7318055555555556, 1.0, 1.0, 1.0, 1.0, 1.0, 1.0, 0.7664496527777778, 0.5789322916666667, 1.0, 0.6280208333333334, 0.47334635416666665, 0.47604166666666664], "coverage_estimated_first_order_diff": [0.8681635905265328, 0.9311554126925281, 0.9683313244573699, 0.48928112735157026, 0.4340579994197795, 0.040775913336235536, 0.2550560954206078, 0.1381150674539997, -0.08961931316501315, 0.6657037114426714, 0.7117791575029956, 0.02520867231718449, 0.8913620943022057, 0.5629977354821252, 0.6617463705731994], "coverage_estimated_second_order_diff": [-0.011541065517566673, -0.012250259551011222, -0.023298192491755465, -0.09995400583879976, -0.07808872865799998, -0.08629218966845997, -0.04841909072329997, -0.03844540043729994, -0.008081022568799834, -0.0023912322837778, -0.01686002843986678, -0.03176518622119984, -0.015241296477733424, -0.002232276032346714, -0.008758618291666631]}