{"coverage_estimated_first_order": [1.1194772186689637, 1.2498566455160998, 1.4199855670510002, 1.1038191326153193, 1.4340579994197795, 0.736709018215514, 1.1135477622444476, 1.028287686628777, 1.165544838713562, 0.8862423334637599, 1.121706918051552, 0.9519888001891433, 1.2481470553713043, 0.9117984697827329, 0.9867898858644588], "coverage_estimated_second_order": [0.3978400014271, 0.49365516092139994, 0.6954662831414999, 0.9786915134386001, 0.7911821576388001, 1.03232475844714, 0.9559755714094, 0.9508741770666003, 0.6393493719336, 0.9837146055, 0.5007295485778, 0.9606978655494, 0.575002114788, 0.46983480079541995, 0.4331527744364], "sol": [0.0, 0.0, 0.0, 1.0, 0.0, 1.0, 1.0, 1.0, 0.0, 1.0, 0.0, 1.0, 0.0, 0.0, 0.0], "coverage": [0.4328168402777778, 0.5266883680555555, 0.7220920138888889, 1.0, 0.7994618055555556, 1.0, 1.0, 1.0, 0.6348697916666667, 1.0, 0.5106857638888889, 1.0, 0.5816493055555556, 0.4742578125, 0.42993055555555554], "coverage_estimated_first_order_diff": [0.6866603783911859, 0.7231682774605442, 0.6978935531621113, 0.10381913261531928, 0.634596193864224, -0.26329098178448596, 0.11354776224444763, 0.028287686628776898, 0.5306750470468954, -0.11375766653624009, 0.6110211541626631, -0.048011199810856664, 0.6664977498157487, 0.43754065728273295, 0.5568593303089033], "coverage_estimated_second_order_diff": [-0.03497683885067776, -0.033033207134155584, -0.026625730747388943, -0.021308486561399942, -0.008279647916755506, 0.03232475844714, -0.04402442859059996, -0.04912582293339973, 0.004479580266933292, -0.016285394499999994, -0.009956215311088812, -0.039302134450600046, -0.0066471907675556, -0.004423011704580038, 0.003222218880844452]}