{"coverage_estimated_first_order": [1.402648941826955, 1.1094691707809534, 1.5878778721312223, 1.252987544534088, 1.1295113615771244, 1.0484628702936825, 1.0858109081739302, 0.9879962938532734, 1.095827736292487, 0.7548499472995619, 1.0051563131888162, 1.0876590799038008, 1.363413662519965, 0.8271122554461382, 0.9120314009938126], "coverage_estimated_second_order": [0.7566753530410999, 0.977230655153, 0.8186413922377, 1.0206672535594001, 1.0273016204317, 0.51237979774862, 1.0054681206390002, 1.0015733625062, 0.5784622601174, 0.9598039991367999, 0.36782816765660004, 0.5350683109522, 0.6950165122523999, 0.3423099070946, 0.31351371529960004], "sol": [0.0, 1.0, 0.0, 1.0, 1.0, 0.0, 1.0, 1.0, 0.0, 1.0, 0.0, 0.0, 0.0, 0.0, 0.0], "coverage": [0.7580381944444444, 1.0, 0.8169835069444444, 1.0, 1.0, 0.48561631944444444, 1.0, 1.0, 0.6091536458333333, 1.0, 0.38826822916666665, 0.5425694444444444, 0.6794184027777778, 0.35619791666666667, 0.33110677083333334], "coverage_estimated_first_order_diff": [0.6446107473825106, 0.10946917078095342, 0.7708943651867779, 0.2529875445340879, 0.1295113615771244, 0.562846550849238, 0.08581090817393022, -0.012003706146726634, 0.4866740904591538, -0.2451500527004381, 0.6168880840221496, 0.5450896354593564, 0.6839952597421873, 0.47091433877947153, 0.5809246301604793], "coverage_estimated_second_order_diff": [-0.001362841403344528, -0.022769344846999995, 0.001657885293255612, 0.020667253559400134, 0.027301620431700035, 0.026763478304175525, 0.005468120639000151, 0.0015733625061999934, -0.030691385715933328, -0.040196000863200076, -0.02044006151006661, -0.007501133492244461, 0.015598109474622146, -0.01388800957206665, -0.017593055533733304]}