{"coverage_estimated_first_order": [1.2695744669599411, 1.3583999821063326, 1.6899636472372612, 1.5837893976758248, 1.5403185289951844, 0.8698436541708608, 1.2336196406880662, 1.0447497719393597, 1.1235286620378522, 1.6027988823588801, 1.1012152978008065, 1.0119013298672366, 1.4111218622970887, 0.9167025418570732, 1.3020466292632342], "coverage_estimated_second_order": [1.0051961641565998, 0.9986801857647001, 0.7609431799108, 0.6769404636402001, 0.7244322432038, 0.9747049342526399, 0.43598468020500003, 0.31754840971180004, 1.0129164452089, 0.8663190765332, 0.9957904322339001, 0.9896995620624, 0.5726335384993, 1.01210133114694, 0.620729487708], "sol": [1.0, 1.0, 0.0, 0.0, 0.0, 1.0, 0.0, 0.0, 1.0, 0.0, 1.0, 1.0, 0.0, 1.0, 0.0], "coverage": [1.0, 1.0, 0.7805078125, 0.7135243055555556, 0.7549131944444445, 1.0, 0.43623697916666665, 0.3239973958333333, 1.0, 0.8508159722222223, 1.0, 1.0, 0.5999652777777778, 1.0, 0.6179123263888889], "coverage_estimated_first_order_diff": [0.26957446695994114, 0.3583999821063326, 0.9094558347372612, 0.8702650921202693, 0.7854053345507399, -0.13015634582913915, 0.7973826615213995, 0.7207523761060264, 0.12352866203785218, 0.7519829101366579, 0.10121529780080651, 0.011901329867236576, 0.8111565845193109, -0.08329745814292677, 0.6841343028743453], "coverage_estimated_second_order_diff": [0.005196164156599847, -0.001319814235299921, -0.01956463258920005, -0.036583841915355464, -0.030480951240644538, -0.025295065747360068, -0.00025229896166661936, -0.006448986121533273, 0.012916445208899896, 0.015503104310977678, -0.004209567766099931, -0.010300437937600049, -0.027331739278477762, 0.012101331146940009, 0.002817161319111028]}