{"coverage_estimated_first_order": [1.1827545262700383, 0.8433436880098587, 1.317001075136917, 1.3507848408660459, 0.9372695263432483, 0.6874359751353353, 0.6726169729382723, 0.982403572553276, 0.8051470302568305, 0.8122887407497382, 0.613068088111607, 0.872274195459121, 1.0846200242732136, 0.7002699075130383, 0.9055885260351921], "coverage_estimated_second_order": [0.7900645798698, 1.0247116846114, 0.8673594787853999, 0.8718544527495001, 1.0589863995777, 1.04182733054434, 1.0197217773429998, 0.6622751453392001, 0.2951384958906, 0.2583859660338, 0.981887989246, 0.45552201658319996, 0.6365035579291999, 0.26839128675467, 0.5539068323036], "sol": [0.0, 1.0, 0.0, 0.0, 1.0, 1.0, 1.0, 0.0, 0.0, 0.0, 1.0, 0.0, 0.0, 0.0, 0.0], "coverage": [0.7721831597222222, 1.0, 0.8438020833333333, 0.8293663194444445, 1.0, 1.0, 1.0, 0.6555989583333334, 0.3119574652777778, 0.27055555555555555, 1.0, 0.46629340277777775, 0.6189800347222222, 0.26143663194444444, 0.5737543402777778], "coverage_estimated_first_order_diff": [0.4105713665478161, -0.1566563119901413, 0.4731989918035837, 0.5214185214216014, -0.06273047365675166, -0.3125640248646647, -0.3273830270617277, 0.32680461421994267, 0.49318956497905275, 0.5417331851941827, -0.38693191188839304, 0.40598079268134324, 0.4656399895509914, 0.43883327556859386, 0.3318341857574143], "coverage_estimated_second_order_diff": [0.017881420147577876, 0.024711684611399942, 0.023557395452066587, 0.04248813330505563, 0.05898639957770002, 0.04182733054433996, 0.019721777342999847, 0.006676187005866696, -0.016818969387177807, -0.012169589521755564, -0.01811201075400004, -0.010771386194577792, 0.017523523206977698, 0.006954654810225558, -0.01984750797417778]}