{"coverage_estimated_first_order": [1.3565478307903283, 1.0761606586227574, 1.5904768580568065, 1.2608591224180354, 1.588543847473494, 0.7897790944039799, 1.3407381834463166, 0.7994258787710451, 0.9113439796635752, 1.027719048153617, 1.0082255590706313, 0.7457002125128239, 1.0955299599544959, 0.8887432967945632, 0.8991029729191892], "coverage_estimated_second_order": [0.7403603727352, 0.9920476462864, 0.8439465660846001, 0.9989745626492001, 0.8628515885718, 0.9969880605561401, 0.8078887184767999, 1.0185223201931002, 0.22648312310160001, 0.35980504398620006, 0.37874749981800004, 0.9874206379266, 0.9856502097416, 0.39572928346455, 0.30858272967940004], "sol": [0.0, 1.0, 0.0, 1.0, 0.0, 1.0, 0.0, 1.0, 0.0, 0.0, 0.0, 1.0, 1.0, 0.0, 0.0], "coverage": [0.7407552083333333, 1.0, 0.8535373263888889, 1.0, 0.8599435763888889, 1.0, 0.7932465277777778, 1.0, 0.2369704861111111, 0.36822048611111113, 0.3877083333333333, 1.0, 1.0, 0.3882378472222222, 0.3236848958333333], "coverage_estimated_first_order_diff": [0.615792622456995, 0.07616065862275745, 0.7369395316679176, 0.26085912241803544, 0.7286002710846052, -0.21022090559602014, 0.5474916556685387, -0.2005741212289549, 0.6743734935524641, 0.6594985620425058, 0.620517225737298, -0.2542997874871761, 0.09552995995449587, 0.500505449572341, 0.5754180770858559], "coverage_estimated_second_order_diff": [-0.00039483559813335845, -0.007952353713600036, -0.009590760304288848, -0.0010254373507998515, 0.002908012182911146, -0.0030119394438599123, 0.014642190699022062, 0.018522320193100184, -0.010487363009511086, -0.008415442124911077, -0.008960833515333277, -0.012579362073400047, -0.014349790258399997, 0.007491436242327787, -0.015102166153933283]}