{"coverage_estimated_first_order": [0.7446311014746232, 0.7923791323703439, 0.8718277036103554, 0.9650050604365958, 0.5303676090029599, 0.6797490181778886, 0.7070201576594117, 0.6054892764806074, 0.5614177165033033, 1.020913383564699, 0.9940197498759953, 0.557653058061896, 0.7782550964561327, 0.5852213638841964, 0.5478846098887012], "coverage_estimated_second_order": [0.2976629146543, 0.3036626419174, 0.41499033417920006, 0.6250734388524, 0.9259851857723999, 0.42627179919682, 0.30475631491730004, 0.23871571671619998, 1.0189308197576001, 0.778290420104, 0.7358204744250001, 1.0137632639549998, 0.38611901976279994, 0.29966717186221, 1.0171252946556], "sol": [0.0, 0.0, 0.0, 0.0, 1.0, 0.0, 0.0, 0.0, 1.0, 0.0, 0.0, 1.0, 0.0, 0.0, 1.0], "coverage": [0.30613715277777775, 0.3145659722222222, 0.44188802083333334, 0.6787630208333333, 1.0, 0.4583246527777778, 0.29627170138888886, 0.23588975694444445, 1.0, 0.7595572916666666, 0.7100911458333333, 1.0, 0.41735677083333333, 0.30585069444444446, 1.0], "coverage_estimated_first_order_diff": [0.43849394869684544, 0.47781316014812164, 0.4299396827770221, 0.28624203960326255, -0.46963239099704013, 0.2214243654001108, 0.41074845627052287, 0.3695995195361629, -0.4385822834966967, 0.26135609189803244, 0.28392860404266196, -0.442346941938104, 0.36089832562279933, 0.279370669439752, -0.45211539011129875], "coverage_estimated_second_order_diff": [-0.00847423812347775, -0.010903330304822212, -0.02689768665413328, -0.05368958198093332, -0.07401481422760015, -0.032052853580957774, 0.008484613528411178, 0.0028259597717555374, 0.018930819757600137, 0.018733128437333324, 0.025729328591666767, 0.013763263954999827, -0.031237751070533393, -0.00618352258223448, 0.017125294655599976]}