{"coverage_estimated_first_order": [0.8430117182748141, 1.3595191872347352, 0.9558506332775432, 1.2500684233421608, 1.123568482781256, 0.7362536851584388, 0.9006019045012842, 0.7529787761603786, 0.6665906921385976, 1.063540440296883, 0.6951941267989888, 0.8684002935629408, 0.7873747462681653, 0.7648958395555304, 0.9583728243862953], "coverage_estimated_second_order": [1.0369055427432, 0.8878376986327998, 1.0381287754392, 0.7226918775322, 0.6076741345418, 0.28477964190142, 0.4146205782336, 0.28543140288519997, 1.0205469234484001, 0.6824822244172, 1.0214538133202, 0.4448620829639, 1.0119977469905002, 0.40800203165881993, 0.5972554978604], "sol": [1.0, 0.0, 1.0, 0.0, 0.0, 0.0, 0.0, 0.0, 1.0, 0.0, 1.0, 0.0, 1.0, 0.0, 0.0], "coverage": [1.0, 0.8517881944444444, 1.0, 0.7105772569444444, 0.6035633680555555, 0.2905034722222222, 0.41423177083333335, 0.28770399305555555, 1.0, 0.6684548611111111, 1.0, 0.4390017361111111, 1.0, 0.41519965277777776, 0.5778515625], "coverage_estimated_first_order_diff": [-0.15698828172518586, 0.5077309927902908, -0.04414936672245684, 0.5394911663977164, 0.5200051147257004, 0.4457502129362166, 0.48637013366795084, 0.465274783104823, -0.33340930786140244, 0.39508557918577203, -0.30480587320101116, 0.4293985574518297, -0.21262525373183472, 0.34969618677775266, 0.3805212618862953], "coverage_estimated_second_order_diff": [0.036905542743199904, 0.0360495041883554, 0.0381287754391999, 0.012114620587755587, 0.0041107664862444215, -0.0057238303208022034, 0.0003888074002666442, -0.0022725901703555818, 0.020546923448400145, 0.014027363306088891, 0.02145381332020002, 0.005860346852788911, 0.011997746990500158, -0.007197621118957831, 0.01940393536039997]}