{"coverage_estimated_first_order": [1.4034600633994228, 1.1471964276576863, 1.250363183970228, 1.483364946173075, 1.3774779631063498, 0.6985575228848696, 1.1103446897205052, 0.9962938173557779, 1.0959568240080793, 0.7549893939581559, 1.0072168499071605, 1.0882339026362937, 1.2623951631862398, 0.9158143566551861, 0.9163650583244831], "coverage_estimated_second_order": [0.7308835589004, 0.9848536562199, 0.9946692977216999, 0.7828665381521, 0.7497203529119, 0.99142494637422, 0.9756804604803002, 0.9811705867082, 0.5784965806421001, 0.9597643650198, 0.36931227303120007, 0.5369228497059999, 0.5793536610358, 0.48274198260333, 0.3116469439738], "sol": [0.0, 1.0, 1.0, 0.0, 0.0, 1.0, 1.0, 1.0, 0.0, 1.0, 0.0, 0.0, 0.0, 0.0, 0.0], "coverage": [0.7313975694444445, 1.0, 1.0, 0.7778342013888889, 0.7498828125, 1.0, 1.0, 1.0, 0.6092447916666667, 1.0, 0.3899652777777778, 0.5437673611111111, 0.5825390625, 0.49557725694444443, 0.3327821180555556], "coverage_estimated_first_order_diff": [0.6720624939549783, 0.14719642765768626, 0.25036318397022805, 0.705530744784186, 0.6275951506063498, -0.3014424771151304, 0.11034468972050515, -0.003706182644222067, 0.4867120323414126, -0.2450106060418441, 0.6172515721293828, 0.5444665415251826, 0.6798561006862398, 0.42023709971074164, 0.5835829402689275], "coverage_estimated_second_order_diff": [-0.0005140105440444298, -0.015146343780100047, -0.005330702278300126, 0.0050323367632111315, -0.00016245958810001682, -0.008575053625780038, -0.024319539519699784, -0.01882941329179999, -0.030748211024566596, -0.0402356349802, -0.02065300474657772, -0.00684451140511122, -0.0031854014641999884, -0.012835274341114422, -0.02113517408175558]}