{"coverage_estimated_first_order": [1.303318340726954, 1.4220934543808608, 1.6011459827468282, 1.2883110075571962, 1.633481280440138, 0.9727288436669862, 1.0221470970294249, 1.3173573834052767, 1.5200950962109665, 1.2088516253577493, 1.0931109826776788, 1.1489003384083072, 1.4585419488792015, 0.9096306305301001, 1.2984044819497362], "coverage_estimated_second_order": [0.43050638743610004, 0.4854037388673999, 0.6758231237576, 0.9667437586385, 0.7943341898255001, 1.02822313158374, 0.9629983906957, 0.6651218734264, 0.7921554116874, 0.9962355597546, 0.9652570357015999, 0.9757073289589999, 0.6685024152144, 1.01367599568512, 0.6284143654145], "sol": [0.0, 0.0, 0.0, 1.0, 0.0, 1.0, 1.0, 0.0, 0.0, 1.0, 1.0, 1.0, 0.0, 1.0, 0.0], "coverage": [0.4903472222222222, 0.5495746527777777, 0.7343359375, 1.0, 0.8121788194444445, 1.0, 1.0, 0.6861024305555555, 0.7804513888888889, 1.0, 1.0, 1.0, 0.7070572916666666, 1.0, 0.6373524305555556], "coverage_estimated_first_order_diff": [0.8129711185047317, 0.872518801603083, 0.8668100452468281, 0.2883110075571962, 0.8213024609956935, -0.027271156333013802, 0.022147097029424856, 0.6312549528497212, 0.7396437073220776, 0.20885162535774926, 0.09311098267767881, 0.1489003384083072, 0.7514846572125349, -0.09036936946989993, 0.6610520513941807], "coverage_estimated_second_order_diff": [-0.05984083478612218, -0.06417091391037782, -0.05851281374240003, -0.03325624136149996, -0.017844629618944396, 0.028223131583740013, -0.037001609304299965, -0.020980557129155586, 0.011704022798511127, -0.0037644402454000137, -0.03474296429840007, -0.02429267104100008, -0.03855487645226663, 0.013675995685120013, -0.008938065141055551]}