{"coverage_estimated_first_order": [0.8627019748841258, 0.9322672754134725, 1.0445535105676673, 1.0734059513745287, 1.0627855357732654, 0.5009094974095559, 0.8598700090796356, 0.754645442827045, 0.9560781102420932, 1.0209133835646989, 1.2142020214630969, 0.8242163922487327, 0.8903755474628919, 0.9028600131354936, 0.7311212561424445], "coverage_estimated_second_order": [0.1526259064028, 0.16402383236180001, 0.3061838555335, 0.4032329460756, 0.4850002661908, 0.9655739782608401, 0.31388959947319994, 0.2606227396686, 0.9180126556846, 0.9161587034204001, 0.6851304017504, 0.905860478488, 0.23357193424559997, 0.5390715830732, 0.9256933017312001], "sol": [0.0, 0.0, 0.0, 0.0, 0.0, 1.0, 0.0, 0.0, 1.0, 1.0, 0.0, 1.0, 0.0, 0.0, 1.0], "coverage": [0.07482204861111111, 0.082890625, 0.24003038194444445, 0.36020399305555556, 0.4583246527777778, 1.0, 0.30397135416666665, 0.2504253472222222, 1.0, 1.0, 0.7340668402777778, 1.0, 0.18651041666666668, 0.5173697916666666, 1.0], "coverage_estimated_first_order_diff": [0.7878799262730147, 0.8493766504134725, 0.8045231286232228, 0.713201958318973, 0.6044608829954876, -0.4990905025904441, 0.555898654912969, 0.5042200956048228, -0.043921889757906785, 0.02091338356469885, 0.48013518118531906, -0.17578360775126733, 0.7038651307962253, 0.38549022146882694, -0.2688787438575555], "coverage_estimated_second_order_diff": [0.07780385779168889, 0.08113320736180002, 0.06615347358905557, 0.04302895302004445, 0.026675613413022214, -0.03442602173915987, 0.009918245306533291, 0.010197392446377795, -0.0819873443154, -0.08384129657959993, -0.048936438527377835, -0.094139521512, 0.04706151757893329, 0.02170179140653339, -0.07430669826879988]}