{"coverage_estimated_first_order": [1.509185687855739, 1.2219514592565663, 1.7395643983897018, 1.3485026425012394, 1.6615088603323938, 0.8696233495253497, 1.0303015547181475, 1.3154779779556203, 1.1649773186169252, 1.2665492400331668, 1.3445137804946856, 1.0887591752748031, 1.4331757023934029, 1.1437361929501113, 1.1795392766904857], "coverage_estimated_second_order": [0.7345024461778, 0.9952852711179999, 0.8577075388193, 1.0206598742615003, 0.8387541364231001, 1.0213327850453402, 1.0033303924092, 0.7078139287498001, 0.9668723303347, 0.9719575100398001, 0.5863187862985999, 0.9526173832278001, 0.6296939292662, 0.5806391326182501, 0.4718055682172], "sol": [0.0, 1.0, 0.0, 1.0, 0.0, 1.0, 1.0, 0.0, 1.0, 1.0, 0.0, 1.0, 0.0, 0.0, 0.0], "coverage": [0.7422743055555555, 1.0, 0.8634157986111111, 1.0, 0.8254947916666666, 1.0, 1.0, 0.7047048611111111, 1.0, 1.0, 0.6017534722222222, 1.0, 0.6389713541666666, 0.5702647569444445, 0.4863324652777778], "coverage_estimated_first_order_diff": [0.7669113823001835, 0.22195145925656634, 0.8761485997785907, 0.3485026425012394, 0.8360140686657271, -0.1303766504746503, 0.03030155471814755, 0.6107731168445092, 0.16497731861692522, 0.2665492400331668, 0.7427603082724634, 0.08875917527480315, 0.7942043482267362, 0.5734714360056669, 0.6932068114127079], "coverage_estimated_second_order_diff": [-0.007771859377755486, -0.0047147288820000854, -0.00570825979181111, 0.02065987426150029, 0.013259344756433533, 0.021332785045340197, 0.003330392409200078, 0.0031090676386890115, -0.03312766966530001, -0.028042489960199868, -0.015434685923622293, -0.047382616772199904, -0.009277424900466569, 0.010374375673805614, -0.014526897060577804]}