{"coverage_estimated_first_order": [1.2834614412426422, 1.3816492123924322, 1.5627978977166566, 1.2707998894041377, 1.6332901727958322, 0.9727288436669861, 1.1387683087441647, 0.9885615980452144, 1.3811177672296635, 1.377860883319212, 1.2365520645917902, 1.3606740017114336, 1.4218270550230305, 1.0087642550547689, 1.1132944108241025], "coverage_estimated_second_order": [0.3789863476873, 0.3951230320327, 0.5957888066973, 0.9605736869949002, 0.794118255014, 1.0282231315838402, 0.2811278240658, 0.2221106138446, 0.7462167971678001, 0.7677111239872, 0.8295342124672999, 0.5399323871455999, 0.5878485867982001, 0.91238275025424, 0.8405281619501], "sol": [0.0, 0.0, 0.0, 1.0, 0.0, 1.0, 0.0, 0.0, 1.0, 1.0, 1.0, 0.0, 0.0, 1.0, 1.0], "coverage": [0.4278428819444444, 0.4437673611111111, 0.6406076388888889, 1.0, 0.8121788194444445, 1.0, 0.2851432291666667, 0.22750868055555556, 1.0, 1.0, 1.0, 0.6035850694444445, 0.6161675347222222, 1.0, 1.0], "coverage_estimated_first_order_diff": [0.8556185592981977, 0.9378818512813212, 0.9221902588277676, 0.2707998894041377, 0.8211113533513877, -0.027271156333013913, 0.853625079577498, 0.7610529174896588, 0.3811177672296635, 0.3778608833192121, 0.23655206459179023, 0.7570889322669891, 0.8056595203008083, 0.008764255054768855, 0.11329441082410252], "coverage_estimated_second_order_diff": [-0.048856534257144424, -0.0486443290784111, -0.04481883219158889, -0.0394263130050998, -0.01806056443044446, 0.028223131583840155, -0.004015405100866676, -0.005398066710955551, -0.2537832028321999, -0.23228887601280002, -0.17046578753270014, -0.06365268229884458, -0.02831894792402212, -0.08761724974576002, -0.15947183804989995]}