{"coverage_estimated_first_order": [0.7830446707761612, 0.8412664436005912, 1.1005276329877383, 1.0020065937531382, 0.9116517629608409, 0.5539795735980186, 0.717180530415466, 0.6009536489617572, 0.4221326748542412, 0.8401051363259515, 0.6964263171022257, 0.6119082692597502, 0.6089670931222773, 0.6610791722199677, 0.6280967156295718], "coverage_estimated_second_order": [1.042947046895, 1.0453899188112998, 0.7415780178082001, 0.6305456382674, 0.5348478042964, 0.18201629523733998, 0.31480105301399997, 0.22280993346129999, 0.9613601235959001, 0.5825505438057998, 0.34133306217799997, 0.22622276468770003, 0.9894550447327001, 0.409124074769, 0.2950877763146], "sol": [1.0, 1.0, 0.0, 0.0, 0.0, 0.0, 0.0, 0.0, 1.0, 0.0, 0.0, 0.0, 1.0, 0.0, 0.0], "coverage": [1.0, 1.0, 0.7043923611111111, 0.6215234375, 0.5350347222222223, 0.19537760416666666, 0.29388020833333334, 0.20963975694444445, 1.0, 0.6078342013888889, 0.35528645833333333, 0.23598958333333334, 1.0, 0.4196050347222222, 0.31047743055555554], "coverage_estimated_first_order_diff": [-0.21695532922383876, -0.15873355639940878, 0.3961352718766271, 0.3804831562531381, 0.3766170407386187, 0.358601969431352, 0.4233003220821327, 0.3913138920173127, -0.5778673251457588, 0.23227093493706263, 0.34113985876889236, 0.37591868592641686, -0.39103290687772274, 0.2414741374977455, 0.31761928507401627], "coverage_estimated_second_order_diff": [0.04294704689499995, 0.045389918811299834, 0.037185656697088953, 0.009022200767399902, -0.00018691792582226086, -0.013361308929326687, 0.020920844680666628, 0.013170176516855536, -0.03863987640409994, -0.025283657583089036, -0.013953396155333364, -0.009766818645633307, -0.010544955267299927, -0.010480959953222235, -0.015389654240955564]}