{"coverage_estimated_first_order": [1.134993851455024, 1.229058970518776, 1.5291072735859261, 1.4818606108043464, 0.9852665242055071, 0.9378907238401102, 1.2561448102582629, 0.7077012980039605, 0.9541238961022978, 1.0031350898380729, 1.0869358812465393, 1.0815531258349096, 1.2610822494717746, 0.9408151700340756, 0.9600188671721491], "coverage_estimated_second_order": [1.0159300358997, 1.0233232295517, 0.7789271832382001, 0.7802037346022, 0.9640832768814, 0.4353332940228401, 0.7235027335678, 0.9888859258383, 1.0460938575614998, 1.0527108302382, 0.4935723139628, 0.5252337895552, 0.6026417993447, 0.43093437441049, 0.38735596440780007], "sol": [1.0, 1.0, 0.0, 0.0, 1.0, 0.0, 0.0, 1.0, 1.0, 1.0, 0.0, 0.0, 0.0, 0.0, 0.0], "coverage": [1.0, 1.0, 0.7721397569444445, 0.8046788194444444, 1.0, 0.4630989583333333, 0.7237196180555555, 1.0, 1.0, 1.0, 0.47961805555555553, 0.5108897569444445, 0.6229123263888889, 0.412890625, 0.3753472222222222], "coverage_estimated_first_order_diff": [0.13499385145502396, 0.229058970518776, 0.7569675166414817, 0.677181791359902, -0.014733475794492912, 0.4747917655067769, 0.5324251922027073, -0.29229870199603947, -0.04587610389770225, 0.0031350898380728687, 0.6073178256909837, 0.5706633688904651, 0.6381699230828857, 0.5279245450340755, 0.584671644949927], "coverage_estimated_second_order_diff": [0.0159300358997001, 0.023323229551700075, 0.006787426293755616, -0.024475084842244366, -0.03591672311859995, -0.02776566431049321, -0.00021688448775547542, -0.01111407416169996, 0.04609385756149975, 0.0527108302382, 0.013954258407244458, 0.014344032610755453, -0.02027052704418897, 0.018043749410489973, 0.012008742185577848]}