{"coverage_estimated_first_order": [1.1681442532523463, 0.8325358978206483, 1.2409214581241101, 1.2416364324817923, 0.7817138319800544, 0.9234558005868077, 1.1046477805941413, 0.566171943435724, 0.8824937637746112, 0.9199202339000876, 0.9433626762356424, 0.8370933705828967, 1.1287070830680666, 0.47960507237055616, 0.550257249707184], "coverage_estimated_second_order": [0.7793199274478001, 1.0216767893561998, 0.7718586417087999, 0.7909910757744001, 1.0015913538724, 0.60216958671014, 0.7543851858038, 0.9960891327846001, 0.4482116064628, 0.46711629650880004, 0.5399367658548, 0.40732281139259996, 0.724385681847, 1.0018686257590301, 0.9761055443336001], "sol": [0.0, 1.0, 0.0, 0.0, 1.0, 0.0, 0.0, 1.0, 0.0, 0.0, 0.0, 0.0, 0.0, 1.0, 1.0], "coverage": [0.7690364583333333, 1.0, 0.7724348958333334, 0.8035026041666666, 1.0, 0.6180121527777778, 0.763984375, 1.0, 0.4750217013888889, 0.49538194444444444, 0.5677777777777778, 0.431875, 0.7264713541666666, 1.0, 1.0], "coverage_estimated_first_order_diff": [0.39910779491901294, -0.1674641021793517, 0.4684865622907768, 0.4381338283151257, -0.2182861680199456, 0.3054436478090299, 0.3406634055941412, -0.43382805656427603, 0.4074720623857223, 0.42453828945564315, 0.3755848984578646, 0.40521837058289667, 0.4022357289013999, -0.5203949276294438, -0.44974275029281596], "coverage_estimated_second_order_diff": [0.010283469114466759, 0.021676789356199766, -0.0005762541245334374, -0.012511528392266547, 0.0015913538723999476, -0.015842566067637787, -0.009599189196200064, -0.003910867215399905, -0.02681009492608888, -0.0282656479356444, -0.027841011922977832, -0.02455218860740005, -0.0020856723196666094, 0.0018686257590301292, -0.023894455666399916]}