{"coverage_estimated_first_order": [1.1046805329213247, 1.635532227348445, 1.6852517289428217, 1.3383693973276831, 1.6835285960697426, 0.9727288436669831, 1.4144144929899696, 0.8519825334156607, 1.448880655510943, 1.0909373844391523, 0.9787473750604575, 1.2774395222671513, 1.5067633016916469, 0.9102439232909771, 1.2133779426069111], "coverage_estimated_second_order": [0.9907017746700001, 0.8213422957760002, 0.8005507673560999, 1.0179361929841, 0.8657383921914001, 1.02822313158384, 0.7496813312184, 0.9880151808944002, 0.7951845978190002, 1.0265928207594, 1.0079631091866001, 0.6357100715598, 0.7453296531202, 1.02298333350396, 0.5981040626761], "sol": [1.0, 0.0, 0.0, 1.0, 0.0, 1.0, 0.0, 1.0, 0.0, 1.0, 1.0, 0.0, 0.0, 1.0, 0.0], "coverage": [1.0, 0.83953125, 0.8152430555555555, 1.0, 0.8480859375, 1.0, 0.7702994791666666, 1.0, 0.7693402777777778, 1.0, 1.0, 0.6350390625, 0.7526519097222222, 1.0, 0.6011545138888889], "coverage_estimated_first_order_diff": [0.10468053292132473, 0.796000977348445, 0.8700086733872662, 0.3383693973276831, 0.8354426585697425, -0.02727115633301691, 0.6441150138233029, -0.14801746658433934, 0.6795403777331652, 0.09093738443915234, -0.021252624939542497, 0.6424004597671513, 0.7541113919694247, -0.08975607670902286, 0.6122234287180223], "coverage_estimated_second_order_diff": [-0.00929822532999991, -0.018188954223999798, -0.014692288199455672, 0.017936192984099986, 0.017652454691400088, 0.028223131583839933, -0.020618147948266663, -0.011984819105599787, 0.02584432004122239, 0.02659282075939995, 0.007963109186600148, 0.0006710090597999985, -0.007322256602022126, 0.02298333350395998, -0.003050451212788907]}