{"coverage_estimated_first_order": [0.9622817229177938, 1.474860076773142, 1.416534832927884, 1.3566257237395936, 1.2147596186954925, 0.7967473653453498, 1.1438310000713567, 1.020305253920011, 1.1716361604263281, 0.8101677668482798, 1.2179428223054327, 1.1705682018676382, 0.9702974207701169, 0.8819664007838267, 0.7936167940409133], "coverage_estimated_second_order": [0.9932304994357, 0.789711281253, 0.6474690009751001, 0.5848003973565999, 0.4706965779492999, 0.16191066842739993, 0.9663591298454002, 0.963478861799, 0.6807516995226002, 1.0023274032116, 0.6951374091364, 0.662309366491, 0.9528571234295999, 0.4249616605706701, 0.9959734358272001], "sol": [1.0, 0.0, 0.0, 0.0, 0.0, 0.0, 1.0, 1.0, 0.0, 1.0, 0.0, 0.0, 1.0, 0.0, 1.0], "coverage": [1.0, 0.7870486111111111, 0.6600607638888889, 0.6000868055555556, 0.48272569444444446, 0.17210503472222222, 1.0, 1.0, 0.6798524305555556, 1.0, 0.6884505208333334, 0.6480859375, 1.0, 0.4339453125, 1.0], "coverage_estimated_first_order_diff": [-0.03771827708220621, 0.6878114656620308, 0.7564740690389951, 0.756538918184038, 0.7320339242510481, 0.6246423306231277, 0.14383100007135674, 0.020305253920011035, 0.49178372987077257, -0.18983223315172015, 0.5294923014720994, 0.5224822643676382, -0.029702579229883064, 0.4480210882838267, -0.20638320595908666], "coverage_estimated_second_order_diff": [-0.006769500564300035, 0.002662670141888923, -0.012591762913788829, -0.015286408198955659, -0.012029116495144543, -0.010194366294822288, -0.03364087015459982, -0.036521138201, 0.0008992689670446197, 0.0023274032116000765, 0.006686888303066629, 0.014223428991000042, -0.04714287657040006, -0.008983651929329928, -0.004026564172799896]}