{"coverage_estimated_first_order": [1.1328485776769714, 1.2405166360433257, 1.3454387028847665, 1.4702440198386237, 0.9879613127913255, 0.9755868861136857, 1.3194362389206193, 0.8070855608744757, 1.271055339341921, 0.9600150869129604, 0.9386865203743019, 0.9966902816728825, 0.9882352014323861, 0.902165825883227, 1.1392943302479628], "coverage_estimated_second_order": [0.41287572283519997, 0.478396352391, 0.5832612671327, 0.7983582067536, 1.003542799198, 0.46911368274564, 0.7262030210724, 0.9729698765518001, 0.7227086738400998, 0.9710864639180001, 0.974542791959, 0.9745425884843998, 1.0294842959276, 0.4603810900078401, 0.6077205688748], "sol": [0.0, 0.0, 0.0, 0.0, 1.0, 0.0, 0.0, 1.0, 0.0, 1.0, 1.0, 1.0, 1.0, 0.0, 0.0], "coverage": [0.4183854166666667, 0.48618489583333335, 0.5914105902777778, 0.8011892361111111, 1.0, 0.46721788194444447, 0.7264583333333333, 1.0, 0.7230598958333333, 1.0, 1.0, 1.0, 1.0, 0.4696180555555556, 0.6033246527777778], "coverage_estimated_first_order_diff": [0.7144631610103047, 0.7543317402099924, 0.7540281126069888, 0.6690547837275126, -0.012038687208674514, 0.5083690041692412, 0.592977905587286, -0.1929144391255243, 0.5479954435085878, -0.03998491308703955, -0.06131347962569811, -0.0033097183271174613, -0.011764798567613921, 0.43254777032767144, 0.535969677470185], "coverage_estimated_second_order_diff": [-0.005509693831466711, -0.007788543442333373, -0.00814932314507777, -0.0028310293575111167, 0.003542799197999935, 0.0018958008011955574, -0.00025531226093333803, -0.027030123448199883, -0.0003512219932334526, -0.02891353608199987, -0.025457208041000046, -0.025457411515600215, 0.029484295927600046, -0.00923696554771547, 0.004395916097022168]}