{"coverage_estimated_first_order": [0.8297475246862388, 1.3491928547152896, 0.9720644764276215, 1.3326129949817949, 0.8431844100089128, 0.8697100866957524, 0.9012561590568833, 0.77002701570715, 1.0232437482010677, 0.7137364414088865, 0.9308828498941504, 0.6735011308908824, 1.0585246229701823, 0.7208685823063846, 0.8203178147510148], "coverage_estimated_second_order": [1.0320677120561998, 0.882065254965, 1.0526060860204, 0.8335535852213001, 1.0157523969826, 0.5192638751608201, 0.4177475283879999, 0.30612753455380004, 0.6465247550189, 1.0153329394794002, 0.5047510523564, 1.0196224791057, 0.5668189439914, 0.35129317704136, 0.39992707408640005], "sol": [1.0, 0.0, 1.0, 0.0, 1.0, 0.0, 0.0, 0.0, 0.0, 1.0, 0.0, 1.0, 0.0, 0.0, 0.0], "coverage": [1.0, 0.8413454861111112, 1.0, 0.8116493055555556, 1.0, 0.5199609375, 0.41707899305555557, 0.3084765625, 0.6346354166666667, 1.0, 0.49969618055555554, 1.0, 0.5594487847222223, 0.3617664930555556, 0.3956293402777778], "coverage_estimated_first_order_diff": [-0.1702524753137612, 0.5078473686041785, -0.027935523572378496, 0.5209636894262393, -0.15681558999108725, 0.3497491491957524, 0.4841771660013277, 0.46155045320715005, 0.388608331534401, -0.2862635585911135, 0.43118666933859484, -0.32649886910911763, 0.4990758382479601, 0.35910208925082904, 0.42468847447323704], "coverage_estimated_second_order_diff": [0.03206771205619985, 0.04071976885388884, 0.05260608602040007, 0.021904279665744486, 0.015752396982599892, -0.0006970623391799879, 0.00066853533244432, -0.0023490279461999553, 0.01188933835223338, 0.015332939479400176, 0.005054871800844518, 0.01962247910570003, 0.007370159269177723, -0.0104733160141956, 0.0042977338086222505]}