{"coverage_estimated_first_order": [1.2729896748686915, 0.9867884974168188, 1.1198880962734585, 1.4717711783013152, 1.0234791290893406, 0.7521696693008133, 0.677696272724847, 0.9761948855990281, 0.7004273522770021, 0.7344700341863696, 0.7583429164608765, 0.7527520035037345, 1.1524084580761897, 0.7067045927650315, 0.7140761449019277], "coverage_estimated_second_order": [0.789213740694, 1.0087389385582, 1.0036590013372, 0.8654627513486001, 1.0107470903696, 1.0067583424308, 0.9887532941482001, 0.6372849429102001, 0.049961571026599996, 0.065903975349, 0.1615603162594, 0.20958029868039998, 0.6534672498316, 0.27724991498207, 0.1664763232112], "sol": [0.0, 1.0, 1.0, 0.0, 1.0, 1.0, 1.0, 0.0, 0.0, 0.0, 0.0, 0.0, 0.0, 0.0, 0.0], "coverage": [0.7577734375, 1.0, 1.0, 0.8501085069444444, 1.0, 1.0, 1.0, 0.6408333333333334, 0.01724826388888889, 0.035590277777777776, 0.14004774305555556, 0.19389322916666665, 0.6344184027777777, 0.2658203125, 0.14104600694444444], "coverage_estimated_first_order_diff": [0.5152162373686915, -0.013211502583181156, 0.11988809627345853, 0.6216626713568708, 0.023479129089340578, -0.2478303306991867, -0.322303727275153, 0.33536155226569475, 0.6831790883881133, 0.6988797564085918, 0.6182951734053209, 0.5588587743370679, 0.517990055298412, 0.4408842802650315, 0.5730301379574833], "coverage_estimated_second_order_diff": [0.03144030319399993, 0.00873893855819996, 0.003659001337199985, 0.01535424440415567, 0.010747090369600087, 0.0067583424307999795, -0.011246705851799876, -0.003548390423133263, 0.0327133071377111, 0.030313697571222223, 0.02151257320384445, 0.01568706951373333, 0.01904884705382226, 0.011429602482070034, 0.02543031626675557]}