{"coverage_estimated_first_order": [0.8714974886301082, 0.9794030983550241, 0.7136362512043107, 1.1030359784832164, 0.6167683193933577, 0.7444827123433665, 0.485889429496305, 0.8197999848464426, 0.4211333106609227, 0.8439720716023239, 0.7168274034581799, 0.687100384105802, 0.8848163031752341, 0.5835740287199569, 0.6480951481189574], "coverage_estimated_second_order": [0.5805808625141999, 0.6925283463015001, 1.0506440212903998, 0.8587250841252, 1.0293757002380999, 0.5219796713935401, 0.9984951581568001, 0.6229672219532, 0.9631240654594, 0.5986118883403999, 0.4019004636065999, 0.3836370705158, 0.6115897030524, 0.30750774508469, 0.3434118096002], "sol": [0.0, 0.0, 1.0, 0.0, 1.0, 0.0, 1.0, 0.0, 1.0, 0.0, 0.0, 0.0, 0.0, 0.0, 0.0], "coverage": [0.5653211805555556, 0.6707465277777778, 1.0, 0.8337760416666666, 1.0, 0.5199609375, 1.0, 0.6292708333333333, 1.0, 0.6275, 0.4300217013888889, 0.40822916666666664, 0.6079730902777778, 0.32121961805555554, 0.36380208333333336], "coverage_estimated_first_order_diff": [0.30617630807455265, 0.3086565705772464, -0.28636374879568927, 0.2692599368165498, -0.38323168060664226, 0.22452177484336644, -0.514110570503695, 0.19052915151310923, -0.5788666893390773, 0.21647207160232396, 0.28680570206929096, 0.27887121743913534, 0.2768432128974563, 0.26235441066440135, 0.28429306478562405], "coverage_estimated_second_order_diff": [0.015259681958644356, 0.021781818523722296, 0.0506440212903998, 0.024949042458533355, 0.029375700238099878, 0.0020187338935400145, -0.0015048418431998778, -0.006303611380133356, -0.03687593454060001, -0.028888111659600035, -0.028121237782288977, -0.02459209615086666, 0.0036166127746222188, -0.013711872970865568, -0.020390273733133346]}