{"coverage_estimated_first_order": [1.3721969376139744, 1.1051501762763813, 1.1482502609116385, 1.35859948114041, 1.2215018407281195, 0.934577348336342, 1.3345893149655366, 0.7876773824640076, 1.2745343148941743, 0.9992927988417467, 1.0880044275040137, 0.8872246360548697, 1.2633851866413452, 0.7026425828236981, 0.955309002215052], "coverage_estimated_second_order": [0.7471100256891, 1.0304626088792002, 1.0145759353366999, 0.5905002241499001, 0.48122494664680004, 0.38501919449202, 0.8093180726722998, 0.9965274536916001, 0.7258889834995, 1.0208685539336, 0.49897425197480005, 1.0168297681749001, 0.6104509853788, 1.01306829353532, 0.40185772155340005], "sol": [0.0, 1.0, 1.0, 0.0, 0.0, 0.0, 0.0, 1.0, 0.0, 1.0, 0.0, 1.0, 0.0, 1.0, 0.0], "coverage": [0.7251432291666666, 1.0, 1.0, 0.5845833333333333, 0.48053819444444446, 0.39141927083333333, 0.7971310763888889, 1.0, 0.6935850694444444, 1.0, 0.4906640625, 1.0, 0.6132508680555555, 1.0, 0.40270399305555554], "coverage_estimated_first_order_diff": [0.6470537084473078, 0.10515017627638135, 0.1482502609116385, 0.7740161478070767, 0.7409636462836751, 0.5431580775030087, 0.5374582385766477, -0.21232261753599235, 0.5809492454497299, -0.00070720115825329, 0.5973403650040137, -0.11277536394513032, 0.6501343185857897, -0.29735741717630193, 0.5526050091594965], "coverage_estimated_second_order_diff": [0.021966796522433385, 0.03046260887920016, 0.014575935336699875, 0.005916890816566767, 0.0006867522023555894, -0.006400076341313343, 0.012186996283410911, -0.003472546308399882, 0.032303914055055616, 0.020868553933599987, 0.008310189474800056, 0.016829768174900117, -0.0027998826767554608, 0.013068293535319908, -0.0008462715021554934]}