{"coverage_estimated_first_order": [1.1387031155694258, 1.6803175714965888, 1.3468972875953422, 1.636435792333696, 1.552391539780205, 0.8160979402798088, 1.2397938254809788, 1.0476424020325852, 1.235650320667216, 1.3122218849077099, 1.5197473277272018, 1.0962719159537018, 1.3393150718614097, 1.1403253000039761, 1.0238903788685572], "coverage_estimated_second_order": [1.0048289507180999, 0.843058246563, 1.0072787533651, 0.7470955840351001, 0.7537946404126001, 0.9908668900304001, 0.4604328522074, 0.32757227253200005, 0.8882399824736003, 0.8856441097356, 0.6861239277418, 0.8779784282531, 0.48246737413929996, 0.5720790877208999, 0.9064773947528001], "sol": [1.0, 0.0, 1.0, 0.0, 0.0, 1.0, 0.0, 0.0, 1.0, 1.0, 0.0, 1.0, 0.0, 0.0, 1.0], "coverage": [1.0, 0.8466362847222222, 1.0, 0.7650217013888889, 0.7748654513888888, 1.0, 0.47564236111111113, 0.3418098958333333, 1.0, 1.0, 0.7634592013888889, 1.0, 0.5033940972222222, 0.5605078125, 1.0], "coverage_estimated_first_order_diff": [0.13870311556942583, 0.8336812867743666, 0.3468972875953422, 0.8714140909448072, 0.7775260883913162, -0.18390205972019125, 0.7641514643698677, 0.7058325061992519, 0.23565032066721603, 0.31222188490770986, 0.7562881263383129, 0.09627191595370177, 0.8359209746391876, 0.5798174875039761, 0.02389037886855716], "coverage_estimated_second_order_diff": [0.004828950718099856, -0.0035780381592221966, 0.007278753365099977, -0.017926117353788795, -0.021070810976288712, -0.009133109969599928, -0.015209508903711144, -0.014237623301333269, -0.11176001752639975, -0.11435589026439996, -0.07733527364708892, -0.12202157174689998, -0.020926723082922205, 0.011571275220899846, -0.09352260524719991]}