{"coverage_estimated_first_order": [1.4195133467416954, 1.1588552669279244, 1.2638287408867745, 1.1614754960313156, 1.392319059679897, 0.9343570436908278, 1.3483992984846676, 0.7795285583339565, 0.7690850731301073, 1.2802862708295015, 1.1159322267123373, 0.816437340305227, 1.2889011405477309, 0.8096999522482823, 0.9791496021281112], "coverage_estimated_second_order": [0.7342503853036, 0.9762436115147999, 0.9978151341641999, 0.9667088475752001, 0.6726121132266001, 0.38988003159011997, 0.8201711153870999, 1.0049423306582002, 1.0023608903419998, 0.7742158531308, 0.5621927987334, 1.0318512008053, 0.612682204547, 0.30829726736305996, 0.4488157909092], "sol": [0.0, 1.0, 1.0, 1.0, 0.0, 0.0, 0.0, 1.0, 1.0, 0.0, 0.0, 1.0, 0.0, 0.0, 0.0], "coverage": [0.7390538194444445, 1.0, 1.0, 1.0, 0.6838758680555556, 0.3917404513888889, 0.8107465277777778, 1.0, 1.0, 0.7663237847222222, 0.5591276041666666, 1.0, 0.6279991319444445, 0.316171875, 0.45255208333333335], "coverage_estimated_first_order_diff": [0.6804595272972509, 0.1588552669279244, 0.26382874088677455, 0.1614754960313156, 0.7084431916243416, 0.5426165923019389, 0.5376527707068898, -0.2204714416660435, -0.23091492686989268, 0.5139624861072793, 0.5568046225456706, -0.18356265969477303, 0.6609020086032864, 0.4935280772482823, 0.5265975187947778], "coverage_estimated_second_order_diff": [-0.004803434140844498, -0.02375638848520012, -0.0021848658358001316, -0.03329115242479985, -0.011263754828955475, -0.001860419798768942, 0.009424587609322077, 0.004942330658200156, 0.0023608903419998217, 0.007892068408577813, 0.0030651945667333758, 0.03185120080530002, -0.015316927397444502, -0.007874607636940034, -0.0037362924241333695]}