{"coverage_estimated_first_order": [0.9571862156469841, 1.0469031322019098, 1.1862256897595211, 0.9667234092486732, 0.9240830430245401, 1.0263409900829301, 0.8360773672046894, 0.7511731148063202, 1.1337383494304303, 0.8329718779487466, 0.9107452102739809, 0.682060968661997, 1.1412939038586074, 0.5991996660501375, 0.7930317503266647], "coverage_estimated_second_order": [0.39708336030979996, 0.4514510765062, 0.6097672476367999, 1.0534559466327, 1.0708527568102, 0.67623403268474, 0.2835533202786, 0.2575743202306, 0.7319228156265, 1.041920185615, 0.46844315784479995, 1.0175098990681999, 0.6848363571682, 1.0181673166608498, 0.34494439553699996], "sol": [0.0, 0.0, 0.0, 1.0, 1.0, 0.0, 0.0, 0.0, 0.0, 1.0, 0.0, 1.0, 0.0, 1.0, 0.0], "coverage": [0.3794661458333333, 0.42660590277777777, 0.5671875, 1.0, 1.0, 0.6357725694444445, 0.2765625, 0.25189670138888887, 0.6929513888888889, 1.0, 0.461328125, 1.0, 0.6543576388888889, 1.0, 0.33523871527777777], "coverage_estimated_first_order_diff": [0.5777200698136509, 0.620297229424132, 0.6190381897595212, -0.03327659075132683, -0.07591695697545986, 0.3905684206384856, 0.5595148672046895, 0.49927641341743134, 0.44078696054154143, -0.1670281220512534, 0.44941708527398094, -0.31793903133800305, 0.48693626496971854, -0.4008003339498625, 0.45779303504888696], "coverage_estimated_second_order_diff": [0.017617214476466636, 0.02484517372842221, 0.04257974763679995, 0.053455946632700035, 0.07085275681019998, 0.04046146324029554, 0.006990820278599985, 0.005677618841711141, 0.038971426737611115, 0.041920185614999994, 0.007115032844799973, 0.017509899068199886, 0.030478718279311146, 0.018167316660849808, 0.009705680259222194]}