{"coverage_estimated_first_order": [1.1070878365816161, 1.1715381519125938, 1.4362822682028986, 1.284358245149824, 1.1846898052258659, 0.8698436541708608, 1.0917293926910425, 0.9060531426593014, 0.9519512451337615, 1.4319152326025542, 1.300892972928646, 0.8390466606285609, 1.198836364779615, 0.6959112038680183, 0.8410444871121798], "coverage_estimated_second_order": [1.0234222630174001, 1.0110951851105001, 0.6547432852770001, 0.44789061459339996, 0.38949905194139994, 0.24927092623984, 0.4531923623024, 0.3233832045606, 1.0294653170621, 0.8618269097046001, 0.7518145127999, 0.9966711873243999, 0.4761673112379, 1.00763572980498, 1.0044832038866], "sol": [1.0, 1.0, 0.0, 0.0, 0.0, 0.0, 0.0, 0.0, 1.0, 0.0, 0.0, 1.0, 0.0, 1.0, 1.0], "coverage": [1.0, 1.0, 0.6302126736111111, 0.42434461805555557, 0.37015625, 0.23325520833333332, 0.45375, 0.33444444444444443, 1.0, 0.8320486111111111, 0.7407552083333333, 1.0, 0.46174045138888886, 1.0, 1.0], "coverage_estimated_first_order_diff": [0.10708783658161614, 0.1715381519125938, 0.8060695945917875, 0.8600136270942685, 0.8145335552258659, 0.6365884458375275, 0.6379793926910425, 0.5716086982148569, -0.0480487548662385, 0.5998666214914431, 0.5601377645953127, -0.16095333937143907, 0.7370959133907261, -0.3040887961319817, -0.15895551288782017], "coverage_estimated_second_order_diff": [0.023422263017400136, 0.011095185110500116, 0.02453061166588899, 0.023545996537844394, 0.019342801941399923, 0.016015717906506688, -0.0005576376975999775, -0.011061239883844443, 0.029465317062099983, 0.029778298593489017, 0.011059304466566666, -0.0033288126756001457, 0.014426859849011153, 0.007635729804980063, 0.004483203886600062]}