{"coverage_estimated_first_order": [1.3739772275641993, 1.495288246690784, 1.6285146808801685, 1.3006999961505934, 1.5356025514237903, 1.032546886151311, 1.3771900097485363, 1.2278188638089798, 1.2308132572941808, 1.3105110938421347, 1.2437619879496626, 1.1598568812924186, 1.2013921036628206, 0.8777011187997505, 1.134922143641748], "coverage_estimated_second_order": [0.51579119782, 0.5609919501220999, 0.6758316616764001, 0.9540510466044001, 0.7064961797176, 0.3561012050667999, 0.8125542530555999, 0.8337330182784001, 0.4236231646196, 0.47233233200420005, 0.8764265826013999, 0.8496591175884, 0.9645539764512001, 0.20326093620245, 0.9157273815667002], "sol": [0.0, 0.0, 0.0, 1.0, 0.0, 0.0, 1.0, 1.0, 0.0, 0.0, 1.0, 1.0, 1.0, 0.0, 1.0], "coverage": [0.5470095486111111, 0.5967057291666666, 0.7146267361111112, 1.0, 0.7250086805555556, 0.3618532986111111, 1.0, 1.0, 0.42647135416666665, 0.48451822916666665, 1.0, 1.0, 1.0, 0.20244791666666667, 1.0], "coverage_estimated_first_order_diff": [0.8269676789530882, 0.8985825175241173, 0.9138879447690573, 0.3006999961505934, 0.8105938708682348, 0.6706935875401998, 0.37719000974853634, 0.22781886380897975, 0.8043419031275141, 0.8259928646754681, 0.24376198794966264, 0.1598568812924186, 0.20139210366282057, 0.6752532021330839, 0.13492214364174804], "coverage_estimated_second_order_diff": [-0.031218350791111016, -0.03571377904456674, -0.038795074434711085, -0.0459489533955999, -0.018512500837955526, -0.005752093544311221, -0.18744574694440008, -0.16626698172159993, -0.0028481895470666707, -0.012185897162466597, -0.12357341739860006, -0.15034088241160004, -0.03544602354879989, 0.0008130195357833325, -0.0842726184332998]}