{"coverage_estimated_first_order": [1.4007816870472671, 1.5753820467969541, 1.3678783461085184, 1.7203972657665925, 1.606779949952029, 0.8614810595108308, 1.2838022181170785, 1.1494350612042714, 0.9485171122268987, 1.3815592184494085, 1.0301763802024362, 1.282345058592771, 1.2052546554956207, 1.0900745042299593, 1.259840786342018], "coverage_estimated_second_order": [0.5656306493756, 0.6695845852130999, 0.9483564233598, 0.8229353152464001, 0.7887621829526001, 0.9988670337960399, 0.9337589774189, 0.9306633899572999, 1.0035824045592, 0.6960080749623999, 0.9957944929587998, 0.5909116357573001, 0.9467674907782, 0.58252919341423, 0.6158800749284], "sol": [0.0, 0.0, 1.0, 0.0, 0.0, 1.0, 1.0, 1.0, 1.0, 0.0, 1.0, 0.0, 1.0, 0.0, 0.0], "coverage": [0.5948914930555556, 0.7071440972222223, 1.0, 0.8492230902777778, 0.8071354166666667, 1.0, 1.0, 1.0, 1.0, 0.6996571180555555, 1.0, 0.5951909722222222, 1.0, 0.5929383680555556, 0.6114670138888889], "coverage_estimated_first_order_diff": [0.8058901939917116, 0.8682379495747319, 0.36787834610851844, 0.8711741754888147, 0.7996445332853623, -0.13851894048916924, 0.2838022181170785, 0.1494350612042714, -0.05148288777310128, 0.681902100393853, 0.03017638020243618, 0.6871540863705488, 0.20525465549562072, 0.4971361361744038, 0.6483737724531291], "coverage_estimated_second_order_diff": [-0.029260843679955517, -0.03755951200912233, -0.05164357664020003, -0.02628777503137769, -0.018373233714066517, -0.001132966203960084, -0.06624102258109998, -0.06933661004270009, 0.003582404559199892, -0.003649043093155613, -0.004205507041200152, -0.004279336464922068, -0.053232509221800006, -0.010409174641325514, 0.0044130610395111125]}