{"coverage_estimated_first_order": [1.1052380216271247, 1.6360315590404626, 1.6864235954789413, 1.3391058877899047, 1.6835285960697426, 0.9727288436669832, 1.4834810962791012, 0.9003817385895969, 1.2637351639490932, 1.3679918850659702, 1.0216227269885978, 1.0108761880803145, 1.5046197715493992, 0.80056118930193, 1.2437911086127187], "coverage_estimated_second_order": [0.989770959188, 0.8208501374798, 0.8007660492628, 1.0162229345822, 0.8657383921914001, 1.02822313158384, 0.7995596808220999, 0.9818233197656001, 0.6096790364646, 0.691899064363, 0.9874773963817999, 1.0012310694642, 0.7414109064196, 0.9961376222725798, 0.6255708055277], "sol": [1.0, 0.0, 0.0, 1.0, 0.0, 1.0, 0.0, 1.0, 0.0, 0.0, 1.0, 1.0, 0.0, 1.0, 0.0], "coverage": [1.0, 0.8395703125, 0.8158203125, 1.0, 0.8480859375, 1.0, 0.8184244791666667, 1.0, 0.6269444444444444, 0.703828125, 1.0, 1.0, 0.7486762152777777, 1.0, 0.6309809027777777], "coverage_estimated_first_order_diff": [0.1052380216271247, 0.7964612465404626, 0.8706032829789413, 0.3391058877899047, 0.8354426585697425, -0.0272711563330168, 0.6650566171124345, -0.09961826141040309, 0.6367907195046488, 0.6641637600659702, 0.021622726988597796, 0.010876188080314542, 0.7559435562716215, -0.19943881069807, 0.612810205834941], "coverage_estimated_second_order_diff": [-0.010229040812000045, -0.01872017502020007, -0.015054263237199939, 0.016222934582200033, 0.017652454691400088, 0.028223131583839933, -0.01886479834456678, -0.01817668023439989, -0.017265407979844438, -0.011929060637000055, -0.012522603618200123, 0.0012310694641999298, -0.007265308858177777, -0.003862377727420152, -0.005410097250077794]}