{"coverage_estimated_first_order": [0.7798852752597145, 0.8316791584815825, 1.0776246050176612, 0.9115719277987918, 0.8082480008337903, 0.5085964543669995, 0.5311287507879058, 0.8375028412028849, 0.421470939921303, 0.844290536098714, 0.7362324231485508, 0.6873038024638903, 0.8164955150051639, 0.5775033419471731, 0.671438309710003], "coverage_estimated_second_order": [1.0319380401087999, 1.0252813184793999, 0.697734713387, 0.46790181474020004, 0.34604019818890003, 0.05477940200602, 0.9738899375342001, 0.6323421116282, 0.9632458990226999, 0.5987708080778, 0.4303336970558, 0.3834562581814, 0.43152019224649996, 0.28092574257685, 0.3717830834468], "sol": [1.0, 1.0, 0.0, 0.0, 0.0, 0.0, 1.0, 0.0, 1.0, 0.0, 0.0, 0.0, 0.0, 0.0, 0.0], "coverage": [1.0, 1.0, 0.6579079861111111, 0.4299088541666667, 0.31209635416666665, 0.03509548611111111, 1.0, 0.6375998263888889, 1.0, 0.6275347222222222, 0.45741753472222224, 0.40764756944444447, 0.3989756944444444, 0.28043402777777776, 0.3923394097222222], "coverage_estimated_first_order_diff": [-0.22011472474028548, -0.16832084151841753, 0.4197166189065501, 0.4816630736321251, 0.4961516466671237, 0.4735009682558884, -0.4688712492120942, 0.19990301481399597, -0.578529060078697, 0.2167558138764918, 0.2788148884263285, 0.27965623301944587, 0.4175198205607195, 0.29706931416939536, 0.27909889998778076], "coverage_estimated_second_order_diff": [0.03193804010879986, 0.02528131847939985, 0.039826727275888874, 0.03799296057353335, 0.03394384402223338, 0.019683915894908893, -0.026110062465799944, -0.005257714760688925, -0.03675410097730014, -0.028763914144422142, -0.02708383766642225, -0.024191311263044468, 0.03254449780205554, 0.0004917147990722293, -0.0205563262754222]}