{"coverage_estimated_first_order": [1.0226510748777264, 1.0970387760477542, 1.4407841477488814, 1.0902446339518281, 1.0249831242100782, 1.0340279470403735, 0.8436921255710648, 0.7023414493652234, 0.8091649941654917, 0.847248637192468, 0.7342828117389786, 0.6869033818635559, 1.2412362758373383, 0.49305545270347767, 0.688978214422206], "coverage_estimated_second_order": [0.9461001973682001, 0.9461757177482, 0.7493397230366001, 0.9670946045212001, 0.9712450026913999, 0.6781934068071, 0.263751313591, 0.164024888032, 0.2606142613219, 0.27716917204280006, 0.0962531095842, 0.0684874187594, 0.686179200898, 0.99060855550244, 0.11639421888259999], "sol": [1.0, 1.0, 0.0, 1.0, 1.0, 0.0, 0.0, 0.0, 0.0, 0.0, 0.0, 0.0, 0.0, 1.0, 0.0], "coverage": [1.0, 1.0, 0.7800824652777778, 1.0, 1.0, 0.6405295138888889, 0.24023871527777776, 0.1507769097222222, 0.23733072916666667, 0.2516970486111111, 0.05636284722222222, 0.03314236111111111, 0.7043098958333334, 1.0, 0.084140625], "coverage_estimated_first_order_diff": [0.02265107487772644, 0.09703877604775424, 0.6607016824711036, 0.09024463395182813, 0.0249831242100782, 0.3934984331514846, 0.603453410293287, 0.5515645396430011, 0.5718342649988251, 0.5955515885813569, 0.6779199645167564, 0.6537610207524448, 0.5369263800040049, -0.5069445472965224, 0.604837589422206], "coverage_estimated_second_order_diff": [-0.05389980263179994, -0.053824282251800026, -0.03074274224117768, -0.03290539547879989, -0.028754997308600094, 0.03766389291821115, 0.02351259831322225, 0.01324797830977778, 0.02328353215523335, 0.025472123431688976, 0.03989026236197778, 0.03534505764828889, -0.01813069493533337, -0.00939144449756002, 0.03225359388259999]}