{"coverage_estimated_first_order": [0.21741115795838742, 0.6512782024780179, 0.5824891788156532, 0.6347985854068598, 0.22660719825986092, 0.4292942694731075, 0.33476750038307723, 0.27093441231564275, 0.27930038275514124, 0.29104258484697754, 0.30236812644253686, 0.27061774067281474, 0.4842839425372231, 0.25398938116558706, 0.2846038287315388], "coverage_estimated_second_order": [0.982272915122, 0.741702565652, 0.632231870924, 0.7239016283940001, 0.978186274926, 0.42203160888060004, 0.152240123389, 0.0690719271884, 0.0240395270148, 0.0252763081452, 0.0658462445316, 0.028128173571400003, 0.46936907814199996, 0.09125240727441, 0.0783638695438], "sol": [1.0, 0.0, 0.0, 0.0, 1.0, 0.0, 0.0, 0.0, 0.0, 0.0, 0.0, 0.0, 0.0, 0.0, 0.0], "coverage": [1.0, 0.7629557291666667, 0.6698263888888889, 0.7601779513888889, 1.0, 0.4583246527777778, 0.16365451388888888, 0.07137152777777778, 0.004913194444444445, 0.004861111111111111, 0.04806857638888889, 0.009765625, 0.49018663194444445, 0.09753472222222222, 0.06828559027777778], "coverage_estimated_first_order_diff": [-0.7825888420416126, -0.11167752668864872, -0.0873372100732357, -0.12537936598202903, -0.773392801740139, -0.029030383304670282, 0.17111298649418835, 0.19956288453786497, 0.2743871883106968, 0.28618147373586644, 0.25429955005364796, 0.26085211567281474, -0.005902689407221329, 0.15645465894336485, 0.216318238453761], "coverage_estimated_second_order_diff": [-0.01772708487800001, -0.021253163514666662, -0.037594517964888885, -0.03627632299488881, -0.021813725074000034, -0.036293043897177746, -0.011414390499888877, -0.0022996005893777816, 0.019126332570355554, 0.020415197034088887, 0.01777766814271111, 0.018362548571400003, -0.02081755380244449, -0.006282314947812215, 0.010078279266022214]}