{"coverage_estimated_first_order": [1.0157761983738967, 1.1436752258070078, 0.9060802879715429, 0.8949546648009805, 1.1870818487716186, 0.9122351634800753, 0.8812336832229554, 0.7732356616962175, 1.134010177100412, 0.8332377944447801, 0.913922390095549, 0.6834987516941513, 1.1059494857199021, 0.5826755717530329, 0.8011970443212386], "coverage_estimated_second_order": [0.5216181052242, 0.637411531722, 1.0404430613517999, 1.0416664063683, 0.7374586921708002, 0.58118810405194, 0.3880719112784, 0.3141737346783, 0.7321537855300001, 1.0419864037678002, 0.4761062993406, 1.0185964102395, 0.6683198080360001, 1.0198264909331498, 0.36644299356480003], "sol": [0.0, 0.0, 1.0, 1.0, 0.0, 0.0, 0.0, 0.0, 0.0, 1.0, 0.0, 1.0, 0.0, 1.0, 0.0], "coverage": [0.5057118055555555, 0.61578125, 1.0, 1.0, 0.7106640625, 0.5764670138888889, 0.39953993055555553, 0.32171006944444447, 0.6932421875, 1.0, 0.47161024305555554, 1.0, 0.6525868055555556, 1.0, 0.36440104166666665], "coverage_estimated_first_order_diff": [0.5100643928183412, 0.5278939758070078, -0.09391971202845706, -0.10504533519901949, 0.47641778627161857, 0.3357681495911864, 0.48169375266739983, 0.451525592251773, 0.4407679896004121, -0.16676220555521992, 0.44231214703999344, -0.3165012483058487, 0.45336268016434655, -0.41732442824696714, 0.43679600265457197], "coverage_estimated_second_order_diff": [0.01590629966864454, 0.0216302817220001, 0.04044306135179987, 0.0416664063683001, 0.026794629670800152, 0.0047210901630511115, -0.011468019277155517, -0.007536334766144459, 0.038911598030000105, 0.04198640376780016, 0.0044960562850444585, 0.018596410239499983, 0.015733002480444513, 0.01982649093314981, 0.0020419518981333873]}