{"coverage_estimated_first_order": [1.5195932338450777, 1.2061348166950314, 1.6618709462505752, 1.235158304430842, 1.4828986599347918, 0.9948507238777385, 1.4646166984740223, 0.8854475418727674, 1.271356815137934, 1.2789983289472442, 1.269557370090468, 1.4203927181944682, 1.3917545881269593, 1.0235050706192816, 1.140248817255568], "coverage_estimated_second_order": [0.7636901560811, 0.9855415967079999, 0.7668975621474, 0.9627900767426001, 0.6483371066140001, 0.31363695763409993, 0.7812915845131001, 0.9881367749335002, 0.8453693508333, 0.864757185452, 0.8255167374022, 0.612803529424, 0.5832528331278, 0.3833021128387, 0.8390058739825001], "sol": [0.0, 1.0, 0.0, 1.0, 0.0, 0.0, 0.0, 1.0, 1.0, 1.0, 1.0, 0.0, 0.0, 0.0, 1.0], "coverage": [0.7833333333333333, 1.0, 0.8009331597222222, 1.0, 0.6827170138888888, 0.34283854166666666, 0.8010416666666667, 1.0, 1.0, 1.0, 1.0, 0.6736848958333334, 0.6177604166666667, 0.3708029513888889, 1.0], "coverage_estimated_first_order_diff": [0.7362599005117444, 0.20613481669503142, 0.860937786528353, 0.23515830443084207, 0.8001816460459029, 0.6520121822110718, 0.6635750318073557, -0.11455245812723258, 0.27135681513793397, 0.2789983289472442, 0.2695573700904681, 0.7467078223611349, 0.7739941714602926, 0.6527021192303928, 0.14024881725556804], "coverage_estimated_second_order_diff": [-0.0196431772522333, -0.0144584032920001, -0.03403559757482222, -0.03720992325739991, -0.03437990727488871, -0.02920158403256673, -0.01975008215356655, -0.011863225066499838, -0.1546306491667, -0.13524281454800002, -0.1744832625978, -0.06088136640933339, -0.03450758353886674, 0.012499161449811114, -0.16099412601749985]}