{"coverage_estimated_first_order": [1.2826355045707136, 1.4165334561432126, 1.226788009648151, 1.2957266212195546, 1.1642184503815165, 1.1055096075017135, 0.8387655150300807, 1.120371139272393, 0.8052600399855517, 1.212930043377281, 0.8600416950891048, 1.0786878653911574, 1.331274233127685, 0.8096962408368046, 1.112928926933915], "coverage_estimated_second_order": [0.5936111881012001, 0.6680508307084999, 0.9647337542638, 0.9918565505671, 0.9807023104143999, 0.53843225780602, 1.0048354223686002, 0.6549990924047, 1.0128097420874, 0.68088165135, 1.0286005137553997, 0.5625478200836, 0.654009949334, 0.31402250144244, 0.6203808712637], "sol": [0.0, 0.0, 1.0, 1.0, 1.0, 0.0, 1.0, 0.0, 1.0, 0.0, 1.0, 0.0, 0.0, 0.0, 0.0], "coverage": [0.5991840277777778, 0.6792664930555555, 1.0, 1.0, 1.0, 0.5327430555555556, 1.0, 0.6518880208333333, 1.0, 0.669921875, 1.0, 0.5561458333333333, 0.6544921875, 0.32544270833333333, 0.6044878472222223], "coverage_estimated_first_order_diff": [0.6834514767929358, 0.737266963087657, 0.22678800964815093, 0.2957266212195546, 0.1642184503815165, 0.5727665519461579, -0.16123448496991932, 0.46848311843905965, -0.19473996001444827, 0.5430081683772809, -0.13995830491089523, 0.522542032057824, 0.676782045627685, 0.48425353250347125, 0.5084410797116928], "coverage_estimated_second_order_diff": [-0.005572839676577734, -0.011215662347055622, -0.035266245736199964, -0.008143449432900018, -0.019297689585600075, 0.005689202250464431, 0.0048354223686002396, 0.003111071571366697, 0.012809742087400044, 0.010959776350000006, 0.028600513755399737, 0.006401986750266708, -0.00048223816600001523, -0.011420206890893347, 0.015893024041477744]}