{"coverage_estimated_first_order": [1.2309557552843868, 1.7941202532262508, 1.460061933256691, 1.7698346191721872, 1.679232023230275, 0.972273510609911, 1.0463589235754027, 1.2922862986608468, 1.1983837631092051, 1.2258420019352263, 0.9147617685658879, 1.1542488831832542, 1.2904340440513695, 0.8771238805856224, 1.1914845048902376], "coverage_estimated_second_order": [0.9617941097259999, 0.8361210882874, 0.9516887108500001, 0.8340466486272, 0.8297274960548999, 0.99707222557322, 0.9836646785944, 0.6605905327002, 0.5100889252206, 0.4868465683984, 0.963730607361, 0.4642959987802, 0.9657039364308002, 0.9736859815262999, 0.5634723667411999], "sol": [1.0, 0.0, 1.0, 0.0, 0.0, 1.0, 1.0, 0.0, 0.0, 0.0, 1.0, 0.0, 1.0, 1.0, 0.0], "coverage": [1.0, 0.8741449652777777, 1.0, 0.8591536458333333, 0.8456380208333333, 1.0, 1.0, 0.6625173611111111, 0.547734375, 0.5207552083333333, 1.0, 0.48626302083333334, 1.0, 1.0, 0.5963845486111111], "coverage_estimated_first_order_diff": [0.23095575528438683, 0.919975287948473, 0.4600619332566911, 0.9106809733388539, 0.8335940023969418, -0.027726489390089037, 0.04635892357540272, 0.6297689375497356, 0.6506493881092051, 0.705086793601893, -0.08523823143411213, 0.6679858623499209, 0.2904340440513695, -0.1228761194143776, 0.5950999562791265], "coverage_estimated_second_order_diff": [-0.03820589027400012, -0.03802387699037779, -0.048311289149999936, -0.025106997206133297, -0.015910524778433355, -0.00292777442678005, -0.016335321405600012, -0.0019268284109111855, -0.037645449779399986, -0.033908639934933316, -0.036269392638999975, -0.021967022053133334, -0.034296063569199786, -0.026314018473700074, -0.03291218186991118]}