{"coverage_estimated_first_order": [1.400428365829437, 1.5189018140285673, 1.9387368636607083, 1.6045873141433131, 1.5575921586246897, 1.1592553213927625, 0.9896848391641088, 1.2402544841200345, 1.0905302352962178, 1.1450437615420688, 1.0587462326703778, 1.0327827766223254, 1.6616171727996139, 0.826445196732538, 0.9946732709174392], "coverage_estimated_second_order": [0.8422370523359999, 0.8261455925626, 0.7131625505718, 0.7631434541840001, 0.7688661674487999, 0.87629414135024, 0.9353852318252001, 0.6165307567896, 0.26652771058950003, 0.2963467563692, 0.1796879768788, 0.2239999613808, 0.6683320378126, 0.9588499716275499, 0.1823250833326], "sol": [1.0, 1.0, 0.0, 1.0, 1.0, 1.0, 1.0, 0.0, 0.0, 0.0, 0.0, 0.0, 0.0, 1.0, 0.0], "coverage": [1.0, 1.0, 0.8706640625, 1.0, 1.0, 1.0, 1.0, 0.6428862847222222, 0.247890625, 0.2808203125, 0.16264756944444445, 0.21154947916666667, 0.7800086805555555, 1.0, 0.16370659722222222], "coverage_estimated_first_order_diff": [0.40042836582943697, 0.5189018140285673, 1.0680728011607084, 0.6045873141433131, 0.5575921586246897, 0.15925532139276255, -0.010315160835891235, 0.5973681993978123, 0.8426396102962178, 0.8642234490420688, 0.8960986632259333, 0.8212332974556588, 0.8816084922440584, -0.17355480326746198, 0.8309666736952169], "coverage_estimated_second_order_diff": [-0.15776294766400012, -0.1738544074374, -0.15750151192819994, -0.2368565458159999, -0.23113383255120012, -0.12370585864976003, -0.06461476817479994, -0.02635552793262219, 0.01863708558950003, 0.01552644386919999, 0.01704040743435556, 0.012450482214133335, -0.11167664274295552, -0.041150028372450076, 0.01861848611037778]}