{"coverage_estimated_first_order": [1.1279500155886517, 1.6503744724705427, 1.659251762967619, 1.650573102031812, 1.5930224204841834, 0.907539816444433, 1.012162210980337, 1.2806832888373285, 1.4211949122739225, 1.054692435682867, 1.331444535459261, 1.246519765099261, 1.2256134156793603, 0.9904952861449693, 0.9055537149983524], "coverage_estimated_second_order": [0.9799539851490998, 0.7865478875554002, 0.7504409147968, 0.7631786268135, 0.7713527282459, 0.99474893428864, 1.0037818241228, 0.6801914117343999, 0.7583023567922001, 1.0213351230076, 0.6708188187799999, 0.62071396923, 1.003575065378, 1.0127921375809799, 1.0060704903958002], "sol": [1.0, 0.0, 0.0, 0.0, 0.0, 1.0, 1.0, 0.0, 0.0, 1.0, 0.0, 0.0, 1.0, 1.0, 1.0], "coverage": [1.0, 0.8061892361111112, 0.7763151041666667, 0.787265625, 0.7874609375, 1.0, 1.0, 0.681015625, 0.7379079861111111, 1.0, 0.6750043402777778, 0.6326215277777778, 1.0, 1.0, 1.0], "coverage_estimated_first_order_diff": [0.1279500155886517, 0.8441852363594315, 0.8829366588009522, 0.863307477031812, 0.8055614829841834, -0.09246018355556695, 0.012162210980336985, 0.5996676638373285, 0.6832869261628114, 0.05469243568286708, 0.6564401951814832, 0.6138982373214832, 0.22561341567936033, -0.00950471385503071, -0.09444628500164765], "coverage_estimated_second_order_diff": [-0.020046014850900185, -0.01964134855571098, -0.02587418936986674, -0.024086998186499953, -0.01610820925410006, -0.005251065711360026, 0.003781824122800037, -0.0008242132656001155, 0.02039437068108907, 0.021335123007599988, -0.004185521497777844, -0.011907558547777808, 0.0035750653780000086, 0.012792137580979857, 0.00607049039580021]}