{"coverage_estimated_first_order": [1.3616680897559796, 1.516136400278386, 1.311832389947354, 1.6944174268985583, 1.6292229203270954, 0.9722735106099142, 1.1632841400935647, 1.0118372610378816, 1.2792898416386809, 1.3027785526171272, 1.3811722676675078, 1.241008165012862, 1.2110889325515979, 1.095345577877994, 0.9189793884185207], "coverage_estimated_second_order": [0.5225920995916, 0.6221734412615001, 0.9632008702349, 0.7969654598312002, 0.7975281095274, 0.99707222557322, 0.3523750792418, 0.2750313830554, 0.8974163010422, 0.8888573002567999, 0.6165382935974999, 0.49434210816829993, 0.9836550471442, 0.91166385097544, 0.9659701800422], "sol": [0.0, 0.0, 1.0, 0.0, 0.0, 1.0, 0.0, 0.0, 1.0, 1.0, 0.0, 0.0, 1.0, 1.0, 1.0], "coverage": [0.5541232638888889, 0.6520225694444445, 1.0, 0.8264149305555556, 0.8167578125, 1.0, 0.3702256944444444, 0.28672309027777776, 1.0, 1.0, 0.6358159722222222, 0.5016927083333333, 1.0, 1.0, 1.0], "coverage_estimated_first_order_diff": [0.8075448258670908, 0.8641138308339414, 0.31183238994735407, 0.8680024963430027, 0.8124651078270954, -0.027726489390085818, 0.7930584456491203, 0.7251141707601039, 0.27928984163868087, 0.30277855261712716, 0.7453562954452856, 0.7393154566795286, 0.21108893255159789, 0.09534557787799391, -0.08102061158147933], "coverage_estimated_second_order_diff": [-0.03153116429728886, -0.029849128182944384, -0.036799129765100025, -0.029449470724355442, -0.01922970297259996, -0.00292777442678005, -0.017850615202644415, -0.011691707222377778, -0.10258369895779995, -0.11114269974320012, -0.019277678624722294, -0.007350600165033416, -0.016344952855799955, -0.08833614902456, -0.03402981995779997]}