{"coverage_estimated_first_order": [1.0599963279863738, 1.206740596078069, 0.9671143583057104, 0.9236494972296939, 1.1646388783965527, 0.801442712380992, 1.0058542268424897, 0.9011940671722366, 0.7711562726447538, 0.8865082499597936, 0.9047018262860183, 0.686863249034461, 1.1006821862258398, 0.5776357262343311, 0.8117185336052894], "coverage_estimated_second_order": [0.5598013485486, 0.6978481496275, 1.038558574042, 1.022549851706, 0.6933999555091002, 0.39512697110322004, 0.9665242768478001, 0.9658259344251002, 0.2237060174406, 0.3582591406320001, 0.3994175278968, 0.9424676898407, 0.6152763589576, 0.07301969290412, 0.3493535784524], "sol": [0.0, 0.0, 1.0, 1.0, 0.0, 0.0, 1.0, 1.0, 0.0, 0.0, 0.0, 1.0, 0.0, 0.0, 0.0], "coverage": [0.5432942708333334, 0.6685460069444444, 1.0, 1.0, 0.6664800347222222, 0.3900868055555556, 1.0, 1.0, 0.23173611111111111, 0.3632769097222222, 0.4114713541666667, 1.0, 0.5929427083333333, 0.06999565972222223, 0.35519965277777776], "coverage_estimated_first_order_diff": [0.5167020571530404, 0.5381945891336246, -0.03288564169428965, -0.07635050277030608, 0.4981588436743305, 0.4113559068254364, 0.005854226842489707, -0.0988059328277634, 0.5394201615336427, 0.5232313402375715, 0.49323047211935156, -0.31313675096553895, 0.5077394778925065, 0.5076400665121089, 0.4565188808275117], "coverage_estimated_second_order_diff": [0.016507077715266605, 0.029302142683055532, 0.03855857404200003, 0.0225498517060001, 0.026919920786877993, 0.005040165547664455, -0.03347572315219993, -0.03417406557489977, -0.008030093670511107, -0.005017769090222113, -0.012053826269866674, -0.05753231015930005, 0.022333650624266732, 0.00302403318189777, -0.005846074325377759]}