{"coverage_estimated_first_order": [0.9535568335576375, 1.472991365436146, 1.4328650129580023, 1.4411911373457211, 0.9574300519575574, 1.0409962179817467, 1.0570540270393098, 0.9410373253903688, 0.8119625317180359, 1.2749386888923704, 1.0448057384236398, 1.0351867618704538, 1.326217190806929, 0.7000119428324731, 0.9439129046393776], "coverage_estimated_second_order": [1.0112202719024, 0.8294746736728998, 0.7314584362768, 0.777512826375, 0.9788586195745, 0.5874148389536401, 1.0335311119191, 1.0226115501841002, 0.986679658623, 0.7302592896292001, 0.45440387464209997, 0.4675127125852, 0.7241238240085, 1.02666267240291, 0.37987012896620004], "sol": [1.0, 0.0, 0.0, 0.0, 1.0, 0.0, 1.0, 1.0, 1.0, 0.0, 0.0, 0.0, 0.0, 1.0, 0.0], "coverage": [1.0, 0.8260590277777777, 0.7514496527777778, 0.8088194444444444, 1.0, 0.6132378472222222, 1.0, 1.0, 1.0, 0.7329079861111111, 0.47370225694444446, 0.4759331597222222, 0.7296050347222223, 1.0, 0.39903645833333334], "coverage_estimated_first_order_diff": [-0.04644316644236246, 0.6469323376583682, 0.6814153601802245, 0.6323716929012767, -0.04256994804244263, 0.4277583707595245, 0.05705402703930984, -0.05896267460963123, -0.1880374682819641, 0.5420307027812593, 0.5711034814791953, 0.5592536021482315, 0.5966121560847066, -0.29998805716752686, 0.5448764463060443], "coverage_estimated_second_order_diff": [0.011220271902399936, 0.0034156458951221103, -0.019991216500977793, -0.03130661806944446, -0.021141380425499956, -0.02582300826858208, 0.033531111919099965, 0.022611550184100215, -0.013320341377, -0.002648696481911017, -0.019298382302344486, -0.008420447137022224, -0.005481210713722318, 0.02666267240290998, -0.019166329367133306]}