{"coverage_estimated_first_order": [0.7392928780498481, 0.8312875652050512, 0.873272950938479, 0.8968109477762567, 0.8342266158247471, 0.6570850677396584, 0.9130137943449823, 0.4532040026131, 0.927984277634623, 0.5791731129549988, 0.6757246233443689, 0.7508358888645341, 0.6342331797423078, 0.538337393127332, 0.5956315639636086], "coverage_estimated_second_order": [0.2994115260868, 0.3766410791206, 0.4020831080005, 0.45617540687110003, 0.41297884823159997, 0.34273126870094, 0.6408283118641, 1.0003200416604001, 0.6699244422402, 0.9996502901816, 0.3195775975592, 0.47678241410299993, 0.9696397734092, 1.02989044318574, 0.23896248669220002], "sol": [0.0, 0.0, 0.0, 0.0, 0.0, 0.0, 0.0, 1.0, 0.0, 1.0, 0.0, 0.0, 1.0, 1.0, 0.0], "coverage": [0.31278211805555556, 0.38446180555555554, 0.4163628472222222, 0.48031684027777777, 0.43559895833333334, 0.3489713541666667, 0.6349131944444445, 1.0, 0.6670703125, 1.0, 0.3399565972222222, 0.49422743055555557, 1.0, 1.0, 0.2577734375], "coverage_estimated_first_order_diff": [0.42651075999429255, 0.44682575964949567, 0.4569101037162568, 0.4164941074984789, 0.39862765749141377, 0.30811371357299167, 0.2781005999005378, -0.5467959973869, 0.26091396513462295, -0.42082688704500115, 0.3357680261221467, 0.25660845830897855, -0.36576682025769225, -0.461662606872668, 0.33785812646360863], "coverage_estimated_second_order_diff": [-0.013370591968755563, -0.007820726434955516, -0.01427973922172221, -0.024141433406677737, -0.02262011010173337, -0.006240085465726686, 0.005915117419655558, 0.0003200416604001166, 0.00285412974019994, -0.00034970981839999027, -0.0203789996630222, -0.01744501645255564, -0.030360226590799955, 0.02989044318574008, -0.01881095080779996]}