{"coverage_estimated_first_order": [0.9419434140078371, 1.0072018369235374, 1.0899858743465936, 1.1705977662606661, 0.7075772400189825, 0.8049763925302775, 1.0969647119432697, 0.5652623733940665, 0.7367558816888897, 1.1332097446471856, 0.9017514367476365, 1.0172961439933124, 0.9887165279120076, 0.6878229159484817, 0.8142892069490169], "coverage_estimated_second_order": [0.3637098018124, 0.38496308967039994, 0.4798478026988, 0.6585650951133001, 0.9261057515723998, 0.42586285796244006, 0.7132630029825999, 0.9940715135409001, 0.9653869585844, 0.7027165607597999, 0.9933113397772, 0.6052398977234, 0.48433726088139994, 0.29017631850336, 0.9814016404100001], "sol": [0.0, 0.0, 0.0, 0.0, 1.0, 0.0, 0.0, 1.0, 1.0, 0.0, 1.0, 0.0, 0.0, 0.0, 1.0], "coverage": [0.3803255208333333, 0.4113368055555556, 0.5207638888888889, 0.7203211805555556, 1.0, 0.4583246527777778, 0.7087413194444444, 1.0, 1.0, 0.708046875, 1.0, 0.5909071180555555, 0.5294097222222223, 0.29833333333333334, 1.0], "coverage_estimated_first_order_diff": [0.5616178931745037, 0.5958650313679819, 0.5692219854577046, 0.45027658570511053, -0.2924227599810175, 0.34665173975249974, 0.3882233924988253, -0.4347376266059335, -0.2632441183111103, 0.42516286964718564, -0.09824856325236353, 0.42638902593775685, 0.4593068056897853, 0.3894895826151483, -0.18571079305098315], "coverage_estimated_second_order_diff": [-0.01661571902093334, -0.026373715885155635, -0.04091608619008891, -0.061756085442255526, -0.07389424842760017, -0.03246179481533773, 0.004521683538155519, -0.005928486459099935, -0.034613041415599954, -0.005330314240200029, -0.006688660222800014, 0.01433277966784452, -0.04507246134082232, -0.00815701482997333, -0.01859835958999989]}