{"coverage_estimated_first_order": [0.8746568841465548, 1.406191903036597, 1.0388830562020628, 1.4428235052251224, 0.9467792797802693, 0.9150932059267715, 0.860524888269593, 0.724707542316233, 0.5615991864887875, 0.9854558172374811, 0.8372917753266902, 0.7474403185753999, 0.8905075982098468, 0.7878546191046283, 0.758695149258457], "coverage_estimated_second_order": [0.9805874069523999, 0.8491948862679998, 1.0004844889436, 0.8479475348684, 0.9817270908211999, 0.53807401854914, 0.32761228812419996, 0.2152401505454, 0.9606073109782001, 0.5824416344509998, 0.3424633552274, 0.22877597478870002, 0.9780876127861, 0.44440600343053005, 0.300687768441], "sol": [1.0, 0.0, 1.0, 0.0, 1.0, 0.0, 0.0, 0.0, 1.0, 0.0, 0.0, 0.0, 1.0, 0.0, 0.0], "coverage": [1.0, 0.8493185763888889, 1.0, 0.8563107638888889, 1.0, 0.5229557291666667, 0.31352430555555555, 0.20256510416666668, 1.0, 0.6079036458333333, 0.3571310763888889, 0.2378472222222222, 1.0, 0.446328125, 0.3186935763888889], "coverage_estimated_first_order_diff": [-0.12534311585344515, 0.5568733266477082, 0.03888305620206278, 0.5865127413362334, -0.05322072021973068, 0.3921374767601048, 0.5470005827140374, 0.5221424381495663, -0.4384008135112125, 0.37755217140414776, 0.4801606989378013, 0.5095930963531777, -0.10949240179015318, 0.34152649410462826, 0.44000157286956815], "coverage_estimated_second_order_diff": [-0.019412593047600124, -0.00012369012088908615, 0.00048448894359998107, -0.008363229020488916, -0.01827290917880009, 0.015118289382473393, 0.014087982568644408, 0.012675046378733318, -0.03939268902179993, -0.025462011382333505, -0.0146677211614889, -0.009071247433522195, -0.021912387213899986, -0.00192212156946997, -0.01800580794788892]}