{"coverage_estimated_first_order": [0.890188355654459, 0.9486266668333987, 1.0525514914244032, 1.0790831498166338, 1.0858400418076735, 0.6117019485086392, 0.8237875896760898, 0.7158130274861612, 1.2414787854150593, 0.8318233827250834, 0.8462486187833542, 1.020027835096894, 0.9727966505570164, 0.6718061814435652, 0.7752279765310487], "coverage_estimated_second_order": [0.2096463134761, 0.2059251071226, 0.3279337765622, 0.4137916642384, 0.5090728564156, 0.97476695837202, 0.24836362148160002, 0.19671743395440006, 0.8093612123054001, 1.0164935509052, 1.0091608201102, 0.6067226039761999, 0.3794483453802, 1.02086640100953, 1.0006767201916], "sol": [0.0, 0.0, 0.0, 0.0, 0.0, 1.0, 0.0, 0.0, 0.0, 1.0, 1.0, 0.0, 0.0, 1.0, 1.0], "coverage": [0.13994357638888888, 0.13371527777777778, 0.2672092013888889, 0.36868489583333336, 0.47408854166666664, 1.0, 0.23080729166666666, 0.18401475694444444, 0.7821137152777777, 1.0, 1.0, 0.594609375, 0.3357204861111111, 1.0, 1.0], "coverage_estimated_first_order_diff": [0.7502447792655701, 0.8149113890556209, 0.7853422900355143, 0.7103982539833005, 0.6117515001410068, -0.38829805149136076, 0.5929802980094231, 0.5317982705417167, 0.45936507013728156, -0.16817661727491662, -0.15375138121664578, 0.4254184600968941, 0.6370761644459053, -0.3281938185564348, -0.2247720234689513], "coverage_estimated_second_order_diff": [0.06970273708721111, 0.07220982934482223, 0.060724575173311146, 0.045106768405066666, 0.03498431474893332, -0.025233041627980013, 0.017556329814933352, 0.012702677009955615, 0.027247497027622414, 0.016493550905199994, 0.00916082011020003, 0.01211322897619993, 0.0437278592690889, 0.020866401009530078, 0.0006767201916000332]}