{"coverage_estimated_first_order": [1.4606477597614445, 1.177805324279177, 1.2407341270631584, 1.4746531038842787, 1.301812884094338, 0.8691680164682777, 0.9840423829407359, 1.2360518976225217, 0.9858870774031114, 1.0669617932540445, 1.2215402329336298, 0.8364588978081526, 1.005178780021881, 0.7791154536079186, 0.7980927190414567], "coverage_estimated_second_order": [0.7618287911349999, 0.9868405084860999, 0.9759625524543998, 0.7205524677138, 0.5808972614011001, 0.28772804617941994, 0.9893677634257003, 0.7170879563765, 0.36021145590799997, 0.4389098437012, 0.6929738073094001, 1.0140543830167, 0.9784323040754002, 0.21391301883803, 0.9937583559102001], "sol": [0.0, 1.0, 1.0, 0.0, 0.0, 0.0, 1.0, 0.0, 0.0, 0.0, 0.0, 1.0, 1.0, 0.0, 1.0], "coverage": [0.7662456597222222, 1.0, 1.0, 0.7250217013888889, 0.5856119791666666, 0.29215711805555555, 1.0, 0.7098697916666666, 0.36102430555555554, 0.4382508680555556, 0.6890842013888889, 1.0, 1.0, 0.21015190972222222, 1.0], "coverage_estimated_first_order_diff": [0.6944021000392222, 0.17780532427917706, 0.24073412706315844, 0.7496314024953898, 0.7162009049276713, 0.5770108984127221, -0.01595761705926413, 0.526182105955855, 0.6248627718475559, 0.6287109251984889, 0.5324560315447409, -0.16354110219184737, 0.005178780021880991, 0.5689635438856964, -0.20190728095854327], "coverage_estimated_second_order_diff": [-0.0044168685872223445, -0.013159491513900057, -0.02403744754560022, -0.004469233675088891, -0.004714717765566534, -0.004429071876135615, -0.01063223657429968, 0.007218164709833386, -0.0008128496475555691, 0.0006589756456444329, 0.00388960592051113, 0.014054383016699923, -0.02156769592459984, 0.0037611091158077647, -0.00624164408979988]}