{"coverage_estimated_first_order": [1.0328001271175062, 1.1546948711501117, 0.9722874624303989, 1.0056540242206709, 1.365921369539951, 0.7870077891276862, 0.8383387128668496, 0.7124893988378898, 0.9138188705549213, 0.9250147957554798, 0.5727801435209062, 0.8076599384930083, 1.148212461525392, 0.5639053049918412, 0.8653127279589987], "coverage_estimated_second_order": [0.5510001943685999, 0.6434066207083999, 1.014609763591, 1.0460773478018002, 0.8621675410248, 1.0149675267819, 0.307562872181, 0.21262075879130002, 0.5075366182074, 0.47961355616359996, 0.9611554733255998, 0.3459615658448, 0.6826093402134, 0.99649282172294, 0.48717993017729994], "sol": [0.0, 0.0, 1.0, 1.0, 0.0, 1.0, 0.0, 0.0, 0.0, 0.0, 1.0, 0.0, 0.0, 1.0, 0.0], "coverage": [0.5345616319444444, 0.62296875, 1.0, 1.0, 0.8218532986111111, 1.0, 0.31820746527777777, 0.22137152777777777, 0.5382508680555556, 0.5099348958333333, 1.0, 0.3662109375, 0.6606857638888889, 1.0, 0.5126041666666666], "coverage_estimated_first_order_diff": [0.49823849517306185, 0.5317261211501118, -0.027712537569601126, 0.00565402422067085, 0.5440680709288399, -0.2129922108723138, 0.5201312475890718, 0.49111787106011195, 0.3755680024993657, 0.41507989992214656, -0.4272198564790938, 0.4414490009930083, 0.487526697636503, -0.4360946950081588, 0.3527085612923321], "coverage_estimated_second_order_diff": [0.016438562424155534, 0.020437870708399974, 0.01460976359100008, 0.04607734780180017, 0.04031424241368886, 0.014967526781900053, -0.010644593096777788, -0.008750768986477753, -0.030714249848155517, -0.030321339669733327, -0.03884452667440019, -0.02024937165520002, 0.02192357632451114, -0.0035071782770600413, -0.025424236489366703]}