{"coverage_estimated_first_order": [1.5998522692064947, 1.2773948193086773, 1.7718450366204386, 1.4364812910091582, 1.305880136563075, 1.1736902446460715, 1.1057103728286855, 1.342253897234579, 1.2272112448543089, 1.2874175633951872, 1.2190176783856137, 1.0910070075058007, 1.4869811281130372, 0.8258187518384037, 1.1230699749586466], "coverage_estimated_second_order": [0.7793538824906999, 0.9599929702622999, 0.7866570958822001, 0.9956619259147002, 1.0037964906544001, 0.5041916883773401, 0.9676287103165, 0.6922093447055999, 0.4194957924222, 0.46727494807340003, 0.9364299767301999, 0.9350973121786, 0.6522447464986001, 0.12778059226217, 0.9378557659911], "sol": [0.0, 1.0, 0.0, 1.0, 1.0, 0.0, 1.0, 0.0, 0.0, 0.0, 1.0, 1.0, 0.0, 0.0, 1.0], "coverage": [0.8028385416666667, 1.0, 0.8177517361111111, 1.0, 1.0, 0.48561631944444444, 1.0, 0.7050911458333333, 0.4203298611111111, 0.4721223958333333, 1.0, 1.0, 0.6656119791666667, 0.1295486111111111, 1.0], "coverage_estimated_first_order_diff": [0.797013727539828, 0.27739481930867727, 0.9540933005093275, 0.4364812910091582, 0.305880136563075, 0.688073925201627, 0.10571037282868545, 0.6371627514012457, 0.8068813837431978, 0.8152951675618538, 0.2190176783856137, 0.09100700750580071, 0.8213691489463705, 0.6962701407272927, 0.12306997495864658], "coverage_estimated_second_order_diff": [-0.02348465917596676, -0.040007029737700095, -0.031094640228910952, -0.004338074085299848, 0.003796490654400131, 0.01857536893289563, -0.032371289683500004, -0.012881801127733405, -0.000834068688911116, -0.004847447759933288, -0.0635700232698001, -0.06490268782139996, -0.013367232668066609, -0.0017680188489410942, -0.06214423400890001]}