{"coverage_estimated_first_order": [1.4425935989768703, 1.6347927906095188, 1.4571693531003596, 1.9185758632880958, 1.4530452529854505, 1.151113031378247, 1.243489507366462, 1.122558315105783, 1.0939534364169703, 1.1679810326787488, 1.0673782495656372, 1.1013542784667745, 1.3910659082582308, 0.8918715807800887, 0.9875797352228884], "coverage_estimated_second_order": [0.5774858614331999, 0.6787697423742, 0.8967853344482001, 0.8141975042744, 0.8949013622744, 0.9033210920729399, 0.9537303119054001, 0.9509539688973999, 0.272281119842, 0.3358637039242, 0.18463321210860004, 0.2980187547404, 0.8466759928456, 0.9536496985168799, 0.1685147135128], "sol": [0.0, 0.0, 1.0, 0.0, 1.0, 1.0, 1.0, 1.0, 0.0, 0.0, 0.0, 0.0, 1.0, 1.0, 0.0], "coverage": [0.6001779513888889, 0.7174609375, 1.0, 0.8956380208333333, 1.0, 1.0, 1.0, 1.0, 0.252890625, 0.31778645833333335, 0.15403645833333332, 0.26733506944444446, 1.0, 1.0, 0.1436154513888889], "coverage_estimated_first_order_diff": [0.8424156475879815, 0.9173318531095188, 0.45716935310035955, 1.0229378424547626, 0.4530452529854505, 0.15111303137824694, 0.24348950736646202, 0.12255831510578297, 0.8410628114169703, 0.8501945743454153, 0.9133417912323039, 0.83401920902233, 0.39106590825823084, -0.10812841921991134, 0.8439642838339996], "coverage_estimated_second_order_diff": [-0.022692089955688943, -0.03869119512579999, -0.10321466555179992, -0.08144051655893336, -0.10509863772560002, -0.09667890792706013, -0.04626968809459986, -0.049046031102600085, 0.019390494842000006, 0.018077245590866653, 0.030596753775266716, 0.030683685295955554, -0.15332400715439998, -0.04635030148312014, 0.02489926212391111]}