{"coverage_estimated_first_order": [0.909656846905482, 1.005875540976687, 0.7982852744048217, 0.8945283410879246, 0.8104489367352375, 0.8550548587969355, 0.694502509622761, 0.571949631834926, 0.6313098656711639, 0.6344605568318382, 0.7723620921634364, 0.6248174140760636, 0.9538089406151078, 0.4763985880564966, 0.4039836311933013], "coverage_estimated_second_order": [0.5732297752376, 0.6355976414219, 0.9928919544354, 1.037433674951, 1.0185105880979999, 0.5530525758517, 0.29314962565860003, 0.17405415176269998, 0.2274051500702, 0.1878389828432, 0.4722924735024, 0.24277960360939999, 0.6026229507230001, 0.09292007224094001, 0.972845628259], "sol": [0.0, 0.0, 1.0, 1.0, 1.0, 0.0, 0.0, 0.0, 0.0, 0.0, 0.0, 0.0, 0.0, 0.0, 1.0], "coverage": [0.5586197916666666, 0.6234635416666666, 1.0, 1.0, 1.0, 0.5327430555555556, 0.28844184027777775, 0.16731770833333334, 0.24092881944444444, 0.1959548611111111, 0.4880729166666667, 0.25008680555555557, 0.5747395833333333, 0.08994791666666667, 1.0], "coverage_estimated_first_order_diff": [0.35103705523881534, 0.38241199931002046, -0.20171472559517833, -0.10547165891207544, -0.18955106326476245, 0.32231180324138, 0.4060606693449833, 0.4046319235015926, 0.39038104622671943, 0.4385056957207271, 0.28428917549676974, 0.37473060852050805, 0.3790693572817745, 0.3864506713898299, -0.5960163688066987], "coverage_estimated_second_order_diff": [0.01460998357093335, 0.012134099755233385, -0.007108045564599985, 0.03743367495100003, 0.01851058809799988, 0.020309520296144412, 0.0047077853808222825, 0.006736443429366634, -0.01352366937424443, -0.008115878267911103, -0.01578044316426669, -0.007307201946155584, 0.02788336738966679, 0.0029721555742733413, -0.027154371740999994]}