{"coverage_estimated_first_order": [1.093347173934274, 1.6535095436502534, 1.3152256120610997, 1.2702945350558983, 1.494420518412734, 0.9720532059643968, 0.9546984064472994, 1.2149574248071504, 0.9131258278906287, 1.0145208812946496, 1.0367426601713432, 0.7543994673189532, 1.1031831739606597, 0.78178981377243, 0.9476368570479942], "coverage_estimated_second_order": [0.9091859720872, 0.7957265746364999, 0.9075188293395999, 0.9154052520725999, 0.7122917439109001, 0.41836260148862, 0.9923192553130001, 0.7092504187729, 0.228281406161, 0.3496837178736, 0.42427086564879996, 0.9830781705125, 0.9351837680146001, 0.2172512238261, 0.3660245913158], "sol": [1.0, 0.0, 1.0, 1.0, 0.0, 0.0, 1.0, 0.0, 0.0, 0.0, 0.0, 1.0, 1.0, 0.0, 0.0], "coverage": [1.0, 0.8699869791666667, 1.0, 1.0, 0.7520008680555555, 0.41338541666666667, 1.0, 0.7021657986111111, 0.23815104166666667, 0.3615060763888889, 0.43549913194444445, 1.0, 1.0, 0.21114583333333334, 0.37895399305555555], "coverage_estimated_first_order_diff": [0.09334717393427394, 0.7835225644835867, 0.31522561206109967, 0.2702945350558983, 0.7424196503571784, 0.5586677892977301, -0.04530159355270058, 0.5127916261960394, 0.674974786223962, 0.6530148049057607, 0.6012435282268987, -0.24560053268104676, 0.10318317396065968, 0.5706439804390966, 0.5686828639924386], "coverage_estimated_second_order_diff": [-0.09081402791280002, -0.0742604045301668, -0.09248117066040007, -0.08459474792740007, -0.03970912414465544, 0.004977184821953307, -0.007680744686999863, 0.0070846201617889015, -0.009869635505666663, -0.0118223585152889, -0.011228266295644496, -0.016921829487499984, -0.06481623198539987, 0.006105390492766649, -0.012929401739755542]}