{"coverage_estimated_first_order": [1.2331103781880561, 1.7880842649768274, 1.499647731271943, 1.9403590174918688, 1.4791972065505752, 1.0403205802791604, 1.2015563929888875, 1.0215245604439216, 1.3081623945539407, 0.9282395175400993, 1.294257864919523, 1.1618548441925298, 1.2716867778846814, 1.1281732560446127, 0.869021464906266], "coverage_estimated_second_order": [0.9306731991360999, 0.7911308560046999, 0.8805349773814, 0.7469399948377002, 0.8632702961015999, 0.93186550929582, 0.39957374117300004, 0.2848734303342, 0.6719146011391001, 0.9898777433575999, 0.610656877603, 0.4697177938346, 0.85412560256, 0.60699332225257, 1.0006526066812], "sol": [1.0, 0.0, 1.0, 0.0, 1.0, 1.0, 0.0, 0.0, 0.0, 1.0, 0.0, 0.0, 1.0, 0.0, 1.0], "coverage": [1.0, 0.8549696180555556, 1.0, 0.8745486111111112, 1.0, 1.0, 0.4081901041666667, 0.29301649305555555, 0.6787196180555556, 1.0, 0.6152864583333333, 0.4757986111111111, 1.0, 0.6168012152777778, 1.0], "coverage_estimated_first_order_diff": [0.23311037818805613, 0.9331146469212718, 0.49964773127194295, 1.0658104063807576, 0.4791972065505752, 0.04032058027916041, 0.7933662888222208, 0.728508067388366, 0.6294427764983851, -0.07176048245990074, 0.6789714065861898, 0.6860562330814187, 0.27168677788468143, 0.511372040766835, -0.13097853509373403], "coverage_estimated_second_order_diff": [-0.06932680086390008, -0.0638387620508557, -0.11946502261860004, -0.1276086162734109, -0.1367297038984001, -0.06813449070417998, -0.008616362993666637, -0.008143062721355565, -0.00680501691645552, -0.010122256642400074, -0.00462958073033326, -0.006080817276511108, -0.14587439743999997, -0.009807893025207792, 0.0006526066812000408]}