{"coverage_estimated_first_order": [1.1967937877640187, 1.7268255683398976, 1.7518091446899708, 1.4421650404945554, 1.3280909799447296, 1.2767957387877047, 1.2615646415697457, 1.1116821672343464, 1.1960892610426648, 1.2433590693496956, 0.9409308758770539, 1.2218733098400076, 1.6021712725677741, 0.7049724519503526, 1.205174119336793], "coverage_estimated_second_order": [0.961032727493, 0.8232784606501999, 0.7710793903152, 0.9855294232249001, 1.0110637778135, 0.6619781526133401, 0.9784678157651, 0.9730285795516, 0.5046092591458, 0.5050939171027999, 0.9427658275542001, 0.498783273908, 0.7831394246306, 0.99179982174121, 0.5682178976780999], "sol": [1.0, 0.0, 0.0, 1.0, 1.0, 0.0, 1.0, 1.0, 0.0, 0.0, 1.0, 0.0, 0.0, 1.0, 0.0], "coverage": [1.0, 0.8441362847222222, 0.7928342013888889, 1.0, 1.0, 0.6357725694444445, 1.0, 1.0, 0.5427213541666667, 0.544609375, 1.0, 0.5239453125, 0.7813975694444445, 1.0, 0.6005859375], "coverage_estimated_first_order_diff": [0.19679378776401868, 0.8826892836176754, 0.9589749433010819, 0.4421650404945554, 0.3280909799447296, 0.6410231693432602, 0.2615646415697457, 0.11168216723434643, 0.6533679068759981, 0.6987496943496957, -0.05906912412294607, 0.6979279973400077, 0.8207737031233296, -0.29502754804964737, 0.6045881818367931], "coverage_estimated_second_order_diff": [-0.03896727250700005, -0.020857824072022302, -0.02175481107368893, -0.014470576775099886, 0.011063777813500097, 0.026205583168895652, -0.021532184234899998, -0.026971420448399952, -0.038112095020866654, -0.03951545789720001, -0.05723417244579987, -0.025162038592000002, 0.0017418551861555498, -0.008200178258790047, -0.03236803982190006]}