{"coverage_estimated_first_order": [1.3522831413111658, 1.472387533591946, 1.6859178024607622, 1.4813197722437217, 1.4566920774391514, 1.151568364435319, 0.9462233559131131, 1.2488592464745902, 1.4500764358942413, 1.0771705641699896, 0.9721510076901381, 1.2837826114073836, 1.5614175030940782, 0.9226972813862379, 1.2154169032017934], "coverage_estimated_second_order": [0.5018836711585, 0.5463179543287999, 0.7063503264194001, 0.9036994843332001, 0.8989700435729999, 0.89049992365542, 0.9767568110774001, 0.6525711392299999, 0.7960308268531001, 1.0249290667862, 1.0096159916522, 0.6643869724206, 0.7048308964480001, 0.9919077112179501, 0.5974494727787001], "sol": [0.0, 0.0, 0.0, 1.0, 1.0, 1.0, 1.0, 0.0, 0.0, 1.0, 1.0, 0.0, 0.0, 1.0, 0.0], "coverage": [0.5258637152777778, 0.5752604166666667, 0.7432335069444445, 1.0, 1.0, 1.0, 1.0, 0.6693663194444445, 0.7698394097222222, 1.0, 1.0, 0.6670789930555555, 0.7497916666666666, 1.0, 0.5999131944444445], "coverage_estimated_first_order_diff": [0.826419426033388, 0.8971271169252794, 0.9426842955163177, 0.4813197722437217, 0.4566920774391514, 0.15156836443531896, -0.05377664408688687, 0.5794929270301458, 0.6802370261720191, 0.07717056416998958, -0.02784899230986193, 0.6167036183518281, 0.8116258364274116, -0.07730271861376214, 0.6155037087573489], "coverage_estimated_second_order_diff": [-0.023980044119277788, -0.028942462337866792, -0.03688318052504436, -0.09630051566679987, -0.10102995642700008, -0.10950007634458003, -0.02324318892259991, -0.016795180214444594, 0.026191417130877914, 0.024929066786200105, 0.009615991652200062, -0.0026920206349555498, -0.04496077021866651, -0.008092288782049928, -0.0024637216657443783]}