{"coverage_estimated_first_order": [1.3015153388005434, 0.9804728964117498, 1.4061845154646644, 1.4167459421551, 0.9580826069660047, 1.0486831749391967, 1.0120071907821326, 0.8955411481560831, 1.133897167371691, 1.2336716744525007, 1.161127091473073, 0.8868869483937178, 1.2585147237889764, 0.8278346993625258, 1.0010017716576003], "coverage_estimated_second_order": [0.7194139162424001, 0.9855002990649001, 0.7102141059029, 0.7466205942876001, 0.9901125767561999, 0.59898024051022, 0.3576843375959, 0.29548594932460004, 0.8815715767086, 0.88684987813, 0.5518968985991, 0.946377255711, 0.6383354996503999, 0.9244000510191899, 0.4078935329856], "sol": [0.0, 1.0, 0.0, 0.0, 1.0, 0.0, 0.0, 0.0, 1.0, 1.0, 0.0, 1.0, 0.0, 1.0, 0.0], "coverage": [0.7321223958333334, 1.0, 0.7372526041666667, 0.7746137152777778, 1.0, 0.6180121527777778, 0.37907118055555555, 0.30835069444444446, 1.0, 1.0, 0.5597222222222222, 1.0, 0.6528602430555556, 1.0, 0.4136371527777778], "coverage_estimated_first_order_diff": [0.56939294296721, -0.01952710358825016, 0.6689319112979977, 0.6421322268773223, -0.04191739303399533, 0.43067102216141895, 0.6329360102265771, 0.5871904537116386, 0.1338971673716911, 0.2336716744525007, 0.6014048692508507, -0.11311305160628216, 0.6056544807334209, -0.17216530063747415, 0.5873646188798225], "coverage_estimated_second_order_diff": [-0.012708479590933242, -0.01449970093509989, -0.027038498263766697, -0.0279931209901777, -0.009887423243800098, -0.019031912267557738, -0.02138684295965554, -0.012864745119844423, -0.11842842329140002, -0.11315012186999995, -0.007825323623122271, -0.053622744289000046, -0.014524743405155638, -0.07559994898081013, -0.005743619792177801]}