{"coverage_estimated_first_order": [1.1558106912249662, 1.2430224947498474, 1.4974149418952645, 1.3150251091941783, 1.1853013408852078, 0.8698436541708608, 1.1429451729064992, 0.996646225397412, 1.0567518371237108, 1.0981478350967604, 0.8021259543709339, 1.0869160832568507, 1.2778240186868142, 0.5791611612100623, 1.0789093430385783], "coverage_estimated_second_order": [0.9601193061334001, 0.941751380071, 0.6623488479369999, 0.47092623580180004, 0.3908864456105, 0.24927092623983998, 0.9409477065015001, 0.9651212550894, 0.5099525148610999, 0.5111506473967999, 0.9482948276844, 0.507283745428, 0.5658612828234, 0.9737411447724, 0.5692166023186], "sol": [1.0, 1.0, 0.0, 0.0, 0.0, 0.0, 1.0, 1.0, 0.0, 0.0, 1.0, 0.0, 0.0, 1.0, 0.0], "coverage": [1.0, 1.0, 0.6658810763888889, 0.45394965277777777, 0.37180989583333335, 0.23325520833333332, 1.0, 1.0, 0.5428559027777777, 0.5447309027777778, 1.0, 0.5240190972222222, 0.545234375, 1.0, 0.6004991319444445], "coverage_estimated_first_order_diff": [0.15581069122496616, 0.24302249474984738, 0.8315338655063755, 0.8610754564164005, 0.8134914450518744, 0.6365884458375275, 0.14294517290649922, -0.003353774602588011, 0.5138959343459331, 0.5534169323189826, -0.19787404562906608, 0.5628969860346286, 0.7325896436868141, -0.42083883878993766, 0.47841021109413384], "coverage_estimated_second_order_diff": [-0.03988069386659987, -0.05824861992899999, -0.0035322284518890523, 0.016976583024022274, 0.019076549777166663, 0.01601571790650666, -0.05905229349849994, -0.034878744910599946, -0.032903387916677795, -0.033580255380977864, -0.05170517231560001, -0.016735351794222142, 0.02062690782339993, -0.026258855227599964, -0.031282529625844435]}