{"coverage_estimated_first_order": [1.5145842773670262, 1.2003408209378048, 1.5913798846159228, 1.4527946242911398, 1.3122725486273201, 0.9950710285232529, 1.2930902678291725, 1.1332252900269657, 1.129354268694933, 1.550964133187664, 1.23071995428915, 1.3739514006459321, 1.403606501200877, 0.7901751737310992, 1.1285403119361899], "coverage_estimated_second_order": [0.7014423720664, 0.9132411359941999, 0.5922061461243999, 0.3853439741456, 0.3048441193206, 0.24835076247100002, 0.946045577911, 0.9492247997083001, 0.9685949383774, 0.7761345151086001, 0.9244527998890999, 0.6357507233774, 0.5185947837448, 1.0092375611376, 0.9187981447786], "sol": [0.0, 1.0, 0.0, 0.0, 0.0, 0.0, 1.0, 1.0, 1.0, 0.0, 1.0, 0.0, 0.0, 1.0, 1.0], "coverage": [0.7521223958333333, 1.0, 0.6418142361111111, 0.4171484375, 0.3275954861111111, 0.23325520833333332, 1.0, 1.0, 1.0, 0.7819748263888889, 1.0, 0.6486024305555556, 0.5337934027777778, 1.0, 1.0], "coverage_estimated_first_order_diff": [0.7624618815336929, 0.2003408209378048, 0.9495656485048117, 1.0356461867911397, 0.984677062516209, 0.7618158201899196, 0.29309026782917247, 0.1332252900269657, 0.12935426869493294, 0.7689893067987751, 0.23071995428915004, 0.7253489700903766, 0.8698130984230992, -0.20982482626890075, 0.12854031193618987], "coverage_estimated_second_order_diff": [-0.05068002376693326, -0.08675886400580013, -0.04960808998671118, -0.031804463354400014, -0.022751366790511096, 0.015095554137666695, -0.05395442208900003, -0.05077520029169991, -0.03140506162260004, -0.005840311280288835, -0.0755472001109001, -0.012851707178155536, -0.015198619032977811, 0.009237561137600103, -0.0812018552214]}