{"coverage_estimated_first_order": [1.3237211020848072, 1.4317403269094104, 1.5475397959212283, 1.665649656135641, 1.1647505157923121, 1.1008142604660747, 1.5097995419856804, 0.9551950626329748, 1.4834619118080696, 1.1579629390941524, 1.2804618440298425, 1.2145601334199008, 1.156733552672343, 1.0127228955171725, 1.1392943302479628], "coverage_estimated_second_order": [0.437515721713, 0.47640051848219994, 0.5762765569974999, 0.7847853875591999, 0.9869393381916, 0.4628007465994, 0.755850912358, 0.9652274088984001, 0.6552905540131, 0.8727170156942, 0.8443191430771999, 0.8543172367397998, 1.0115697604960001, 0.45813963814801, 0.8767042789382], "sol": [0.0, 0.0, 0.0, 0.0, 1.0, 0.0, 0.0, 1.0, 0.0, 1.0, 1.0, 1.0, 1.0, 0.0, 1.0], "coverage": [0.4571397569444444, 0.5005902777777778, 0.6028255208333333, 0.8070920138888888, 1.0, 0.46721788194444447, 0.7676432291666667, 1.0, 0.7332378472222222, 1.0, 1.0, 1.0, 1.0, 0.46965711805555554, 1.0], "coverage_estimated_first_order_diff": [0.8665813451403628, 0.9311500491316327, 0.944714275087895, 0.8585576422467522, 0.16475051579231215, 0.6335963785216302, 0.7421563128190137, -0.04480493736702518, 0.7502240645858474, 0.15796293909415238, 0.28046184402984253, 0.21456013341990077, 0.156733552672343, 0.543065777461617, 0.13929433024796278], "coverage_estimated_second_order_diff": [-0.019624035231444403, -0.024189759295577817, -0.026548963835833383, -0.02230662632968894, -0.013060661808400043, -0.004417135345044454, -0.01179231680866677, -0.034772591101599915, -0.07794729320912219, -0.12728298430579998, -0.1556808569228001, -0.14568276326020024, 0.011569760496000114, -0.011517479907545536, -0.12329572106179998]}