{"coverage_estimated_first_order": [0.871189589595398, 0.9867884974168188, 0.7780981176998047, 1.2134653849823922, 0.7956078401616902, 0.6192553379909775, 0.48351667208600896, 0.8189309068541575, 0.5606295525211373, 0.58880791972375, 0.6118358978083702, 0.617081723789077, 0.9271649300630174, 0.5834348918393762, 0.5751848175130231], "coverage_estimated_second_order": [0.579681193407, 0.6913174782202001, 1.0306942946832, 0.8894101381706, 1.0543528628541998, 1.0293825404458, 0.9953813950078001, 0.6215561964318, 0.0456373103226, 0.0616369508924, 0.15288698115799998, 0.20606639640619998, 0.6260657749278, 0.25361469505310996, 0.1563560584876], "sol": [0.0, 0.0, 1.0, 0.0, 1.0, 1.0, 1.0, 0.0, 0.0, 0.0, 0.0, 0.0, 0.0, 0.0, 0.0], "coverage": [0.5644401041666667, 0.6715451388888889, 1.0, 0.8465364583333334, 1.0, 1.0, 1.0, 0.6291189236111111, 0.016393229166666665, 0.034791666666666665, 0.13472222222222222, 0.19303385416666666, 0.6033984375, 0.2454513888888889, 0.1339626736111111], "coverage_estimated_first_order_diff": [0.30674948542873137, 0.31524335852792995, -0.22190188230019525, 0.36692892664905885, -0.20439215983830983, -0.38074466200902246, -0.5164833279139911, 0.18981198324304638, 0.5442363233544707, 0.5540162530570834, 0.47711367558614803, 0.42404786962241037, 0.32376649256301737, 0.33798350295048735, 0.44122214390191195], "coverage_estimated_second_order_diff": [0.015241089240333294, 0.019772339331311173, 0.030694294683200063, 0.04287367983726664, 0.054352862854199824, 0.02938254044579991, -0.004618604992199904, -0.007562727179311057, 0.029244081155933337, 0.026845284225733332, 0.018164758935777764, 0.013032542239533318, 0.022667337427800027, 0.008163306164221062, 0.022393384876488898]}