{"coverage_estimated_first_order": [1.071619607186728, 0.7643577708995173, 0.8532023402280794, 0.7644197334233048, 1.0383202256628878, 0.6839022949860498, 0.7742425483128494, 0.6496022457519837, 0.6287197532776057, 0.7138558803010256, 0.698053762147943, 0.40773556904462654, 0.9076785631734461, 0.47604456849206866, 0.6258625373301488], "coverage_estimated_second_order": [0.7725322856492, 1.0245534693559, 1.0542500603456, 1.012585481134, 0.7017613570346002, 0.3979014741589, 0.449201161546, 0.3338039976339, 0.21979018107360004, 0.3326157179616, 0.35028424988940005, 0.9636017799271, 0.5699933130576, 0.09127860316594, 0.2891295453168], "sol": [0.0, 1.0, 1.0, 1.0, 0.0, 0.0, 0.0, 0.0, 0.0, 0.0, 0.0, 1.0, 0.0, 0.0, 0.0], "coverage": [0.7380034722222222, 1.0, 1.0, 1.0, 0.6838758680555556, 0.3917404513888889, 0.44903645833333333, 0.3388628472222222, 0.23000434027777777, 0.3451909722222222, 0.36645833333333333, 1.0, 0.5490060763888889, 0.08756076388888889, 0.30147135416666665], "coverage_estimated_first_order_diff": [0.33361613496450593, -0.23564222910048271, -0.1467976597719206, -0.23558026657669517, 0.3544443576073323, 0.2921618435971609, 0.3252060899795161, 0.31073939852976146, 0.3987154129998279, 0.3686649080788034, 0.3315954288146097, -0.5922644309553735, 0.3586724867845572, 0.38848380460317977, 0.3243911831634822], "coverage_estimated_second_order_diff": [0.03452881342697778, 0.02455346935589997, 0.05425006034559998, 0.012585481134000043, 0.017885488979044628, 0.006161022770011071, 0.00016470321266665033, -0.005058849588322201, -0.01021415920417773, -0.012575254260622226, -0.016174083443933285, -0.036398220072899945, 0.020987236668711162, 0.003717839277051105, -0.012341808849866631]}