{"coverage_estimated_first_order": [0.9942979647653878, 1.501313976726013, 1.5397411242654764, 1.6444631083938344, 1.216389508447802, 0.8503595117612934, 0.8530728310727222, 1.1389029514433195, 0.9476841055993419, 0.9605320568328191, 0.7693912137313093, 1.0079409719737544, 1.0725962131775406, 0.8936479748827271, 1.0523300227694126], "coverage_estimated_second_order": [1.0078788891776, 0.846826454619, 0.8380033215344, 0.8778218959707002, 0.9974405547606998, 0.9977852139838201, 1.0212252441068, 0.6712478669019999, 0.2996841118762, 0.262411227692, 0.9762970132894, 0.45304851097899995, 0.9864619193872001, 0.38386223773162, 0.571668300387], "sol": [1.0, 0.0, 0.0, 0.0, 1.0, 1.0, 1.0, 0.0, 0.0, 0.0, 1.0, 0.0, 1.0, 0.0, 0.0], "coverage": [1.0, 0.8390060763888889, 0.8332248263888888, 0.8739973958333334, 1.0, 1.0, 1.0, 0.6592881944444444, 0.3189192708333333, 0.27727430555555554, 1.0, 0.4673567708333333, 1.0, 0.3766276041666667, 0.5946961805555555], "coverage_estimated_first_order_diff": [-0.005702035234612213, 0.6623079003371242, 0.7065162978765875, 0.770465712560501, 0.21638950844780203, -0.14964048823870657, -0.14692716892727775, 0.4796147569988751, 0.6287648347660086, 0.6832577512772635, -0.23060878626869075, 0.5405842011404212, 0.07259621317754061, 0.5170203707160603, 0.45763384221385706], "coverage_estimated_second_order_diff": [0.007878889177600046, 0.007820378230111058, 0.004778495145511208, 0.003824500137366793, -0.0025594452393001843, -0.0022147860161798594, 0.021225244106799934, 0.01195967245755547, -0.019235158957133347, -0.014863077863555563, -0.023702986710600005, -0.014308259854333372, -0.01353808061279993, 0.007234633564953297, -0.023027880168555503]}