{"coverage_estimated_first_order": [1.5197356420153625, 1.246264535816087, 1.6497256454645846, 1.5597665052497103, 1.4158674183986764, 1.0404541477542721, 1.324625469276292, 1.197649299279003, 1.0245055850991496, 1.554849004272611, 1.2945619205062244, 1.0358408894678495, 1.2353654476877245, 0.885453240973581, 1.1435414444594887], "coverage_estimated_second_order": [0.7040851338918002, 0.9467960682796001, 0.6855071375438, 0.597058229673, 0.5085712246356, 0.35788125170184, 0.9019469835494, 0.8983371227046002, 1.0169857532756, 0.861791190814, 0.5691093485147001, 0.9685226523559001, 0.9259989699187999, 1.0060883648388799, 0.47404400247240003], "sol": [0.0, 1.0, 0.0, 0.0, 0.0, 0.0, 1.0, 1.0, 1.0, 0.0, 0.0, 1.0, 1.0, 1.0, 0.0], "coverage": [0.7243098958333334, 1.0, 0.7289453125, 0.6306119791666667, 0.5349175347222223, 0.37224392361111114, 1.0, 1.0, 1.0, 0.8392881944444445, 0.5848090277777778, 1.0, 1.0, 1.0, 0.48270399305555556], "coverage_estimated_first_order_diff": [0.7954257461820291, 0.2462645358160871, 0.9207803329645845, 0.9291545260830436, 0.8809498836764541, 0.668210224143161, 0.324625469276292, 0.1976492992790031, 0.024505585099149574, 0.7155608098281666, 0.7097528927284467, 0.03584088946784947, 0.2353654476877245, -0.11454675902641898, 0.6608374514039331], "coverage_estimated_second_order_diff": [-0.02022476194153322, -0.053203931720399944, -0.04343817495620006, -0.03355374949366663, -0.02634631008662225, -0.014362671909271152, -0.09805301645060005, -0.1016628772953998, 0.016985753275599924, 0.02250299636955555, -0.015699679263077693, -0.03147734764409993, -0.07400103008120007, 0.006088364838879867, -0.00865999058315553]}