{"coverage_estimated_first_order": [1.0456048437332555, 1.5670858986836211, 1.2762661217153426, 1.2532722660792026, 1.5694740617654042, 0.8014427123809886, 1.069155918593224, 0.8707348499796773, 1.015601754076115, 1.0035877647382174, 0.9326325700782718, 1.016395129736419, 1.2767482806703143, 0.7951671347376634, 0.8882651350526782], "coverage_estimated_second_order": [0.9891142850424, 0.8499500151405, 0.9827484257146, 0.9938895991387999, 0.8460643408508001, 1.00228440103492, 0.4044776540134, 0.24425562303530002, 0.36516550687599997, 0.31284187971399996, 1.0123331668964, 0.42075942889060003, 0.5702531857726001, 0.25440925970973, 1.0232257172365], "sol": [1.0, 0.0, 1.0, 1.0, 0.0, 1.0, 0.0, 0.0, 0.0, 0.0, 1.0, 0.0, 0.0, 0.0, 1.0], "coverage": [1.0, 0.8496484375, 1.0, 1.0, 0.8417795138888889, 1.0, 0.4110980902777778, 0.25383246527777775, 0.34490017361111114, 0.2990668402777778, 1.0, 0.41129774305555555, 0.5712977430555556, 0.25078993055555554, 1.0], "coverage_estimated_first_order_diff": [0.04560484373325546, 0.7174374611836212, 0.2762661217153426, 0.2532722660792026, 0.7276945478765152, -0.19855728761901137, 0.6580578283154462, 0.6169023847018995, 0.6707015804650039, 0.7045209244604396, -0.06736742992172817, 0.6050973866808635, 0.7054505376147587, 0.5443772041821079, -0.11173486494732177], "coverage_estimated_second_order_diff": [-0.010885714957600046, 0.0003015776404999837, -0.01725157428540003, -0.0061104008612000715, 0.004284826961911126, 0.0022844010349198918, -0.006620436264377749, -0.009576842242477734, 0.02026533326488883, 0.013775039436222158, 0.01233316689639996, 0.009461685835044475, -0.0010445572829554939, 0.0036193291541744554, 0.02322571723650002]}