{"coverage_estimated_first_order": [1.128257914623362, 1.2257875538461838, 1.2924461194444496, 1.2907908347450763, 1.1875757014559902, 0.9075398164444362, 0.8259512892449052, 1.1400956171186953, 1.1418945295187815, 1.1641874421535214, 1.2761655631942352, 1.1808029577422479, 0.9700450718740775, 0.8699296629136731, 0.824522450384356], "coverage_estimated_second_order": [0.4053028499221, 0.44341222811409997, 0.46564262848970006, 0.4733680642558, 0.4119829270352, 0.34219665907984004, 0.9967673453988001, 0.675162368945, 0.9080518474224001, 0.9041241121457998, 0.6879658770785, 0.6382708247027, 0.9546104071657999, 0.9220871362022799, 0.9876052352944], "sol": [0.0, 0.0, 0.0, 0.0, 0.0, 0.0, 1.0, 0.0, 1.0, 1.0, 0.0, 0.0, 1.0, 1.0, 1.0], "coverage": [0.4295659722222222, 0.46534288194444445, 0.4903342013888889, 0.5012413194444445, 0.43559895833333334, 0.3489713541666667, 1.0, 0.6745052083333334, 1.0, 1.0, 0.6961154513888889, 0.6440668402777778, 1.0, 1.0, 1.0], "coverage_estimated_first_order_diff": [0.6986919424011397, 0.7604446719017393, 0.8021119180555607, 0.7895495153006318, 0.7519767431226569, 0.5585684622777695, -0.17404871075509476, 0.46559040878536195, 0.14189452951878145, 0.16418744215352143, 0.5800501118053464, 0.53673611746447, -0.029954928125922486, -0.13007033708632687, -0.175477549615644], "coverage_estimated_second_order_diff": [-0.02426312230012223, -0.021930653830344482, -0.02469157289918883, -0.027873255188644475, -0.023616031298133333, -0.006774695086826654, -0.0032326546011999246, 0.0006571606116666517, -0.09194815257759992, -0.0958758878542002, -0.008149574310388874, -0.005796015575077806, -0.045389592834200077, -0.07791286379772011, -0.01239476470559997]}