{"coverage_estimated_first_order": [1.3397429641946197, 1.4522647142346807, 1.7356506485454362, 1.6037803430167632, 1.4652649856425148, 1.040454147754269, 1.0874178692535417, 1.3391060489899214, 1.0239444061415743, 1.5346253504696863, 1.2840430880341764, 0.9677755191967887, 1.2378664354225446, 0.8936643203282127, 1.1477685389989993], "coverage_estimated_second_order": [0.9187782494455998, 0.9123828097338, 0.6931277444532001, 0.6141018041299999, 0.5344820230834, 0.35788125170184, 0.9706025962115001, 0.7053388484484999, 1.0178345761035001, 0.8508248719301998, 0.5970069847963, 1.0158622523605, 0.9297483060499, 0.98651418488489, 0.4860667509912], "sol": [1.0, 1.0, 0.0, 0.0, 0.0, 0.0, 1.0, 0.0, 1.0, 0.0, 0.0, 1.0, 1.0, 1.0, 0.0], "coverage": [1.0, 1.0, 0.745625, 0.6530034722222222, 0.5666102430555555, 0.37224392361111114, 1.0, 0.7022135416666667, 1.0, 0.8313194444444445, 0.6057335069444445, 1.0, 1.0, 1.0, 0.5007682291666666], "coverage_estimated_first_order_diff": [0.3397429641946197, 0.45226471423468073, 0.9900256485454362, 0.950776870794541, 0.8986547425869593, 0.6682102241431579, 0.08741786925354167, 0.6368925073232546, 0.023944406141574337, 0.7033059060252418, 0.6783095810897319, -0.032224480803211275, 0.2378664354225446, -0.10633567967178725, 0.6470003098323327], "coverage_estimated_second_order_diff": [-0.08122175055440017, -0.08761719026619996, -0.05249725554679985, -0.038901668092222286, -0.032128219972155536, -0.014362671909271152, -0.029397403788499865, 0.0031253067818332037, 0.017834576103500144, 0.019505427485755344, -0.008726522148144511, 0.015862252360500095, -0.0702516939501, -0.013485815115110045, -0.014701478175466631]}