{"coverage_estimated_first_order": [1.1925325025339648, 1.755621638086335, 1.4130180754607113, 1.6698176499387294, 1.553003075439547, 0.8160979402798085, 1.295112071292456, 1.128596090080325, 1.3083697376132895, 0.9529442770846479, 1.3627556328250303, 1.3061689423423926, 1.4188697033305238, 1.023806485475353, 0.9314153261555091], "coverage_estimated_second_order": [0.9561030539823999, 0.8341428504443, 0.9488483461396999, 0.7645555075936, 0.7551284646627001, 0.9908668900304001, 0.9391262305721002, 0.9567875790476, 0.6704281974206, 0.991597197618, 0.679481654446, 0.6520104147818, 0.5743338594380001, 0.47884324464537004, 0.9660505466434001], "sol": [1.0, 0.0, 1.0, 0.0, 0.0, 1.0, 1.0, 1.0, 0.0, 1.0, 0.0, 0.0, 0.0, 0.0, 1.0], "coverage": [1.0, 0.8726345486111111, 1.0, 0.7923828125, 0.7765190972222222, 1.0, 1.0, 1.0, 0.6786762152777778, 1.0, 0.6891796875, 0.6483029513888889, 0.5901388888888889, 0.49375868055555555, 1.0], "coverage_estimated_first_order_diff": [0.1925325025339648, 0.8829870894752239, 0.41301807546071134, 0.8774348374387294, 0.7764839782173247, -0.18390205972019147, 0.295112071292456, 0.1285960900803249, 0.6296935223355117, -0.047055722915352094, 0.6735759453250303, 0.6578659909535036, 0.8287308144416349, 0.5300478049197974, -0.06858467384449085], "coverage_estimated_second_order_diff": [-0.04389694601760008, -0.038491698166811084, -0.05115165386030007, -0.027827304906399952, -0.021390632559522116, -0.009133109969599928, -0.06087376942789979, -0.043212420952399966, -0.00824801785717777, -0.008402802381999974, -0.009698033054000077, 0.003707463392911059, -0.015805029450888797, -0.014915435910185515, -0.033949453356599935]}