{"coverage_estimated_first_order": [1.501073367594697, 1.6611090661772099, 1.493956463321745, 1.6010565447224343, 1.4446025231538597, 1.2761201010851213, 1.0335952483148507, 1.3026886342855197, 1.3103699928839154, 0.9351185268801623, 1.3174698025116094, 1.2379794585781463, 1.3316695640450886, 1.014609478337256, 0.8939443293338638], "coverage_estimated_second_order": [0.5443164746821, 0.6066447234735999, 0.8144589736760001, 0.7986498269308999, 0.8168412193004999, 0.47338164380542, 0.9834564854532002, 0.6771827843163, 0.6730617878371, 0.9943992069414, 0.6461438172446, 0.6065142538807999, 0.8367279650188001, 0.45101817043965003, 0.9989487957190001], "sol": [0.0, 0.0, 1.0, 1.0, 1.0, 0.0, 1.0, 0.0, 0.0, 1.0, 0.0, 0.0, 1.0, 0.0, 1.0], "coverage": [0.6254774305555556, 0.7087673611111112, 1.0, 1.0, 1.0, 0.5327734375, 1.0, 0.6843793402777778, 0.6798263888888889, 1.0, 0.6525651041666667, 0.6198307291666667, 1.0, 0.46374131944444447, 1.0], "coverage_estimated_first_order_diff": [0.8755959370391414, 0.9523417050660987, 0.49395646332174503, 0.6010565447224343, 0.44460252315385973, 0.7433466635851214, 0.03359524831485072, 0.6183092940077419, 0.6305436039950265, -0.06488147311983772, 0.6649046983449427, 0.6181487294114796, 0.3316695640450886, 0.5508681588928115, -0.10605567066613619], "coverage_estimated_second_order_diff": [-0.08116095587345562, -0.10212263763751128, -0.18554102632399994, -0.20135017306910008, -0.1831587806995001, -0.05939179369457992, -0.01654351454679981, -0.007196555961477835, -0.006764601051788888, -0.005600793058599951, -0.006421286922066671, -0.013316475285866769, -0.1632720349811999, -0.012723149004794432, -0.0010512042809999178]}