{"coverage_estimated_first_order": [1.1073856025824451, 1.6391529788191301, 1.7001181968437231, 1.3395497099698763, 1.6602447696646043, 0.8619363925678998, 1.0247056332250373, 1.2996707489216681, 1.164983659755987, 1.2665562709784668, 1.3582772397570146, 1.088824363233884, 1.42115189129773, 1.1411712521363329, 1.1945895445215118], "coverage_estimated_second_order": [0.9943278588245998, 0.8076118540561, 0.8123606391799001, 1.0171095665296002, 0.8489753608597002, 1.0246814092598, 0.9969180000156, 0.6872888884172, 0.9667809179676, 0.9718892203506, 0.6081321437466001, 0.9523187790400001, 0.6133823014691, 0.5767878213887899, 0.4946758224264], "sol": [1.0, 0.0, 0.0, 1.0, 0.0, 1.0, 1.0, 0.0, 1.0, 1.0, 0.0, 1.0, 0.0, 0.0, 0.0], "coverage": [1.0, 0.8208289930555556, 0.8228038194444445, 1.0, 0.8353689236111111, 1.0, 1.0, 0.689375, 1.0, 1.0, 0.6239756944444445, 1.0, 0.6256380208333333, 0.5673524305555555, 0.5093315972222222], "coverage_estimated_first_order_diff": [0.10738560258244512, 0.8183239857635746, 0.8773143773992786, 0.3395497099698763, 0.8248758460534932, -0.13806360743210022, 0.02470563322503727, 0.6102957489216682, 0.16498365975598706, 0.2665562709784668, 0.7343015453125702, 0.0888243632338841, 0.7955138704643966, 0.5738188215807773, 0.6852579472992896], "coverage_estimated_second_order_diff": [-0.005672141175400158, -0.013217138999455535, -0.010443180264544383, 0.017109566529600162, 0.01360643724858901, 0.024681409259800002, -0.0030819999843999524, -0.002086111582799921, -0.03321908203239998, -0.02811077964940001, -0.015843550697844377, -0.04768122095999994, -0.012255719364233308, 0.009435390833234414, -0.014655774795822196]}