{"coverage_estimated_first_order": [1.1757163942125497, 1.7285231924948659, 1.366738313918686, 1.7214699897953443, 1.219817322045294, 1.2309572864996137, 1.1977514065446377, 1.0312741286167526, 1.273671578040949, 1.3793180613328921, 1.3201653790846717, 1.0232721923840293, 1.482210720174322, 0.942030285305353, 1.1548795669948084], "coverage_estimated_second_order": [0.9896195983869, 0.8430893730912, 0.9973525046927, 0.7954139080467, 0.9869348671806, 0.67198254464804, 0.4085616081597, 0.3013890763882, 0.8675348486129, 0.8721843517846, 0.5672764350231, 0.9343248311321, 0.6539003088259, 0.91484742189436, 0.43797892781180003], "sol": [1.0, 0.0, 1.0, 0.0, 1.0, 0.0, 0.0, 0.0, 1.0, 1.0, 0.0, 1.0, 0.0, 1.0, 0.0], "coverage": [1.0, 0.8489626736111111, 1.0, 0.8157118055555556, 1.0, 0.6748741319444445, 0.42315538194444446, 0.3147786458333333, 1.0, 1.0, 0.5871614583333333, 1.0, 0.6727517361111112, 1.0, 0.45252604166666666], "coverage_estimated_first_order_diff": [0.1757163942125497, 0.8795605188837547, 0.36673831391868594, 0.9057581842397887, 0.21981732204529392, 0.5560831545551692, 0.7745960246001933, 0.7164954827834193, 0.2736715780409491, 0.37931806133289214, 0.7330039207513384, 0.023272192384029333, 0.8094589840632108, -0.05796971469464696, 0.7023535253281418], "coverage_estimated_second_order_diff": [-0.010380401613100054, -0.005873300519911084, -0.0026474953073000185, -0.020297897508855578, -0.013065132819400027, -0.0028915872964044853, -0.014593773784744468, -0.01338956944513331, -0.13246515138710002, -0.12781564821540004, -0.01988502331023334, -0.06567516886790004, -0.018851427285211164, -0.08515257810564003, -0.014547113854866622]}