{"coverage_estimated_first_order": [1.1451605975128862, 0.8245954789669147, 1.2330220806255725, 1.237931265655328, 0.7817138319800543, 0.9234558005868077, 1.0673254365936098, 0.5676390360386994, 1.0647475850472525, 0.7219723817188956, 0.8217696241672034, 0.8857868530227153, 1.130540933375204, 0.5989487069232303, 0.7334938959609273], "coverage_estimated_second_order": [0.7472503818770001, 1.0189555652826, 0.7603391101774999, 0.7845292286705001, 1.0015913538724, 0.6021695867101401, 0.7017099582579001, 1.0002264712324, 0.6675889813611999, 0.9971905491932, 0.32902378975299995, 0.4776381509044, 0.7277936231705999, 1.0317844060380101, 0.2563090830974], "sol": [0.0, 1.0, 0.0, 0.0, 1.0, 0.0, 0.0, 1.0, 0.0, 1.0, 0.0, 0.0, 0.0, 1.0, 0.0], "coverage": [0.7402213541666667, 1.0, 0.7639236111111111, 0.7980078125, 1.0, 0.6180121527777778, 0.7113975694444444, 1.0, 0.6665104166666667, 1.0, 0.3507161458333333, 0.49699652777777775, 0.7301258680555556, 1.0, 0.2761545138888889], "coverage_estimated_first_order_diff": [0.40493924334621956, -0.17540452103308535, 0.46909846951446144, 0.4399234531553281, -0.21828616801994571, 0.3054436478090299, 0.35592786714916536, -0.43236096396130064, 0.39823716838058587, -0.27802761828110445, 0.4710534783338701, 0.38879032524493756, 0.4004150653196483, -0.4010512930767697, 0.4573393820720384], "coverage_estimated_second_order_diff": [0.007029027710333424, 0.018955565282599895, -0.003584500933611179, -0.013478583829499846, 0.0015913538723999476, -0.015842566067637676, -0.009687611186544376, 0.00022647123240004952, 0.0010785646945332683, -0.0028094508067999513, -0.021692356080333375, -0.01935837687337777, -0.0023322448849556476, 0.03178440603801014, -0.01984543079148887]}