{"coverage_estimated_first_order": [1.3538027904548608, 1.4534157647037826, 1.8364495956725932, 1.8822728370785051, 1.4440696897311462, 0.9832738430711292, 1.2002933907760898, 1.0368877243845411, 1.3402732998234852, 0.9537724863848954, 0.9537147315672192, 1.199177464115556, 1.2606435208549207, 1.1344512020843294, 1.1994251734284351], "coverage_estimated_second_order": [0.9142191584582, 0.9116679825132, 0.7639398687814002, 0.7770861260416001, 0.8996217724236, 0.9801762195896201, 0.3910824532856, 0.3151086108537, 0.7104362581005, 1.0016765002688002, 0.9996897378948001, 0.5320704472402, 0.8714105067157999, 0.6061229488299201, 0.5673815269974], "sol": [1.0, 1.0, 0.0, 0.0, 1.0, 1.0, 0.0, 0.0, 0.0, 1.0, 1.0, 0.0, 1.0, 0.0, 0.0], "coverage": [1.0, 1.0, 0.8304774305555556, 0.8564192708333334, 1.0, 1.0, 0.3981814236111111, 0.3253993055555556, 0.7115451388888889, 1.0, 1.0, 0.5382074652777777, 1.0, 0.6207595486111112, 0.5695008680555556], "coverage_estimated_first_order_diff": [0.35380279045486085, 0.45341576470378264, 1.0059721651170377, 1.0258535662451718, 0.44406968973114624, -0.016726156928870806, 0.8021119671649787, 0.7114884188289856, 0.6287281609345963, -0.046227513615104576, -0.0462852684327808, 0.6609699988377782, 0.2606435208549207, 0.5136916534732182, 0.6299243053728796], "coverage_estimated_second_order_diff": [-0.08578084154179999, -0.08833201748679997, -0.06653756177415537, -0.07933314479173326, -0.10037822757640003, -0.01982378041037991, -0.0070989703255111, -0.010290694701855563, -0.0011088807883888885, 0.001676500268800174, -0.00031026210519990993, -0.006137018037577713, -0.1285894932842001, -0.014636599781191029, -0.0021193410581555883]}