{"coverage_estimated_first_order": [1.4622229615064952, 1.5935958701501889, 1.5777860136391748, 1.8938199412803833, 1.3514397717089062, 1.1732349115889962, 1.2409653263774718, 1.0397204175099735, 0.9458847337546772, 1.3545759941985605, 0.9837987939791965, 1.1389528462766751, 1.2836824999010614, 1.021450161534896, 1.227926385286808], "coverage_estimated_second_order": [0.6948465553126, 0.6670522222208999, 0.6842493000784, 0.6332581389477001, 0.7817552692261999, 0.51693449794462, 0.39934630579919994, 0.2874770309355, 1.0043669788753, 0.6671474795089999, 0.9966487747074, 0.4304814534273, 0.7677720184569, 0.43012026786556007, 0.5818807982773999], "sol": [1.0, 1.0, 1.0, 0.0, 1.0, 0.0, 0.0, 0.0, 1.0, 0.0, 1.0, 0.0, 1.0, 0.0, 0.0], "coverage": [1.0, 1.0, 1.0, 0.8600173611111112, 1.0, 0.524609375, 0.433203125, 0.31243923611111113, 1.0, 0.6684635416666667, 1.0, 0.43907118055555555, 1.0, 0.45188368055555556, 0.5812109375], "coverage_estimated_first_order_diff": [0.4622229615064952, 0.5935958701501889, 0.5777860136391748, 1.0338025801692723, 0.35143977170890617, 0.6486255365889961, 0.8077622013774718, 0.7272811813988623, -0.05411526624532281, 0.6861124525318938, -0.01620120602080355, 0.6998816657211195, 0.2836824999010614, 0.5695664809793406, 0.6467154477868081], "coverage_estimated_second_order_diff": [-0.3051534446874, -0.3329477777791001, -0.3157506999216, -0.22675922216341104, -0.21824473077380013, -0.007674877055380058, -0.03385681920080008, -0.024962205175611152, 0.0043669788753000205, -0.0013160621576667753, -0.003351225292600013, -0.008589727128255564, -0.23222798154309998, -0.021763412689995487, 0.0006698607773999443]}