{"coverage_estimated_first_order": [1.129874885617308, 1.6655416307193733, 1.6752043261352494, 1.6587718698262732, 1.5703883424648117, 0.7967473653453498, 1.2898237136644006, 1.1493624885096987, 1.311132402286543, 0.9555412062873374, 1.360040470833134, 1.3054504748667144, 1.1831498958495055, 1.1029889669022146, 0.9242790275525213], "coverage_estimated_second_order": [0.9729107823375, 0.786883891391, 0.7436094104973001, 0.7644030789852, 0.7623708668592999, 0.9965437425114, 0.9511025678221002, 0.9511485649018, 0.672633747631, 0.9930708247714001, 0.6838148063948, 0.6529311914902001, 0.9730759489449999, 0.6023529960993599, 0.9848573519308002], "sol": [1.0, 0.0, 0.0, 0.0, 0.0, 1.0, 1.0, 1.0, 0.0, 1.0, 0.0, 0.0, 1.0, 0.0, 1.0], "coverage": [1.0, 0.8103211805555556, 0.7784592013888889, 0.7898350694444445, 0.7778385416666667, 1.0, 1.0, 1.0, 0.6798524305555556, 1.0, 0.6884505208333334, 0.6480859375, 1.0, 0.6108116319444444, 1.0], "coverage_estimated_first_order_diff": [0.12987488561730798, 0.8552204501638178, 0.8967451247463605, 0.8689368003818287, 0.7925498007981451, -0.20325263465465015, 0.28982371366440063, 0.1493624885096987, 0.6312799717309874, -0.04445879371266259, 0.6715899499998006, 0.6573645373667144, 0.18314989584950547, 0.49217733495777016, -0.07572097244747866], "coverage_estimated_second_order_diff": [-0.027089217662500054, -0.023437289164555564, -0.034849790891588794, -0.02543199045924449, -0.015467674807366771, -0.003456257488600012, -0.04889743217789977, -0.0488514350982, -0.0072186829245555195, -0.006929175228599926, -0.004635714438533389, 0.004845253990200082, -0.026924051055000064, -0.00845863584508455, -0.015142648069199849]}