{"coverage_estimated_first_order": [0.7558695228864802, 1.2443847884343044, 1.259678539006304, 1.3376893908110636, 0.9362347560461892, 0.6797490181778855, 1.0969147962096606, 0.5481011486638295, 0.7715685169340061, 0.8002566756780713, 0.9570304090126622, 0.8271707033637082, 1.076353498039248, 0.6980626976751655, 0.5649805629235669], "coverage_estimated_second_order": [1.0064976865806, 0.8242924619192, 0.7972940269364, 0.8570513164568, 1.0575635020414, 1.0444597785524201, 0.7535928132642999, 0.9898309200722, 0.23075830164500002, 0.2353935063602, 0.5610255186646, 0.3898697581804, 0.6212204375472, 0.26524404720154, 0.9785456217944], "sol": [1.0, 0.0, 0.0, 0.0, 1.0, 1.0, 0.0, 1.0, 0.0, 0.0, 0.0, 0.0, 0.0, 0.0, 1.0], "coverage": [1.0, 0.8228038194444445, 0.7888020833333333, 0.8156293402777778, 1.0, 1.0, 0.7666753472222222, 1.0, 0.2446310763888889, 0.25048177083333334, 0.5881163194444444, 0.413515625, 0.6072960069444444, 0.2594314236111111, 1.0], "coverage_estimated_first_order_diff": [-0.24413047711351976, 0.42158096898985997, 0.47087645567297076, 0.5220600505332859, -0.06376524395381078, -0.32025098182211453, 0.3302394489874384, -0.45189885133617047, 0.5269374405451172, 0.549774904844738, 0.3689140895682178, 0.41365507836370824, 0.46905749109480355, 0.4386312740640544, -0.4350194370764331], "coverage_estimated_second_order_diff": [0.006497686580599904, 0.0014886424747555527, 0.008491943603066598, 0.04142197617902221, 0.05756350204140004, 0.044459778552420115, -0.013082533957922249, -0.010169079927800029, -0.013872774743888872, -0.015088264473133328, -0.02709080077984438, -0.023645866819600014, 0.01392443060275561, 0.005812623590428889, -0.021454378205600033]}