{"coverage_estimated_first_order": [1.379907314974383, 1.5137343629294837, 1.4472467171975263, 1.6035189995552135, 1.4250545329535724, 0.9490122715896445, 1.556628567034701, 0.9359119465166642, 1.0137379797204544, 1.503913569459384, 1.1329884129962478, 1.0722698226668443, 1.3915256748688638, 0.9249341832525362, 1.328937235811977], "coverage_estimated_second_order": [0.8866739842518, 0.8927781745814, 0.869470537231, 0.537048392765, 0.4345005134746, 0.19183423198699995, 0.7886285439635, 0.9540872116677, 0.9848917147615, 0.7768389703229999, 0.9677081640708, 0.9783853945719, 0.4591609757213, 0.29212425740629, 0.6437315435678002], "sol": [1.0, 1.0, 1.0, 0.0, 0.0, 0.0, 0.0, 1.0, 1.0, 0.0, 1.0, 1.0, 0.0, 0.0, 0.0], "coverage": [1.0, 1.0, 1.0, 0.5814019097222223, 0.4484809027777778, 0.1932595486111111, 0.8297786458333334, 1.0, 1.0, 0.7851345486111111, 1.0, 1.0, 0.48734375, 0.2988411458333333, 0.6519401041666667], "coverage_estimated_first_order_diff": [0.379907314974383, 0.5137343629294837, 0.4472467171975263, 1.0221170898329912, 0.9765736301757946, 0.7557527229785335, 0.7268499212013677, -0.0640880534833358, 0.01373797972045443, 0.7187790208482728, 0.13298841299624775, 0.07226982266684434, 0.9041819248688638, 0.6260930374192029, 0.6769971316453104], "coverage_estimated_second_order_diff": [-0.1133260157482, -0.10722182541860004, -0.13052946276900002, -0.04435351695722223, -0.013980389303177798, -0.0014253166241111614, -0.041150101869833366, -0.04591278833229995, -0.015108285238500052, -0.008295578288111227, -0.03229183592920004, -0.02161460542810001, -0.02818277427870003, -0.0067168884270433216, -0.008208560598866543]}