{"coverage_estimated_first_order": [1.3595327645756983, 1.4715396847126667, 1.7545085638646536, 1.6129530139600587, 1.4426309076231427, 0.9296616966551857, 1.4029747384033062, 1.2356078325291888, 1.1583696436642195, 1.258394592254985, 1.0655498692305385, 1.077647543635058, 1.1928304410791266, 0.895322139591102, 1.2932611960750722], "coverage_estimated_second_order": [0.9056335918862, 0.8812122157794, 0.6717328073548, 0.6024817274405999, 0.49869240794059994, 0.17803387279879995, 0.7917723129918, 0.8173983357111002, 0.40105243618229997, 0.46105789151300003, 0.9268721424856, 0.9173501468822, 0.8889384390021999, 0.20570473323598001, 0.639589183254], "sol": [1.0, 1.0, 0.0, 0.0, 0.0, 0.0, 1.0, 1.0, 0.0, 0.0, 1.0, 1.0, 1.0, 0.0, 0.0], "coverage": [1.0, 1.0, 0.7486371527777778, 0.6553645833333334, 0.5350347222222223, 0.19537760416666666, 1.0, 1.0, 0.40761284722222224, 0.47067708333333336, 1.0, 1.0, 1.0, 0.2107421875, 0.6562803819444445], "coverage_estimated_first_order_diff": [0.35953276457569827, 0.4715396847126667, 1.0058714110868758, 0.9575884306267254, 0.9075961854009205, 0.734284092488519, 0.4029747384033062, 0.23560783252918882, 0.7507567964419972, 0.7877175089216517, 0.06554986923053852, 0.0776475436350581, 0.1928304410791266, 0.684579952091102, 0.6369808141306277], "coverage_estimated_second_order_diff": [-0.09436640811380004, -0.11878778422059999, -0.07690434542297775, -0.05288285589273345, -0.03634231428162232, -0.01734373136786671, -0.20822768700820005, -0.1826016642888998, -0.006560411039922276, -0.009619191820333328, -0.07312785751439999, -0.08264985311780004, -0.11106156099780007, -0.005037454264019997, -0.016691198690444442]}