{"coverage_estimated_first_order": [1.413103056008799, 1.5820840865582335, 1.4137227281910916, 1.8963451797248156, 1.4297996393067367, 1.0403205802791635, 1.438763993011638, 0.8800678107330034, 1.3087235735115157, 0.9484631713430238, 1.304776697391571, 1.2299202144635908, 1.2691857901498613, 1.1199621766899812, 0.8647943703667553], "coverage_estimated_second_order": [0.5639831722941999, 0.6489287782264999, 0.9150845467748998, 0.8106557959437, 0.9268616565671999, 0.9318655092958201, 0.7545987588939002, 0.9955999573630001, 0.6732756204527, 0.9993670442006, 0.637000291369, 0.5921901774848, 0.9198897437402003, 0.6055082686387501, 1.0049293317168], "sol": [0.0, 0.0, 1.0, 0.0, 1.0, 1.0, 0.0, 1.0, 0.0, 1.0, 0.0, 0.0, 1.0, 0.0, 1.0], "coverage": [0.5906380208333334, 0.6863368055555555, 1.0, 0.8861935763888888, 1.0, 1.0, 0.7636588541666667, 1.0, 0.6795833333333333, 1.0, 0.6434982638888889, 0.6039149305555556, 1.0, 0.6172743055555555, 1.0], "coverage_estimated_first_order_diff": [0.8224650351754655, 0.895747281002678, 0.41372272819109157, 1.0101516033359268, 0.4297996393067367, 0.04032058027916352, 0.6751051388449714, -0.11993218926699656, 0.6291402401781824, -0.051536828656976175, 0.6612784335026822, 0.6260052839080352, 0.2691857901498613, 0.5026878711344257, -0.13520562963324467], "coverage_estimated_second_order_diff": [-0.02665484853913347, -0.03740802732905568, -0.08491545322510019, -0.07553778044518888, -0.07313834343280012, -0.06813449070417987, -0.009060095272766522, -0.00440004263699989, -0.006307712880633365, -0.0006329557994000368, -0.006497972519888817, -0.0117247530707556, -0.08011025625979973, -0.011766036916805445, 0.0049293317167999895]}