{"coverage_estimated_first_order": [1.2358669006999086, 0.9565148737114547, 0.9916936907628626, 1.1812188000863952, 1.0218492393370309, 0.6985575228848696, 0.964351976127461, 0.8672365827660903, 0.9564605821478647, 0.6096159545190982, 0.8651192013794592, 0.9533516296372173, 1.049542688106851, 0.6947917905367983, 0.7857028248128751], "coverage_estimated_second_order": [0.7474761170752, 1.0105629696411, 0.9948312610858999, 0.6011066073057, 0.43940288701390007, 0.19572502176061998, 0.988586628498, 0.9917995529402001, 0.5816684786719, 0.9641465889108, 0.3747183726116, 0.5415640476438, 0.4967166635514, 0.2936088869861, 0.3163595227106], "sol": [0.0, 1.0, 1.0, 0.0, 0.0, 0.0, 1.0, 1.0, 0.0, 1.0, 0.0, 0.0, 0.0, 0.0, 0.0], "coverage": [0.7313975694444445, 1.0, 1.0, 0.5793532986111111, 0.4215277777777778, 0.1932595486111111, 1.0, 1.0, 0.6092447916666667, 1.0, 0.3899652777777778, 0.5437673611111111, 0.48364149305555554, 0.2974175347222222, 0.3327821180555556], "coverage_estimated_first_order_diff": [0.5044693312554641, -0.043485126288545284, -0.008306309237137377, 0.6018655014752842, 0.6003214615592531, 0.5052979742737584, -0.03564802387253896, -0.13276341723390972, 0.347215790481198, -0.3903840454809018, 0.4751539236016814, 0.4095842685261062, 0.5659011950512955, 0.3973742558145761, 0.45292070675731955], "coverage_estimated_second_order_diff": [0.016078547630755557, 0.01056296964110004, -0.0051687389141000795, 0.021753308694588913, 0.01787510923612229, 0.0024654731495088733, -0.011413371501999947, -0.008200447059799942, -0.027576312994766705, -0.03585341108920004, -0.015246905166177771, -0.0022033134673111743, 0.013075170495844446, -0.003808647736122217, -0.01642259534495555]}