{"coverage_estimated_first_order": [1.5667319590425246, 1.3073421426573388, 1.8297600807612675, 1.4730556565228405, 1.7655241581187866, 0.9150064687563688, 1.3407381834463166, 1.2082816789361686, 1.0532129789340867, 1.1801407330641602, 1.1905913314743293, 0.956697334272517, 1.3030583818373824, 1.0011104747052357, 1.0741357959028144], "coverage_estimated_second_order": [0.7241748345562, 0.9439977852102, 0.8260830295326, 0.9456639519444, 0.8369074938805, 0.98615699602582, 0.8885579881631999, 0.8839078917913002, 0.2245154460414, 0.3569092743942, 0.3900792758382, 0.9283297540059999, 0.9034082887505999, 0.39213239638291003, 0.34422775145539997], "sol": [0.0, 1.0, 0.0, 1.0, 0.0, 1.0, 1.0, 1.0, 0.0, 0.0, 0.0, 1.0, 1.0, 0.0, 0.0], "coverage": [0.7499131944444445, 1.0, 0.8760850694444444, 1.0, 0.8599435763888889, 1.0, 1.0, 1.0, 0.23825086805555556, 0.3695486111111111, 0.4154470486111111, 1.0, 1.0, 0.38826822916666665, 0.3600390625], "coverage_estimated_first_order_diff": [0.8168187645980801, 0.30734214265733883, 0.9536750113168231, 0.47305565652284054, 0.9055805817298977, -0.08499353124363118, 0.34073818344631657, 0.20828167893616856, 0.8149621108785312, 0.8105921219530492, 0.7751442828632182, -0.04330266572748298, 0.30305838183738243, 0.6128422455385691, 0.7140967334028143], "coverage_estimated_second_order_diff": [-0.025738359888244466, -0.05600221478980005, -0.050002039911844376, -0.054336048055599995, -0.023036082508388844, -0.013843003974180035, -0.11144201183680014, -0.11609210820869975, -0.013735422014155563, -0.012639336716911087, -0.02536777277291108, -0.07167024599400007, -0.09659171124940014, 0.003864167216243386, -0.01581131104460004]}