{"coverage_estimated_first_order": [1.3639817295785717, 1.4661666755865712, 1.8427140909138617, 1.8877126228339975, 1.4671241957655543, 1.0940662941702126, 1.1953822081959748, 1.0186319303506963, 1.1960407359245766, 1.2188165149912693, 0.875725834993128, 1.0774842581060646, 1.3434935683203606, 0.9045504978977098, 1.1471777153009433], "coverage_estimated_second_order": [0.8909195489359999, 0.8879884320666, 0.7556401750394001, 0.7712412827133002, 0.8682128183736, 0.95163180236694, 0.38347134338639993, 0.28317109136429996, 0.5058253743313, 0.477564868545, 0.947419011324, 0.3383159107154, 0.8327023366188, 0.93034424537402, 0.5044046276118], "sol": [1.0, 1.0, 0.0, 0.0, 1.0, 1.0, 0.0, 0.0, 0.0, 0.0, 1.0, 0.0, 1.0, 1.0, 0.0], "coverage": [1.0, 1.0, 0.8309157986111111, 0.8582161458333334, 1.0, 1.0, 0.39404079861111113, 0.2956423611111111, 0.5438151041666667, 0.5153211805555555, 1.0, 0.36614149305555554, 1.0, 1.0, 0.5363888888888889], "coverage_estimated_first_order_diff": [0.36398172957857167, 0.4661666755865712, 1.0117982923027506, 1.0294964770006643, 0.4671241957655543, 0.09406629417021262, 0.8013414095848637, 0.7229895692395852, 0.6522256317579099, 0.7034953344357138, -0.12427416500687205, 0.7113427650505091, 0.3434935683203606, -0.0954495021022902, 0.6107888264120543], "coverage_estimated_second_order_diff": [-0.1090804510640001, -0.11201156793339995, -0.07527562357171103, -0.08697486312003322, -0.13178718162640002, -0.048368197633059995, -0.0105694552247112, -0.01247126974681112, -0.03798972983536664, -0.037756312010555515, -0.05258098867600003, -0.02782558234015553, -0.1672976633812, -0.06965575462597995, -0.031984261277088866]}