{"coverage_estimated_first_order": [1.1624617081006234, 1.2916885355885765, 1.470851583657811, 1.205830875064186, 1.560286947210508, 0.8928845885456163, 0.7951549887730937, 1.1142890135654897, 0.8139627869886616, 1.257112938687884, 0.9995199081102188, 0.9669972781062075, 1.1225935504408235, 0.8662908258237313, 0.906441907817732], "coverage_estimated_second_order": [0.48492482991839997, 0.5794925843319, 0.7545661231798001, 0.9942387011618, 0.8515455154715, 0.99683654192284, 0.9847087322462001, 0.6363284130488001, 0.987433930231, 0.696819865406, 0.39441935141249995, 0.3948748951625, 0.9949676220084, 1.01408395698009, 0.3345198475786], "sol": [0.0, 0.0, 0.0, 1.0, 0.0, 1.0, 1.0, 0.0, 1.0, 0.0, 0.0, 0.0, 1.0, 1.0, 0.0], "coverage": [0.4955425347222222, 0.5882986111111111, 0.7615494791666667, 1.0, 0.8551822916666667, 1.0, 1.0, 0.6408203125, 1.0, 0.7011284722222222, 0.42717881944444447, 0.42083333333333334, 1.0, 1.0, 0.36237413194444446], "coverage_estimated_first_order_diff": [0.6669191733784012, 0.7033899244774654, 0.7093021044911444, 0.20583087506418596, 0.7051046555438414, -0.10711541145438375, -0.20484501122690635, 0.47346870106548966, -0.18603721301133835, 0.5559844664656619, 0.5723410886657744, 0.5461639447728741, 0.12259355044082354, -0.1337091741762687, 0.5440677758732876], "coverage_estimated_second_order_diff": [-0.010617704803822237, -0.008806026779211162, -0.006983355986866613, -0.00576129883819998, -0.003636776195166669, -0.0031634580771600085, -0.015291267753799853, -0.004491899451199988, -0.012566069768999988, -0.004308606816222138, -0.032759468031944516, -0.02595843817083332, -0.005032377991599946, 0.014083956980089907, -0.027854284365844473]}