{"coverage_estimated_first_order": [1.3388775764541094, 1.459150781604458, 1.7989406485048107, 1.7134732590537176, 1.6441045064108468, 0.9152267734018799, 1.015978508554114, 1.2898377658237, 1.348586139563639, 1.0024066979642947, 1.1361762304562264, 1.1643201930669005, 1.2823585924525758, 1.0032079174366793, 1.044445042387257], "coverage_estimated_second_order": [0.9207040566705, 0.9178598660567999, 0.7976778107406, 0.7956382163573, 0.8001230636142999, 0.99837624959482, 0.9532089590046, 0.6682643100907, 0.6603102505382001, 0.9821489754996, 0.3661862206324, 0.49533645192439996, 0.9543563904597998, 0.98623071848955, 0.3190789660332], "sol": [1.0, 1.0, 0.0, 0.0, 0.0, 1.0, 1.0, 0.0, 0.0, 1.0, 0.0, 0.0, 1.0, 1.0, 0.0], "coverage": [1.0, 1.0, 0.8413368055555556, 0.8250868055555556, 0.8212717013888889, 1.0, 1.0, 0.6802083333333333, 0.6684722222222222, 1.0, 0.39837673611111113, 0.5270486111111111, 1.0, 1.0, 0.3489713541666667], "coverage_estimated_first_order_diff": [0.33887757645410943, 0.459150781604458, 0.9576038429492552, 0.888386453498162, 0.8228328050219579, -0.08477322659812014, 0.01597850855411398, 0.6096294324903666, 0.6801139173414167, 0.002406697964294713, 0.7377994943451153, 0.6372715819557894, 0.2823585924525758, 0.003207917436679253, 0.6954736882205904], "coverage_estimated_second_order_diff": [-0.07929594332949996, -0.08214013394320008, -0.04365899481495561, -0.029448589198255548, -0.021148637774589085, -0.0016237504051800355, -0.04679104099539999, -0.011944023242633328, -0.008161971684022107, -0.017851024500399992, -0.03219051547871116, -0.031712159186711164, -0.04564360954020019, -0.013769281510449982, -0.029892388133466674]}