{"coverage_estimated_first_order": [1.1803266384530458, 1.2957963478177315, 1.4737569358093978, 1.20680477821302, 1.560286947210508, 0.8928845885456163, 0.8330503552387943, 1.142111597432387, 1.0584505344986863, 1.0800334098687125, 0.752430753932708, 1.0179385927770235, 1.1200210759272604, 0.7554549643293753, 1.0332092523396361], "coverage_estimated_second_order": [0.5144297135697999, 0.5868310115231999, 0.7593031867304, 0.9937090002078001, 0.8515455154715001, 0.99683654192284, 1.0034501499228001, 0.6679227845418, 0.5148718531948, 0.49195580536940003, 0.975589918391, 0.4697627411524, 0.9948985070464, 0.9864808780460298, 0.5427382842501], "sol": [0.0, 0.0, 0.0, 1.0, 0.0, 1.0, 1.0, 0.0, 0.0, 0.0, 1.0, 0.0, 1.0, 1.0, 0.0], "coverage": [0.5244618055555555, 0.5949913194444445, 0.7650824652777778, 1.0, 0.8551822916666667, 1.0, 1.0, 0.6588758680555555, 0.5475824652777778, 0.5205772569444445, 1.0, 0.4854600694444444, 1.0, 1.0, 0.5690885416666667], "coverage_estimated_first_order_diff": [0.6558648328974902, 0.700805028373287, 0.70867447053162, 0.20680477821302, 0.7051046555438414, -0.10711541145438375, -0.16694964476120566, 0.48323572937683146, 0.5108680692209085, 0.5594561529242681, -0.24756924606729203, 0.5324785233325791, 0.12002107592726041, -0.2445450356706247, 0.46412071067296945], "coverage_estimated_second_order_diff": [-0.010032091985755609, -0.008160307921244558, -0.0057792785473778086, -0.006290999792199936, -0.003636776195166558, -0.0031634580771600085, 0.0034501499228001276, 0.00904691648624445, -0.032710612082977764, -0.02862145157504442, -0.024410081609000045, -0.0156973282920444, -0.005101492953599962, -0.013519121953970203, -0.026350257416566714]}