{"coverage_estimated_first_order": [1.1434111761037373, 0.8053011879895445, 1.2373218841281317, 1.1624793714727915, 1.137113235378643, 0.6193889054660859, 0.6745629281853371, 0.9842467102761814, 0.916078618236497, 0.9319593299170542, 0.6131638145969162, 0.8822620506373899, 1.066738047666024, 0.5669852864593281, 0.9059154806498354], "coverage_estimated_second_order": [0.7154095277562, 0.9784846504822, 0.7567829703310001, 0.6516916158042, 0.6657190167647, 0.9829916684549401, 1.0187096611014002, 0.6611321140172, 0.5126586861986001, 0.490232761291, 0.9817604118021999, 0.4732203407466, 0.6184169525929999, 1.00080921950745, 0.5541626356862001], "sol": [0.0, 1.0, 0.0, 0.0, 0.0, 1.0, 1.0, 0.0, 0.0, 0.0, 1.0, 0.0, 0.0, 1.0, 0.0], "coverage": [0.7303949652777778, 1.0, 0.7950260416666667, 0.7070486111111111, 0.7116493055555555, 1.0, 1.0, 0.6552126736111111, 0.5425477430555555, 0.5157291666666667, 1.0, 0.4848871527777778, 0.6570269097222222, 1.0, 0.5741796875], "coverage_estimated_first_order_diff": [0.4130162108259595, -0.19469881201045547, 0.442295842461465, 0.4554307603616804, 0.42546392982308756, -0.38061109453391406, -0.32543707181466286, 0.32903403666507025, 0.3735308751809415, 0.41623016325038753, -0.38683618540308384, 0.39737489785961216, 0.40971113794380176, -0.4330147135406719, 0.33173579314983537], "coverage_estimated_second_order_diff": [-0.014985437521577771, -0.021515349517799987, -0.03824307133566662, -0.05535699530691107, -0.04593028879085548, -0.017008331545059874, 0.018709661101400155, 0.005919440406088827, -0.02988905685695542, -0.025496405375666664, -0.01823958819780014, -0.011666812031177753, -0.03860995712922233, 0.0008092195074500541, -0.02001705181379998]}