{"coverage_estimated_first_order": [1.2312636543190971, 1.369533334601892, 1.0932562897335223, 1.4100523518854515, 1.2737853042020821, 0.9722735106099141, 0.8601480018399709, 1.1516986269422136, 0.9190833803540641, 1.3353370084058804, 0.8594827963008621, 1.0885320758262411, 1.0348657002460866, 0.7565582573543262, 1.110453240276241], "coverage_estimated_second_order": [0.5906625490958, 0.6945192789703, 0.9957486869559999, 0.7129888743354, 0.5938424918414, 0.46208707236361996, 1.0143342619418, 0.6712185522452, 1.0418373270246, 0.7832004675124, 1.0303633343297, 0.5789457993092999, 1.0153463934398002, 1.02061416067187, 0.6210496256528], "sol": [0.0, 0.0, 1.0, 0.0, 0.0, 0.0, 1.0, 0.0, 1.0, 0.0, 1.0, 0.0, 1.0, 1.0, 0.0], "coverage": [0.5948046875, 0.7000868055555556, 1.0, 0.7239409722222222, 0.6062586805555555, 0.46736979166666665, 1.0, 0.6587586805555555, 1.0, 0.7436675347222222, 1.0, 0.5706944444444444, 1.0, 1.0, 0.6052170138888889], "coverage_estimated_first_order_diff": [0.6364589668190971, 0.6694465290463365, 0.09325628973352229, 0.6861113796632293, 0.6675266236465266, 0.5049037189432475, -0.13985199816002913, 0.49293994638665806, -0.08091661964593588, 0.5916694736836582, -0.1405172036991379, 0.5178376313817967, 0.034865700246086595, -0.24344174264567375, 0.5052362263873521], "coverage_estimated_second_order_diff": [-0.00414213840420008, -0.005567526585255611, -0.00425131304400006, -0.010952097886822165, -0.012416188714155507, -0.00528271930304669, 0.014334261941800097, 0.012459871689644464, 0.04183732702459997, 0.03953293279017778, 0.030363334329700065, 0.008251354864855509, 0.015346393439800154, 0.02061416067186994, 0.015832611763911042]}