{"coverage_estimated_first_order": [1.4345239435197354, 1.5683346147129935, 1.538172606446636, 1.7999629781476887, 1.248265329952586, 1.1278517923579772, 1.5585493828647312, 0.9258239018490451, 1.121153046536793, 1.2232392072635423, 1.369772231001979, 0.9642787661105203, 1.4926530298588967, 0.837288329436611, 0.9256869965665964], "coverage_estimated_second_order": [0.7994796285746999, 0.7872072997415, 0.8010471206498, 0.7063904600242001, 0.8810457854502, 0.50647410420144, 0.7998405721849, 0.9693465474812001, 0.34768743018529996, 0.43781021904860007, 0.6877738724282001, 1.0144944179753, 0.5485454034297998, 0.12873506933996998, 0.9789654726204001], "sol": [1.0, 1.0, 1.0, 0.0, 1.0, 0.0, 0.0, 1.0, 0.0, 0.0, 0.0, 1.0, 0.0, 0.0, 1.0], "coverage": [1.0, 1.0, 1.0, 0.8360069444444445, 1.0, 0.5216145833333333, 0.8349001736111111, 1.0, 0.35467447916666667, 0.44005208333333334, 0.6945355902777778, 1.0, 0.6375043402777778, 0.13165798611111112, 1.0], "coverage_estimated_first_order_diff": [0.43452394351973544, 0.5683346147129935, 0.5381726064466359, 0.9639560337032442, 0.2482653299525861, 0.6062372090246438, 0.7236492092536201, -0.07417609815095494, 0.7664785673701262, 0.783187123930209, 0.6752366407242013, -0.035721233889479675, 0.8551486895811189, 0.7056303433254999, -0.07431300343340363], "coverage_estimated_second_order_diff": [-0.2005203714253001, -0.21279270025849994, -0.1989528793502, -0.12961648442024432, -0.11895421454980004, -0.015140479131893314, -0.03505960142621112, -0.030653452518799917, -0.006987048981366706, -0.002241864284733275, -0.006761717849577686, 0.014494417975299934, -0.08895893684797795, -0.0029229167711411486, -0.021034527379599877]}