{"coverage_estimated_first_order": [1.5720552394867606, 1.2667710567279646, 1.713211037484433, 1.261077884703636, 1.5061442736135058, 1.1056431749768219, 1.3113400448905674, 1.1461212354220733, 1.268993250509537, 1.2959264511465296, 1.126845091742564, 1.3047957006288686, 1.5116292092836805, 0.6848098413443662, 1.059461617994159], "coverage_estimated_second_order": [0.7663174198408, 0.9663923478323, 0.7828280996024001, 0.9431379059704001, 0.6915443432997002, 0.49882086708373996, 0.9253326284272001, 0.9310887176704, 0.5760905493028, 0.5667485671051999, 0.9760402554894001, 0.577750024817, 0.7228537483762, 0.98514022582449, 0.9715488789011001], "sol": [0.0, 1.0, 0.0, 1.0, 0.0, 0.0, 1.0, 1.0, 0.0, 0.0, 1.0, 0.0, 0.0, 1.0, 1.0], "coverage": [0.7890842013888889, 1.0, 0.8230859375, 1.0, 0.7269010416666667, 0.52921875, 1.0, 1.0, 0.5774956597222223, 0.5764626736111111, 1.0, 0.5792795138888889, 0.7425260416666667, 1.0, 1.0], "coverage_estimated_first_order_diff": [0.7829710380978717, 0.26677105672796464, 0.8901250999844329, 0.2610778847036359, 0.7792432319468391, 0.5764244249768219, 0.31134004489056744, 0.14612123542207334, 0.6914975907873147, 0.7194637775354185, 0.1268450917425641, 0.7255161867399798, 0.7691031676170138, -0.3151901586556338, 0.059461617994158944], "coverage_estimated_second_order_diff": [-0.022766781548088866, -0.03360765216770001, -0.04025783789759996, -0.05686209402959985, -0.03535669836696653, -0.03039788291626, -0.0746673715727999, -0.06891128232959998, -0.0014051104194222619, -0.009714106505911202, -0.0239597445105999, -0.0015294890718888787, -0.019672293290466714, -0.014859774175509988, -0.028451121098899912]}