{"coverage_estimated_first_order": [1.2050089764089809, 0.8891383431033562, 0.9334663692220837, 1.1515258391908751, 1.021237703677689, 0.6985575228848697, 0.951031562377705, 0.804466083894877, 1.0961477376679398, 0.7663038232057204, 1.1167970657596606, 0.7564235216797434, 0.9679825596860888, 0.7007059717003983, 0.6746053134083807], "coverage_estimated_second_order": [0.7872028096261, 1.051226722883, 1.0392589532054, 0.5760398040258, 0.4379619239264, 0.19572502176061998, 0.4935078703511, 0.3665853620182, 0.7025044683692999, 1.0103605976306, 0.7174107121368001, 1.0135640772367, 0.41904850498519997, 0.30649644009478, 1.0119021012106], "sol": [0.0, 1.0, 1.0, 0.0, 0.0, 0.0, 0.0, 0.0, 0.0, 1.0, 0.0, 1.0, 0.0, 0.0, 1.0], "coverage": [0.7492491319444444, 1.0, 1.0, 0.5508854166666667, 0.41987413194444445, 0.1932595486111111, 0.4885720486111111, 0.364609375, 0.6906380208333334, 1.0, 0.7022743055555556, 1.0, 0.3997395833333333, 0.30894965277777775, 1.0], "coverage_estimated_first_order_diff": [0.45575984446453643, -0.11086165689664385, -0.0665336307779163, 0.6006404225242085, 0.6013635717332445, 0.5052979742737587, 0.46245951376659394, 0.43985670889487694, 0.40550971683460646, -0.23369617679427956, 0.41452276020410506, -0.24357647832025664, 0.5682429763527554, 0.39175631892262053, -0.3253946865916193], "coverage_estimated_second_order_diff": [0.037953677681655584, 0.0512267228829999, 0.03925895320539996, 0.025154387359133334, 0.018087791981955537, 0.0024654731495088733, 0.00493582173998891, 0.0019759870182000094, 0.011866447535966551, 0.010360597630600044, 0.015136406581244488, 0.013564077236700056, 0.01930892165186665, -0.002453212682997752, 0.01190210121059998]}