{"coverage_estimated_first_order": [1.4711551820765671, 1.1947122517281494, 1.2747503558763749, 1.5676546979714803, 1.0218492393370309, 1.0026244180055914, 1.143755675769322, 1.0048865474582103, 0.945784177779314, 0.978447456456616, 0.7870345783200587, 1.0775128164360743, 1.3182060858575226, 0.7085015489085015, 1.0634683207101863], "coverage_estimated_second_order": [0.7718813223383998, 0.9592626357514, 0.9713471747414, 0.8273683913581, 0.9828089203752999, 0.51321771791182, 0.9564069920724, 0.959625530123, 0.293348382215, 0.28025168268520007, 0.9504846314293999, 0.4903065616876, 0.6306502908978, 0.11169418226413, 0.5494399821738], "sol": [0.0, 1.0, 1.0, 0.0, 1.0, 0.0, 1.0, 1.0, 0.0, 0.0, 1.0, 0.0, 0.0, 0.0, 0.0], "coverage": [0.7821050347222223, 1.0, 1.0, 0.8416970486111112, 1.0, 0.5216145833333333, 1.0, 1.0, 0.31233072916666665, 0.2995920138888889, 1.0, 0.5057855902777778, 0.6417578125, 0.11134114583333334, 0.5806640625], "coverage_estimated_first_order_diff": [0.6890501473543449, 0.19471225172814943, 0.27475035587637486, 0.7259576493603691, 0.021849239337030868, 0.4810098346722581, 0.1437556757693219, 0.004886547458210266, 0.6334534486126473, 0.6788554425677271, -0.21296542167994126, 0.5717272261582965, 0.6764482733575227, 0.5971604030751682, 0.48280425821018624], "coverage_estimated_second_order_diff": [-0.01022371238382247, -0.04073736424859997, -0.028652825258600023, -0.014328657253011134, -0.017191079624700123, -0.0083968654215133, -0.043593007927600014, -0.040374469877, -0.018982346951666673, -0.019340331203688832, -0.04951536857060013, -0.015479028590177801, -0.011107521602199966, 0.00035303643079666325, -0.031224080326200054]}