{"coverage_estimated_first_order": [1.152563075838585, 0.8233635451192475, 1.2941366263792795, 1.3439273297817476, 0.9374988467139785, 0.6874359751353354, 1.0984082521067504, 0.5735477723881527, 0.8036433508388205, 0.8257598550500392, 0.6014916260947923, 0.8650779116442269, 1.087810331573006, 0.700396410359611, 0.8802702037319872], "coverage_estimated_second_order": [0.7653106219296002, 1.0102948808132, 0.8360752849782, 0.8589763606123001, 1.0591586104932, 1.04182733054434, 0.7464589666275, 1.0111486682558002, 0.291782757093, 0.2828143412124, 0.980400520852, 0.4420412249372, 0.6383372586856, 0.26844070657961006, 0.5144916580782001], "sol": [0.0, 1.0, 0.0, 0.0, 1.0, 1.0, 0.0, 1.0, 0.0, 0.0, 1.0, 0.0, 0.0, 0.0, 0.0], "coverage": [0.7637326388888889, 1.0, 0.8213237847222222, 0.8172916666666666, 1.0, 1.0, 0.7455598958333334, 1.0, 0.3089236111111111, 0.29609375, 1.0, 0.4537630208333333, 0.6186284722222222, 0.2615885416666667, 0.5386371527777778], "coverage_estimated_first_order_diff": [0.3888304369496961, -0.17663645488075252, 0.4728128416570573, 0.5266356631150809, -0.06250115328602146, -0.3125640248646646, 0.35284835627341704, -0.4264522276118473, 0.49471973972770944, 0.5296661050500393, -0.39850837390520766, 0.41131489081089356, 0.46918185935078394, 0.4388078686929443, 0.34163305095420937], "coverage_estimated_second_order_diff": [0.0015779830407113282, 0.010294880813199958, 0.014751500255977823, 0.041684693945633455, 0.05915861049320004, 0.04182733054433996, 0.0008990707941666232, 0.011148668255800187, -0.017140854018111107, -0.013279408787599978, -0.019599479147999976, -0.011721795896133314, 0.019708786463377814, 0.0068521649129433815, -0.02414549469957772]}