{"coverage_estimated_first_order": [1.1142285321703764, 0.7452070848764643, 1.1294133927233698, 1.0298192814103353, 0.9350281009315967, 0.6338238287193916, 0.8722101712408095, 0.7426252838956869, 0.9913525134708282, 0.9676056204599031, 0.9555537680726596, 1.0808466469509312, 0.9025093026698713, 0.7952150192498011, 0.8560404463996365], "coverage_estimated_second_order": [0.6951030507686, 0.9315478936372998, 0.5535741070344999, 0.3470712291252, 0.26059640981559995, 0.057669898510039994, 0.35872606925029993, 0.261327895064, 0.8771626572269, 0.8987923968834, 0.8613323894434, 0.551394618131, 0.2890083750118, 0.37045837967620004, 0.8721383616088001], "sol": [0.0, 1.0, 0.0, 0.0, 0.0, 0.0, 0.0, 0.0, 1.0, 1.0, 1.0, 0.0, 0.0, 0.0, 1.0], "coverage": [0.7384809027777778, 1.0, 0.5939756944444444, 0.363515625, 0.2669314236111111, 0.03509548611111111, 0.3662109375, 0.2673567708333333, 1.0, 1.0, 1.0, 0.5900347222222222, 0.30298177083333333, 0.349375, 1.0], "coverage_estimated_first_order_diff": [0.37574762939259865, -0.25479291512353575, 0.5354376982789254, 0.6663036564103353, 0.6680966773204856, 0.5987283426082805, 0.5059992337408095, 0.4752685130623536, -0.0086474865291718, -0.03239437954009694, -0.04444623192734043, 0.49081192472870905, 0.599527531836538, 0.4458400192498011, -0.1439595536003635], "coverage_estimated_second_order_diff": [-0.043377852009177764, -0.06845210636270016, -0.040401587409944484, -0.01644439587480001, -0.006335013795511157, 0.022574412398928885, -0.007484868249700072, -0.006028875769333308, -0.12283734277309999, -0.10120760311660004, -0.13866761055660004, -0.038640104091222205, -0.013973395821533341, 0.021083379676200054, -0.1278616383911999]}