{"coverage_estimated_first_order": [0.9801588463360649, 1.4789807718743828, 1.419446096253418, 1.3576158970053787, 1.2147596186954925, 0.7967473653453498, 1.1770508784758682, 1.0284775560074064, 1.021463514197563, 1.0336258293467397, 0.9977605507183309, 1.1598471156674188, 0.9678965929010647, 0.7623915381018196, 0.9407200564266164], "coverage_estimated_second_order": [0.9869132065455999, 0.7879051093686, 0.6442143877855999, 0.5826806144779999, 0.4706965779492999, 0.16191066842739996, 0.9340151791776, 0.9373503652046, 0.3739327888028, 0.3506504516532, 0.9916074881442, 0.5731254066202001, 0.9515692800582001, 0.19513626289396002, 0.9903723814894001], "sol": [1.0, 0.0, 0.0, 0.0, 0.0, 0.0, 1.0, 1.0, 0.0, 0.0, 1.0, 0.0, 1.0, 0.0, 1.0], "coverage": [1.0, 0.7887369791666666, 0.6609722222222222, 0.600078125, 0.48272569444444446, 0.17210503472222222, 1.0, 1.0, 0.3537717013888889, 0.33796875, 1.0, 0.5617925347222222, 1.0, 0.19066840277777777, 1.0], "coverage_estimated_first_order_diff": [-0.01984115366393513, 0.6902437927077162, 0.7584738740311959, 0.7575377720053786, 0.7320339242510481, 0.6246423306231277, 0.1770508784758682, 0.028477556007406424, 0.6676918128086741, 0.6956570793467398, -0.0022394492816690814, 0.5980545809451966, -0.03210340709893533, 0.5717231353240418, -0.05927994357338362], "coverage_estimated_second_order_diff": [-0.013086793454400114, -0.0008318697980665979, -0.016757834436622265, -0.017397510522000115, -0.012029116495144543, -0.01019436629482226, -0.06598482082239998, -0.06264963479539998, 0.020161087413911094, 0.01268170165320004, -0.008392511855800033, 0.011332871897977825, -0.04843071994179993, 0.004467860116182248, -0.0096276185105999]}