{"coverage_estimated_first_order": [0.543826477699476, 1.0118410107152658, 0.91634174061715, 0.8445227817704503, 0.7804497413122649, 0.6117019485086361, 0.9487655722676611, 0.430526446487418, 0.7750850380973344, 0.8000640357235976, 0.47325316331472944, 0.7402486817825, 0.845052068790755, 0.34352428237373445, 0.7649851926660484], "coverage_estimated_second_order": [0.9631749872404001, 0.7229792270559999, 0.5005868649722001, 0.3454462339682, 0.2903094921714, 0.22231908343642, 0.7508781075789001, 1.0067104261544, 0.5098000687644, 0.5154625773770001, 0.9838858270934, 0.460990577681, 0.4815221215954, 0.99348032317286, 0.5406153374908], "sol": [1.0, 0.0, 0.0, 0.0, 0.0, 0.0, 0.0, 1.0, 0.0, 0.0, 1.0, 0.0, 0.0, 1.0, 0.0], "coverage": [1.0, 0.7445746527777778, 0.5122222222222222, 0.3495876736111111, 0.29217881944444446, 0.19815972222222222, 0.7512413194444445, 1.0, 0.5395486111111111, 0.5413020833333333, 1.0, 0.4723480902777778, 0.4932552083333333, 1.0, 0.5634809027777777], "coverage_estimated_first_order_diff": [-0.456173522300524, 0.267266357937488, 0.40411951839492777, 0.49493510815933917, 0.4882709218678204, 0.4135422262864139, 0.19752425282321662, -0.569473553512582, 0.23553642698622335, 0.25876195239026434, -0.5267468366852706, 0.26790059150472223, 0.3517968604574217, -0.6564757176262656, 0.20150428988827063], "coverage_estimated_second_order_diff": [-0.03682501275959993, -0.02159542572177786, -0.011635357250022182, -0.004141439642911082, -0.0018693272730444521, 0.02415936121419779, -0.00036321186554444385, 0.006710426154399984, -0.029748542346711093, -0.02583950595633322, -0.0161141729066, -0.011357512596777808, -0.01173308673793333, -0.006519676827140053, -0.022865565286977696]}