{"coverage_estimated_first_order": [0.9887572404671428, 1.08156398452142, 1.2238767463226168, 0.9810594677821621, 0.9012196446344378, 0.9155485389838466, 0.6142054993699539, 0.9606586276903756, 0.8156646166841205, 0.8438326249437297, 0.9349491383269372, 0.9530888955601459, 1.0979552535157187, 0.8125105767622061, 0.8269981370420302], "coverage_estimated_second_order": [0.4698490412358, 0.5355676142557, 0.6946843535981, 1.0681399288463, 1.0667303736473999, 0.5169225087360201, 0.9780989313852, 0.6400698269028, 1.0536824320289, 1.0562670988106002, 0.48641512793419994, 0.5524645831334001, 0.6354994620244001, 0.40015022684736, 0.3973739201058], "sol": [0.0, 0.0, 0.0, 1.0, 1.0, 0.0, 1.0, 0.0, 1.0, 1.0, 0.0, 0.0, 0.0, 0.0, 0.0], "coverage": [0.4612760416666667, 0.525234375, 0.6652256944444445, 1.0, 1.0, 0.480859375, 1.0, 0.6537196180555556, 1.0, 1.0, 0.4685286458333333, 0.5366579861111112, 0.6079513888888889, 0.37631944444444443, 0.38561631944444447], "coverage_estimated_first_order_diff": [0.5274811988004761, 0.55632960952142, 0.5586510518781723, -0.01894053221783787, -0.09878035536556218, 0.4346891639838466, -0.38579450063004606, 0.30693900963482, -0.1843353833158795, -0.15616737505627032, 0.46642049249360384, 0.4164309094490347, 0.49000386462682977, 0.43619113231776163, 0.4413818175975857], "coverage_estimated_second_order_diff": [0.008572999569133322, 0.010333239255699955, 0.02945865915365553, 0.06813992884630005, 0.06673037364739987, 0.0360631337360201, -0.021901068614800012, -0.013649791152755553, 0.053682432028899996, 0.05626709881060021, 0.01788648210086663, 0.015806597022288926, 0.02754807313551122, 0.023830782402915585, 0.01175760066135556]}