{"coverage_estimated_first_order": [1.3195659726097488, 1.001991468873397, 1.4594147418091363, 1.44732950045837, 1.4173062005066803, 0.789999399049494, 1.0177581324734473, 0.8876347177061573, 1.2793195718643493, 0.9022637198270238, 1.1353153037932335, 1.0354574553804874, 1.0301088048921465, 0.8806930490480752, 0.7154706241837011], "coverage_estimated_second_order": [0.7230493656747001, 0.9866019094268, 0.7775102147386, 0.7675506580714001, 0.7909487296045999, 1.0058945752153399, 0.3709708361439, 0.2884306857499, 0.7656924572707001, 1.0258978547616, 0.5962457924832, 0.4893085808026, 1.016866029274, 1.01716933514802, 1.0090486110806], "sol": [0.0, 1.0, 0.0, 0.0, 0.0, 1.0, 0.0, 0.0, 0.0, 1.0, 0.0, 0.0, 1.0, 1.0, 1.0], "coverage": [0.7354079861111111, 1.0, 0.7879513888888889, 0.7733940972222222, 0.7895789930555556, 1.0, 0.38490885416666665, 0.29581163194444443, 0.7366883680555556, 1.0, 0.593515625, 0.4878168402777778, 1.0, 1.0, 1.0], "coverage_estimated_first_order_diff": [0.5841579864986377, 0.001991468873397073, 0.6714633529202474, 0.6739354032361478, 0.6277272074511248, -0.210000600950506, 0.6328492783067806, 0.5918230857617128, 0.5426312038087937, -0.0977362801729762, 0.5417996787932335, 0.5476406151027096, 0.030108804892146512, -0.11930695095192478, -0.2845293758162989], "coverage_estimated_second_order_diff": [-0.012358620436411005, -0.013398090573199961, -0.01044117415028889, -0.005843439150822083, 0.0013697365490443758, 0.00589457521533987, -0.013938018022766674, -0.0073809461945444355, 0.029004089215144524, 0.025897854761600003, 0.0027301674831999856, 0.0014917405248222049, 0.01686602927399994, 0.017169335148019993, 0.009048611080600066]}