{"coverage_estimated_first_order": [1.3764746545446132, 1.53336222980636, 1.3183415708875068, 1.290275808479963, 1.51802617675422, 1.0518974610857699, 1.4976239599754202, 0.9199506757090596, 1.236354239579181, 1.332572008548074, 1.5313828033024737, 1.1652002465244242, 1.4024881653216097, 1.026888025143192, 1.0234949209929498], "coverage_estimated_second_order": [0.5231641257195999, 0.6319954559494998, 1.0033039227368, 0.9964055056000001, 0.6651292635510001, 0.3850450179199, 0.8047953792641, 0.9882172618792002, 0.8865481604255999, 0.8700781127632, 0.6753429495038, 0.8787327722205001, 0.5814806351774, 0.38188839494127996, 0.9063498004734001], "sol": [0.0, 0.0, 1.0, 1.0, 0.0, 0.0, 0.0, 1.0, 1.0, 1.0, 0.0, 1.0, 0.0, 0.0, 1.0], "coverage": [0.5379079861111111, 0.6421527777777778, 1.0, 1.0, 0.6664800347222222, 0.3900868055555556, 0.8096050347222222, 1.0, 1.0, 1.0, 0.7469878472222222, 1.0, 0.5948567708333333, 0.36876302083333334, 1.0], "coverage_estimated_first_order_diff": [0.838566668433502, 0.8912094520285823, 0.3183415708875068, 0.29027580847996304, 0.8515461420319979, 0.6618106555302143, 0.688018925253198, -0.08004932429094036, 0.2363542395791809, 0.3325720085480739, 0.7843949560802514, 0.16520024652442422, 0.8076313944882764, 0.6581250043098587, 0.023494920992949808], "coverage_estimated_second_order_diff": [-0.01474386039151121, -0.010157321828277999, 0.0033039227367999136, -0.0035944943999999257, -0.001350771171222065, -0.0050417876356556035, -0.004809655458122175, -0.011782738120799774, -0.11345183957440008, -0.12992188723679998, -0.0716448977184222, -0.12126722777949994, -0.013376135655933319, 0.013125374107946619, -0.09365019952659992]}