{"coverage_estimated_first_order": [1.520732008302306, 1.249370196696168, 1.7606095902624814, 1.3614047055889715, 1.66192928834743, 0.8696233495253496, 1.2339852715329647, 1.1175021784202093, 1.0958277362924869, 1.1553875386171932, 1.2522454673663268, 1.2925600132196022, 1.4757057601712356, 1.136011903509784, 1.115603965111355], "coverage_estimated_second_order": [0.7250345635749, 0.9741243601957998, 0.8539507417302, 1.0061168543298002, 0.838724134638, 1.0213327850453402, 0.9882409802155001, 0.9879356714749001, 1.0333689823395, 1.0345148842586, 0.49468494659499995, 0.5862054731058001, 0.6468097302758, 0.567960067375, 0.40440224103100003], "sol": [0.0, 1.0, 0.0, 1.0, 0.0, 1.0, 1.0, 1.0, 1.0, 1.0, 0.0, 0.0, 0.0, 0.0, 0.0], "coverage": [0.7420659722222223, 1.0, 0.8648177083333334, 1.0, 0.8254947916666666, 1.0, 1.0, 1.0, 1.0, 1.0, 0.4904600694444444, 0.5684331597222222, 0.6477473958333333, 0.5570920138888888, 0.4006032986111111], "coverage_estimated_first_order_diff": [0.7786660360800837, 0.2493701966961679, 0.895791881929148, 0.36140470558897153, 0.8364344966807633, -0.1303766504746504, 0.23398527153296467, 0.11750217842020927, 0.09582773629248686, 0.15538753861719323, 0.7617853979218824, 0.72412685349738, 0.8279583643379023, 0.5789198896208951, 0.7150006665002439], "coverage_estimated_second_order_diff": [-0.01703140864732222, -0.025875639804200157, -0.010866966603133354, 0.006116854329800248, 0.01322934297133338, 0.021332785045340197, -0.011759019784499891, -0.012064328525099866, 0.03336898233950003, 0.034514884258600054, 0.004224877150555528, 0.017772313383577876, -0.0009376655575332737, 0.010868053486111195, 0.0037989424198889288]}