{"coverage_estimated_first_order": [1.6001059020731623, 1.3146227444933927, 1.4331584819233247, 1.6661222021859237, 1.5538467380923005, 0.8237848972372585, 1.061177551086129, 1.302152215563147, 1.4124858241317508, 1.0105025094269635, 1.1782028631758177, 1.3581451644251303, 1.3881061589215595, 1.0242035870364987, 1.0969904662835093], "coverage_estimated_second_order": [0.7588410622143, 0.9810830293178999, 0.9817981487716, 0.7563788471676001, 0.7319385824464, 0.98457032389344, 0.9557488113611001, 0.673596978615, 0.7003993617191001, 0.9597807504606001, 0.9683487184954002, 0.679791941175, 0.5544158632052001, 0.48107361997099, 0.9577060933148], "sol": [0.0, 1.0, 1.0, 0.0, 0.0, 1.0, 1.0, 0.0, 0.0, 1.0, 1.0, 0.0, 0.0, 0.0, 1.0], "coverage": [0.7757421875, 1.0, 1.0, 0.7730381944444444, 0.7491796875, 1.0, 1.0, 0.6925217013888889, 0.7243663194444444, 1.0, 1.0, 0.6918098958333333, 0.5736111111111111, 0.4955251736111111, 1.0], "coverage_estimated_first_order_diff": [0.8243637145731623, 0.31462274449339267, 0.43315848192332473, 0.8930840077414792, 0.8046670505923005, -0.17621510276274155, 0.06117755108612899, 0.6096305141742582, 0.6881195046873064, 0.010502509426963513, 0.17820286317581768, 0.666335268591797, 0.8144950478104485, 0.5286784134253877, 0.09699046628350927], "coverage_estimated_second_order_diff": [-0.01690112528569998, -0.018916970682100076, -0.018201851228400012, -0.016659347276844372, -0.017241105053599992, -0.015429676106559986, -0.044251188638899874, -0.018924722773888902, -0.023966957725344296, -0.040219249539399926, -0.03165128150459984, -0.01201795465833333, -0.019195247905910984, -0.014451553640121073, -0.042293906685199945]}