{"coverage_estimated_first_order": [1.50995708759194, 1.18320268144087, 1.6756587383221546, 1.7235711582170783, 1.3137113307353239, 1.0486831749391967, 1.233217614841409, 1.0509538740096926, 1.335627335469289, 1.3999134372535784, 1.1777286378917022, 1.0240170536237916, 1.4669608740476645, 0.8186777694338836, 1.0751947034373692], "coverage_estimated_second_order": [0.7610967278661, 0.9693290204964, 0.7825878406974, 0.8062197594339001, 1.0076121807468, 1.00807355406782, 0.457294068634, 0.3338453198228, 0.6341001439958, 0.6945752100228001, 0.9709325755332, 0.956477764114, 0.65013176732, 0.9799320261095602, 0.9649738270164001], "sol": [0.0, 1.0, 0.0, 0.0, 1.0, 1.0, 0.0, 0.0, 0.0, 0.0, 1.0, 1.0, 0.0, 1.0, 1.0], "coverage": [0.785234375, 1.0, 0.8105425347222223, 0.806796875, 1.0, 1.0, 0.4767881944444444, 0.3474479166666667, 0.6451953125, 0.7107421875, 1.0, 1.0, 0.6579210069444444, 1.0, 1.0], "coverage_estimated_first_order_diff": [0.7247227125919399, 0.18320268144087004, 0.8651162035999324, 0.9167742832170783, 0.31371133073532387, 0.048683174939196716, 0.7564294203969645, 0.703505957343026, 0.690432022969289, 0.6891712497535785, 0.17772863789170223, 0.024017053623791584, 0.8090398671032201, -0.1813222305661164, 0.07519470343736923], "coverage_estimated_second_order_diff": [-0.024137647133899987, -0.030670979503599982, -0.027954694024822313, -0.0005771155660998506, 0.007612180746799924, 0.008073554067820066, -0.019494125810444407, -0.013602596843866666, -0.011095168504200004, -0.016166977477199862, -0.029067424466799996, -0.043522235886000016, -0.007789239624444444, -0.020067973890439794, -0.03502617298359989]}