{"coverage_estimated_first_order": [0.7646835834567132, 0.8359340263890201, 0.9299322286377111, 0.5931816192502988, 0.9014489650051681, 0.611481643863125, 1.0048773926519354, 0.4889075592709904, 0.7019257763101945, 0.786395061295351, 0.9188365491885915, 0.5574159229905552, 0.8259323081018918, 0.4590650912009983, 0.49785818311548247], "coverage_estimated_second_order": [0.363995941472, 0.4206777376618999, 0.5616310242193999, 0.9260800391038, 0.5904640937280002, 0.30780529171731996, 0.7725708669364, 1.0176470230918002, 0.3599166367824, 0.45145362105240006, 0.6868682412732, 1.0396825493354, 0.4925487505268, 0.05306832679002, 1.0219426330516002], "sol": [0.0, 0.0, 0.0, 1.0, 0.0, 0.0, 0.0, 1.0, 0.0, 0.0, 0.0, 1.0, 0.0, 0.0, 1.0], "coverage": [0.3908159722222222, 0.45711805555555557, 0.6158333333333333, 1.0, 0.6555598958333333, 0.33695746527777776, 0.7538585069444445, 1.0, 0.3537456597222222, 0.43920572916666667, 0.6656857638888889, 1.0, 0.5399913194444445, 0.047026909722222225, 1.0], "coverage_estimated_first_order_diff": [0.37386761123449097, 0.3788159708334646, 0.31409889530437773, -0.4068183807497012, 0.24588906917183484, 0.2745241785853472, 0.251018885707491, -0.5110924407290096, 0.34818011658797227, 0.3471893321286843, 0.2531507852997026, -0.4425840770094448, 0.2859409886574473, 0.4120381814787761, -0.5021418168845175], "coverage_estimated_second_order_diff": [-0.026820030750222212, -0.03644031789365565, -0.05420230911393342, -0.07391996089620001, -0.06509580210533306, -0.029152173560457795, 0.01871235999195553, 0.017647023091800218, 0.006170977060177774, 0.012247891885733386, 0.021182477384311116, 0.03968254933540005, -0.04744256891764442, 0.006041417067797775, 0.021942633051600158]}