{"coverage_estimated_first_order": [0.9118068696137682, 1.4255796022338474, 1.3889494611536382, 1.4214152930567399, 0.9572389443132514, 1.040996217981747, 1.2838370774541603, 0.749807606540158, 1.2742688283632544, 0.9990339132910134, 1.098590706944775, 0.885852040981796, 1.2867057936843775, 0.7166017363070242, 0.9621939760515043], "coverage_estimated_second_order": [0.9990208723756999, 0.8090639807852, 0.6925704986929, 0.7573744786524, 0.9790081650767999, 0.58741483895364, 0.7749791341993, 0.994688830403, 0.7261520591623, 1.02130398192, 0.5197097229736001, 1.0171598167859999, 0.699480848599, 1.0274593695755299, 0.41919767665380003], "sol": [1.0, 0.0, 0.0, 0.0, 1.0, 0.0, 0.0, 1.0, 0.0, 1.0, 0.0, 1.0, 0.0, 1.0, 0.0], "coverage": [1.0, 0.8226128472222223, 0.7261545138888889, 0.792890625, 1.0, 0.6132378472222222, 0.7776605902777778, 1.0, 0.6934331597222222, 1.0, 0.5124479166666667, 1.0, 0.7205642361111111, 1.0, 0.4233984375], "coverage_estimated_first_order_diff": [-0.08819313038623178, 0.6029667550116251, 0.6627949472647493, 0.6285246680567399, -0.042761055686748595, 0.4277583707595247, 0.5061764871763825, -0.250192393459842, 0.5808356686410322, -0.0009660867089865688, 0.5861427902781082, -0.11414795901820396, 0.5661415575732665, -0.2833982636929758, 0.5387955385515042], "coverage_estimated_second_order_diff": [-0.0009791276243000802, -0.013548866437022244, -0.03358401519598886, -0.03551614634759992, -0.020991834923200114, -0.025823008268582193, -0.0026814560784778063, -0.005311169596999954, 0.032718899440077776, 0.021303981920000048, 0.007261806306933405, 0.01715981678599987, -0.02108338751211114, 0.027459369575529857, -0.004200760846199969]}