{"coverage_estimated_first_order": [0.8180446335350884, 0.4409500815406814, 0.8599298511904971, 0.45371142961594013, 0.7753214199158093, 0.4939412264681827, 0.5511581517686341, 0.44819573848045, 0.4918433540366176, 0.48910987592030863, 0.631496633938972, 0.48928536476041373, 0.6722684355275382, 0.349623141171836, 0.27338519756441604], "coverage_estimated_second_order": [0.7740671902576, 1.0239502278659, 0.7875519551632, 1.0093689495714, 0.6783973720172001, 0.32045242277829994, 0.30782439496229996, 0.1840582678956, 0.22464004765059997, 0.1845086316266, 0.47271479748180006, 0.2386256659852, 0.524555643918, 0.06325520918936, 0.9730599559540001], "sol": [0.0, 1.0, 0.0, 1.0, 0.0, 0.0, 0.0, 0.0, 0.0, 0.0, 0.0, 0.0, 0.0, 0.0, 1.0], "coverage": [0.7575173611111111, 1.0, 0.7790668402777777, 1.0, 0.6827170138888888, 0.34283854166666666, 0.30961371527777776, 0.18204861111111112, 0.2411501736111111, 0.1961762152777778, 0.4923914930555556, 0.24953559027777777, 0.5318836805555556, 0.06475260416666667, 1.0], "coverage_estimated_first_order_diff": [0.06052727242397726, -0.5590499184593186, 0.08086301091271941, -0.5462885703840599, 0.09260440602692044, 0.15110268480151606, 0.24154443649085638, 0.2661471273693389, 0.2506931804255065, 0.29293366064253085, 0.13910514088341647, 0.23974977448263596, 0.14038475497198266, 0.28487053700516934, -0.726614802435584], "coverage_estimated_second_order_diff": [0.016549829146488837, 0.023950227865900064, 0.008485114885422251, 0.009368949571399998, -0.004319641871688762, -0.022386118888366724, -0.0017893203154777937, 0.002009656784488889, -0.01651012596051113, -0.011667583651177788, -0.01967669557375551, -0.010909924292577783, -0.007328036637555546, -0.0014973949773066653, -0.026940044045999922]}