{"coverage_estimated_first_order": [0.9994814752308049, 1.0948013442241402, 1.2313071969260578, 0.9872194738829253, 0.9242741506688459, 1.0263409900829301, 0.68303640814016, 1.010452320609969, 0.880946954962152, 0.9853935628592897, 0.8729287110905773, 0.6264947562348533, 1.1784901241943997, 0.48166613977419054, 0.7848279270565467], "coverage_estimated_second_order": [0.4985855410335, 0.5683076861948, 0.7141748880886, 1.0659260645416002, 1.0707213685208998, 0.6762340326846399, 1.0015855381756, 0.6809354746601999, 0.4387399834994, 0.5744563164062, 0.39901327782819995, 0.9903195448678, 0.76429794094, 0.99327376298102, 0.33348896586539994], "sol": [0.0, 0.0, 0.0, 1.0, 1.0, 0.0, 1.0, 0.0, 0.0, 0.0, 0.0, 1.0, 0.0, 1.0, 0.0], "coverage": [0.4977170138888889, 0.5645833333333333, 0.6898741319444445, 1.0, 1.0, 0.6357725694444445, 1.0, 0.6764236111111112, 0.45773871527777776, 0.5950303819444445, 0.40654947916666667, 1.0, 0.7431987847222222, 1.0, 0.34660590277777775], "coverage_estimated_first_order_diff": [0.501764461341916, 0.5302180108908069, 0.5414330649816134, -0.012780526117074698, -0.07572584933115412, 0.3905684206384856, -0.31696359185984, 0.33402870949885777, 0.42320823968437427, 0.39036318091484523, 0.4663792319239107, -0.3735052437651467, 0.43529133947217746, -0.5183338602258094, 0.43822202427876894], "coverage_estimated_second_order_diff": [0.0008685271446111087, 0.003724352861466662, 0.0243007561441555, 0.06592606454160022, 0.07072136852089983, 0.040461463240195394, 0.001585538175600032, 0.004511863549088724, -0.018998731778377742, -0.02057406553824448, -0.007536201338466719, -0.00968045513219995, 0.021099156217777804, -0.006726237018980008, -0.013116936912377808]}