{"coverage_estimated_first_order": [0.7443232024399131, 0.7997645314321385, 0.9362895701058495, 1.0754344669357718, 0.7092071297712922, 0.5545216438254996, 0.7046474002491157, 0.6046201984883223, 0.7009139583635179, 0.7657492316861252, 0.8890282442261856, 0.48763439774517103, 0.820603723343916, 0.5850822270036159, 0.4749742792827669], "coverage_estimated_second_order": [0.2966553138765, 0.3155766241708, 0.5098582083338, 0.7194253447750001, 1.0088261927509998, 1.04893493524994, 0.3017948824225, 0.2366327525872, 0.3576511950224, 0.42742239380080005, 0.6517406998455999, 1.0097798013658, 0.43010749791020003, 0.24803550009331998, 1.0106020179864], "sol": [0.0, 0.0, 0.0, 0.0, 1.0, 1.0, 0.0, 0.0, 0.0, 0.0, 0.0, 1.0, 0.0, 0.0, 1.0], "coverage": [0.3049435763888889, 0.31819010416666665, 0.5025737847222222, 0.7012456597222222, 1.0, 1.0, 0.2943793402777778, 0.23448350694444445, 0.3522873263888889, 0.4215538194444444, 0.6447092013888889, 1.0, 0.4191710069444444, 0.23401909722222222, 1.0], "coverage_estimated_first_order_diff": [0.4393796260510242, 0.4815744272654719, 0.4337157853836272, 0.37418880721354963, -0.2907928702287078, -0.4454783561745004, 0.41026805997133786, 0.37013669154387785, 0.348626631974629, 0.34419541224168076, 0.24431904283729677, -0.512365602254829, 0.40143271639947153, 0.35106312978139365, -0.5250257207172331], "coverage_estimated_second_order_diff": [-0.0082882625123889, -0.002613479995866641, 0.007284423611577773, 0.018179685052777894, 0.008826192750999828, 0.04893493524993997, 0.007415542144722231, 0.002149245642755565, 0.005363868633511126, 0.005868574356355627, 0.007031498456711027, 0.009779801365799923, 0.010936490965755608, 0.01401640287109776, 0.010602017986399925]}