{"coverage_estimated_first_order": [1.0970275660604636, 1.1952956009649434, 1.2825527076272492, 1.3640328546602474, 0.907420949054377, 1.0409962179817498, 1.2077721444271523, 0.6980502663246717, 1.1694375328014124, 1.2003059210723674, 0.9223517596922081, 1.2108597546104765, 1.243732627231679, 0.8071665505011558, 1.1285150413290113], "coverage_estimated_second_order": [0.34808357869039996, 0.3967665542521999, 0.478320303742, 0.6544571475062, 0.9308665524137999, 0.58741483895364, 0.6530467891189, 0.9830332230957002, 0.8993594056141001, 0.894703855409, 0.9712029345491, 0.6455435824069999, 0.6218356530682, 0.9201405264462698, 0.5578036698772], "sol": [0.0, 0.0, 0.0, 0.0, 1.0, 0.0, 0.0, 1.0, 1.0, 1.0, 1.0, 0.0, 0.0, 1.0, 0.0], "coverage": [0.3766362847222222, 0.4346527777777778, 0.5316710069444445, 0.7190407986111111, 1.0, 0.6132378472222222, 0.6613671875, 1.0, 1.0, 1.0, 1.0, 0.6451085069444444, 0.6708940972222223, 1.0, 0.5699392361111111], "coverage_estimated_first_order_diff": [0.7203912813382414, 0.7606428231871656, 0.7508817006828047, 0.6449920560491362, -0.09257905094562302, 0.4277583707595276, 0.5464049569271523, -0.3019497336753283, 0.16943753280141238, 0.20030592107236744, -0.07764824030779194, 0.565751247666032, 0.5728385300094568, -0.19283344949884418, 0.5585758052179002], "coverage_estimated_second_order_diff": [-0.02855270603182225, -0.037886223525577856, -0.05335070320244445, -0.06458365110491116, -0.0691334475862001, -0.025823008268582193, -0.008320398381099992, -0.01696677690429982, -0.1006405943858999, -0.10529614459100001, -0.028797065450899995, 0.0004350754625555009, -0.049058444154022274, -0.07985947355373024, -0.0121355662339111]}