{"coverage_estimated_first_order": [1.0492573973874846, 1.6000241998745226, 1.280908105506673, 1.6599585009959976, 1.2220587474569455, 0.9805025377948356, 0.8202301277161511, 1.0917084568927056, 0.9508615232559452, 0.9995210937380435, 0.9142997507362162, 0.8976873196401607, 1.393566895993051, 0.704139651951253, 0.860115600859205], "coverage_estimated_second_order": [1.0058378865086, 0.8807506006647998, 0.9938763068754, 0.8657388907198001, 0.9995329065507998, 0.99613725215394, 0.9790171789354002, 0.6203038672526, 0.26798160396060006, 0.2981156932042, 0.1833133893046, 0.227275832053, 0.7478709069678, 0.97886757472832, 0.18854451970000002], "sol": [1.0, 0.0, 1.0, 0.0, 1.0, 1.0, 1.0, 0.0, 0.0, 0.0, 0.0, 0.0, 0.0, 1.0, 0.0], "coverage": [1.0, 0.8686935763888889, 1.0, 0.8573524305555555, 1.0, 1.0, 1.0, 0.633828125, 0.24789930555555556, 0.28086371527777776, 0.16238715277777777, 0.2125564236111111, 0.7448871527777777, 1.0, 0.16468315972222222], "coverage_estimated_first_order_diff": [0.04925739738748458, 0.7313306234856337, 0.2809081055066729, 0.8026060704404421, 0.22205874745694554, -0.01949746220516435, -0.17976987228384889, 0.4578803318927056, 0.7029622177003896, 0.7186573784602658, 0.7519125979584385, 0.6851308960290496, 0.6486797432152732, -0.29586034804874695, 0.6954324411369828], "coverage_estimated_second_order_diff": [0.005837886508599954, 0.012057024275910933, -0.006123693124600038, 0.008386460164244602, -0.00046709344920015106, -0.0038627478460599995, -0.02098282106459981, -0.01352425774739996, 0.020082298405044496, 0.017251977926422246, 0.02092623652682224, 0.014719408441888904, 0.002983754190022281, -0.021132425271680022, 0.023861359977777802]}