{"coverage_estimated_first_order": [0.8947093661286447, 1.4497467970552733, 1.0969875812294185, 1.0710000640388253, 1.3178606357824778, 0.8468258316120079, 1.1583821232621165, 0.6081258251066162, 0.7021072462956786, 0.750937494968133, 0.7621085746392865, 0.7472031835040591, 0.9381848098556058, 0.6616983464214301, 0.7086687224852382], "coverage_estimated_second_order": [0.9485568349892, 0.8377567657839999, 0.95489647843, 0.9513549945534001, 0.7347504343511999, 0.42509251233814, 0.7602156163635999, 0.9844365018151001, 0.0522570621042, 0.0980116511376, 0.16732754464700003, 0.20369752376940004, 0.9597427194408, 0.20177359022771002, 0.1562262749272], "sol": [1.0, 0.0, 1.0, 1.0, 0.0, 0.0, 0.0, 1.0, 0.0, 0.0, 0.0, 0.0, 1.0, 0.0, 0.0], "coverage": [1.0, 0.8754513888888888, 1.0, 1.0, 0.7520008680555555, 0.41338541666666667, 0.76046875, 1.0, 0.018368055555555554, 0.06864149305555556, 0.14503038194444445, 0.18758680555555557, 1.0, 0.19304253472222221, 0.12953559027777778], "coverage_estimated_first_order_diff": [-0.10529063387135529, 0.5742954081663845, 0.09698758122941853, 0.0710000640388253, 0.5658597677269223, 0.4334404149453412, 0.3979133732621165, -0.39187417489338383, 0.683739190740123, 0.6822960019125774, 0.6170781926948421, 0.5596163779485035, -0.06181519014439418, 0.4686558116992079, 0.5791331322074604], "coverage_estimated_second_order_diff": [-0.05144316501080004, -0.037694623104888914, -0.04510352156999997, -0.04864500544659989, -0.01725043370435564, 0.011707095671473322, -0.00025313363640011577, -0.015563498184899882, 0.03388900654864445, 0.029370158082044448, 0.02229716270255558, 0.016110718213844466, -0.04025728055919997, 0.008731055505487806, 0.02669068464942223]}