{"coverage_estimated_first_order": [1.5890627999324105, 1.3387404103719034, 1.4272297073374443, 1.7433249854144395, 1.2215018407281195, 1.2386442434570635, 1.4070310448525651, 0.8491055581152941, 1.2045156545774491, 1.2681493289716181, 1.2141336066939838, 1.2270078423697475, 1.5367645890478276, 0.9368709366788043, 1.0758939875846514], "coverage_estimated_second_order": [0.7436351709479, 0.9743532533478001, 0.9844700071201999, 0.7972741520999, 0.9698903906522001, 0.66968243893922, 0.7258987821867, 0.9811837572183001, 0.9348052065222001, 0.9409003888817998, 0.46100678984309995, 0.5308151914224, 0.7243225957127999, 0.91868879840429, 0.358489711314], "sol": [0.0, 1.0, 1.0, 0.0, 1.0, 0.0, 0.0, 1.0, 1.0, 1.0, 0.0, 0.0, 0.0, 1.0, 0.0], "coverage": [0.7520052083333333, 1.0, 1.0, 0.8315190972222222, 1.0, 0.6765277777777777, 0.7403428819444444, 1.0, 1.0, 1.0, 0.45711805555555557, 0.5261762152777778, 0.7498090277777778, 1.0, 0.35522569444444446], "coverage_estimated_first_order_diff": [0.8370575915990772, 0.3387404103719034, 0.42722970733744425, 0.9118058881922173, 0.22150184072811951, 0.5621164656792857, 0.6666881629081207, -0.1508944418847059, 0.20451565457744914, 0.26814932897161814, 0.7570155511384282, 0.7008316270919697, 0.7869555612700498, -0.06312906332119572, 0.7206682931402069], "coverage_estimated_second_order_diff": [-0.008370037385433293, -0.025646746652199903, -0.015529992879800059, -0.034244945122322124, -0.030109609347799937, -0.006845338838557757, -0.01444409975774441, -0.01881624278169991, -0.06519479347779988, -0.05909961111820017, 0.003888734287544382, 0.0046389761446221645, -0.025486432064977915, -0.08131120159571004, 0.0032640168695555194]}