{"coverage_estimated_first_order": [0.9461662749144605, 1.458265573995634, 1.5456067938531963, 1.3203619405515967, 1.3064752560183253, 0.9155485389838434, 0.9487818921087257, 0.822316811825858, 0.9530960001687501, 0.9824535248801638, 1.0549514923657757, 1.0127095144732674, 1.3164990236297203, 1.041870725081798, 0.9365691427899436], "coverage_estimated_second_order": [0.9727246759645999, 0.7806931372508001, 0.7524762809933, 0.9228148995872002, 0.9253965164556, 0.92530636621172, 0.23000098004760006, 0.157630297434, 1.0471612782695003, 1.0449250895074, 0.4327107552612, 0.40120077640799995, 0.5575300034366999, 0.57962393698976, 0.3502307302252], "sol": [1.0, 0.0, 0.0, 1.0, 1.0, 1.0, 0.0, 0.0, 1.0, 1.0, 0.0, 0.0, 0.0, 0.0, 0.0], "coverage": [1.0, 0.7890798611111111, 0.7706467013888889, 1.0, 1.0, 1.0, 0.2316015625, 0.1545703125, 1.0, 1.0, 0.4148828125, 0.38014756944444444, 0.5675, 0.5606380208333334, 0.3389496527777778], "coverage_estimated_first_order_diff": [-0.05383372508553952, 0.669185712884523, 0.7749600924643074, 0.3203619405515967, 0.30647525601832526, -0.08445146101615664, 0.7171803296087257, 0.6677464993258581, -0.04690399983124993, -0.017546475119836202, 0.6400686798657758, 0.6325619450288229, 0.7489990236297203, 0.48123270424846465, 0.5976194900121659], "coverage_estimated_second_order_diff": [-0.027275324035400117, -0.008386723860310918, -0.018170420395588915, -0.0771851004127998, -0.07460348354440005, -0.07469363378827998, -0.0016005824523999401, 0.003059984934000004, 0.04716127826950034, 0.04492508950740004, 0.017827942761200033, 0.021053206963555504, -0.00996999656330011, 0.01898591615642664, 0.011281077447422239]}