{"coverage_estimated_first_order": [1.4726762598467604, 1.6039644653627478, 1.5969304329966771, 1.421374764612687, 1.618696937569028, 1.0595844180432135, 1.1531895305236384, 1.3480242973865246, 1.1227994659091922, 1.2098945628006805, 1.3824653361220174, 0.972338010225076, 1.4969250532137892, 0.8196735761485634, 0.9548369555337047], "coverage_estimated_second_order": [0.6770632799155999, 0.6713870677925999, 0.6908260939067999, 0.7877297727252002, 0.5987301606039002, 0.38334027391313996, 0.8564059993653003, 0.6646757764833, 0.34729116091530005, 0.42580848459599996, 0.69301534827, 0.9985536017933001, 0.5275528304392, 0.09151982884481999, 0.9492257977188001], "sol": [1.0, 1.0, 1.0, 1.0, 0.0, 0.0, 1.0, 0.0, 0.0, 0.0, 0.0, 1.0, 0.0, 0.0, 1.0], "coverage": [1.0, 1.0, 1.0, 1.0, 0.6994401041666667, 0.3917404513888889, 1.0, 0.70484375, 0.35515625, 0.4326128472222222, 0.7099262152777778, 1.0, 0.6261545138888889, 0.0912890625, 1.0], "coverage_estimated_first_order_diff": [0.4726762598467604, 0.6039644653627478, 0.5969304329966771, 0.4213747646126871, 0.9192568334023614, 0.6678439666543246, 0.15318953052363837, 0.6431805473865246, 0.7676432159091922, 0.7772817155784584, 0.6725391208442396, -0.027661989774923956, 0.8707705393249003, 0.7283845136485634, -0.045163044466295266], "coverage_estimated_second_order_diff": [-0.3229367200844001, -0.32861293220740007, -0.30917390609320006, -0.21227022727479983, -0.10070994356276652, -0.008400177475748949, -0.14359400063469974, -0.040167973516699984, -0.007865089084699961, -0.006804362626222249, -0.016910867007777775, -0.0014463982066998948, -0.09860168344968889, 0.00023076634481998537, -0.05077420228119989]}