{"coverage_estimated_first_order": [1.1569710078736595, 1.291692434898196, 1.4520767243952104, 1.6001955878232177, 1.166991941203964, 0.8503595117612968, 1.126127155980093, 1.0376731048189423, 0.9132724392238325, 1.0343521487641014, 1.0429676697185994, 0.8201640942581979, 1.070352523169525, 0.8953290242210555, 0.9314128318500063], "coverage_estimated_second_order": [0.46860430039650003, 0.5588494814631999, 0.7106291737064, 0.8418003942098, 0.9978271427190999, 0.9977852139838199, 0.9331189797014, 0.9445949494360002, 0.2284223528046, 0.361737360496, 0.39444363315780007, 0.9388753580866002, 0.947813925405, 0.38829199792342006, 0.34527559739380004], "sol": [0.0, 0.0, 0.0, 0.0, 1.0, 1.0, 1.0, 1.0, 0.0, 0.0, 0.0, 1.0, 1.0, 0.0, 0.0], "coverage": [0.47748263888888887, 0.5667274305555555, 0.7161197916666666, 0.8409027777777778, 1.0, 1.0, 1.0, 1.0, 0.23819878472222222, 0.3694921875, 0.4100607638888889, 1.0, 1.0, 0.3863802083333333, 0.3542404513888889], "coverage_estimated_first_order_diff": [0.6794883689847706, 0.7249650043426404, 0.7359569327285438, 0.7592928100454399, 0.166991941203964, -0.14964048823870324, 0.12612715598009294, 0.03767310481894226, 0.6750736545016103, 0.6648599612641014, 0.6329069058297105, -0.17983590574180208, 0.070352523169525, 0.5089488158877222, 0.5771723804611175], "coverage_estimated_second_order_diff": [-0.008878338492388838, -0.007877949092355618, -0.005490617960266619, 0.0008976164320222413, -0.002172857280900109, -0.0022147860161800814, -0.06688102029859999, -0.0554050505639998, -0.00977643191762223, -0.007754827003999987, -0.015617130731088835, -0.061124641913399835, -0.05218607459500002, 0.0019117895900867543, -0.00896485399508884]}