{"coverage_estimated_first_order": [0.6839210665628084, 1.1861502903694856, 1.1670073417938327, 1.1409754592980739, 1.1130239590471758, 0.5009094974095529, 1.1355161933254403, 0.6180663781974913, 1.0238409985233727, 0.7339898846846393, 0.9563973319317642, 0.7409819128044504, 0.9753117941315084, 0.8043396813717018, 0.8312047879252531], "coverage_estimated_second_order": [0.9497060758481001, 0.7288046514874, 0.6418027803963, 0.6069623982384, 0.634920794627, 0.9655739782608401, 0.779461935363, 0.9991534209052001, 0.6469215428664, 1.0023951633288, 0.526502905151, 1.0267015884656, 0.4729462618854, 0.48709034620551, 0.4239392885898], "sol": [1.0, 0.0, 0.0, 0.0, 0.0, 1.0, 0.0, 1.0, 0.0, 1.0, 0.0, 1.0, 0.0, 0.0, 0.0], "coverage": [1.0, 0.773046875, 0.6976649305555556, 0.6674262152777778, 0.6914930555555555, 1.0, 0.7775217013888889, 1.0, 0.634765625, 1.0, 0.5124175347222222, 1.0, 0.5270138888888889, 0.5018663194444445, 0.42323350694444445], "coverage_estimated_first_order_diff": [-0.3160789334371916, 0.4131034153694856, 0.46934241123827714, 0.4735492440202961, 0.42153090349162026, -0.49909050259044707, 0.3579944919365514, -0.38193362180250867, 0.38907537352337274, -0.2660101153153607, 0.44397979720954206, -0.25901808719554964, 0.4482979052426195, 0.30247336192725727, 0.40797128098080865], "coverage_estimated_second_order_diff": [-0.05029392415189993, -0.04424222351259999, -0.05586215015925555, -0.060463817039377754, -0.056572260928555496, -0.03442602173915987, 0.0019402339741111385, -0.0008465790947999041, 0.012155917866400023, 0.002395163328799965, 0.014085370428777777, 0.02670158846559989, -0.05406762700348888, -0.014775973238934481, 0.0007057816453555632]}