{"coverage_estimated_first_order": [1.2103320579520347, 1.3139100096124212, 1.6844181239756715, 1.710078258976419, 1.2674715943744657, 0.8580464687187402, 0.8609915942425196, 1.13841803373932, 0.8429941578451821, 0.8827361087969787, 0.9158982323838155, 0.8877690037017948, 1.1299083675126709, 0.9065918343037699, 0.8608814415188707], "coverage_estimated_second_order": [0.9067683181518001, 0.9074984248532001, 0.8164689789321999, 0.8341924262816001, 0.9298149643722, 0.9912111401533399, 0.9616623987512001, 0.6436098228979, 0.0574877612895, 0.0730426416496, 0.1837214664508, 0.20969726603440003, 0.9051818263178001, 0.38171741668065, 0.1856039949312], "sol": [1.0, 1.0, 0.0, 0.0, 1.0, 1.0, 1.0, 0.0, 0.0, 0.0, 0.0, 0.0, 1.0, 0.0, 0.0], "coverage": [1.0, 1.0, 0.8653689236111111, 0.8827821180555555, 1.0, 1.0, 1.0, 0.6477300347222222, 0.02429253472222222, 0.04241319444444445, 0.16342881944444446, 0.19453125, 1.0, 0.3785546875, 0.16415364583333333], "coverage_estimated_first_order_diff": [0.2103320579520347, 0.3139100096124212, 0.8190492003645604, 0.8272961409208635, 0.26747159437446566, -0.14195353128125976, -0.1390084057574804, 0.4906879990170977, 0.8187016231229598, 0.8403229143525343, 0.7524694129393711, 0.6932377537017949, 0.12990836751267087, 0.5280371468037699, 0.6967277956855373], "coverage_estimated_second_order_diff": [-0.09323168184819985, -0.09250157514679991, -0.04889994467891112, -0.048589691773955446, -0.07018503562779999, -0.008788859846660113, -0.038337601248799924, -0.004120211824322206, 0.033195226567277775, 0.030629447205155556, 0.020292647006355552, 0.015166016034400043, -0.09481817368219991, 0.0031627291806500257, 0.021450349097866667]}