{"coverage_estimated_first_order": [1.046741558158516, 0.7181066502817761, 0.7443572823893083, 0.9645286650135929, 0.8675030067111104, 0.684122599631564, 0.7240128174439291, 0.5882344903256214, 0.7424002715920912, 0.7542933511852767, 0.7757505456703269, 0.6347303156702522, 0.8826439357466819, 0.35058729731620636, 0.4087080430213377], "coverage_estimated_second_order": [0.7975394236672, 1.0643792249282, 1.0481284806177997, 0.593828796945, 0.4926819024458, 0.3864151592414, 0.3390267727225, 0.19847638579480004, 0.4459908237214, 0.42072078275580005, 0.4769373905156, 0.2592531072518, 0.5525905584378, 0.9910924894579901, 0.9743109331190001], "sol": [0.0, 1.0, 1.0, 0.0, 0.0, 0.0, 0.0, 0.0, 0.0, 0.0, 0.0, 0.0, 0.0, 1.0, 1.0], "coverage": [0.7503211805555555, 1.0, 1.0, 0.5673046875, 0.4788845486111111, 0.39141927083333333, 0.32116319444444447, 0.18323784722222222, 0.4710720486111111, 0.44071614583333335, 0.49171875, 0.266484375, 0.5329296875, 1.0, 1.0], "coverage_estimated_first_order_diff": [0.29642037760296047, -0.2818933497182239, -0.2556427176106917, 0.39722397751359295, 0.38861845809999923, 0.29270332879823063, 0.4028496229994846, 0.4049966431033991, 0.2713282229809801, 0.3135772053519434, 0.2840317956703269, 0.3682459406702522, 0.34971424824668185, -0.6494127026837937, -0.5912919569786623], "coverage_estimated_second_order_diff": [0.047218243111644465, 0.06437922492820003, 0.04812848061779973, 0.026524109445000055, 0.013797353834688886, -0.0050041115919333135, 0.017863578278055514, 0.015238538572577814, -0.02508122488971115, -0.0199953630775333, -0.014781359484399959, -0.007231267748199988, 0.0196608709378, -0.008907510542009889, -0.025689066880999922]}