{"coverage_estimated_first_order": [1.409473347290152, 1.513398009175854, 1.8579507283090428, 1.4096087641549606, 1.6360822045942924, 1.0402338431087546, 1.0741590815452622, 1.3007412088624601, 0.9160472284055057, 1.3359745826941838, 1.3637817047923895, 1.1765204760651995, 1.2635204225195296, 0.999799790376821, 0.9376234087887083], "coverage_estimated_second_order": [0.8321465668881999, 0.8340832896905, 0.7063212758392001, 0.8824633344392, 0.6846525337291001, 0.36432034250314, 0.9252363169101001, 0.6379599710946999, 0.9977170518997, 0.6465645426287998, 0.6896983210515999, 0.5009647672986999, 0.9062842073421002, 0.40985734448755995, 0.9883184092968], "sol": [1.0, 1.0, 0.0, 1.0, 0.0, 0.0, 1.0, 0.0, 1.0, 0.0, 0.0, 0.0, 1.0, 0.0, 1.0], "coverage": [1.0, 1.0, 0.8302777777777778, 1.0, 0.7516796875, 0.36769097222222225, 1.0, 0.6589930555555555, 1.0, 0.6535069444444445, 0.6948784722222222, 0.5158333333333334, 1.0, 0.4229600694444444, 1.0], "coverage_estimated_first_order_diff": [0.40947334729015195, 0.5133980091758541, 1.0276729505312652, 0.4096087641549606, 0.8844025170942924, 0.6725428708865323, 0.07415908154526218, 0.6417481533069046, -0.08395277159449432, 0.6824676382497393, 0.6689032325701673, 0.6606871427318661, 0.26352042251952956, 0.5768397209323766, -0.06237659121129169], "coverage_estimated_second_order_diff": [-0.16785343311180012, -0.16591671030949995, -0.12395650193857766, -0.1175366655608, -0.06702715377089996, -0.003370629719082252, -0.07476368308989989, -0.02103308446085561, -0.002282948100300053, -0.00694240181564465, -0.005180151170622316, -0.01486856603463349, -0.09371579265789975, -0.01310272495688447, -0.011681590703199962]}