{"coverage_estimated_first_order": [1.2749373202761536, 1.4251636719247602, 1.2301412415638855, 1.300176233709262, 1.1872729564159246, 1.2163020586007969, 0.8006344540454543, 1.0939430431511528, 0.8112001223154084, 1.254516009485195, 1.0022350701021152, 0.9677157455818854, 1.416525108462177, 0.6993703993321921, 0.91357820642072], "coverage_estimated_second_order": [0.5860520566672001, 0.6860647360420999, 0.9708051651328, 0.9911402494198001, 0.9842048707259001, 0.6973051700050401, 0.9909422064506, 0.6274295140867002, 0.9870924198785999, 0.6960525598188, 0.3984722450711, 0.3963888918016, 0.7787410293560001, 1.02333763697399, 0.3415536260012], "sol": [0.0, 0.0, 1.0, 1.0, 1.0, 0.0, 1.0, 0.0, 1.0, 0.0, 0.0, 0.0, 0.0, 1.0, 0.0], "coverage": [0.5900651041666667, 0.6945963541666667, 1.0, 1.0, 1.0, 0.68765625, 1.0, 0.6345225694444444, 1.0, 0.70078125, 0.43008680555555556, 0.42279513888888887, 0.7773307291666667, 1.0, 0.3643880208333333], "coverage_estimated_first_order_diff": [0.6848722161094869, 0.7305673177580936, 0.2301412415638855, 0.30017623370926194, 0.18727295641592456, 0.5286458086007969, -0.1993655459545457, 0.45942047370670835, -0.1887998776845916, 0.553734759485195, 0.5721482645465596, 0.5449206066929966, 0.6391943792955104, -0.30062960066780786, 0.5491901855873866], "coverage_estimated_second_order_diff": [-0.0040130474994666265, -0.008531618124566709, -0.02919483486719998, -0.008859750580199943, -0.015795129274099873, 0.00964892000504014, -0.00905779354939995, -0.007093055357744182, -0.012907580121400142, -0.004728690181200035, -0.031614560484455545, -0.026406247087288892, 0.0014103001893334133, 0.02333763697398994, -0.022834394832133342]}