{"coverage_estimated_first_order": [1.1364990873806056, 0.7858631820187864, 1.1578890351995905, 1.0488813505988306, 0.958503034981041, 0.744616279818475, 1.1447247968258325, 0.5944431772798694, 0.9874852694244212, 0.9980048569594895, 0.801265027707941, 0.9580533455704376, 1.025574231126385, 0.4566462928214583, 0.7499349248350223], "coverage_estimated_second_order": [0.7183449466934001, 0.9563582049375999, 0.5959949080447999, 0.3868221154882, 0.3126654676466, 0.24850506574702, 0.7913844211955999, 1.0092478629734, 0.5885420684298001, 0.5835814142824001, 1.0399695220177998, 0.5566140977794, 0.5077633182322, 0.9911589300582299, 1.0357923479722002], "sol": [0.0, 1.0, 0.0, 0.0, 0.0, 0.0, 0.0, 1.0, 0.0, 0.0, 1.0, 0.0, 0.0, 1.0, 1.0], "coverage": [0.7469878472222222, 1.0, 0.6207204861111111, 0.4041970486111111, 0.3275954861111111, 0.23325520833333332, 0.7862586805555556, 1.0, 0.5760677083333333, 0.5747916666666667, 1.0, 0.535859375, 0.5196614583333333, 1.0, 1.0], "coverage_estimated_first_order_diff": [0.38951124015838334, -0.21413681798121365, 0.5371685490884794, 0.6446843019877195, 0.6309075488699298, 0.5113610714851416, 0.3584661162702769, -0.4055568227201306, 0.41141756109108785, 0.4232131902928228, -0.19873497229205905, 0.4221939705704376, 0.5059127727930516, -0.5433537071785417, -0.25006507516497767], "coverage_estimated_second_order_diff": [-0.028642900528822124, -0.04364179506240007, -0.02472557806631115, -0.017374933122911107, -0.014930018464511086, 0.015249857413686674, 0.005125740640044341, 0.009247862973400078, 0.012474360096466741, 0.008789747615733368, 0.0399695220177998, 0.020754722779399937, -0.011898140101133325, -0.008841069941770141, 0.03579234797220021]}