{"coverage_estimated_first_order": [1.1980521839332008, 1.6945963388712413, 1.73239883507446, 1.4275283584777951, 1.3046160458952856, 1.1660032876886213, 1.1001144513355752, 1.3264466682006268, 1.2272175859933705, 1.2874245943404874, 1.232781137647943, 1.0910721954648814, 1.4749573170173642, 0.8232538110246251, 1.1381202427896726], "coverage_estimated_second_order": [0.9563282237233, 0.7990932956435, 0.7552567995985999, 0.9969987803151004, 1.0089020523012, 0.5035438521638, 0.9581912051134001, 0.6732749600543999, 0.41940316870560007, 0.46721598904600004, 0.9334942424553998, 0.9347479435784001, 0.6351682336064, 0.12435088195925001, 0.9338332662183], "sol": [1.0, 0.0, 0.0, 1.0, 1.0, 0.0, 1.0, 0.0, 0.0, 0.0, 1.0, 1.0, 0.0, 0.0, 1.0], "coverage": [1.0, 0.8245138888888889, 0.7795269097222223, 1.0, 1.0, 0.480859375, 1.0, 0.6902864583333334, 0.4203559027777778, 0.47219618055555557, 1.0, 1.0, 0.6492144097222222, 0.12668836805555556, 1.0], "coverage_estimated_first_order_diff": [0.1980521839332008, 0.8700824499823524, 0.9528719253522376, 0.42752835847779513, 0.30461604589528557, 0.6851439126886213, 0.10011445133557517, 0.6361602098672935, 0.8068616832155927, 0.8152284137849318, 0.23278113764794295, 0.09107219546488143, 0.825742907295142, 0.6965654429690695, 0.1381202427896726], "coverage_estimated_second_order_diff": [-0.04367177627670005, -0.025420593245388923, -0.024270110123622346, -0.0030012196848996364, 0.008902052301200003, 0.022684477163800065, -0.04180879488659994, -0.017011498278933446, -0.0009527340721777189, -0.004980191509555532, -0.0665057575446002, -0.06525205642159992, -0.014046176115822262, -0.0023374860963055466, -0.06616673378170002]}