{"coverage_estimated_first_order": [0.8746446910807062, 1.4061790201645112, 1.0388771450281156, 1.4428072351081715, 0.9467792797802693, 0.9150932059267715, 0.8652003763307825, 0.7443578240957348, 0.9562595802275775, 0.5849182259198495, 0.8103848927362811, 0.8091027194464353, 0.8903359515653358, 0.7965936202922794, 0.738359231394658], "coverage_estimated_second_order": [0.9805999715300999, 0.8492055902596998, 1.0004935400628, 0.8478885775537001, 0.9817270908211999, 0.53807401854914, 0.3412876444702, 0.2589834675498, 0.5804176281236999, 0.9585187483862, 0.2979146651812, 0.33926715298719995, 0.9780980386092002, 0.4587638275055301, 0.2592751892606], "sol": [1.0, 0.0, 1.0, 0.0, 1.0, 0.0, 0.0, 0.0, 0.0, 1.0, 0.0, 0.0, 1.0, 0.0, 0.0], "coverage": [1.0, 0.8493229166666667, 1.0, 0.8561675347222222, 1.0, 0.5229557291666667, 0.33205729166666664, 0.2532465277777778, 0.6083029513888889, 1.0, 0.31439236111111113, 0.35323350694444444, 1.0, 0.46096788194444444, 0.2739800347222222], "coverage_estimated_first_order_diff": [-0.1253553089192938, 0.5568561034978445, 0.03887714502811557, 0.5866397003859494, -0.05322072021973068, 0.3921374767601048, 0.5331430846641159, 0.491111296317957, 0.3479566288386886, -0.41508177408015046, 0.49599253162517, 0.45586921250199086, -0.10966404843466415, 0.335625738347835, 0.46437919667243577], "coverage_estimated_second_order_diff": [-0.019400028469900077, -0.0001173264069669333, 0.0004935400627998909, -0.008278957168522116, -0.01827290917880009, 0.015118289382473393, 0.009230352803533348, 0.00573693977202222, -0.027885323265189, -0.04148125161380001, -0.016477695929911107, -0.013966353957244493, -0.021901961390799807, -0.00220405443891436, -0.014704845461622207]}