{"coverage_estimated_first_order": [1.237101426187699, 0.9509350005816329, 0.998644155565309, 1.26345469824628, 1.1478870794834535, 0.854733093214972, 0.8727422530709575, 0.7620081908525924, 1.0671848270681825, 0.7045817841418655, 0.7967171599592612, 0.8190253866656236, 0.8844777860538193, 0.6658739400523477, 0.723635918178275], "coverage_estimated_second_order": [0.753944108556, 1.0224857750093, 1.0244499507609999, 0.7194822782120001, 0.6321421626712, 0.47208697772599995, 0.3494857108556, 0.2774851065439, 0.6672206489527001, 0.9870501949612, 0.2749781513564, 0.35362705205219996, 0.9917546831274, 1.0109212158672, 0.23487869417440002], "sol": [0.0, 1.0, 1.0, 0.0, 0.0, 0.0, 0.0, 0.0, 0.0, 1.0, 0.0, 0.0, 1.0, 1.0, 0.0], "coverage": [0.7333159722222222, 1.0, 1.0, 0.6985633680555555, 0.6171875, 0.4690234375, 0.3431032986111111, 0.2776736111111111, 0.6663628472222223, 1.0, 0.29126302083333333, 0.36647569444444444, 1.0, 1.0, 0.24997829861111112], "coverage_estimated_first_order_diff": [0.5037854539654767, -0.04906499941836706, -0.0013558444346909448, 0.5648913301907245, 0.5306995794834535, 0.38570965571497207, 0.5296389544598464, 0.4843345797414813, 0.40082197984596024, -0.29541821585813455, 0.5054541391259278, 0.4525496922211792, -0.11552221394618067, -0.3341260599476523, 0.4736576195671639], "coverage_estimated_second_order_diff": [0.020628136333777802, 0.022485775009299935, 0.024449950760999872, 0.020918910156444537, 0.014954662671200047, 0.0030635402259999722, 0.0063824122444888776, -0.00018850456721108966, 0.0008578017304777807, -0.012949805038800055, -0.016284869476933306, -0.01284864239224448, -0.008245316872599995, 0.010921215867200074, -0.0150996044367111]}