{"coverage_estimated_first_order": [0.8558690337506802, 0.5268829594156915, 0.5422561893528466, 0.7691230287165757, 0.6907138037101237, 0.558895225279175, 0.5336495143788679, 0.44012498856712223, 0.5299936991259426, 0.5563454990040847, 0.4339752220147862, 0.416860463923234, 0.7141455845067248, 0.24003022768226095, 0.4087080430213377], "coverage_estimated_second_order": [0.7693609830729999, 1.065123464399, 1.0481026575669998, 0.5848557223832, 0.49176498288500003, 0.3845841052236, 0.2579640718322, 0.16079163874700003, 0.2523324417842, 0.26836069715440003, 0.0609107213924, 0.05799722893459999, 0.55063535442, 0.9917726087032, 0.081683230426], "sol": [0.0, 1.0, 1.0, 0.0, 0.0, 0.0, 0.0, 0.0, 0.0, 0.0, 0.0, 0.0, 0.0, 1.0, 0.0], "coverage": [0.7219618055555556, 1.0, 1.0, 0.5583897569444445, 0.4788845486111111, 0.39141927083333333, 0.23861979166666666, 0.14645399305555556, 0.2365625, 0.2509722222222222, 0.031046006944444444, 0.03140625, 0.5314236111111111, 1.0, 0.0590234375], "coverage_estimated_first_order_diff": [0.13390722819512468, -0.4731170405843085, -0.4577438106471534, 0.2107332717721312, 0.21182925509901257, 0.16747595444584168, 0.2950297227122012, 0.29367099551156667, 0.2934311991259426, 0.3053732767818625, 0.4029292150703418, 0.385454213923234, 0.1827219733956137, -0.759969772317739, 0.3496846055213377], "coverage_estimated_second_order_diff": [0.04739917751744438, 0.06512346439899996, 0.04810265756699983, 0.026465965438755568, 0.012880434273888908, -0.006835165609733351, 0.01934428016553333, 0.014337645691444467, 0.015769941784199992, 0.017388474932177822, 0.02986471444795556, 0.026590978934599996, 0.019211743308888862, -0.008227391296799946, 0.022659792925999997]}