{"coverage_estimated_first_order": [1.471993311814344, 1.1598408908494549, 1.6107661551188277, 1.5427442362730146, 1.4909209617513466, 0.869843654170864, 1.4390829814222166, 0.8534267244515299, 1.1269815112846358, 1.5439158877161785, 1.190451830413153, 1.2978365518853154, 1.408930554397379, 0.8988305619388145, 1.0841697224641726], "coverage_estimated_second_order": [0.6967661366289999, 0.9373863529610998, 0.707089590056, 0.6229593448849999, 0.6503822920826, 0.97470493425264, 0.7742576423393, 0.9931514434953002, 0.9723806490381999, 0.7827677311128001, 0.9655324850844998, 0.6009460924254, 0.610038242337, 1.0225585111770599, 0.9568152608054001], "sol": [0.0, 1.0, 0.0, 0.0, 0.0, 1.0, 0.0, 1.0, 1.0, 0.0, 1.0, 0.0, 0.0, 1.0, 1.0], "coverage": [0.7471354166666667, 1.0, 0.7791276041666667, 0.7001605902777778, 0.7123524305555555, 1.0, 0.7876866319444444, 1.0, 1.0, 0.7814626736111111, 1.0, 0.6059635416666667, 0.6637717013888889, 1.0, 1.0], "coverage_estimated_first_order_diff": [0.7248578951476773, 0.15984089084945485, 0.831638550952161, 0.8425836459952368, 0.7785685311957911, -0.13015634582913604, 0.6513963494777721, -0.1465732755484701, 0.12698151128463575, 0.7624532141050674, 0.19045183041315306, 0.6918730102186488, 0.74515885300849, -0.1011694380611855, 0.08416972246417265], "coverage_estimated_second_order_diff": [-0.05036928003766683, -0.06261364703890016, -0.07203801411066668, -0.07720124539277784, -0.061970138472955516, -0.025295065747359957, -0.013428989605144492, -0.006848556504699843, -0.027619350961800126, 0.0013050575016889665, -0.03446751491550015, -0.0050174492412666805, -0.053733459051888866, 0.02255851117705987, -0.043184739194599864]}