{"coverage_estimated_first_order": [1.1886604957005662, 1.7462220412040204, 1.4149804260901546, 1.749338554537935, 1.6790409155859696, 0.9722735106099111, 1.1993998826399324, 1.0330070928571977, 1.4511751575774834, 1.073420317024683, 0.9525782677492916, 1.209815095610398, 1.2532378237155772, 0.9946574068615694, 1.1996883281603556], "coverage_estimated_second_order": [0.9806505015761999, 0.8386607380157001, 0.9778524101718, 0.8145674100850999, 0.8295115612432, 0.99707222557322, 0.40832231803179997, 0.31139932335299997, 0.7958023904278001, 1.0287220051834, 1.0023934651648, 0.5474909760228, 0.9630196705952, 1.0009590991879698, 0.5726133509438001], "sol": [1.0, 0.0, 1.0, 0.0, 0.0, 1.0, 0.0, 0.0, 0.0, 1.0, 1.0, 0.0, 1.0, 1.0, 0.0], "coverage": [1.0, 0.8585546875, 1.0, 0.8352647569444445, 0.8456380208333333, 1.0, 0.42010850694444446, 0.32241319444444444, 0.7696875, 1.0, 1.0, 0.5521961805555555, 1.0, 1.0, 0.5755034722222222], "coverage_estimated_first_order_diff": [0.1886604957005662, 0.8876673537040204, 0.4149804260901546, 0.9140737975934905, 0.8334028947526363, -0.027726489390088926, 0.7792913756954879, 0.7105938984127533, 0.6814876575774834, 0.07342031702468299, -0.04742173225070845, 0.6576189150548424, 0.25323782371557724, -0.005342593138430551, 0.6241848559381334], "coverage_estimated_second_order_diff": [-0.01934949842380007, -0.0198939494842999, -0.022147589828199976, -0.020697346859344545, -0.016126459590133257, -0.00292777442678005, -0.01178618891264449, -0.011013871091444472, 0.02611489042780013, 0.028722005183400068, 0.0023934651648001015, -0.00470520453275558, -0.036980329404800005, 0.0009590991879697697, -0.002890121278422142]}