{"coverage_estimated_first_order": [0.8125346355847365, 1.325989723790572, 0.9635805740506954, 1.2577218785689097, 1.22186763981264, 0.676435642674114, 0.8644096095438627, 0.7014844958813566, 0.8819028545913674, 0.8996738215696345, 0.9316116534603573, 0.7696777766284091, 1.0834725997303976, 0.5690449226208156, 0.5544205443639718], "coverage_estimated_second_order": [1.041220111041, 0.8873988951994001, 1.0497193906786, 0.7901694300986, 0.8051228162202001, 1.01077155293274, 0.32429898809220004, 0.17210851532940002, 0.4459876358812, 0.42114500092179996, 0.49779271685459997, 0.2604479554896, 0.627084124249, 0.99795586076601, 0.9726001579034], "sol": [1.0, 0.0, 1.0, 0.0, 0.0, 1.0, 0.0, 0.0, 0.0, 0.0, 0.0, 0.0, 0.0, 1.0, 1.0], "coverage": [1.0, 0.8532595486111111, 1.0, 0.7699262152777778, 0.7906293402777778, 1.0, 0.3112847222222222, 0.16368489583333334, 0.4711545138888889, 0.44083333333333335, 0.5120355902777778, 0.26678819444444446, 0.6154600694444444, 1.0, 1.0], "coverage_estimated_first_order_diff": [-0.1874653644152635, 0.4727301751794609, -0.036419425949304585, 0.4877956632911319, 0.43123829953486226, -0.32356435732588595, 0.5531248873216406, 0.5377996000480233, 0.4107483407024785, 0.45884048823630114, 0.41957606318257956, 0.5028895821839646, 0.46801253028595313, -0.43095507737918437, -0.4455794556360282], "coverage_estimated_second_order_diff": [0.041220111040999985, 0.03413934658828899, 0.049719390678599984, 0.020243214820822142, 0.01449347594242234, 0.010771552932739903, 0.013014265869977837, 0.008423619496066681, -0.02516687800768891, -0.019688332411533394, -0.014242873423177815, -0.006340238954844479, 0.011624054804555528, -0.00204413923399005, -0.027399842096599958]}