{"coverage_estimated_first_order": [1.350993571824739, 1.4873478278370502, 1.620615303381631, 1.2969948293241291, 1.53560255142379, 1.032546886151311, 1.3398676657480049, 1.229285956411955, 1.413067078566822, 1.1125632416609428, 1.1221689358812237, 1.2085503637322375, 1.2032259539699581, 0.9970447533524247, 1.3181587898954914], "coverage_estimated_second_order": [0.49174719736050004, 0.5589410940689999, 0.6791809758403, 0.9619949499470001, 0.7064961797177001, 0.3561012050668, 0.8348294815024001, 0.8261867882284002, 0.7066843235998, 0.9353107864226, 0.8962735538408, 0.8687766613664001, 0.9659263847438, 0.42943021745781, 0.6344633271751001], "sol": [0.0, 0.0, 0.0, 1.0, 0.0, 0.0, 1.0, 1.0, 0.0, 1.0, 1.0, 1.0, 1.0, 0.0, 0.0], "coverage": [0.5215321180555555, 0.5918446180555555, 0.7131510416666667, 1.0, 0.7250086805555556, 0.3618532986111111, 1.0, 1.0, 0.7231423611111111, 1.0, 1.0, 1.0, 1.0, 0.44083333333333335, 0.644765625], "coverage_estimated_first_order_diff": [0.8294614537691835, 0.8955032097814947, 0.9074642617149644, 0.29699482932412913, 0.8105938708682345, 0.6706935875401998, 0.33986766574800487, 0.22928595641195493, 0.6899247174557109, 0.11256324166094278, 0.12216893588122368, 0.20855036373223745, 0.20322595396995813, 0.5562114200190913, 0.6733931648954914], "coverage_estimated_second_order_diff": [-0.029784920695055506, -0.032903523986555605, -0.033970065826366636, -0.03800505005299992, -0.018512500837855494, -0.00575209354431111, -0.1651705184975999, -0.1738132117715998, -0.01645803751131103, -0.06468921357739998, -0.10372644615920001, -0.13122333863359992, -0.03407361525620001, -0.01140311587552334, -0.010302297824899886]}