{"coverage_estimated_first_order": [1.1528587818074465, 0.8159652631853669, 1.2296688487098382, 1.2334816531656208, 0.7586593259456462, 0.8126633494877243, 1.105456497578236, 0.5940671321599396, 1.058807502717396, 0.6803864156109816, 0.6795762491541929, 0.9967589728319872, 1.045290058040712, 0.7092745484278428, 0.9328446164741224], "coverage_estimated_second_order": [0.7656831556204999, 1.0132234274093999, 0.7562901129002999, 0.7782575879072001, 0.9911299682989999, 0.43808402847322, 0.746573593588, 1.0100859865, 0.7235842545542, 1.0155391627292, 1.0284477914885999, 0.6371821886569999, 0.6000575891344, 0.33621963678465, 0.58354434243], "sol": [0.0, 1.0, 0.0, 0.0, 1.0, 0.0, 0.0, 1.0, 0.0, 1.0, 1.0, 0.0, 0.0, 0.0, 0.0], "coverage": [0.7639800347222222, 1.0, 0.7631119791666666, 0.7947960069444444, 1.0, 0.4630989583333333, 0.7488498263888889, 1.0, 0.7106510416666667, 1.0, 1.0, 0.6213411458333333, 0.6167144097222222, 0.35186631944444446, 0.5723828125], "coverage_estimated_first_order_diff": [0.3888787470852243, -0.18403473681463312, 0.46655686954317155, 0.43868564622117634, -0.24134067405435378, 0.34956439115439103, 0.3566066711893471, -0.40593286784006044, 0.3481564610507293, -0.31961358438901843, -0.3204237508458071, 0.3754178269986539, 0.4285756483184898, 0.3574082289833983, 0.3604618039741224], "coverage_estimated_second_order_diff": [0.0017031208982777324, 0.013223427409399857, -0.006821866266366716, -0.01653841903724429, -0.008870031701000092, -0.025014929860113333, -0.0022762328008888444, 0.010085986500000033, 0.01293321288753324, 0.015539162729200084, 0.028447791488599883, 0.015841042823666607, -0.016656820587822252, -0.015646682659794464, 0.01116152992999997]}