{"coverage_estimated_first_order": [1.4064335150084077, 1.5796882193693789, 1.374032415643694, 1.7238324796725424, 1.6067799499520292, 0.8614810595108309, 1.36164677506342, 1.207845153467339, 1.1259508393599627, 1.2325659174413268, 1.3879201731957083, 1.0394717290373705, 1.2035064562707767, 0.9893619995578963, 0.9395781258445802], "coverage_estimated_second_order": [0.5638533359976, 0.6661041410651, 0.937510735009, 0.8220327224644, 0.7887621829525, 0.9988670337960399, 0.8729996151248001, 0.881193078958, 0.3535951452516001, 0.4434583333382, 0.6700821522588, 0.9556921366830999, 0.9450416297516002, 0.3853893553543, 0.9684868022852001], "sol": [0.0, 0.0, 1.0, 0.0, 0.0, 1.0, 1.0, 1.0, 0.0, 0.0, 0.0, 1.0, 1.0, 0.0, 1.0], "coverage": [0.5968880208333334, 0.7077170138888889, 1.0, 0.8495008680555556, 0.8071354166666667, 1.0, 1.0, 1.0, 0.36114583333333333, 0.44631510416666664, 0.6878298611111111, 1.0, 1.0, 0.3826128472222222, 1.0], "coverage_estimated_first_order_diff": [0.8095454941750744, 0.87197120548049, 0.37403241564369405, 0.8743316116169868, 0.7996445332853626, -0.13851894048916913, 0.36164677506342, 0.2078451534673389, 0.7648050060266294, 0.7862508132746602, 0.7000903120845972, 0.03947172903737051, 0.20350645627077668, 0.6067491523356741, -0.060421874155419775], "coverage_estimated_second_order_diff": [-0.03303468483573335, -0.04161287282378889, -0.06248926499100005, -0.027468145591155624, -0.01837323371416666, -0.001132966203960084, -0.12700038487519993, -0.11880692104199997, -0.007550688081733259, -0.002856770828466637, -0.01774770885231114, -0.044307863316900065, -0.05495837024839978, 0.002776508132077804, -0.03151319771479988]}