{"coverage_estimated_first_order": [0.885172974244933, 1.3990138732635424, 1.4069824452334185, 1.4299843759242226, 1.3929876038044826, 0.6715199909929609, 1.0441421647878624, 0.9202992987034597, 1.026006412874321, 1.1168709619292074, 1.1752568420797647, 0.8776835967310057, 0.9350969131404345, 1.1089507117968922, 1.0167540802655692], "coverage_estimated_second_order": [0.9800849930759999, 0.7611604467313999, 0.7086461142959, 0.7476165144647001, 0.7776600898194, 1.00296768742804, 0.4240179967844, 0.3487787385412, 0.9807554135540002, 0.9866169538105998, 0.5750655712832, 0.9497539419239001, 1.0148320136675002, 0.6980687877417999, 0.43422961080260003], "sol": [1.0, 0.0, 0.0, 0.0, 0.0, 1.0, 0.0, 0.0, 1.0, 1.0, 0.0, 1.0, 1.0, 0.0, 0.0], "coverage": [1.0, 0.7795355902777777, 0.7319314236111111, 0.7575998263888889, 0.7778385416666667, 1.0, 0.4509375, 0.3669878472222222, 1.0, 1.0, 0.5832725694444445, 1.0, 1.0, 0.6768880208333333, 0.4405251736111111], "coverage_estimated_first_order_diff": [-0.11482702575506698, 0.6194782829857647, 0.6750510216223075, 0.6723845495353337, 0.615149062137816, -0.3284800090070391, 0.5932046647878624, 0.5533114514812375, 0.026006412874320928, 0.11687096192920743, 0.5919842726353202, -0.12231640326899429, -0.06490308685956547, 0.43206269096355887, 0.5762289066544581], "coverage_estimated_second_order_diff": [-0.019915006924000056, -0.018375143546377815, -0.02328530931521111, -0.009983311924188776, -0.00017845184726661412, 0.002967687428039989, -0.026919503215599994, -0.018209108681022212, -0.0192445864459998, -0.013383046189400227, -0.008206998161244483, -0.05024605807609994, 0.014832013667500199, 0.021180766908466597, -0.006295562808511068]}