{"coverage_estimated_first_order": [1.6198998666833098, 1.3786049171917583, 1.567093844285735, 1.5601773286944183, 1.8511222252055366, 0.9797401629218467, 1.1855859092476622, 1.0324931956737036, 1.0958922209031199, 1.1309486955686778, 1.1869248792823877, 1.149683698101894, 1.2931784165866878, 1.2238545797819391, 1.0613753978566856], "coverage_estimated_second_order": [0.6610795049153001, 0.8490162418585999, 0.7930850612725, 0.7912345125729001, 0.7076710441134, 0.9115324520247401, 0.36119507329239997, 0.2813133771816, 1.0334987446879003, 1.031038574592, 0.4069909563428, 0.39653154248030004, 0.8173378349534, 0.68731303947499, 0.33357960749219995], "sol": [0.0, 1.0, 1.0, 1.0, 0.0, 1.0, 0.0, 0.0, 1.0, 1.0, 0.0, 0.0, 1.0, 0.0, 0.0], "coverage": [0.744765625, 1.0, 1.0, 1.0, 0.8609678819444444, 1.0, 0.37211371527777776, 0.2980772569444444, 1.0, 1.0, 0.3973784722222222, 0.38311631944444446, 1.0, 0.6708897569444444, 0.3289713541666667], "coverage_estimated_first_order_diff": [0.8751342416833098, 0.37860491719175826, 0.567093844285735, 0.5601773286944183, 0.9901543432610922, -0.020259837078153264, 0.8134721939698843, 0.7344159387292591, 0.09589222090311988, 0.13094869556867783, 0.7895464070601654, 0.7665673786574496, 0.29317841658668775, 0.5529648228374947, 0.7324040436900189], "coverage_estimated_second_order_diff": [-0.08368612008469989, -0.15098375814140008, -0.2069149387275, -0.20876548742709988, -0.15329683783104442, -0.08846754797525991, -0.010918641985377786, -0.016763879762844436, 0.03349874468790026, 0.0310385745920001, 0.009612484120577802, 0.013415223035855572, -0.18266216504660004, 0.01642328253054559, 0.004608253325533274]}