{"coverage_estimated_first_order": [0.9577326793024047, 1.4715396847126667, 1.4127185852910003, 1.354647220641136, 1.2147596186954925, 0.79674736534535, 1.2087951377644681, 1.0783438537843182, 1.0185718439083544, 1.1127324777923655, 0.9190428505780325, 0.9419772639204006, 0.9675869130659542, 0.7720524386654466, 1.1543698686861674], "coverage_estimated_second_order": [0.9991740284071999, 0.7959747528886, 0.6508413109266, 0.582928223655, 0.47069657794939995, 0.16191066842739996, 0.8907227565416, 0.8826147431366003, 0.40879718800799997, 0.469901495437, 0.9495438892420001, 0.9322435640637999, 0.9521891285782, 0.21262662587071002, 0.660324793541], "sol": [1.0, 0.0, 0.0, 0.0, 0.0, 0.0, 1.0, 1.0, 0.0, 0.0, 1.0, 1.0, 1.0, 0.0, 0.0], "coverage": [1.0, 0.7886892361111111, 0.6599913194444444, 0.5998611111111111, 0.48272569444444446, 0.17210503472222222, 1.0, 1.0, 0.40760850694444445, 0.4706684027777778, 1.0, 1.0, 1.0, 0.20889322916666667, 0.6561675347222222], "coverage_estimated_first_order_diff": [-0.04226732069759531, 0.6828504486015556, 0.7527272658465558, 0.7547861095300249, 0.7320339242510481, 0.6246423306231277, 0.20879513776446812, 0.07834385378431818, 0.61096333696391, 0.6420640750145877, -0.08095714942196752, -0.0580227360795994, -0.032413086934045765, 0.56315920949878, 0.4982023339639452], "coverage_estimated_second_order_diff": [-0.0008259715928000677, 0.0072855167774888985, -0.009150008517844421, -0.0169328874561111, -0.012029116495044512, -0.01019436629482226, -0.10927724345839995, -0.11738525686339973, 0.001188681063555519, -0.0007669073407777782, -0.05045611075799994, -0.06775643593620007, -0.04781087142179996, 0.0037333967040433513, 0.00415725881877782]}