{"coverage_estimated_first_order": [1.5041837733260361, 1.2070000554712486, 1.6949645334055197, 1.7362195385012469, 1.31413175875036, 1.0486831749391967, 1.4727480565408464, 0.8932049775608225, 1.231504907811766, 1.3423481739659628, 1.3485179482785858, 0.9719756435819731, 1.5097482295523017, 0.8208456086865163, 0.894569295478343], "coverage_estimated_second_order": [0.7503991727517, 0.9822817448555999, 0.8132276116184, 0.828738678621, 1.0079658164889997, 1.00807355406782, 0.8091516250476001, 1.0088859192412, 0.5617077547476, 0.6653994972768, 0.6721841388887999, 1.020119876526, 0.7296427536014001, 0.9788705300358601, 1.003100394205], "sol": [0.0, 1.0, 0.0, 0.0, 1.0, 1.0, 0.0, 1.0, 0.0, 0.0, 0.0, 1.0, 0.0, 1.0, 1.0], "coverage": [0.7692708333333333, 1.0, 0.8319140625, 0.8260199652777778, 1.0, 1.0, 0.8102994791666667, 1.0, 0.5808159722222223, 0.6798350694444445, 0.6717621527777777, 1.0, 0.7366145833333333, 1.0, 1.0], "coverage_estimated_first_order_diff": [0.7349129399927028, 0.20700005547124856, 0.8630504709055197, 0.9101995732234691, 0.31413175875036004, 0.048683174939196716, 0.6624485773741797, -0.10679502243917749, 0.6506889355895437, 0.6625131045215183, 0.6767557955008081, -0.02802435641802692, 0.7731336462189684, -0.17915439131348365, -0.10543070452165704], "coverage_estimated_second_order_diff": [-0.018871660581633365, -0.017718255144400064, -0.018686450881600036, 0.0027187133432222677, 0.007965816488999744, 0.008073554067820066, -0.0011478541190665936, 0.00888591924120008, -0.019108217474622213, -0.014435572167644461, 0.00042198611102217676, 0.020119876526000002, -0.006971829731933221, -0.02112946996413989, 0.003100394205000079]}