{"coverage_estimated_first_order": [0.7309731901842125, 1.2212900942038258, 1.2358325095140832, 1.3258017263070891, 0.9588688340655611, 0.7905414692769688, 0.7772554614638756, 0.661238759814933, 0.6692244544552373, 1.1019976442100408, 0.8337483041607595, 0.755271075165038, 1.1208225148207511, 0.6961736502829432, 0.7498278144869402], "coverage_estimated_second_order": [0.9949582093184001, 0.7783770857796, 0.7467306902020001, 0.8254891617026001, 1.0408508184612, 1.0269031496635401, 0.18023522376700002, 0.0909352160596, 0.9887188966688001, 0.6827064993317999, 0.33497136737609995, 0.2400814754456, 0.6518173096755, 1.01352308663861, 0.28281564743], "sol": [1.0, 0.0, 0.0, 0.0, 1.0, 1.0, 0.0, 0.0, 1.0, 0.0, 0.0, 0.0, 0.0, 1.0, 0.0], "coverage": [1.0, 0.7771657986111111, 0.7378819444444444, 0.788203125, 1.0, 1.0, 0.181640625, 0.08282118055555555, 1.0, 0.6800390625, 0.3514800347222222, 0.24899739583333333, 0.6238758680555555, 1.0, 0.3046744791666667], "coverage_estimated_first_order_diff": [-0.2690268098157875, 0.4441242955927147, 0.49795056506963875, 0.5375986013070891, -0.041131165934438885, -0.20945853072303122, 0.5956148364638756, 0.5784175792593774, -0.33077554554476274, 0.42195858171004075, 0.4822682694385373, 0.5062736793317046, 0.4969466467651956, -0.3038263497170568, 0.44515333532027357], "coverage_estimated_second_order_diff": [-0.005041790681599934, 0.0012112871684888393, 0.008848745757555676, 0.03728603670260011, 0.04085081846119998, 0.026903149663540127, -0.001405401232999981, 0.00811403550404445, -0.011281103331199915, 0.0026674368317999297, -0.016508667346122274, -0.00891592038773334, 0.027941441619944496, 0.013523086638610016, -0.021858831736666695]}