{"coverage_estimated_first_order": [1.1081570023186462, 1.6004042010034343, 1.6362125367761757, 1.7146182256857154, 1.3124472400675344, 1.0409962179817467, 1.2276216933482986, 1.0351466449757403, 1.3356336766083508, 1.3999204681988786, 1.1914920971540315, 1.024082241582872, 1.4549370629519915, 0.8161128286201051, 1.0902449712683953], "coverage_estimated_second_order": [0.9749204623983, 0.7620525283849999, 0.7319724752308, 0.8013087652647002, 1.0079346861274001, 1.0120175399844402, 0.44135790947849995, 0.3012810645176, 0.6340555486334, 0.694544701329, 0.9692944393264, 0.956475641121, 0.6228560132282001, 0.9791575836305899, 0.9636681774366002], "sol": [1.0, 0.0, 0.0, 0.0, 1.0, 1.0, 0.0, 0.0, 0.0, 0.0, 1.0, 1.0, 0.0, 1.0, 1.0], "coverage": [1.0, 0.7840017361111111, 0.7534071180555556, 0.7994791666666666, 1.0, 1.0, 0.4563628472222222, 0.3077560763888889, 0.6451953125, 0.7107769097222222, 1.0, 1.0, 0.6213107638888888, 1.0, 1.0], "coverage_estimated_first_order_diff": [0.10815700231864622, 0.8164024648923232, 0.8828054187206201, 0.9151390590190488, 0.31244724006753444, 0.040996217981746685, 0.7712588461260764, 0.7273905685868514, 0.6904383641083508, 0.6891435584766564, 0.19149209715403148, 0.024082241582872088, 0.8336262990631027, -0.18388717137989485, 0.09024497126839526], "coverage_estimated_second_order_diff": [-0.025079537601700008, -0.021949207726111197, -0.0214346428247556, 0.001829598598033555, 0.007934686127400115, 0.012017539984440218, -0.015004937743722246, -0.006475011871288905, -0.011139763866599983, -0.016232208393222147, -0.030705560673599974, -0.04352435887899997, 0.0015452493393112166, -0.02084241636941009, -0.03633182256339984]}