{"coverage_estimated_first_order": [1.1285173833354463, 1.6365736959603159, 1.6298551953080376, 1.2323653780002424, 1.5046890753014104, 1.0979562180193723, 1.5278516857511184, 0.9194340057584084, 1.3366454945550272, 1.4205662978081044, 1.2213004021164373, 1.0938637668282563, 1.4602656477099674, 0.6900956928174875, 1.1131288751011108], "coverage_estimated_second_order": [0.9863065703752, 0.8085299444105001, 0.7206693988554, 0.9524459087384001, 0.6910761123604001, 0.4873158727793, 0.8207874079099, 0.9758012151354001, 0.6338112542242, 0.704473132524, 0.9410258798018, 0.9439945863075999, 0.6985082849626001, 0.9922499086007199, 0.9570719223501002], "sol": [1.0, 0.0, 0.0, 1.0, 0.0, 0.0, 0.0, 1.0, 0.0, 0.0, 1.0, 1.0, 0.0, 1.0, 1.0], "coverage": [1.0, 0.8341927083333334, 0.7682118055555556, 1.0, 0.7356510416666666, 0.5233376736111112, 0.8433984375, 1.0, 0.646171875, 0.7180859375, 1.0, 1.0, 0.7343663194444444, 1.0, 1.0], "coverage_estimated_first_order_diff": [0.12851738333544627, 0.8023809876269825, 0.861643389752482, 0.23236537800024237, 0.7690380336347438, 0.5746185444082611, 0.6844532482511184, -0.08056599424159161, 0.6904736195550273, 0.7024803603081043, 0.2213004021164373, 0.09386376682825626, 0.725899328265523, -0.3099043071825125, 0.1131288751011108], "coverage_estimated_second_order_diff": [-0.013693429624800024, -0.025662763922833287, -0.047542406700155526, -0.04755409126159993, -0.0445749293062665, -0.03602180083181117, -0.022611029590099974, -0.02419878486459992, -0.012360620775799913, -0.013612804976000037, -0.05897412019820003, -0.056005413692400086, -0.035858034481844325, -0.007750091399280068, -0.04292807764989981]}