{"coverage_estimated_first_order": [1.5683294275636612, 1.28499644935044, 1.8306007133449045, 1.5469511929432571, 1.5077741633658153, 1.1592553213927657, 0.9494666310217209, 1.2287240469910892, 0.9507260944012914, 1.3999122074517807, 1.1455649089330533, 1.1019482422643885, 1.61890130407372, 0.9269021396196295, 1.0443042398150508], "coverage_estimated_second_order": [0.7501207777429999, 0.9621880919648, 0.8096297035848001, 0.8719297707470001, 0.8582302503786998, 0.87629414135024, 0.9865004968342, 0.6275777395018001, 0.9810460152271999, 0.6900924218646, 0.3949789539141, 0.3903479465604, 0.7353391474234, 0.99835569029043, 0.339374216248], "sol": [0.0, 1.0, 0.0, 1.0, 1.0, 1.0, 1.0, 0.0, 1.0, 0.0, 0.0, 0.0, 0.0, 1.0, 0.0], "coverage": [0.7601605902777778, 1.0, 0.8674131944444444, 1.0, 1.0, 1.0, 1.0, 0.6429296875, 1.0, 0.7007421875, 0.4333029513888889, 0.4218576388888889, 0.7835199652777778, 1.0, 0.3690277777777778], "coverage_estimated_first_order_diff": [0.8081688372858834, 0.28499644935044, 0.9631875189004601, 0.5469511929432571, 0.5077741633658153, 0.15925532139276566, -0.05053336897827909, 0.5857943594910892, -0.04927390559870859, 0.6991700199517807, 0.7122619575441644, 0.6800906033754996, 0.8353813387959421, -0.07309786038037047, 0.6752764620372731], "coverage_estimated_second_order_diff": [-0.010039812534777925, -0.03781190803519996, -0.05778349085964429, -0.12807022925299993, -0.14176974962130018, -0.12370585864976003, -0.013499503165799953, -0.015351947998199944, -0.01895398477280008, -0.010649765635399988, -0.03832399747478893, -0.03150969232848888, -0.04818081785437778, -0.0016443097095699688, -0.029653561529777772]}