{"coverage_estimated_first_order": [0.9919166359835895, 1.0911512696404286, 1.2467797742926938, 1.0714941337365083, 1.0046234067614885, 0.9609316582148657, 0.8002572789975142, 0.7241094354492479, 0.8163263516170587, 0.8396472251709672, 0.8951430322806121, 0.8776933623560057, 0.8904268316328321, 0.8960864070350006, 0.783656542961599], "coverage_estimated_second_order": [0.4119202986452, 0.4853296855371999, 0.6360815825299001, 1.0100555201815, 1.0173354296369999, 0.49584257620734007, 0.2143832801726, 0.21779086951719998, 1.0517416820323002, 1.0496017029923999, 0.40470139319199994, 0.4041843604193, 0.9750587785334001, 0.52901774053989, 0.3084020565444], "sol": [0.0, 0.0, 0.0, 1.0, 1.0, 0.0, 0.0, 0.0, 1.0, 1.0, 0.0, 0.0, 1.0, 0.0, 0.0], "coverage": [0.39309461805555557, 0.4638671875, 0.6078515625, 1.0, 1.0, 0.4824045138888889, 0.20541666666666666, 0.2147439236111111, 1.0, 1.0, 0.37741319444444443, 0.37819878472222224, 1.0, 0.5104123263888889, 0.2827690972222222], "coverage_estimated_first_order_diff": [0.5988220179280339, 0.6272840821404286, 0.6389282117926938, 0.07149413373650826, 0.0046234067614885355, 0.4785271443259768, 0.5948406123308475, 0.5093655118381368, -0.1836736483829413, -0.16035277482903276, 0.5177298378361677, 0.49949457763378347, -0.1095731683671679, 0.38567408064611175, 0.5008874457393768], "coverage_estimated_second_order_diff": [0.018825680589644456, 0.021462498037199906, 0.02823002002990005, 0.010055520181500022, 0.017335429636999855, 0.013438062318451183, 0.008966613505933335, 0.003046945906088866, 0.05174168203230023, 0.049601702992399854, 0.027288198747555503, 0.025985575697077767, -0.02494122146659994, 0.018605414151001143, 0.025632959322177795]}