{"coverage_estimated_first_order": [1.4065563429146668, 1.137836148038168, 1.304907593611197, 1.257546128635267, 1.5707381524331934, 0.8091296693384387, 0.9995341296201019, 0.8601865877497078, 0.95336148669967, 0.9827124104308971, 1.0443652129250147, 1.014082109546341, 1.2931784165866878, 1.027911571598472, 0.9296841689534915], "coverage_estimated_second_order": [0.7401475592263, 0.9695018027993999, 0.9665200018729, 0.9675970129393001, 0.8089273031046, 0.98638180746374, 0.30636218395860004, 0.2252577334701, 1.0467227113323, 1.0444679180388001, 0.41506450503299996, 0.4032599104026, 0.5743911739886, 0.57701972711919, 0.3404618237884], "sol": [0.0, 1.0, 1.0, 1.0, 0.0, 1.0, 0.0, 0.0, 1.0, 1.0, 0.0, 0.0, 0.0, 0.0, 0.0], "coverage": [0.7380425347222223, 1.0, 1.0, 1.0, 0.8265321180555556, 1.0, 0.30234375, 0.2252734375, 1.0, 1.0, 0.3966623263888889, 0.38233940972222225, 0.5786848958333334, 0.5592317708333333, 0.3276605902777778], "coverage_estimated_first_order_diff": [0.6685138081924445, 0.13783614803816802, 0.3049075936111969, 0.25754612863526694, 0.7442060343776378, -0.19087033066156134, 0.6971903796201019, 0.6349131502497078, -0.046638513300329976, -0.017287589569102924, 0.6477028865361258, 0.6317426998241188, 0.7144935207533544, 0.4686798007651386, 0.6020235786757138], "coverage_estimated_second_order_diff": [0.0021050245040777904, -0.030498197200600097, -0.03347999812710001, -0.032402987060699884, -0.01760481495095556, -0.013618192536259954, 0.004018433958600021, -1.5704029900004413e-05, 0.046722711332300104, 0.044467918038800125, 0.01840217864411109, 0.020920500680377763, -0.0042937218447334224, 0.01778795628585672, 0.012801233510622234]}