{"coverage_estimated_first_order": [1.5498588253281138, 1.2381268230679945, 1.7301167613696362, 1.4204348388646133, 1.328743534953177, 1.284482695745155, 1.2206202709085887, 1.05654659530969, 1.4859427216524437, 1.1765818445925582, 1.399027552582028, 1.0356011001236725, 1.535035783111737, 0.8330264366097382, 0.9319230777155694], "coverage_estimated_second_order": [0.7536497534140001, 0.9591170419254998, 0.7563074522201999, 1.0029136329297001, 1.0069783191196, 0.66262598882712, 0.45701267546230007, 0.3501438170064, 0.7676401897367999, 1.0149839911893999, 0.6950892966248001, 0.9922345921356, 0.7041045413732001, 1.02042534442852, 0.9914517023824001], "sol": [0.0, 1.0, 0.0, 1.0, 1.0, 0.0, 0.0, 0.0, 0.0, 1.0, 0.0, 1.0, 0.0, 1.0, 1.0], "coverage": [0.7763107638888889, 1.0, 0.7862413194444444, 1.0, 1.0, 0.6405295138888889, 0.4788671875, 0.36561631944444445, 0.7491970486111111, 1.0, 0.7016145833333334, 1.0, 0.709609375, 1.0, 1.0], "coverage_estimated_first_order_diff": [0.7735480614392249, 0.2381268230679945, 0.9438754419251918, 0.4204348388646133, 0.3287435349531771, 0.643953181856266, 0.7417530834085887, 0.6909302758652456, 0.7367456730413325, 0.1765818445925582, 0.6974129692486946, 0.03560110012367246, 0.825426408111737, -0.16697356339026181, -0.06807692228443063], "coverage_estimated_second_order_diff": [-0.022661010474888776, -0.04088295807450015, -0.029933867224244515, 0.0029136329297001495, 0.006978319119600007, 0.02209647493823108, -0.021854512037699947, -0.015472502438044433, 0.01844314112568879, 0.014983991189399859, -0.006525286708533251, -0.0077654078644000535, -0.0055048336267998765, 0.020425344428520065, -0.008548297617599898]}