{"coverage_estimated_first_order": [1.402057777034532, 1.4982347502366429, 1.8232233058788114, 1.795774709119531, 1.2654212766071204, 1.1085012174235183, 1.1274697460681977, 1.3554461004435425, 1.1254193906280563, 1.2123650221659308, 1.3786335310268971, 0.9707565824497365, 1.2537429150780857, 0.9163443080169, 0.9438690202668136], "coverage_estimated_second_order": [0.8550322465758998, 0.8600842463748, 0.7266756309619999, 0.7949116310474, 0.9194489079422998, 0.4704245223334401, 0.9583139641687002, 0.7119914108866999, 0.35351505382630005, 0.43181187114400005, 0.7035739402511999, 1.0045892795292, 0.9191857334544001, 0.24306704560141, 0.9778873898366001], "sol": [1.0, 1.0, 0.0, 0.0, 1.0, 0.0, 1.0, 0.0, 0.0, 0.0, 0.0, 1.0, 1.0, 0.0, 1.0], "coverage": [1.0, 1.0, 0.8154383680555556, 0.8679296875, 1.0, 0.4719921875, 1.0, 0.7075260416666667, 0.3610069444444444, 0.4382421875, 0.7093315972222223, 1.0, 1.0, 0.242109375, 1.0], "coverage_estimated_first_order_diff": [0.40205777703453194, 0.4982347502366429, 1.007784937823256, 0.9278450216195311, 0.26542127660712045, 0.6365090299235183, 0.12746974606819772, 0.6479200587768759, 0.7644124461836119, 0.7741228346659308, 0.6693019338046748, -0.029243417550263495, 0.25374291507808566, 0.6742349330169001, -0.05613097973318637], "coverage_estimated_second_order_diff": [-0.14496775342410018, -0.13991575362520003, -0.08876273709355564, -0.07301805645259996, -0.08055109205770017, -0.0015676651665598729, -0.04168603583129982, 0.004465369220033266, -0.00749189061814437, -0.006430316355999943, -0.0057576569710223735, 0.004589279529199963, -0.08081426654559987, 0.0009576706014099989, -0.022112610163399937]}