{"coverage_estimated_first_order": [1.510761213843879, 1.2570346752891541, 1.393676156593298, 1.374964055235142, 1.2157209643232165, 1.1131965644591604, 1.1241100863650162, 0.9899599089864208, 0.8409354120838934, 0.9004893032346531, 0.9302488699509837, 0.9574158017481952, 1.428801268453889, 0.7139720780161243, 0.8676222822462513], "coverage_estimated_second_order": [0.6601807867607998, 0.8151596305254, 0.7845060860890001, 0.8285226168744, 0.8689747123136, 0.5265261246628401, 0.9535026812950002, 0.9585265606195001, 0.0521679827036, 0.102327508072, 0.18981005048140004, 0.2823151813874, 0.620758500048, 0.11918979105839, 0.1697434237798], "sol": [0.0, 1.0, 1.0, 1.0, 1.0, 0.0, 1.0, 1.0, 0.0, 0.0, 0.0, 0.0, 0.0, 0.0, 0.0], "coverage": [0.7618793402777778, 1.0, 1.0, 1.0, 1.0, 0.5343967013888888, 1.0, 1.0, 0.017413194444444443, 0.06786892361111112, 0.15823784722222223, 0.24803819444444444, 0.6842100694444444, 0.11534288194444445, 0.14803385416666667], "coverage_estimated_first_order_diff": [0.7488818735661013, 0.25703467528915414, 0.393676156593298, 0.3749640552351421, 0.21572096432321652, 0.5787998630702715, 0.12411008636501619, -0.010040091013579167, 0.823522217639449, 0.8326203796235421, 0.7720110227287614, 0.7093776073037508, 0.7445911990094447, 0.5986291960716799, 0.7195884280795846], "coverage_estimated_second_order_diff": [-0.10169855351697799, -0.18484036947460003, -0.21549391391099992, -0.1714773831256, -0.13102528768639998, -0.00787057672604874, -0.046497318704999846, -0.041473439380499855, 0.03475478825915555, 0.03445858446088888, 0.03157220325917781, 0.034276986942955584, -0.06345156939644436, 0.003846909113945557, 0.021709569613133334]}