{"coverage_estimated_first_order": [1.1963885668790575, 1.2754851216403396, 1.5840445977064963, 1.5855664767473177, 1.1114954719962356, 1.0940662941702126, 1.0493894946029307, 0.8895746957610087, 1.056544494064362, 1.0734430755522117, 0.7336281864654267, 0.9426019851069882, 1.1306410932409718, 0.683527931779322, 1.016515481789335], "coverage_estimated_second_order": [0.9202390391478001, 0.9279401270041999, 0.7425307331624, 0.8025454697157002, 0.9418332309275999, 0.63092960908654, 0.3921780336428, 0.28953053885029995, 0.5104168755661, 0.4822642967374, 0.9543764664512, 0.342861052616, 0.91715700108, 0.96335101456405, 0.5102430093194], "sol": [1.0, 1.0, 0.0, 0.0, 1.0, 0.0, 0.0, 0.0, 0.0, 0.0, 1.0, 0.0, 1.0, 1.0, 0.0], "coverage": [1.0, 1.0, 0.7782986111111111, 0.843046875, 1.0, 0.6269053819444445, 0.39404079861111113, 0.2956423611111111, 0.5438151041666667, 0.5153211805555555, 1.0, 0.36614149305555554, 1.0, 1.0, 0.5363888888888889], "coverage_estimated_first_order_diff": [0.19638856687905748, 0.27548512164033956, 0.8057459865953852, 0.7425196017473177, 0.11149547199623555, 0.46716091222576817, 0.6553486959918196, 0.5939323346498976, 0.5127293898976953, 0.5581218949966562, -0.2663718135345733, 0.5764604920514327, 0.13064109324097184, -0.31647206822067797, 0.480126592900446], "coverage_estimated_second_order_diff": [-0.07976096085219986, -0.07205987299580008, -0.03576787794871106, -0.040501405284299796, -0.05816676907240015, 0.004024227142095604, -0.0018627649683111147, -0.0061118222608111394, -0.033398228600566626, -0.033056883818155525, -0.0456235335488, -0.023280440439555572, -0.08284299892000002, -0.036648985435949966, -0.026145879569488883]}