{"coverage_estimated_first_order": [0.9535568335576375, 1.055789845873582, 1.1305212359303272, 1.1918382765581614, 0.7308228536976964, 0.9157688436293608, 0.8684703478935821, 0.7995805756794505, 0.6721583908231094, 1.1292695434844506, 0.8845352605088045, 0.8994512941967157, 1.112997473889429, 0.5793071827205964, 0.7899713094194468], "coverage_estimated_second_order": [0.41193135694079996, 0.48207232921329995, 0.5598488082618, 0.6914150750422, 0.9364357488563, 0.58994841619922, 1.0280744058921, 1.0350076991577, 0.9907929245357999, 0.7344245917006, 0.42930922670210003, 0.4698014534118, 0.6548554251512, 1.02181213687349, 0.3506645378658], "sol": [0.0, 0.0, 0.0, 0.0, 1.0, 0.0, 1.0, 1.0, 1.0, 0.0, 0.0, 0.0, 0.0, 1.0, 0.0], "coverage": [0.4409375, 0.5156380208333333, 0.6050434027777778, 0.748046875, 1.0, 0.6132378472222222, 1.0, 1.0, 1.0, 0.732734375, 0.44424913194444443, 0.47399739583333333, 0.6857378472222222, 1.0, 0.3682552083333333], "coverage_estimated_first_order_diff": [0.5126193335576376, 0.5401518250402486, 0.5254778331525494, 0.44379140155816144, -0.2691771463023036, 0.30253099640713865, -0.13152965210641787, -0.2004194243205495, -0.32784160917689065, 0.3965351684844506, 0.44028612856436006, 0.4254538983633823, 0.42725962666720685, -0.42069281727940355, 0.4217161010861135], "coverage_estimated_second_order_diff": [-0.029006143059200018, -0.03356569162003337, -0.04519459451597785, -0.05663179995779999, -0.06356425114370001, -0.023289431023002183, 0.028074405892100085, 0.03500769915769997, -0.009207075464200076, 0.001690216700599989, -0.014939905242344398, -0.004195942421533316, -0.03088242207102221, 0.02181213687349004, -0.01759067046753332]}