{"coverage_estimated_first_order": [1.4029244512083556, 1.553522802309987, 1.3698849340543275, 1.7950130225322798, 1.3490299551990579, 1.1057299121472277, 0.9662727570428041, 1.23792691621263, 1.0555451298710434, 1.4778476021462152, 1.0011184269988915, 1.222695033268841, 1.5187824009451991, 0.9149224363429571, 1.240086478396263], "coverage_estimated_second_order": [0.5926431685074001, 0.6778971672005, 0.9779942864612, 0.8381826679809001, 0.9882276700522001, 0.98554458018522, 0.996575291805, 0.642067570705, 1.032366499637, 0.7731674702357999, 1.0190615436889, 0.5699846373354, 0.7180514819152, 1.00372317148245, 0.6110387767514], "sol": [0.0, 0.0, 1.0, 0.0, 1.0, 1.0, 1.0, 0.0, 1.0, 0.0, 1.0, 0.0, 0.0, 1.0, 0.0], "coverage": [0.6105989583333333, 0.6976953125, 1.0, 0.8507421875, 1.0, 1.0, 1.0, 0.6482508680555555, 1.0, 0.7431770833333333, 1.0, 0.5705425347222223, 0.7376519097222223, 1.0, 0.6044965277777777], "coverage_estimated_first_order_diff": [0.7923254928750223, 0.8558274898099869, 0.36988493405432754, 0.9442708350322798, 0.3490299551990579, 0.10572991214722771, -0.03372724295719587, 0.5896760481570745, 0.05554512987104343, 0.7346705188128819, 0.0011184269988915307, 0.6521524985466188, 0.7811304912229768, -0.08507756365704289, 0.6355899506184853], "coverage_estimated_second_order_diff": [-0.017955789825933266, -0.01979814529950008, -0.022005713538799987, -0.012559519519099838, -0.011772329947799864, -0.014455419814780046, -0.003424708194999959, -0.006183297350555561, 0.03236649963699989, 0.02999038690246658, 0.019061543688899896, -0.0005578973868223258, -0.019600427807022314, 0.0037231714824499385, 0.006542248973622211]}