{"coverage_estimated_first_order": [1.6349874416055779, 1.3777519087224614, 1.5280156683331745, 1.5387061827392035, 1.414953137699269, 1.3492163899106326, 1.221597105099143, 1.0599773030458126, 1.4133042187164917, 1.1242733483464575, 1.2025270572757565, 0.9540513044078853, 1.602257239352798, 0.8392298937323984, 1.0707506052217513], "coverage_estimated_second_order": [0.6639687042515001, 0.8405521014061998, 0.8081636438979999, 0.8193963349439002, 0.8415729575438, 0.6744654607429399, 0.44554501561239995, 0.34520116406230006, 0.7171230626758001, 1.0249396297858002, 0.4677134965762, 1.0022966163309, 0.6442618055658, 1.0167494798574002, 0.36959434958119997], "sol": [0.0, 1.0, 1.0, 1.0, 1.0, 0.0, 0.0, 0.0, 0.0, 1.0, 0.0, 1.0, 0.0, 1.0, 0.0], "coverage": [0.7552039930555555, 1.0, 1.0, 1.0, 1.0, 0.6893098958333334, 0.4613498263888889, 0.3580772569444444, 0.6933333333333334, 1.0, 0.47790364583333333, 1.0, 0.7217447916666667, 1.0, 0.37932725694444447], "coverage_estimated_first_order_diff": [0.8797834485500223, 0.37775190872246145, 0.5280156683331745, 0.5387061827392035, 0.414953137699269, 0.6599064940772993, 0.7602472787102541, 0.7019000461013682, 0.7199708853831583, 0.12427334834645754, 0.7246234114424231, -0.045948695592114674, 0.8805124476861313, -0.16077010626760158, 0.6914233482773068], "coverage_estimated_second_order_diff": [-0.0912352888040554, -0.15944789859380015, -0.19183635610200012, -0.18060366505609982, -0.15842704245619998, -0.01484443509039346, -0.01580481077648893, -0.012876092882144363, 0.023789729342466703, 0.02493962978580022, -0.010190149257133352, 0.0022966163308999477, -0.07748298610086668, 0.016749479857400162, -0.009732907363244503]}