{"coverage_estimated_first_order": [1.1444171648996246, 1.2470006538675809, 1.3326164177928417, 1.3872276427382277, 0.9076120566986831, 1.0409962179817498, 1.0635091390198328, 0.9673403592174514, 1.2792253570280478, 0.9266798043480111, 1.199403701573936, 1.1789835468147691, 1.281324178484875, 0.698603253542193, 0.7696353915556478], "coverage_estimated_second_order": [0.4390731759594, 0.48333418150380003, 0.5572254673067001, 0.6854276750331, 0.9307170069113, 0.5874148389536401, 1.0080747988425, 1.0116457372564, 0.7660540678651, 1.0301601362074, 0.6705228860528001, 0.6755412721516001, 0.6507405435314, 1.01879527768939, 1.0044449832590001], "sol": [0.0, 0.0, 0.0, 0.0, 1.0, 0.0, 1.0, 1.0, 0.0, 1.0, 0.0, 0.0, 0.0, 1.0, 1.0], "coverage": [0.4716970486111111, 0.5228776041666666, 0.6086197916666667, 0.7483854166666667, 1.0, 0.6132378472222222, 1.0, 1.0, 0.7371961805555556, 1.0, 0.6633897569444445, 0.6601779513888889, 0.6871223958333333, 1.0, 1.0], "coverage_estimated_first_order_diff": [0.6727201162885135, 0.7241230497009142, 0.723996626126175, 0.638842226071561, -0.09238794330131694, 0.4277583707595276, 0.0635091390198328, -0.03265964078254857, 0.5420291764724923, -0.07332019565198888, 0.5360139446294916, 0.5188055954258802, 0.5942017826515417, -0.301396746457807, -0.23036460844435225], "coverage_estimated_second_order_diff": [-0.03262387265171113, -0.03954342266286659, -0.0513943243599666, -0.06295774163356671, -0.0692829930887, -0.02582300826858208, 0.008074798842500064, 0.011645737256400057, 0.028857887309544417, 0.03016013620739999, 0.007133129108355618, 0.015363320762711186, -0.03638185230193336, 0.018795277689390044, 0.004444983259000113]}