{"coverage_estimated_first_order": [1.4533880627866742, 1.6168022952084529, 1.5083605308255936, 1.6883074332605805, 1.623250936277886, 1.1508927267327325, 1.170810008250685, 1.0128791816209528, 0.9454180167787045, 1.3541180830435762, 0.962333237570481, 1.1381746051860935, 1.336598286324187, 1.114294637227987, 1.200249566365092], "coverage_estimated_second_order": [0.4941394737596, 0.5320422554939999, 0.6984917433866001, 0.5603254228011002, 0.5684420492041999, 0.6824261610837401, 0.36981704232339996, 0.2768022697381, 1.0058142935818, 0.6684097101517998, 1.0036231324968, 0.4332437546765, 0.6944334411420001, 0.58085261747667, 0.5532892462803], "sol": [0.0, 0.0, 1.0, 1.0, 1.0, 1.0, 0.0, 0.0, 1.0, 0.0, 1.0, 0.0, 1.0, 0.0, 0.0], "coverage": [0.5748524305555556, 0.6485112847222222, 1.0, 1.0, 1.0, 1.0, 0.3898697916666667, 0.2929861111111111, 1.0, 0.6684418402777778, 1.0, 0.43971354166666665, 1.0, 0.5992838541666666, 0.5496701388888889], "coverage_estimated_first_order_diff": [0.8785356322311186, 0.9682910104862307, 0.5083605308255936, 0.6883074332605805, 0.623250936277886, 0.15089272673273246, 0.7809402165840182, 0.7198930705098416, -0.05458198322129548, 0.6856762427657984, -0.03766676242951905, 0.6984610635194268, 0.336598286324187, 0.5150107830613203, 0.6505794274762031], "coverage_estimated_second_order_diff": [-0.08071295679595558, -0.11646902922822233, -0.30150825661339986, -0.4396745771988998, -0.43155795079580006, -0.3175738389162599, -0.02005274934326673, -0.0161838413730111, 0.0058142935817999675, -3.213012597791387e-05, 0.003623132496799908, -0.006469786990166648, -0.3055665588579999, -0.018431236689996577, 0.003619107391411025]}