{"coverage_estimated_first_order": [0.9567040360082356, 1.482565767683069, 1.4557621297541323, 1.5316095331831165, 1.060833814084608, 1.086379337212766, 1.2477812947280595, 0.7241384149287428, 1.2072846603897642, 0.8702156978019764, 0.9780927497869057, 1.0214536295373489, 1.118517122279531, 0.792326774292919, 0.8802353926951474], "coverage_estimated_second_order": [0.9862915855938, 0.8251574961139999, 0.7433559180375, 0.8470254992614001, 0.9981683127197999, 0.62265006439802, 0.7250113922993, 1.0056336459308, 0.6649225077049, 0.9927905093416001, 0.3502005688994, 0.47586121309159995, 1.0169839329126, 1.0152904004137997, 0.28261291690940005], "sol": [1.0, 0.0, 0.0, 0.0, 1.0, 0.0, 0.0, 1.0, 0.0, 1.0, 0.0, 0.0, 1.0, 1.0, 0.0], "coverage": [1.0, 0.8370616319444445, 0.75265625, 0.8509809027777778, 1.0, 0.6221310763888889, 0.7282725694444444, 1.0, 0.6672439236111111, 1.0, 0.3753342013888889, 0.4978559027777778, 1.0, 1.0, 0.3055078125], "coverage_estimated_first_order_diff": [-0.043295963991764386, 0.6455041357386245, 0.7031058797541323, 0.6806286304053387, 0.060833814084608084, 0.46424826082387705, 0.5195087252836151, -0.27586158507125724, 0.5400407367786532, -0.12978430219802362, 0.6027585483980169, 0.5235977267595711, 0.11851712227953093, -0.20767322570708102, 0.5747275801951475], "coverage_estimated_second_order_diff": [-0.013708414406199965, -0.011904135830444584, -0.00930033196250002, -0.003955403516377687, -0.0018316872802001116, 0.0005189880091310828, -0.0032611771451444005, 0.005633645930799958, -0.002321415906211044, -0.007209490658399931, -0.02513363248948891, -0.02199468968617785, 0.01698393291260003, 0.015290400413799698, -0.02289489559059993]}