{"coverage_estimated_first_order": [1.1588947776743614, 1.2336493322582434, 1.5519534403622863, 1.0891900215394195, 1.3785615302120513, 0.9804158006244298, 1.0368101008672854, 0.8801892775708434, 1.3088168935540916, 0.9253332602518701, 0.812367434798379, 1.0744266910379334, 1.3084356254427514, 0.6999973773409994, 1.0718925358037876], "coverage_estimated_second_order": [1.0032515816143, 1.0040669252794001, 0.7719585703026, 0.9652158325064002, 0.7177821978860002, 0.50349238151192, 0.35475438745840004, 0.2637987679928, 0.8038935459772, 1.0383134752993999, 1.0100613375848, 0.554602956251, 0.6480558286347999, 1.01269611684241, 0.5819627680423], "sol": [1.0, 1.0, 0.0, 1.0, 0.0, 0.0, 0.0, 0.0, 0.0, 1.0, 1.0, 0.0, 0.0, 1.0, 0.0], "coverage": [1.0, 1.0, 0.7841493055555555, 1.0, 0.7429340277777777, 0.52921875, 0.35208333333333336, 0.2683767361111111, 0.7690017361111111, 1.0, 1.0, 0.5521223958333333, 0.6702777777777778, 1.0, 0.5758680555555555], "coverage_estimated_first_order_diff": [0.15889477767436144, 0.23364933225824336, 0.7678041348067308, 0.08919002153941946, 0.6356275024342736, 0.45119705062442983, 0.6847267675339521, 0.6118125414597323, 0.5398151574429805, -0.07466673974812987, -0.18763256520162097, 0.5223042952046001, 0.6381578476649736, -0.3000026226590006, 0.4960244802482321], "coverage_estimated_second_order_diff": [0.0032515816142999476, 0.004066925279400113, -0.012190735252955553, -0.034784167493599805, -0.025151829891777555, -0.025726368488079965, 0.0026710541250666853, -0.0045779681183111265, 0.03489180986608886, 0.03831347529939988, 0.01006133758479999, 0.002480560417666644, -0.022221949142977815, 0.01269611684241001, 0.006094712486744425]}