{"coverage_estimated_first_order": [0.879446161459831, 1.4122414428046455, 1.051867494850442, 0.9669268445345253, 1.214036445640391, 0.8014427123809886, 0.6995800235306076, 0.9942516117092184, 0.9557405852490288, 0.5892300955300511, 0.8513076418858299, 0.8853612129502371, 1.1053267041029076, 0.6955295395780099, 0.7855324621389924], "coverage_estimated_second_order": [0.9959321659202999, 0.8781138611975, 1.0237420250162, 1.0030709597454002, 0.7150019549381, 0.39512697110322, 0.9851427117216002, 0.6626854409189, 0.5818638216264, 0.9644235177646001, 0.37635190841379995, 0.49050168020519996, 0.6327491977224, 0.30453785762781005, 0.3324508074986], "sol": [1.0, 0.0, 1.0, 1.0, 0.0, 0.0, 1.0, 0.0, 0.0, 1.0, 0.0, 0.0, 0.0, 0.0, 0.0], "coverage": [1.0, 0.8640364583333333, 1.0, 1.0, 0.6991232638888889, 0.3900868055555556, 1.0, 0.6697439236111111, 0.6091796875, 1.0, 0.39743055555555556, 0.5139756944444445, 0.6246397569444444, 0.3138151041666667, 0.34946180555555556], "coverage_estimated_first_order_diff": [-0.12055383854016899, 0.5482049844713122, 0.051867494850442064, -0.033073155465474735, 0.514913181751502, 0.41135590682543305, -0.30041997646939245, 0.32450768809810726, 0.3465608977490289, -0.4107699044699489, 0.4538770863302743, 0.3713855185057926, 0.48068694715846316, 0.3817144354113432, 0.43607065658343686], "coverage_estimated_second_order_diff": [-0.004067834079700128, 0.0140774028641667, 0.02374202501619993, 0.0030709597454001702, 0.015878691049211135, 0.005040165547664399, -0.014857288278399827, -0.007058482692211099, -0.02731586587359991, -0.03557648223539989, -0.021078647141755613, -0.0234740142392445, 0.008109440777955612, -0.009277246538856643, -0.01701099805695555]}