{"coverage_estimated_first_order": [1.1796928808761813, 1.2917352401260316, 1.394336457688187, 1.4927185875713336, 0.9881524204356316, 0.9755868861136856, 1.1014311421629785, 1.0083261668138173, 1.1713282613916163, 0.8098720608794181, 1.1997699929182986, 1.1697150071929765, 1.028141929472341, 0.8945462617256602, 0.7703374323325907], "coverage_estimated_second_order": [0.4992173975699, 0.5565061254428, 0.6501073179273, 0.8241531385755001, 1.0030096161684998, 0.46911368274564, 0.9691351129150001, 0.9740654727116, 0.6810271176261, 1.0026628062328, 0.6711866988642, 0.6617195451002, 0.9892460582689999, 0.44715757678863005, 1.004746842534], "sol": [0.0, 0.0, 0.0, 0.0, 1.0, 0.0, 1.0, 1.0, 0.0, 1.0, 0.0, 0.0, 1.0, 0.0, 1.0], "coverage": [0.5058506944444444, 0.5668402777777778, 0.6611024305555555, 0.8259982638888889, 1.0, 0.46721788194444447, 1.0, 1.0, 0.6798307291666666, 1.0, 0.6638845486111111, 0.6473046875, 1.0, 0.4565668402777778, 1.0], "coverage_estimated_first_order_diff": [0.6738421864317369, 0.7248949623482538, 0.7332340271326314, 0.6667203236824447, -0.011847579564368438, 0.5083690041692411, 0.10143114216297855, 0.00832616681381726, 0.49149753222494963, -0.1901279391205819, 0.5358854443071874, 0.5224103196929765, 0.028141929472341065, 0.43797942144788243, -0.22966256766740933], "coverage_estimated_second_order_diff": [-0.006633296874544392, -0.010334152334977809, -0.010995112628255477, -0.0018451253133887624, 0.003009616168499818, 0.0018958008011955574, -0.030864887084999904, -0.025934527288399956, 0.001196388459433373, 0.002662806232800019, 0.00730215025308889, 0.014414857600200004, -0.010753941731000083, -0.009409263489147723, 0.00474684253400004]}