{"coverage_estimated_first_order": [0.7242243570147395, 0.7805105530698783, 0.8743023390541096, 0.895581448140542, 0.8864167607873149, 0.375682123057167, 0.9484081332956242, 0.4349156327970568, 0.7367558816888896, 0.7326721533295537, 0.6546622825701254, 0.8123952106775109, 0.7600009291800672, 0.5543991580141908, 0.6107166428314745], "coverage_estimated_second_order": [0.20813377317559997, 0.2338742107648, 0.3606397347918, 0.43024318119000005, 0.4811794905328, 0.96609392826562, 0.7131769257038999, 0.9960873503902001, 0.3727226910138, 0.3536336508126, 1.046110053803, 0.5417301700004, 0.31696412389399997, 0.21169040309833997, 1.0404884736842002], "sol": [0.0, 0.0, 0.0, 0.0, 0.0, 1.0, 0.0, 1.0, 0.0, 0.0, 1.0, 0.0, 0.0, 0.0, 1.0], "coverage": [0.14807725694444446, 0.1788064236111111, 0.3183940972222222, 0.40362413194444446, 0.4602951388888889, 1.0, 0.7070833333333333, 1.0, 0.3446267361111111, 0.3288107638888889, 1.0, 0.5164583333333334, 0.2918012152777778, 0.2069184027777778, 1.0], "coverage_estimated_first_order_diff": [0.5761471000702951, 0.6017041294587672, 0.5559082418318874, 0.4919573161960975, 0.426121621898426, -0.624317876942833, 0.24132479996229095, -0.5650843672029432, 0.3921291455777785, 0.4038613894406648, -0.3453377174298746, 0.2959368773441775, 0.4681997139022894, 0.34748075523641303, -0.38928335716852547], "coverage_estimated_second_order_diff": [0.060056516231155516, 0.0550677871536889, 0.042245637569577776, 0.02661904924555558, 0.020884351643911114, -0.03390607173437998, 0.006093592370566614, -0.0039126496097998675, 0.028095954902688902, 0.024822886923711096, 0.04611005380299993, 0.02527183666706667, 0.025162908616222168, 0.004772000320562186, 0.040488473684200166]}