{"coverage_estimated_first_order": [1.2142045733881528, 1.3502508228066294, 1.508280055406054, 1.2973292213912673, 1.182024145421817, 1.0861590325672545, 1.073007599101463, 0.9833886412528967, 0.7039002770012821, 1.1579617092923546, 1.0281158434840918, 1.025927987873661, 1.138341781151304, 0.8910465615162989, 0.9251672203719011], "coverage_estimated_second_order": [0.5075914893588, 0.5981730351248999, 0.7200657527168001, 0.9820057267969999, 0.9945442755930999, 0.48746431366342, 0.9719503647384001, 0.9770985247939, 0.9590118050022, 0.6303111247661999, 0.4258580609382, 0.45124981646929996, 0.9284536926332001, 0.43255709543353, 0.34957263765979996], "sol": [0.0, 0.0, 0.0, 1.0, 1.0, 0.0, 1.0, 1.0, 1.0, 0.0, 0.0, 0.0, 1.0, 0.0, 0.0], "coverage": [0.5133897569444444, 0.6002560763888889, 0.7162022569444444, 1.0, 1.0, 0.4824045138888889, 1.0, 1.0, 1.0, 0.6605381944444444, 0.4453515625, 0.46057291666666667, 1.0, 0.44416666666666665, 0.3700347222222222], "coverage_estimated_first_order_diff": [0.7008148164437084, 0.7499947464177406, 0.7920777984616096, 0.2973292213912673, 0.182024145421817, 0.6037545186783657, 0.07300759910146293, -0.01661135874710329, -0.2960997229987179, 0.49742351484791025, 0.5827642809840918, 0.5653550712069942, 0.1383417811513039, 0.44687989484963225, 0.5551324981496789], "coverage_estimated_second_order_diff": [-0.00579826758564439, -0.0020830412639889495, 0.003863495772355674, -0.017994273203000066, -0.00545572440690012, 0.005059799774531137, -0.02804963526159987, -0.022901475206099975, -0.04098819499780004, -0.03022706967824451, -0.01949350156180002, -0.009323100197366707, -0.0715463073667999, -0.011609571233136662, -0.020462084562422267]}