{"coverage_estimated_first_order": [1.4596088616299998, 1.1672935142885477, 1.2537051640035952, 1.5547526348837482, 1.0214288113219947, 1.0026244180055912, 0.9400719589545048, 1.2028623469936213, 1.0149337601037525, 1.0896091578725895, 0.8793028914484176, 0.8737119784912755, 1.27567602807969, 0.7162258383488286, 1.127403632289317], "coverage_estimated_second_order": [0.7893143033716998, 0.9962406878729, 1.006645693934, 0.8263991456983, 0.9828616547103999, 0.51321771791182, 0.9916450209732002, 0.7001525356856, 0.40407531472040004, 0.46385123835060005, 1.0005765538704, 1.0121784205523001, 0.6235525861632, 0.13006490289421, 0.6328882868751999], "sol": [0.0, 1.0, 1.0, 0.0, 1.0, 0.0, 1.0, 0.0, 0.0, 0.0, 1.0, 1.0, 0.0, 0.0, 0.0], "coverage": [0.7818967013888889, 1.0, 1.0, 0.8374131944444444, 1.0, 0.5216145833333333, 1.0, 0.6979079861111112, 0.4014583333333333, 0.4582291666666667, 1.0, 1.0, 0.6333376736111112, 0.12963107638888888, 0.6308246527777778], "coverage_estimated_first_order_diff": [0.6777121602411109, 0.16729351428854766, 0.2537051640035952, 0.7173394404393038, 0.0214288113219947, 0.4810098346722579, -0.059928041045495206, 0.5049543608825101, 0.6134754267704192, 0.6313799912059228, -0.12069710855158244, -0.12628802150872454, 0.6423383544685788, 0.5865947619599396, 0.4965789795115393], "coverage_estimated_second_order_diff": [0.00741760198281094, -0.003759312127100012, 0.006645693934000052, -0.011014048746144423, -0.01713834528960012, -0.0083968654215133, -0.008354979026799825, 0.00224454957448883, 0.0026169813870667302, 0.005622071683933361, 0.0005765538703998985, 0.012178420552300118, -0.009785087447911178, 0.00043382650532111655, 0.0020636340974221623]}