{"coverage_estimated_first_order": [0.601595459812926, 1.0851859556458754, 1.0042794611858672, 0.9613208501775619, 0.8838152907128911, 0.6570850677396551, 0.5227652352577024, 0.8539399581276671, 0.6746317042087693, 0.7113711440626175, 0.6273892916889172, 0.6272043061663297, 0.6739303878129204, 0.4290149462060166, 0.5916548352330011], "coverage_estimated_second_order": [1.02484938651, 0.8092753756922, 0.6681866057656, 0.5988741216311999, 0.5164900562657999, 0.34273126870094, 1.0134255032234, 0.6466689457662, 0.26986050247680005, 0.29991241421000003, 0.1789124247544, 0.224405487838, 1.0128728120184, 0.9964072703733999, 0.18498334385620002], "sol": [1.0, 0.0, 0.0, 0.0, 0.0, 0.0, 1.0, 0.0, 0.0, 0.0, 0.0, 0.0, 1.0, 1.0, 0.0], "coverage": [1.0, 0.7818098958333334, 0.6554861111111111, 0.5973958333333333, 0.5143012152777777, 0.3489713541666667, 1.0, 0.6414366319444444, 0.25287760416666666, 0.28561197916666664, 0.1613888888888889, 0.21249565972222223, 1.0, 1.0, 0.1633029513888889], "coverage_estimated_first_order_diff": [-0.39840454018707405, 0.303376059812542, 0.3487933500747561, 0.3639250168442285, 0.3695140754351134, 0.30811371357298845, -0.47723476474229765, 0.21250332618322265, 0.4217541000421026, 0.42575916489595084, 0.4660004028000283, 0.4147086464441075, -0.32606961218707964, -0.5709850537939833, 0.4283518838441122], "coverage_estimated_second_order_diff": [0.024849386509999905, 0.027465479858866604, 0.012700494654488859, 0.001478288297866559, 0.0021888409880221893, -0.006240085465726686, 0.013425503223400082, 0.0052323138217555965, 0.016982898310133387, 0.014300435043333393, 0.017523535865511114, 0.01190982811577776, 0.01287281201840007, -0.0035927296266000663, 0.021680392467311127]}