{"coverage_estimated_first_order": [0.5566311943152253, 1.007030518686211, 0.9179766228744188, 0.842788162841422, 0.7573952352778569, 0.5009094974095528, 0.990999098848308, 0.4473151479182873, 0.7370637807236016, 0.7329678592984157, 0.6728351119572596, 0.8132484053521727, 0.760368171018178, 0.45408135200767985, 0.6339960045397972], "coverage_estimated_second_order": [0.9552073999592, 0.7130953167324, 0.4993122689574, 0.336143067595, 0.23899885838419999, 0.031045304450039994, 0.7943822304484001, 1.007387498129, 0.3736395388282, 0.35452528639319997, 1.0451018362366, 0.5429660605856, 0.3370888964816, 0.04954693070777, 1.0419608961328002], "sol": [1.0, 0.0, 0.0, 0.0, 0.0, 0.0, 0.0, 1.0, 0.0, 0.0, 1.0, 0.0, 0.0, 0.0, 1.0], "coverage": [1.0, 0.7402083333333334, 0.5133116319444444, 0.33479600694444445, 0.23316840277777778, 0.0, 0.7879513888888889, 1.0, 0.34567708333333336, 0.3298828125, 1.0, 0.5174522569444444, 0.34936197916666667, 0.04552517361111111, 1.0], "coverage_estimated_first_order_diff": [-0.44336880568477466, 0.2668221853528776, 0.40466499092997443, 0.5079921558969775, 0.5242268325000792, 0.5009094974095528, 0.203047709959419, -0.5526848520817127, 0.3913866973902682, 0.40308504679841567, -0.32716488804274035, 0.2957961484077283, 0.4110061918515113, 0.40855617839656877, -0.3660039954602028], "coverage_estimated_second_order_diff": [-0.04479260004079999, -0.02711301660093335, -0.013999362987044406, 0.001347060650555565, 0.005830455606422202, 0.031045304450039994, 0.006430841559511125, 0.007387498129000081, 0.027962455494866645, 0.024642473893199957, 0.045101836236600024, 0.02551380364115563, -0.01227308268506666, 0.00402175709665889, 0.041960896132800185]}