{"coverage_estimated_first_order": [0.950733095293959, 0.5984592149051945, 0.9607760563361318, 0.8561907078624924, 0.7817138319800544, 0.619388905466086, 0.9584639593567919, 0.4366942808309995, 0.7429975219143965, 0.7745467944610296, 0.801265027707941, 0.7022110975838203, 0.8576428574483429, 0.3463204513168459, 0.41959501619557593], "coverage_estimated_second_order": [0.6975457246000001, 0.9600237255184, 0.5951204848034, 0.3836432973592, 0.30946206093280004, 0.24605318099254003, 0.7574039706464, 0.9989214710490001, 0.448284763758, 0.46717716162100004, 0.5407877872968, 0.40750828542120004, 0.5059443619844, 0.9926138022275499, 0.9782782378402001], "sol": [0.0, 1.0, 0.0, 0.0, 0.0, 0.0, 0.0, 1.0, 0.0, 0.0, 0.0, 0.0, 0.0, 1.0, 1.0], "coverage": [0.7248220486111111, 1.0, 0.6194921875, 0.4041970486111111, 0.3275954861111111, 0.23325520833333332, 0.763984375, 1.0, 0.4750217013888889, 0.49538194444444444, 0.5677777777777778, 0.431875, 0.5191493055555556, 1.0, 1.0], "coverage_estimated_first_order_diff": [0.2259110466828479, -0.4015407850948055, 0.3412838688361318, 0.4519936592513813, 0.4541183458689433, 0.3861336971327527, 0.1944795843567918, -0.5633057191690005, 0.2679758205255076, 0.27916485001658514, 0.23348724993016312, 0.27033609758382027, 0.3384935518927873, -0.6536795486831541, -0.5804049838044241], "coverage_estimated_second_order_diff": [-0.02727632401111102, -0.039976274481600016, -0.02437170269660005, -0.020553751251911112, -0.01813342517831107, 0.012797972659206708, -0.006580404353600078, -0.001078528950999913, -0.026736937630888857, -0.028204782823444408, -0.026989990480977832, -0.024366714578799964, -0.013204943571155647, -0.007386197772450087, -0.02172176215979993]}