{"coverage_estimated_first_order": [1.5994049946097801, 1.3473513056540667, 1.4537406580749552, 1.6814953746649055, 1.5773216721417445, 0.9345773483363419, 1.2916943446094309, 1.1357869197708033, 1.1962120076191953, 1.2434914850629897, 0.9292279533330692, 1.2223829446134198, 1.5131765843297218, 0.796239493973179, 1.1944575088364375], "coverage_estimated_second_order": [0.7275842001824, 0.9485974728856, 0.9547656583805999, 0.7664992625720001, 0.7557685554593001, 0.99288608050562, 0.9345930451428002, 0.9410526583484, 0.504896005319, 0.5053205096744, 0.9401962311525999, 0.5005055427428, 0.6788508132146001, 0.9860897136985199, 0.5412375246098], "sol": [0.0, 1.0, 1.0, 0.0, 0.0, 1.0, 1.0, 1.0, 0.0, 0.0, 1.0, 0.0, 0.0, 1.0, 0.0], "coverage": [0.7567751736111111, 1.0, 1.0, 0.7850130208333334, 0.7656467013888889, 1.0, 1.0, 1.0, 0.542890625, 0.5447309027777778, 1.0, 0.524375, 0.6948958333333334, 1.0, 0.5810677083333333], "coverage_estimated_first_order_diff": [0.842629820998669, 0.3473513056540667, 0.4537406580749552, 0.8964823538315722, 0.8116749707528556, -0.06542265166365813, 0.2916943446094309, 0.13578691977080326, 0.6533213826191954, 0.6987605822852119, -0.07077204666693082, 0.6980079446134198, 0.8182807509963884, -0.20376050602682105, 0.6133898005031042], "coverage_estimated_second_order_diff": [-0.02919097342871113, -0.051402527114399965, -0.0452343416194001, -0.01851375826133328, -0.0098781459295888, -0.0071139194943800055, -0.06540695485719983, -0.05894734165159998, -0.03799461968099993, -0.039410393103377794, -0.05980376884740013, -0.023869457257200022, -0.016045020118733322, -0.013910286301480057, -0.03983018372353331]}