{"coverage_estimated_first_order": [1.5763233178270832, 1.2689679516350119, 1.7627797037597288, 1.4320559038374232, 1.3058801365630748, 1.1736902446460715, 0.9946459374778328, 1.2756715028841163, 1.19995016395001, 1.2129528019048093, 1.0814561569794434, 1.3446014232614207, 1.4911301552069334, 1.0461061191924736, 1.296229373070381], "coverage_estimated_second_order": [0.7646745790952, 0.9681595592504001, 0.7905033417321, 1.0038808122876, 1.0037964906545, 0.50419168837734, 0.9932966551018001, 0.6780705833585999, 0.9839537441117999, 0.9764600964513999, 0.9567267186624, 0.6481259692093999, 0.6584924490926, 0.42653580472584, 0.5969689536977001], "sol": [0.0, 1.0, 0.0, 1.0, 1.0, 0.0, 1.0, 0.0, 1.0, 1.0, 1.0, 0.0, 0.0, 0.0, 0.0], "coverage": [0.7821571180555555, 1.0, 0.8160546875, 1.0, 1.0, 0.48561631944444444, 1.0, 0.6895355902777778, 1.0, 1.0, 1.0, 0.6645572916666667, 0.6718359375, 0.41461805555555553, 0.6191883680555555], "coverage_estimated_first_order_diff": [0.7941661997715277, 0.26896795163501186, 0.9467250162597288, 0.4320559038374232, 0.3058801365630748, 0.688073925201627, -0.005354062522167191, 0.5861359126063386, 0.19995016395001008, 0.21295280190480925, 0.08145615697944342, 0.6800441315947541, 0.8192942177069333, 0.6314880636369181, 0.6770410050148256], "coverage_estimated_second_order_diff": [-0.017482538960355565, -0.03184044074959991, -0.02555134576789997, 0.003880812287599955, 0.003796490654500051, 0.01857536893289552, -0.006703344898199903, -0.011465006919177845, -0.01604625588820008, -0.02353990354860014, -0.0432732813376, -0.01643132245726675, -0.013343488407400073, 0.011917749170284486, -0.02221941435785546]}