{"coverage_estimated_first_order": [1.1368090464472833, 1.2534908917974088, 1.421730875014362, 1.104089085535834, 1.4340579994197795, 0.7367090182155139, 1.0730255492986378, 0.9684105017627342, 0.8058572903078568, 1.2331834866530336, 0.8855561771267187, 1.1461686473047252, 1.248061404289011, 0.8931673399021218, 1.1238159001081534], "coverage_estimated_second_order": [0.42502449004139997, 0.4984392333473, 0.6962233523494, 0.9781270872084001, 0.7911821576388001, 1.03232475844714, 0.9971191007371001, 1.0008872798905002, 1.011196254579, 0.7033975158105998, 1.008585049363, 0.5982468722530001, 0.575176055478, 0.44089206511725, 0.6241319591943], "sol": [0.0, 0.0, 0.0, 1.0, 0.0, 1.0, 1.0, 1.0, 1.0, 0.0, 1.0, 0.0, 0.0, 0.0, 0.0], "coverage": [0.46032552083333333, 0.5320616319444444, 0.7233506944444444, 1.0, 0.7994618055555556, 1.0, 1.0, 1.0, 1.0, 0.6985199652777778, 1.0, 0.5943055555555555, 0.5820746527777778, 0.4462065972222222, 0.6090060763888889], "coverage_estimated_first_order_diff": [0.67648352561395, 0.7214292598529644, 0.6983801805699176, 0.10408908553583407, 0.634596193864224, -0.26329098178448607, 0.0730255492986378, -0.031589498237265756, -0.1941427096921432, 0.5346635213752557, -0.11444382287328125, 0.5518630917491697, 0.6659867515112332, 0.4469607426798996, 0.5148098237192644], "coverage_estimated_second_order_diff": [-0.03530103079193336, -0.03362239859714444, -0.027127342095044416, -0.021872912791599863, -0.008279647916755506, 0.03232475844714, -0.0028808992628999164, 0.0008872798905001922, 0.011196254579000087, 0.004877550532822017, 0.008585049362999975, 0.003941316697444575, -0.00689859729977782, -0.005314532104972236, 0.01512588280541105]}