{"coverage_estimated_first_order": [1.0202678958917133, 1.073683377378684, 1.3656634731302295, 1.300706549127605, 0.8082480008337904, 0.8126633494877211, 0.7193104040869764, 0.9851636929841358, 0.7733737542476663, 0.7870742364013323, 0.973016241154282, 0.8351549938941836, 1.0855542436732393, 0.6001833296358604, 0.5985279791040686], "coverage_estimated_second_order": [0.9928223321066, 0.999630996378, 0.8058572796572, 0.8089007341300002, 0.9790008428483999, 0.43808402847322003, 0.9652755577279001, 0.6373987015434, 0.2339186229957, 0.20859343219879997, 0.5706772875724, 0.38954300212840004, 0.6057905967587999, 0.11402468894096, 0.9661423476858002], "sol": [1.0, 1.0, 0.0, 0.0, 1.0, 0.0, 1.0, 0.0, 0.0, 0.0, 0.0, 0.0, 0.0, 0.0, 1.0], "coverage": [1.0, 1.0, 0.7953776041666667, 0.8168532986111111, 1.0, 0.4630989583333333, 1.0, 0.6449522569444445, 0.2466970486111111, 0.2206423611111111, 0.5942317708333333, 0.4069921875, 0.6161328125, 0.10934027777777777, 1.0], "coverage_estimated_first_order_diff": [0.020267895891713295, 0.07368337737868402, 0.5702858689635628, 0.48385325051649397, -0.19175199916620955, 0.3495643911543878, -0.28068959591302356, 0.3402114360396913, 0.5266767056365552, 0.5664318752902212, 0.37878447032094864, 0.4281628063941836, 0.4694214311732393, 0.49084305185808264, -0.40147202089593137], "coverage_estimated_second_order_diff": [-0.007177667893400019, -0.00036900362199998593, 0.010479675490533302, -0.007952564481110924, -0.020999157151600056, -0.025014929860113277, -0.03472444227209992, -0.0075535554010445205, -0.012778425615411121, -0.01204892891231113, -0.023554483260933345, -0.01744918537159995, -0.01034221574120009, 0.004684411163182231, -0.03385765231419979]}