{"coverage_estimated_first_order": [1.1579653141286355, 0.8197849869378596, 1.2346569628828414, 1.2361966467263, 0.7586593259456463, 0.8126633494877243, 1.1095589631742564, 0.5844277374695687, 1.0267263276735197, 0.6548762052937136, 1.0213515728097335, 0.958786576592388, 1.0458570356026269, 0.7095057765571757, 0.6025047078346761], "coverage_estimated_second_order": [0.7702330900919, 1.0141581421905999, 0.7631882855116999, 0.7832418610105001, 0.9911299682989999, 0.43808402847322, 0.7637212664392999, 1.0074431044308, 0.6847929240930001, 1.0133567359618, 0.656487152728, 0.6040324678304, 0.6010315992786, 0.33644774043175, 1.0221875113982], "sol": [0.0, 1.0, 0.0, 0.0, 1.0, 0.0, 0.0, 1.0, 0.0, 1.0, 0.0, 0.0, 0.0, 0.0, 1.0], "coverage": [0.7668359375, 1.0, 0.7681640625, 0.7992881944444444, 1.0, 0.4630989583333333, 0.766171875, 1.0, 0.6783246527777778, 1.0, 0.6471744791666667, 0.602890625, 0.617578125, 0.3520963541666667, 1.0], "coverage_estimated_first_order_diff": [0.39112937662863545, -0.18021501306214038, 0.4664929003828414, 0.4369084522818555, -0.24134067405435367, 0.34956439115439103, 0.34338708817425645, -0.41557226253043134, 0.3484016748957419, -0.3451237947062864, 0.37417709364306684, 0.35589595159238796, 0.4282789106026269, 0.35740942239050905, -0.39749529216532387], "coverage_estimated_second_order_diff": [0.003397152591899988, 0.014158142190599854, -0.004975776988300096, -0.01604633343394435, -0.008870031701000092, -0.025014929860113333, -0.002450608560700007, 0.007443104430800096, 0.006468271315222318, 0.013356735961800092, 0.009312673561333251, 0.001141842830399975, -0.01654652572140003, -0.01564861373491666, 0.022187511398199966]}