{"coverage_estimated_first_order": [1.5072568347250517, 1.2045625942358196, 1.6724802838402255, 1.6482189109891694, 1.571461325488295, 0.8044343223027998, 1.4816804726265518, 0.9140628138273975, 1.4137448093869942, 1.026570552929954, 1.1639112391671065, 1.3502304131345582, 1.155576658740334, 1.103512571309933, 1.0645358453773166], "coverage_estimated_second_order": [0.7432767008727, 0.9712676786484, 0.7736856889013002, 0.7670863606691001, 0.7654281082801999, 1.00017105781744, 0.7902715770996, 0.9973635952317002, 0.7037613393449, 0.9648318326484, 0.985009451771, 0.6628143192507999, 1.0138604646441998, 0.6039213112861501, 0.981683632318], "sol": [0.0, 1.0, 0.0, 0.0, 0.0, 1.0, 0.0, 1.0, 0.0, 1.0, 1.0, 0.0, 1.0, 0.0, 1.0], "coverage": [0.7629166666666667, 1.0, 0.8062977430555556, 0.7908767361111111, 0.7799565972222222, 1.0, 0.7969444444444445, 1.0, 0.7253125, 1.0, 1.0, 0.6659548611111111, 1.0, 0.6114322916666667, 1.0], "coverage_estimated_first_order_diff": [0.744340168058385, 0.20456259423581957, 0.8661825407846699, 0.8573421748780583, 0.7915047282660728, -0.19556567769720024, 0.6847360281821073, -0.08593718617260249, 0.6884323093869942, 0.026570552929954028, 0.16391123916710648, 0.684275552023447, 0.155576658740334, 0.4920802796432663, 0.0645358453773166], "coverage_estimated_second_order_diff": [-0.01963996579396665, -0.028732321351599976, -0.03261205415425539, -0.023790375442011014, -0.0145284889420223, 0.00017105781744009008, -0.006672867344844402, -0.0026364047682998493, -0.021551160655099988, -0.0351681673516, -0.014990548229000034, -0.003140541860311208, 0.013860464644199766, -0.007510980380516563, -0.018316367681999957]}