{"coverage_estimated_first_order": [1.3541874271831207, 1.4760132762127982, 1.609656765560951, 1.291527325207298, 1.5582366294431624, 1.1433393372503944, 1.061633140598772, 1.3313170802697123, 1.0963880197715357, 1.5867418520568362, 1.4622552067533006, 1.0499848568541492, 1.2464280980062385, 0.8760432995368613, 0.989429486565675], "coverage_estimated_second_order": [0.5035084315576001, 0.5639413517342, 0.6859672353716, 0.9718859380470002, 0.7365215131012002, 0.53117454968154, 0.9958137336233001, 0.712002222872, 1.014581068019, 0.8576065169079999, 0.7516898279101, 0.9959521110655, 1.0142585973754001, 1.01434476075579, 0.99224539152], "sol": [0.0, 0.0, 0.0, 1.0, 0.0, 0.0, 1.0, 0.0, 1.0, 0.0, 0.0, 1.0, 1.0, 1.0, 1.0], "coverage": [0.5267838541666666, 0.5906944444444444, 0.7145920138888889, 1.0, 0.7564105902777778, 0.5385460069444444, 1.0, 0.7016145833333334, 1.0, 0.8410329861111111, 0.7489973958333334, 1.0, 1.0, 1.0, 1.0], "coverage_estimated_first_order_diff": [0.8274035730164541, 0.8853188317683538, 0.8950647516720621, 0.29152732520729807, 0.8018260391653846, 0.60479333030595, 0.06163314059877201, 0.6297024969363789, 0.09638801977153566, 0.745708865945725, 0.7132578109199672, 0.04998485685414922, 0.24642809800623855, -0.12395670046313867, -0.010570513434325024], "coverage_estimated_second_order_diff": [-0.023275422609066565, -0.026753092710244397, -0.02862477851728895, -0.028114061952999814, -0.01988907717657762, -0.007371457262904446, -0.004186266376699943, 0.010387639538666615, 0.014581068018999943, 0.016573530796888836, 0.0026924320767666154, -0.004047888934500032, 0.01425859737540014, 0.014344760755790054, -0.00775460847999998]}