{"coverage_estimated_first_order": [1.3695594164881297, 1.0412594651140799, 1.5011430170599385, 1.4633759526029146, 1.3944428021165782, 0.6792069479504107, 0.9028482343935442, 1.1733420196310465, 1.020588095066214, 1.013099438629653, 0.9553054295968193, 1.0908633627626156, 0.9820541498934469, 0.8734853642767407, 0.9066175214267783], "coverage_estimated_second_order": [0.7742675156580001, 1.0062637137586, 0.8235365750479999, 0.7957595443658001, 0.7817425274656999, 1.00725077168842, 1.0136366997761, 0.6846782916009, 0.3740695933504, 0.32688803322180005, 1.021312556012, 0.5370414276223999, 1.0348203901442001, 0.37677329366049, 1.021535921946], "sol": [0.0, 1.0, 0.0, 0.0, 0.0, 1.0, 1.0, 0.0, 0.0, 0.0, 1.0, 0.0, 1.0, 0.0, 1.0], "coverage": [0.7669878472222222, 1.0, 0.8234982638888889, 0.7961241319444444, 0.7799565972222222, 1.0, 1.0, 0.6706640625, 0.3536284722222222, 0.3091579861111111, 1.0, 0.5228428819444444, 1.0, 0.3679730902777778, 1.0], "coverage_estimated_first_order_diff": [0.6025715692659075, 0.04125946511407985, 0.6776447531710496, 0.6672518206584702, 0.614486204894356, -0.3207930520495893, -0.09715176560645578, 0.5026779571310465, 0.6669596228439918, 0.7039414525185419, -0.0446945704031807, 0.5680204808181712, -0.01794585010655314, 0.5055122739989629, -0.09338247857322168], "coverage_estimated_second_order_diff": [0.007279668435777875, 0.006263713758599909, 3.8311159111015236e-05, -0.00036458757864432645, 0.001785930243477729, 0.007250771688420032, 0.013636699776099936, 0.0140142291009, 0.020441121128177808, 0.01773004711068893, 0.021312556011999995, 0.014198545677955532, 0.03482039014420013, 0.008800203382712202, 0.02153592194600007]}