{"coverage_estimated_first_order": [1.216007491598632, 1.740072091885737, 1.3763711770326907, 1.7254125693084212, 1.2198173220452941, 1.2309572864996134, 1.2039025137217385, 1.0092304147067381, 1.5210509958401823, 1.1231318840680946, 1.1517939250474594, 1.2920833588018634, 1.4799479254958692, 0.8215335232473701, 1.0679970992571615], "coverage_estimated_second_order": [0.987100431967, 0.8461313019919001, 0.9939104557903999, 0.8012914588931999, 0.9869348671806001, 0.6719825446480401, 0.3888747650296, 0.2613887543116, 0.7877971279369, 0.9936135823069999, 0.9798877930676, 0.5887846554892, 0.654366274634, 1.02091964751128, 0.9786404403844], "sol": [1.0, 0.0, 1.0, 0.0, 1.0, 0.0, 0.0, 0.0, 0.0, 1.0, 1.0, 0.0, 0.0, 1.0, 1.0], "coverage": [1.0, 0.8540234375, 1.0, 0.8227734375, 1.0, 0.6748741319444445, 0.39760416666666665, 0.2736371527777778, 0.7824045138888889, 1.0, 1.0, 0.5960199652777778, 0.6728342013888889, 1.0, 1.0], "coverage_estimated_first_order_diff": [0.21600749159863208, 0.8860486543857371, 0.37637117703269074, 0.9026391318084213, 0.21981732204529414, 0.556083154555169, 0.8062983470550719, 0.7355932619289604, 0.7386464819512935, 0.12313188406809461, 0.15179392504745937, 0.6960633935240856, 0.8071137241069802, -0.17846647675262994, 0.06799709925716146], "coverage_estimated_second_order_diff": [-0.012899568032999964, -0.007892135508099862, -0.006089544209600062, -0.021481978606800123, -0.013065132819399916, -0.0028915872964043743, -0.008729401637066647, -0.012248398466177757, 0.005392614048011168, -0.006386417693000079, -0.020112206932400012, -0.007235309788577782, -0.018467926754888953, 0.02091964751128006, -0.021359559615599988]}