{"coverage_estimated_first_order": [1.21350590546748, 1.7503820535680579, 1.4704737484272141, 1.4449890056667065, 1.7462632647663907, 0.9266700867333776, 1.217521389596564, 1.0006611625616502, 1.015601754076115, 1.4041253560558489, 1.1797217242557827, 1.2212960630522205, 1.4472521288619196, 1.016328837736632, 1.0918376991702206], "coverage_estimated_second_order": [0.9627852921633999, 0.8213551707561, 0.9480605336386001, 0.9614801291513999, 0.8211058192918002, 0.9923341968492401, 0.3963282227696, 0.23816815618250003, 0.944117206816, 0.6491366049745999, 0.9477155584415999, 0.474889190761, 0.5542502905249, 0.46847638465828, 0.9521289239799], "sol": [1.0, 0.0, 1.0, 1.0, 0.0, 1.0, 0.0, 0.0, 1.0, 0.0, 1.0, 0.0, 0.0, 0.0, 1.0], "coverage": [1.0, 0.849765625, 1.0, 1.0, 0.8417795138888889, 1.0, 0.41328125, 0.25483072916666666, 1.0, 0.6779210069444445, 1.0, 0.48547743055555553, 0.5780121527777777, 0.4811892361111111, 1.0], "coverage_estimated_first_order_diff": [0.21350590546747994, 0.9006164285680579, 0.4704737484272141, 0.4449890056667065, 0.9044837508775018, -0.07332991326662242, 0.8042401395965639, 0.7458304333949834, 0.015601754076115082, 0.7262043491114044, 0.1797217242557827, 0.7358186324966649, 0.8692399760841418, 0.5351396016255209, 0.09183769917022055], "coverage_estimated_second_order_diff": [-0.03721470783660008, -0.028410454243899985, -0.0519394663613999, -0.03851987084860009, -0.020673694597088788, -0.007665803150759931, -0.016953027230399986, -0.016662572984166624, -0.055882793184000024, -0.028784401969844553, -0.05228444155840006, -0.010588239794555532, -0.023761862252877686, -0.012712851452831075, -0.04787107602009999]}