{"coverage_estimated_first_order": [0.9994143761275716, 1.4908335922762614, 1.5141608042427785, 1.2282338874607222, 1.1280561632650292, 1.0407759133362324, 1.3037981681503923, 0.7196150685000923, 1.0161990043984204, 1.0238412080139707, 0.9581470521158859, 1.0838759116499874, 1.3099589529123103, 0.7031623436736254, 0.8991521082269165], "coverage_estimated_second_order": [0.9798375901185998, 0.8313054062582999, 0.7726732895818, 1.0348089564323002, 1.0319815581918, 0.51107619258084, 0.7947756084924, 0.9952026690678002, 0.366387086006, 0.3469778978428, 1.0276526615714001, 0.5322834097811999, 0.6643213318804, 0.10861172381124999, 1.0253946663441003], "sol": [1.0, 0.0, 0.0, 1.0, 1.0, 0.0, 0.0, 1.0, 0.0, 0.0, 1.0, 0.0, 0.0, 0.0, 1.0], "coverage": [1.0, 0.8363715277777778, 0.7702734375, 1.0, 1.0, 0.480859375, 0.7998220486111111, 1.0, 0.3456814236111111, 0.3299001736111111, 1.0, 0.5174696180555556, 0.6601041666666667, 0.10868055555555556, 1.0], "coverage_estimated_first_order_diff": [-0.0005856238724284424, 0.6544620644984837, 0.7438873667427786, 0.22823388746072215, 0.12805616326502922, 0.5599165383362324, 0.5039761195392812, -0.28038493149990773, 0.6705175807873093, 0.6939410344028596, -0.04185294788411409, 0.5664062935944318, 0.6498547862456436, 0.5944817881180698, -0.10084789177308351], "coverage_estimated_second_order_diff": [-0.020162409881400167, -0.00506612151947794, 0.002399852081800047, 0.0348089564323002, 0.03198155819179993, 0.03021681758084005, -0.005046440118711026, -0.004797330932199806, 0.020705662394888913, 0.01707772423168885, 0.027652661571400117, 0.014813791725644343, 0.004217165213733276, -6.883174430556693e-05, 0.02539466634410026]}