{"coverage_estimated_first_order": [1.065517215488542, 1.597402711030596, 1.2409782380645773, 1.638212871405189, 1.123568482781256, 1.0403205802791604, 1.0555636793958436, 0.8924673258542339, 1.168666152693726, 0.7828660781010415, 1.1521602163918219, 1.0269725711934534, 1.058834302805293, 0.9071506899262248, 0.738359231394658], "coverage_estimated_second_order": [0.9592977353523, 0.8280745712382998, 0.9721094945403999, 0.8287980256481, 0.9584068051414, 0.53114025166622, 0.4084193952844, 0.2911411506668, 0.6796423506263001, 0.998059975564, 0.6194564744569999, 0.47644329016119996, 0.9543566029038001, 0.45699972310302006, 1.0102719848160002], "sol": [1.0, 0.0, 1.0, 0.0, 1.0, 0.0, 0.0, 0.0, 0.0, 1.0, 0.0, 0.0, 1.0, 0.0, 1.0], "coverage": [1.0, 0.8533159722222222, 1.0, 0.8647309027777778, 1.0, 0.5229557291666667, 0.4081901041666667, 0.29301649305555555, 0.6787196180555556, 1.0, 0.6152864583333333, 0.4757986111111111, 1.0, 0.46188802083333336, 1.0], "coverage_estimated_first_order_diff": [0.06551721548854195, 0.7440867388083737, 0.2409782380645773, 0.7734819686274111, 0.12356848278125598, 0.5173648511124938, 0.6473735752291769, 0.5994508327986784, 0.4899465346381705, -0.21713392189895853, 0.5368737580584886, 0.5511739600823423, 0.05883430280529289, 0.44526266909289147, -0.261640768605342], "coverage_estimated_second_order_diff": [-0.04070226464769999, -0.02524140098392247, -0.027890505459600146, -0.03593287712967774, -0.041593194858600024, 0.00818452249955337, 0.00022929111773334343, -0.0018753423887555298, 0.0009227325707444889, -0.001940024436000054, 0.004170016123666631, 0.0006446790500888588, -0.04564339709619991, -0.004888297730313296, 0.010271984816000224]}