{"coverage_estimated_first_order": [1.007827525544174, 1.128038400919951, 0.8701928213530866, 1.2804166595372315, 0.8164209207844464, 0.9805025377948389, 0.8561267683343804, 0.7402407845443599, 0.7392070434072325, 1.2336489159249724, 0.9397126295827346, 0.6209733905234542, 1.098658801709728, 0.5914248210068567, 0.8177013255211343], "coverage_estimated_second_order": [0.5231597673960999, 0.6269036728815, 1.013489459806, 0.8211172606657999, 1.0320680420378001, 0.68334943339754, 0.34094355663009995, 0.2667783744002, 1.0363146622122, 0.8585632174560001, 0.5276825332255001, 1.0102265783869, 0.6632120073106, 1.02670730612726, 0.40120616040519996], "sol": [0.0, 0.0, 1.0, 0.0, 1.0, 0.0, 0.0, 0.0, 1.0, 0.0, 0.0, 1.0, 0.0, 1.0, 0.0], "coverage": [0.5284331597222223, 0.6277473958333334, 1.0, 0.8057855902777777, 1.0, 0.6748741319444445, 0.35897569444444444, 0.28354600694444443, 1.0, 0.8221180555555555, 0.5286458333333334, 1.0, 0.6566536458333333, 1.0, 0.40268663194444443], "coverage_estimated_first_order_diff": [0.4793943658219517, 0.5002910050866175, -0.12980717864691338, 0.47463106925945375, -0.1835790792155536, 0.3056284058503944, 0.49715107388993596, 0.4566947775999155, -0.26079295659276747, 0.4115308603694169, 0.41106679624940123, -0.37902660947654576, 0.4420051558763948, -0.40857517899314333, 0.41501469357668985], "coverage_estimated_second_order_diff": [-0.005273392326122339, -0.0008437229518334366, 0.013489459806000026, 0.01533167038802219, 0.032068042037800115, 0.008475301453095496, -0.018032137814344484, -0.016767632544244404, 0.03631466221219992, 0.036445161900444556, -0.0009633001078332981, 0.010226578386899998, 0.006558361477266739, 0.026707306127260022, -0.0014804715392444656]}