{"coverage_estimated_first_order": [0.9753169719319231, 1.5054532720504301, 1.1527941754156164, 1.4467073544787836, 1.3986568428136263, 0.801663017026503, 1.0133481030123719, 0.8607004849332022, 1.3086444233740335, 0.9251840318869023, 0.8100186013919185, 1.074213507054845, 1.2532378237155772, 0.7987143986781022, 1.0679970992571615], "coverage_estimated_second_order": [1.0256265457822, 0.8705311264103001, 1.030853824441, 0.7707001921484999, 0.7934139382944001, 1.00582011191842, 0.3435110038172, 0.23875528798520002, 0.8041869872342, 1.0386533686006, 1.0130428340742, 0.5549242121788001, 0.6205737148768, 1.02395237227113, 0.580447611242], "sol": [1.0, 0.0, 1.0, 0.0, 0.0, 1.0, 0.0, 0.0, 0.0, 1.0, 1.0, 0.0, 0.0, 1.0, 0.0], "coverage": [1.0, 0.8524739583333333, 1.0, 0.7649479166666666, 0.7906293402777778, 1.0, 0.34368055555555554, 0.24362413194444443, 0.7690234375, 1.0, 1.0, 0.5519661458333334, 0.6200651041666667, 1.0, 0.5747482638888889], "coverage_estimated_first_order_diff": [-0.024683028068076873, 0.6529793137170968, 0.15279417541561635, 0.681759437812117, 0.6080275025358486, -0.198336982973497, 0.6696675474568163, 0.6170763529887577, 0.5396209858740335, -0.07481596811309765, -0.1899813986080815, 0.5222473612215117, 0.6331727195489105, -0.20128560132189777, 0.4932488353682726], "coverage_estimated_second_order_diff": [0.025626545782200028, 0.01805716807696678, 0.030853824440999933, 0.005752275481833324, 0.0027845980166223416, 0.005820111918420023, -0.0001695517383555334, -0.004868843959244418, 0.035163549734199995, 0.03865336860060009, 0.013042834074199927, 0.0029580663454666922, 0.0005086107101333059, 0.023952372271129896, 0.005699347353111062]}