{"coverage_estimated_first_order": [0.8998907021467573, 1.3935472832457745, 1.3869906805888756, 1.3405398832356616, 1.2895838416774321, 0.6261368717619418, 0.8913102635648136, 1.1650207930319831, 0.8751720317126175, 1.3445144242004297, 0.9948806765389879, 0.9423580437349265, 1.140224507154269, 0.9058000188420904, 1.2071989367317035], "coverage_estimated_second_order": [0.9595578780967999, 0.7273673892975, 0.6613662542608001, 0.6106954036840001, 0.6302078204227, 0.9633680039944, 0.9994177769556001, 0.6730980004107999, 0.9962609332878, 0.7794762584852, 0.9993960421636, 0.9976320713314001, 0.45992679416689997, 0.47224480700046, 0.6805585590788], "sol": [1.0, 0.0, 0.0, 0.0, 0.0, 1.0, 1.0, 0.0, 1.0, 0.0, 1.0, 1.0, 0.0, 0.0, 0.0], "coverage": [1.0, 0.7596961805555555, 0.7111501736111111, 0.6748784722222222, 0.6907899305555556, 1.0, 1.0, 0.6758940972222223, 1.0, 0.7787673611111111, 1.0, 1.0, 0.5145399305555556, 0.48790798611111114, 0.6685199652777778], "coverage_estimated_first_order_diff": [-0.10010929785324274, 0.6338511026902189, 0.6758405069777645, 0.6656614110134395, 0.5987939111218765, -0.37386312823805823, -0.10868973643518642, 0.48912669580976087, -0.12482796828738252, 0.5657470630893185, -0.005119323461012071, -0.05764195626507351, 0.6256845765987133, 0.41789203273097925, 0.5386789714539257], "coverage_estimated_second_order_diff": [-0.04044212190320007, -0.032328791258055545, -0.04978391935031101, -0.06418306853822209, -0.06058211013285564, -0.036631996005599965, -0.000582223044399921, -0.002796096811422344, -0.0037390667122000343, 0.0007088973740888571, -0.0006039578363999931, -0.002367928668599917, -0.054613136388655614, -0.015663179110651126, 0.012038593801022235]}