{"coverage_estimated_first_order": [0.8925218144989772, 1.4102997152657522, 1.0417884083536497, 1.4437974083739566, 0.9467792797802693, 0.9150932059267715, 0.8984202547352937, 0.7525301261831303, 0.8060869339988121, 0.8083762884183094, 0.5902026211491793, 0.7983816332462159, 0.8879351236962836, 0.6770187576102723, 0.8854624937803611], "coverage_estimated_second_order": [0.9820120541177999, 0.8520958911218, 1.0011288402538, 0.8500515740205001, 0.9817270908211999, 0.53807401854914, 0.4101363488526, 0.2841238834322, 0.29689374413499997, 0.2543690603962, 0.9615142008551999, 0.3287332402184, 0.9769377892786, 0.22833083804588003, 0.5182282226092], "sol": [1.0, 0.0, 1.0, 0.0, 1.0, 0.0, 0.0, 0.0, 0.0, 0.0, 1.0, 0.0, 1.0, 0.0, 0.0], "coverage": [1.0, 0.8520659722222222, 1.0, 0.8590017361111111, 1.0, 0.5229557291666667, 0.4105078125, 0.2866970486111111, 0.31528645833333335, 0.2721484375, 1.0, 0.34835503472222223, 1.0, 0.21805121527777777, 0.5415321180555556], "coverage_estimated_first_order_diff": [-0.10747818550102284, 0.5582337430435299, 0.04178840835364972, 0.5847956722628456, -0.05322072021973068, 0.3921374767601048, 0.48791244223529373, 0.4658330775720192, 0.4908004756654788, 0.5362278509183094, -0.4097973788508207, 0.4500265985239937, -0.11206487630371642, 0.45896754233249454, 0.34393037572480556], "coverage_estimated_second_order_diff": [-0.017987945882200096, 2.991889957770777e-05, 0.0011288402537998898, -0.008950162090610947, -0.01827290917880009, 0.015118289382473393, -0.0003714636474000388, -0.0025731651789110965, -0.018392714198333382, -0.01777937710380001, -0.038485799144800104, -0.019621794503822232, -0.023062210721400023, 0.010279622768102264, -0.023303895446355583]}