{"coverage_estimated_first_order": [1.6263259314732972, 1.3390196117743334, 1.4528826229071925, 1.3496562676827057, 1.5917423407002558, 1.1703768691423, 1.298996465331366, 1.0867814442869828, 1.3360419030936603, 1.4003058235870514, 1.1820224608164942, 1.0263177969556074, 1.4972905371039793, 0.6969274796306265, 1.0871916340958463], "coverage_estimated_second_order": [0.7596036366646, 0.9509674126388, 0.9646854061021999, 0.9442012598366002, 0.6936940276538002, 0.56852418336292, 0.5246374046387, 0.3757690547505, 0.6335124629282001, 0.6939480087606, 0.9620966353857999, 0.9515686957097, 0.6499600249858, 0.98845054692662, 0.9583623724197], "sol": [0.0, 1.0, 1.0, 1.0, 0.0, 0.0, 0.0, 0.0, 0.0, 0.0, 1.0, 1.0, 0.0, 1.0, 1.0], "coverage": [0.7894140625, 1.0, 1.0, 1.0, 0.7280598958333333, 0.5781206597222223, 0.5390625, 0.38645399305555556, 0.6454253472222222, 0.7109201388888889, 1.0, 1.0, 0.6734678819444444, 1.0, 1.0], "coverage_estimated_first_order_diff": [0.8369118689732972, 0.3390196117743334, 0.4528826229071925, 0.34965626768270575, 0.8636824448669225, 0.5922562094200777, 0.7599339653313659, 0.7003274512314273, 0.6906165558714381, 0.6893856846981624, 0.1820224608164942, 0.02631779695560743, 0.8238226551595349, -0.3030725203693735, 0.0871916340958463], "coverage_estimated_second_order_diff": [-0.029810425835400056, -0.049032587361199975, -0.03531459389780012, -0.05579874016339981, -0.03436586817953313, -0.009596476359302275, -0.014425095361299989, -0.010684938305055569, -0.011912884294022152, -0.01697213012828891, -0.037903364614200075, -0.04843130429029996, -0.023507856958644435, -0.011549453073379956, -0.041637627580299985]}