{"coverage_estimated_first_order": [1.4382954290031955, 1.5819701254893737, 1.335527681118376, 1.7018947961756203, 1.1706108624457618, 1.230957286499617, 1.2880691546799594, 1.127052870799469, 1.268820780329479, 1.2957772227815623, 1.1244962583361038, 1.3045825166457805, 1.5146431580968414, 0.6957889176167915, 1.0555661814475328], "coverage_estimated_second_order": [0.6112984934524, 0.6868702696046, 0.9728105786235999, 0.8268678097170999, 1.0018357347297, 0.67198254464804, 0.9459125843409002, 0.954182551438, 0.5761856797074, 0.5668673005918001, 0.9788086442066, 0.5799274693218, 0.7303780319304001, 0.99141855444351, 0.9766878060526], "sol": [0.0, 0.0, 1.0, 0.0, 1.0, 0.0, 1.0, 1.0, 0.0, 0.0, 1.0, 0.0, 0.0, 1.0, 1.0], "coverage": [0.6396961805555555, 0.7117274305555555, 1.0, 0.8426519097222223, 1.0, 0.6748741319444445, 1.0, 1.0, 0.5771961805555555, 0.5761892361111111, 1.0, 0.5796440972222222, 0.7405772569444444, 1.0, 1.0], "coverage_estimated_first_order_diff": [0.79859924844764, 0.8702426949338181, 0.33552768111837605, 0.8592428864533981, 0.17061086244576185, 0.5560831545551725, 0.2880691546799594, 0.12705287079946892, 0.6916245997739235, 0.7195879866704512, 0.12449625833610378, 0.7249384194235583, 0.7740659011523969, -0.3042110823832085, 0.05556618144753278], "coverage_estimated_second_order_diff": [-0.0283976871031556, -0.02485716095095558, -0.027189421376400125, -0.015784100005122315, 0.0018357347297000004, -0.0028915872964044853, -0.0540874156590998, -0.045817448561999985, -0.001010500848155571, -0.009321935519310931, -0.021191355793400035, 0.0002833720995777389, -0.010199225014044355, -0.008581445556489986, -0.02331219394740003]}