{"coverage_estimated_first_order": [1.2505069910447553, 1.381373272131685, 1.1879650865489357, 1.280654072223844, 1.1870818487716186, 1.2163020586007969, 0.9915707795756845, 0.8624864212144012, 1.3084792642937113, 0.9250147957554801, 0.7929624151080081, 1.074223272679845, 1.3767564136128214, 0.7060680641137832, 1.048549374212742], "coverage_estimated_second_order": [0.5574194566552, 0.6222055286158998, 0.9536563219918002, 0.9907314559718001, 0.9843544162284, 0.6973051700051399, 0.3140149999622, 0.2446028146491, 0.8041417710760999, 1.038667933088, 1.0127953666977998, 0.5557015742295999, 0.7064967367612, 1.02250188734613, 0.5504836015594999], "sol": [0.0, 0.0, 1.0, 1.0, 1.0, 0.0, 0.0, 0.0, 0.0, 1.0, 1.0, 0.0, 0.0, 1.0, 0.0], "coverage": [0.5678125, 0.6392795138888889, 1.0, 1.0, 1.0, 0.68765625, 0.3237673611111111, 0.25242621527777775, 0.7689626736111111, 1.0, 1.0, 0.5525694444444444, 0.7055946180555556, 1.0, 0.5460633680555556], "coverage_estimated_first_order_diff": [0.6826944910447552, 0.742093758242796, 0.18796508654893573, 0.280654072223844, 0.1870818487716186, 0.5286458086007969, 0.6678034184645734, 0.6100602059366235, 0.5395165906826002, -0.07498520424451993, -0.20703758489199187, 0.5216538282354006, 0.6711617955572659, -0.2939319358862168, 0.5024860061571865], "coverage_estimated_second_order_diff": [-0.010393043344800068, -0.01707398527298909, -0.04634367800819983, -0.009268544028199877, -0.01564558377159997, 0.00964892000513995, -0.009752361148911093, -0.007823400628677757, 0.03517909746498871, 0.038667933087999984, 0.012795366697799793, 0.003132129785155424, 0.0009021187056443836, 0.022501887346130012, 0.004420233503944382]}