{"coverage_estimated_first_order": [1.584433633841288, 1.3155899704871192, 1.8124189774166117, 1.541298956176701, 1.4327588327395697, 1.329865814976174, 1.4890590675750366, 0.9311671071137119, 1.1617718095034568, 1.2927630767599911, 1.1504189340836417, 0.8905703406901695, 1.406923959507365, 0.8010053517298857, 1.0300921610454403], "coverage_estimated_second_order": [0.6699353161773001, 0.8812315070642001, 0.6993765797662, 0.8691337793848002, 0.8769891003256, 0.62308574181834, 0.7951872864251, 1.0056407730205001, 0.43547501813300005, 0.5816768706466001, 0.3723201278112, 0.9814620499672001, 0.8555680171636, 0.9713247513227601, 0.3035474707756], "sol": [0.0, 1.0, 0.0, 1.0, 1.0, 0.0, 0.0, 1.0, 0.0, 0.0, 0.0, 1.0, 1.0, 1.0, 0.0], "coverage": [0.7530555555555556, 1.0, 0.8080338541666666, 1.0, 1.0, 0.6420746527777778, 0.7932769097222222, 1.0, 0.4616970486111111, 0.6066276041666666, 0.38772569444444444, 1.0, 1.0, 1.0, 0.3237065972222222], "coverage_estimated_first_order_diff": [0.8313780782857325, 0.31558997048711923, 1.004385123249945, 0.541298956176701, 0.4327588327395697, 0.6877911621983962, 0.6957821578528144, -0.06883289288628813, 0.7000747608923457, 0.6861354725933245, 0.7626932396391972, -0.10942965930983051, 0.40692395950736504, -0.19899464827011426, 0.7063855638232182], "coverage_estimated_second_order_diff": [-0.08312023937825552, -0.11876849293579994, -0.10865727440046657, -0.1308662206151998, -0.12301089967440004, -0.018988910959437777, 0.0019103767028777474, 0.005640773020500145, -0.026222030478111058, -0.024950733520066493, -0.015405566633244439, -0.0185379500327999, -0.14443198283640002, -0.028675248677239917, -0.02015912644662221]}