{"coverage_estimated_first_order": [0.9186312750769654, 1.412306921066184, 1.3566785403037833, 1.3286836518900527, 1.2372025890705587, 0.9075398164444332, 1.0836015716797647, 0.9210957718384265, 0.9546841795813463, 1.4344894032777153, 1.296945620633513, 0.8389779694694561, 0.9735928367664427, 0.7685845111258301, 0.8338443886264691], "coverage_estimated_second_order": [0.9838198650015999, 0.7520282330264, 0.6042851718378001, 0.5615729656213999, 0.5066469786678001, 0.34219665907984004, 0.4917596557737, 0.3710757542098, 1.0293670975552, 0.8622373870373998, 0.7500412805875001, 0.9973899373692998, 0.9792073364687001, 1.0174525273937198, 1.0103739543156], "sol": [1.0, 0.0, 0.0, 0.0, 0.0, 0.0, 0.0, 0.0, 1.0, 0.0, 0.0, 1.0, 1.0, 1.0, 1.0], "coverage": [1.0, 0.7662456597222222, 0.6264105902777778, 0.5781293402777777, 0.5143012152777777, 0.3489713541666667, 0.5157986111111111, 0.39490451388888886, 1.0, 0.8324522569444445, 0.7386935763888889, 1.0, 1.0, 1.0, 1.0], "coverage_estimated_first_order_diff": [-0.0813687249230346, 0.6460612613439618, 0.7302679500260055, 0.7505543116122749, 0.722901373792781, 0.5585684622777665, 0.5678029605686535, 0.5261912579495376, -0.045315820418653674, 0.6020371463332709, 0.5582520442446242, -0.16102203053054387, -0.026407163233557296, -0.23141548887416985, -0.16615561137353085], "coverage_estimated_second_order_diff": [-0.016180134998400098, -0.014217426695822266, -0.02212541843997773, -0.016556374656377826, -0.00765423660997766, -0.006774695086826654, -0.024038955337411128, -0.023828759679088873, 0.02936709755520006, 0.02978513009295536, 0.011347704198611197, -0.002610062630700183, -0.020792663531299937, 0.01745252739371983, 0.010373954315600065]}