{"coverage_estimated_first_order": [1.5241962846337789, 1.214229287479071, 1.7115644869218885, 1.7376372638300528, 1.2908479323452218, 0.9378907238401133, 1.0518679599524832, 1.3203165717597907, 1.3772411511286844, 1.063833031059288, 1.4380833068694918, 1.1008651334063586, 1.4237078747870693, 1.0506198100265633, 0.97213507590904], "coverage_estimated_second_order": [0.7581450056097001, 0.9841793500973999, 0.8280032554643999, 0.8344078049892001, 1.0250932081092, 1.02650740645564, 1.0034269605318002, 0.7112613194405999, 0.6819063012150001, 0.9873519298895999, 0.7266214453372001, 1.0006917083584002, 0.614765461763, 0.5107231382855301, 0.9863842383136], "sol": [0.0, 1.0, 0.0, 0.0, 1.0, 1.0, 1.0, 0.0, 0.0, 1.0, 0.0, 1.0, 0.0, 0.0, 1.0], "coverage": [0.7723177083333334, 1.0, 0.8451779513888888, 0.8297005208333333, 1.0, 1.0, 1.0, 0.7052647569444445, 0.6908680555555555, 1.0, 0.7279991319444444, 1.0, 0.6264887152777778, 0.5202387152777778, 1.0], "coverage_estimated_first_order_diff": [0.7518785763004455, 0.214229287479071, 0.8663865355329996, 0.9079367429967194, 0.29084793234522177, -0.062109276159886706, 0.05186795995248317, 0.6150518148153462, 0.6863730955731289, 0.06383303105928806, 0.7100841749250474, 0.10086513340635861, 0.7972191595092915, 0.5303810947487856, -0.027864924090959975], "coverage_estimated_second_order_diff": [-0.014172702723633246, -0.015820649902600126, -0.017174695924488947, 0.004707284155866742, 0.025093208109199905, 0.026507406455640092, 0.0034269605318002494, 0.005996562496155433, -0.008961754340555461, -0.012648070110400145, -0.001377686607244355, 0.000691708358400156, -0.011723253514777876, -0.009515576992247698, -0.013615761686399996]}