{"coverage_estimated_first_order": [1.3782331196862592, 1.497206164496858, 1.878625750687543, 1.9017949985639229, 1.4442607973754522, 0.9832738430711292, 1.0093570652458594, 1.2683443463212927, 0.8429941578451821, 1.2832737001146102, 1.1629873865613263, 1.0926699370175963, 1.3004122157042763, 1.1277535373027383, 1.0644540056364131], "coverage_estimated_second_order": [0.8752721229068001, 0.8717240035516, 0.7788490414266002, 0.7990044609868, 0.8994540697084998, 0.9801762195896202, 0.9512479122024, 0.6357967606057, 0.9536529066938999, 0.5905824644672, 0.41914083531959995, 0.3754089838511, 0.8752065429440999, 0.593330201975, 0.3599948753100001], "sol": [1.0, 1.0, 0.0, 0.0, 1.0, 1.0, 1.0, 0.0, 1.0, 0.0, 0.0, 0.0, 1.0, 0.0, 0.0], "coverage": [1.0, 1.0, 0.8655512152777778, 0.8827907986111111, 1.0, 1.0, 1.0, 0.6478819444444445, 1.0, 0.6284852430555555, 0.4580902777777778, 0.40835503472222223, 1.0, 0.6073220486111112, 0.39328559027777776], "coverage_estimated_first_order_diff": [0.37823311968625917, 0.49720616449685795, 1.0130745354097652, 1.0190041999528119, 0.4442607973754522, -0.016726156928870806, 0.009357065245859442, 0.6204624018768482, -0.15700584215481794, 0.6547884570590546, 0.7048971087835485, 0.6843149022953741, 0.30041221570427634, 0.5204314886916271, 0.6711684153586354], "coverage_estimated_second_order_diff": [-0.12472787709319988, -0.12827599644840004, -0.08670217385117762, -0.08378633762431109, -0.10054593029150016, -0.0198237804103798, -0.048752087797599986, -0.012085183838744462, -0.046347093306100096, -0.03790277858835556, -0.03894944245817783, -0.032946050871122234, -0.12479345705590006, -0.013991846636111194, -0.03329071496777769]}