{"coverage_estimated_first_order": [1.3691542149936091, 1.0665897443408734, 1.4572574155421276, 1.36830344846577, 1.2390782153976898, 0.9152267734018831, 1.1404132733883316, 1.0274960836104894, 1.0594784304322342, 1.1007149748266216, 0.7844151428134715, 1.0867822041386654, 1.0646043017693148, 0.6543994092816527, 1.0566589767218415], "coverage_estimated_second_order": [0.7471648034634, 0.9690464997256001, 0.7077831033531999, 0.6152518131224001, 0.5215919848265, 0.36133336185922, 0.9494082808486999, 0.9393630197409002, 0.5151894862166001, 0.5161579312096001, 0.9557990744111999, 0.5091135954602, 0.9453860409856, 0.98411057283174, 0.55611182535], "sol": [0.0, 1.0, 0.0, 0.0, 0.0, 0.0, 1.0, 1.0, 0.0, 0.0, 1.0, 0.0, 1.0, 1.0, 0.0], "coverage": [0.7481597222222223, 1.0, 0.7293229166666667, 0.6305555555555555, 0.5349175347222223, 0.37224392361111114, 1.0, 1.0, 0.5477994791666667, 0.5494921875, 1.0, 0.5247265625, 1.0, 1.0, 0.5802517361111111], "coverage_estimated_first_order_diff": [0.6209944927713869, 0.06658974434087339, 0.7279344988754609, 0.7377478929102144, 0.7041606806754676, 0.5429828497907719, 0.14041327338833165, 0.027496083610489386, 0.5116789512655675, 0.5512227873266217, -0.21558485718652853, 0.5620556416386654, 0.06460430176931475, -0.34560059071834726, 0.47640724061073036], "coverage_estimated_second_order_diff": [-0.000994918758822294, -0.030953500274399914, -0.02153981331346677, -0.015303742433155465, -0.01332554989572221, -0.010910561751891146, -0.05059171915130012, -0.060636980259099804, -0.03260999295006661, -0.03333425629039988, -0.044200925588800066, -0.015612967039800085, -0.054613959014400026, -0.01588942716826003, -0.024139910761111105]}