{"coverage_estimated_first_order": [1.0857333449019506, 1.1861631732415714, 1.5088032315414333, 1.3992975227339477, 1.340895247974826, 0.6338238287193887, 1.325020305903089, 0.75568007516286, 0.7689784045404477, 1.2801895904648903, 1.1298112331746795, 0.8149897916480726, 1.200726968789192, 0.918870381109706, 0.9904320331779568], "coverage_estimated_second_order": [1.0322795787216, 1.0358050418753, 0.8044401859632, 0.7060097636932, 0.7167775121887999, 0.9709369451228401, 0.7962657895356999, 1.0082833603799002, 1.0027163853047, 0.7745065443552, 0.586539335016, 1.0325239391760002, 0.5488253299015, 0.48498496072939995, 0.4656848322286], "sol": [1.0, 1.0, 0.0, 0.0, 0.0, 1.0, 0.0, 1.0, 1.0, 0.0, 0.0, 1.0, 0.0, 0.0, 0.0], "coverage": [1.0, 1.0, 0.7964756944444444, 0.7271701388888889, 0.7408029513888889, 1.0, 0.78125, 1.0, 1.0, 0.7663411458333333, 0.5826345486111111, 1.0, 0.5608723958333334, 0.4932682291666667, 0.47009114583333333], "coverage_estimated_first_order_diff": [0.08573334490195061, 0.1861631732415714, 0.7123275370969888, 0.6721273838450588, 0.6000922965859371, -0.3661761712806113, 0.543770305903089, -0.24431992483714005, -0.23102159545955225, 0.513848444631557, 0.5471766845635684, -0.18501020835192739, 0.6398545729558586, 0.4256021519430393, 0.5203408873446235], "coverage_estimated_second_order_diff": [0.03227957872159992, 0.03580504187529998, 0.007964491518755556, -0.02116037519568892, -0.024025439200088927, -0.029063054877159877, 0.01501578953569993, 0.008283360379900184, 0.0027163853047000863, 0.008165398521866707, 0.0039047864048888936, 0.03252393917600016, -0.012047065931833356, -0.008283268437266733, -0.004406313604733314]}