{"coverage_estimated_first_order": [1.4268671230542054, 1.5290312360674292, 1.9050714914598814, 1.5882814703079968, 1.482156399983408, 1.3298658149761704, 1.2201072082636861, 1.0227575590477183, 1.1641023008350901, 1.1934327745114408, 1.2186178017518923, 1.040374822166127, 1.4097346270772952, 0.7995555305208902, 0.8206694433254], "coverage_estimated_second_order": [0.7355159267088, 0.7268748309141, 0.5748706396864001, 0.7225851113806001, 0.7395709899053999, 0.62308574181834, 0.3883011496069, 0.26127691436830003, 0.4449311992509, 0.42030425767580004, 0.49131121055340005, 0.256984765901, 0.7071283597833999, 0.9473166329498299, 0.9544576617442], "sol": [1.0, 1.0, 0.0, 1.0, 1.0, 0.0, 0.0, 0.0, 0.0, 0.0, 0.0, 0.0, 1.0, 1.0, 1.0], "coverage": [1.0, 1.0, 0.8042361111111112, 1.0, 1.0, 0.6420746527777778, 0.3932248263888889, 0.2641102430555556, 0.4770963541666667, 0.44643229166666665, 0.5152300347222222, 0.2694487847222222, 1.0, 1.0, 1.0], "coverage_estimated_first_order_diff": [0.4268671230542054, 0.5290312360674292, 1.1008353803487703, 0.5882814703079968, 0.482156399983408, 0.6877911621983926, 0.8268823818747972, 0.7586473159921627, 0.6870059466684235, 0.7470004828447742, 0.7033877670296701, 0.7709260374439049, 0.40973462707729524, -0.20044446947910977, -0.17933055667459996], "coverage_estimated_second_order_diff": [-0.26448407329120005, -0.2731251690859, -0.2293654714247111, -0.2774148886193999, -0.26042901009460007, -0.018988910959437777, -0.004923676781988906, -0.002833328687255554, -0.03216515491576666, -0.026128033990866606, -0.023918824168822128, -0.012464018821222222, -0.29287164021660006, -0.05268336705017007, -0.04554233825580001]}