{"coverage_estimated_first_order": [1.1164135741830792, 1.1914541072661324, 1.3052943598714633, 0.9693739636627288, 1.2776614490265135, 0.9727288436669862, 1.0665176865014419, 0.9275538504089648, 1.451136427546389, 1.1090043531893405, 1.1104228854018203, 1.0208907953965558, 1.206659403156883, 0.6867979561349851, 0.992709425454503], "coverage_estimated_second_order": [0.3889664839503, 0.3945463181672999, 0.5259735872638001, 0.9130932896227001, 0.6293807888772001, 0.49133161825303995, 0.3953005674544, 0.3145431762184, 0.7529724642624, 0.9378232896337999, 0.8948391178693998, 0.8997828817196, 0.552448507511, 1.0117087898511, 0.8909758690001002], "sol": [0.0, 0.0, 0.0, 1.0, 0.0, 0.0, 0.0, 0.0, 0.0, 1.0, 1.0, 1.0, 0.0, 1.0, 1.0], "coverage": [0.4282855902777778, 0.43832899305555556, 0.58828125, 1.0, 0.6997439236111112, 0.5233376736111112, 0.39349826388888887, 0.31006076388888887, 0.7902430555555555, 1.0, 1.0, 1.0, 0.6004774305555556, 1.0, 1.0], "coverage_estimated_first_order_diff": [0.6881279839053014, 0.7531251142105768, 0.7170131098714633, -0.030626036337271234, 0.5779175254154023, 0.44939117005587503, 0.673019422612553, 0.6174930865200758, 0.6608933719908334, 0.10900435318934054, 0.11042288540182033, 0.020890795396555806, 0.6061819726013273, -0.31320204386501493, -0.007290574545496975], "coverage_estimated_second_order_diff": [-0.039319106327477815, -0.04378267488825566, -0.06230766273619992, -0.08690671037729991, -0.07036313473391109, -0.03200605535807122, 0.001802303565511143, 0.004482412329511132, -0.037270591293155464, -0.062176710366200094, -0.10516088213060015, -0.10021711828040003, -0.04802892304455553, 0.01170878985109991, -0.10902413099989983]}