{"coverage_estimated_first_order": [0.5534506780320773, 1.025742360128618, 1.0365322540970627, 1.1293816914263144, 0.7590251250301665, 0.5545216438254965, 0.7028677763297824, 0.5979674464407413, 0.6283115267922958, 0.713470524912853, 0.7075233984854803, 0.40550001367189115, 0.8653250890214583, 0.5952299174815473, 0.6289158745026977], "coverage_estimated_second_order": [0.9912078827805001, 0.7676958430428, 0.745307402547, 0.832282064327, 1.0658866252103998, 1.0489349352499402, 0.3274310223663, 0.2329149528594, 0.2188211791934, 0.33173660427760004, 0.3654785764374, 0.961949692004, 0.5313381137418, 0.27679013012514, 0.2892772466384], "sol": [1.0, 0.0, 0.0, 0.0, 1.0, 1.0, 0.0, 0.0, 0.0, 0.0, 0.0, 1.0, 0.0, 0.0, 0.0], "coverage": [1.0, 0.7685980902777778, 0.7347265625, 0.7867230902777778, 1.0, 1.0, 0.3462109375, 0.24357638888888888, 0.22963107638888888, 0.34497395833333333, 0.3845138888888889, 1.0, 0.5013498263888889, 0.271171875, 0.30563368055555556], "coverage_estimated_first_order_diff": [-0.44654932196792274, 0.25714426985084016, 0.3018056915970627, 0.34265860114853663, -0.2409748749698335, -0.4454783561745035, 0.3566568388297824, 0.3543910575518524, 0.39868045040340694, 0.3684965665795197, 0.3230095095965914, -0.5944999863281089, 0.3639752626325694, 0.3240580424815473, 0.32328219394714214], "coverage_estimated_second_order_diff": [-0.008792117219499906, -0.0009022472349777821, 0.010580840046999995, 0.04555897404922227, 0.06588662521039979, 0.04893493524994019, -0.018779915133699976, -0.01066143602948888, -0.010809897195488888, -0.013237354055733286, -0.019035312451488873, -0.038050307995999955, 0.029988287352911036, 0.00561825512513997, -0.016356433917155577]}