{"coverage_estimated_first_order": [1.5682974806477625, 1.2720900442921559, 1.3298796035025628, 1.5406365168079883, 1.3978706157140701, 1.0598047226887308, 1.2116800849808391, 1.0254862937179388, 1.381548412840906, 1.378289005001368, 1.2430219714349398, 1.3620368311595077, 1.3914113591634236, 0.9119755460064067, 1.1258571620320696], "coverage_estimated_second_order": [0.7744454829298001, 1.0097174714352, 0.9906792207357, 0.5589469276005999, 0.46654446799820004, 0.3817921757248399, 0.3999259012289, 0.28457744609019997, 0.7450196202418999, 0.7664781778616, 0.8253264056257, 0.53872501761, 0.5298782593724, 0.91009083009921, 0.8396355703958], "sol": [0.0, 1.0, 1.0, 0.0, 0.0, 0.0, 0.0, 0.0, 1.0, 1.0, 1.0, 0.0, 0.0, 1.0, 1.0], "coverage": [0.7727821180555555, 1.0, 1.0, 0.5693402777777777, 0.4788845486111111, 0.39141927083333333, 0.40815104166666666, 0.29196180555555556, 1.0, 1.0, 1.0, 0.6040190972222222, 0.5389409722222223, 1.0, 1.0], "coverage_estimated_first_order_diff": [0.795515362592207, 0.2720900442921559, 0.32987960350256285, 0.9712962390302106, 0.918986067102959, 0.6683854518553975, 0.8035290433141724, 0.7335244881623832, 0.3815484128409059, 0.3782890050013681, 0.24302197143493975, 0.7580177339372854, 0.8524703869412014, -0.08802445399359327, 0.12585716203206965], "coverage_estimated_second_order_diff": [0.0016633648742445661, 0.009717471435199965, -0.009320779264299972, -0.010393350177177796, -0.012340080612911086, -0.009627095108493411, -0.008225140437766676, -0.007384359465355594, -0.25498037975810006, -0.2335218221384, -0.17467359437429997, -0.06529407961222222, -0.009062712849822296, -0.08990916990079001, -0.16036442960420005]}