{"coverage_estimated_first_order": [0.17806780779208653, 0.6132357024577038, 0.5028099878068679, 0.44649311601360536, 0.4264509072952556, 0.3612471998038581, 0.33671345563014216, 0.272777550038548, 0.3902319707348079, 0.4107131740142935, 0.30246385292784594, 0.28060559585108374, 0.4664019659300336, 0.12070476011187681, 0.28493078334618194], "coverage_estimated_second_order": [0.927432693363, 0.6410187958970001, 0.416514949089, 0.284675679858, 0.2661878731238, 0.2110457032338, 0.1572799906776, 0.0735022826032, 0.2442377154318, 0.259824855518, 0.0662378918866, 0.0460547696382, 0.363583662406, 0.9919398216909999, 0.07945242482319999], "sol": [1.0, 0.0, 0.0, 0.0, 0.0, 0.0, 0.0, 0.0, 0.0, 0.0, 0.0, 0.0, 0.0, 1.0, 0.0], "coverage": [1.0, 0.6923697916666667, 0.46024739583333335, 0.31924913194444443, 0.29052517361111113, 0.19815972222222222, 0.16876736111111112, 0.07602430555555556, 0.23565104166666667, 0.25017361111111114, 0.04869357638888889, 0.028489583333333332, 0.38547309027777776, 1.0, 0.06975260416666666], "coverage_estimated_first_order_diff": [-0.8219321922079135, -0.07913408920896292, 0.04256259197353457, 0.12724398406916093, 0.13592573368414446, 0.1630874775816359, 0.16794609451903103, 0.19675324448299242, 0.15458092906814125, 0.1605395629031824, 0.25377027653895706, 0.2521160125177504, 0.08092887565225582, -0.8792952398881232, 0.21517817917951526], "coverage_estimated_second_order_diff": [-0.07256730663699995, -0.05135099576966662, -0.04373244674433335, -0.03457345208644441, -0.024337300487311142, 0.012885981011577785, -0.011487370433511113, -0.0025220229523555543, 0.008586673765133335, 0.00965124440688886, 0.017544315497711106, 0.01756518630486667, -0.021889427871777778, -0.008060178309000077, 0.009699820656533326]}