{"coverage_estimated_first_order": [1.047051517225194, 1.1857343600603985, 1.00819912220408, 1.0197363999505962, 1.343057971149849, 0.6762153380286028, 0.6523135699167344, 0.9622018148084861, 0.5607722924755267, 0.9894719808788208, 0.8600416950891047, 0.8228456174045399, 1.1051311089093079, 0.7871083443968696, 0.7825890182944687], "coverage_estimated_second_order": [0.5627422964848, 0.6868987981241, 1.0288936416314, 1.048370748853, 0.8448175907373001, 1.01054858095884, 0.9973945287916002, 0.6306392918505, 0.9618305861859999, 0.5977340744687999, 0.40201186883179996, 0.38393889614939997, 0.6311115248765999, 0.45689809431339995, 0.3445915763278], "sol": [0.0, 0.0, 1.0, 1.0, 0.0, 1.0, 1.0, 0.0, 1.0, 0.0, 0.0, 0.0, 0.0, 0.0, 0.0], "coverage": [0.5393880208333334, 0.6585677083333333, 1.0, 1.0, 0.8091362847222222, 1.0, 1.0, 0.6337152777777778, 1.0, 0.6275086805555555, 0.4300347222222222, 0.4083203125, 0.6111762152777778, 0.46758680555555554, 0.36408420138888886], "coverage_estimated_first_order_diff": [0.5076634963918606, 0.5271666517270651, 0.008199122204080034, 0.019736399950596173, 0.5339216864276267, -0.3237846619713972, -0.3476864300832656, 0.3284865370307083, -0.43922770752447327, 0.3619633003232653, 0.43000697286688244, 0.41452530490453987, 0.4939548936315301, 0.31952153884131407, 0.41850481690557984], "coverage_estimated_second_order_diff": [0.02335427565146664, 0.028331089790766706, 0.02889364163140007, 0.04837074885300008, 0.03568130601507791, 0.010548580958839926, -0.0026054712083998233, -0.003075985927277758, -0.038169413814000075, -0.02977460608675564, -0.028022853390422264, -0.024381416350600038, 0.01993530959882217, -0.01068871124215559, -0.019492625061088842]}