{"coverage_estimated_first_order": [1.3726143321743436, 1.0798327799216736, 1.1921417736033966, 1.4536882553945059, 1.376866427447008, 0.6985575228848696, 1.0923487879095597, 0.9138730367050629, 0.8409835857893646, 1.3122148539624097, 1.285801596877771, 0.8296433938077844, 1.1810066814099882, 0.9129895366311349, 0.8256034647837878], "coverage_estimated_second_order": [0.7734875300722002, 1.0291198704787998, 1.0424973804873998, 0.7595409633704, 0.7483329592430001, 0.99142494637422, 0.47741330069329996, 0.3407166260162, 1.0034053373876, 0.7637585403974, 0.730109436388, 0.9978690149955001, 0.5037889617397999, 0.48224617055733, 1.0099878833198002], "sol": [0.0, 1.0, 1.0, 0.0, 0.0, 1.0, 0.0, 0.0, 1.0, 0.0, 0.0, 1.0, 0.0, 0.0, 1.0], "coverage": [0.7492230902777778, 1.0, 1.0, 0.7493663194444444, 0.7482291666666666, 1.0, 0.4802777777777778, 0.3483940972222222, 1.0, 0.7597743055555556, 0.7195399305555555, 1.0, 0.49886284722222224, 0.4934939236111111, 1.0], "coverage_estimated_first_order_diff": [0.6233912418965658, 0.07983277992167359, 0.19214177360339657, 0.7043219359500614, 0.6286372607803413, -0.3014424771151304, 0.6120710101317819, 0.5654789394828408, -0.1590164142106354, 0.5524405484068541, 0.5662616663222154, -0.1703566061922156, 0.6821438341877659, 0.4194956130200238, -0.17439653521621223], "coverage_estimated_second_order_diff": [0.024264439794422388, 0.029119870478799825, 0.042497380487399816, 0.010174643925955573, 0.0001037925763335279, -0.008575053625780038, -0.0028644770844778455, -0.007677471206022191, 0.0034053373875999604, 0.003984234841844403, 0.010569505832444426, -0.00213098500449993, 0.004926114517577684, -0.011247753053781118, 0.009987883319800162]}