{"coverage_estimated_first_order": [0.7638303887820517, 0.8428329766308832, 0.9932281397710327, 0.7028908054042038, 1.0802884857735007, 0.48625426951073597, 0.9287625438913183, 0.41998899432526715, 0.6319071159934689, 0.6547140001075908, 0.7978765742010505, 0.6922981959896316, 0.8705961117764338, 0.5598696871218137, 0.4148706043675395], "coverage_estimated_second_order": [0.3619338780764, 0.4320599084963, 0.6486471570344001, 1.0028144212988, 0.8037416026376001, 1.04255338403694, 0.6994422277924999, 0.9888248295924001, 0.229294190831, 0.23390670573519998, 0.533924927538, 0.38901869468899997, 0.5524156408584, 0.22192585275375998, 0.9751749317904002], "sol": [0.0, 0.0, 0.0, 1.0, 0.0, 1.0, 0.0, 1.0, 0.0, 0.0, 0.0, 0.0, 0.0, 0.0, 1.0], "coverage": [0.38915364583333334, 0.4613802083333333, 0.6668967013888889, 1.0, 0.7994618055555556, 1.0, 0.7068532986111111, 1.0, 0.24358506944444444, 0.24944010416666668, 0.5610633680555556, 0.4118706597222222, 0.5631206597222222, 0.215, 1.0], "coverage_estimated_first_order_diff": [0.37467674294871833, 0.38145276829754987, 0.32633143838214385, -0.2971091945957962, 0.2808266802179451, -0.5137457304892641, 0.22190924528020717, -0.5800110056747328, 0.38832204654902447, 0.40527389594092417, 0.23681320614549495, 0.2804275362674094, 0.30747545205421156, 0.34486968712181376, -0.5851293956324606], "coverage_estimated_second_order_diff": [-0.027219767756933355, -0.029320299837033326, -0.018249544354488778, 0.0028144212987999406, 0.004279797082044512, 0.04255338403694009, -0.007411070818611254, -0.011175170407599855, -0.014290878613444441, -0.0155333984314667, -0.02713844051755554, -0.022851965033222232, -0.010705018863822247, 0.006925852753759981, -0.024825068209599843]}