{"coverage_estimated_first_order": [1.328806092214531, 1.012923970952127, 1.3942609945785172, 1.2600877114378506, 1.1354833456263336, 0.869843654170864, 1.1115049184213213, 0.9951266753575974, 1.279526914923698, 0.9269684793715729, 1.203813071698741, 1.1797715535303501, 1.2355034808783238, 0.688588333414138, 0.7778644854329444], "coverage_estimated_second_order": [0.6995000179913999, 0.9363200092004, 0.6127881167022999, 0.3991269394399001, 0.3112882675299, 0.24927092623984, 0.9970707400500002, 0.9903796928922001, 0.7661146684571001, 1.0301050913232, 0.6745610375104, 0.676358741213, 0.5277609087278, 1.01343077434325, 0.9959396331018001], "sol": [0.0, 1.0, 0.0, 0.0, 0.0, 0.0, 1.0, 1.0, 0.0, 1.0, 0.0, 0.0, 0.0, 1.0, 1.0], "coverage": [0.7310546875, 1.0, 0.6407118055555555, 0.4171484375, 0.3275954861111111, 0.23325520833333332, 1.0, 1.0, 0.7373220486111111, 1.0, 0.6688368055555556, 0.6609982638888889, 0.533359375, 1.0, 1.0], "coverage_estimated_first_order_diff": [0.597751404714531, 0.01292397095212694, 0.7535491890229616, 0.8429392739378505, 0.8078878595152225, 0.6365884458375306, 0.11150491842132126, -0.004873324642402643, 0.542204866312587, -0.0730315206284271, 0.5349762661431854, 0.5187732896414612, 0.7021441058783239, -0.31141166658586195, -0.2221355145670556], "coverage_estimated_second_order_diff": [-0.031554669508600086, -0.06367999079959996, -0.02792368885325558, -0.01802149806009995, -0.01630721858121109, 0.016015717906506688, -0.0029292599499998184, -0.00962030710779993, 0.02879261984598902, 0.03010509132319994, 0.005724231954844394, 0.015360477324111055, -0.005598466272199953, 0.013430774343250018, -0.004060366898199885]}