{"coverage_estimated_first_order": [0.7871123049659056, 0.8345743573624548, 1.1184867841011783, 1.0848211183132865, 0.6312676901884978, 0.6874359751353322, 0.6773125720252553, 0.558124703642486, 0.4190981825110061, 0.8372422906272287, 0.695964299272554, 0.6111889537032738, 0.8800313187420009, 0.5984207850902108, 0.6270677202379857], "coverage_estimated_second_order": [1.0543767939346, 1.0561985690631, 0.7879500003644, 0.7877543910710001, 0.9889301146767999, 0.4391487386619401, 0.23780340296480001, 0.14172929924900002, 0.9602513532017, 0.5808753366125999, 0.3405623224151999, 0.2251529368888, 0.5433301483097, 0.32938451409844, 0.293715321754], "sol": [1.0, 1.0, 0.0, 0.0, 1.0, 0.0, 0.0, 0.0, 1.0, 0.0, 0.0, 0.0, 0.0, 0.0, 0.0], "coverage": [1.0, 1.0, 0.7487065972222222, 0.7823567708333333, 1.0, 0.4630989583333333, 0.214453125, 0.13020399305555555, 1.0, 0.6068446180555556, 0.3545269097222222, 0.2350824652777778, 0.5424869791666667, 0.33728732638888886, 0.30890625], "coverage_estimated_first_order_diff": [-0.21288769503409444, -0.16542564263754522, 0.3697801868789561, 0.3024643474799532, -0.3687323098115022, 0.22433701680199886, 0.4628594470252553, 0.4279207105869305, -0.5809018174889939, 0.2303976725716731, 0.34143738955033176, 0.376106488425496, 0.33754433957533425, 0.26113345870132193, 0.31816147023798574], "coverage_estimated_second_order_diff": [0.05437679393460004, 0.056198569063099946, 0.03924340314217778, 0.005397620237666767, -0.01106988532320008, -0.023950219671393214, 0.02335027796480002, 0.011525306193444468, -0.039748646798300036, -0.025969281442955627, -0.013964587307022325, -0.009929528388977787, 0.0008431691430332844, -0.007902812290448868, -0.01519092824599999]}