{"coverage_estimated_first_order": [0.4235276520208394, 0.4719502531881718, 0.5014694733789992, 0.5148277341639566, 0.45736438341763563, 0.295837867935797, 0.18605177962756025, 0.5811624080891191, 0.2843997334739614, 0.30065797004832395, 0.32492543876107116, 0.34659871031524603, 0.2075284218828867, 0.3083101860941398, 0.3067240518868193], "coverage_estimated_second_order": [0.33669301888659997, 0.39361128702799997, 0.42312142402600006, 0.4403772442674, 0.35607711126839997, 0.15448134362479998, 0.97327259857, 0.619822756654, 0.038413311999600006, 0.05379278924099999, 0.13249103563120002, 0.192248270857, 0.939331011244, 0.17574782608540002, 0.1336630340774], "sol": [0.0, 0.0, 0.0, 0.0, 0.0, 0.0, 1.0, 0.0, 0.0, 0.0, 0.0, 0.0, 1.0, 0.0, 0.0], "coverage": [0.3890017361111111, 0.4469748263888889, 0.4803645833333333, 0.49832465277777777, 0.4040234375, 0.17210503472222222, 1.0, 0.6337847222222223, 0.023294270833333332, 0.04133246527777778, 0.13159288194444443, 0.19155815972222223, 1.0, 0.18079861111111112, 0.1318359375], "coverage_estimated_first_order_diff": [0.03452591590972831, 0.024975426799282885, 0.021104890045665847, 0.016503081386178786, 0.05334094591763561, 0.12373283321357481, -0.8139482203724397, -0.05262231413310314, 0.26110546264062806, 0.25932550477054617, 0.19333255681662673, 0.1550405505930238, -0.7924715781171133, 0.12751157498302867, 0.17488811438681928], "coverage_estimated_second_order_diff": [-0.052308717224511136, -0.053363539360888945, -0.05724315930733326, -0.057947408510377774, -0.047946326231600056, -0.017623691097422234, -0.026727401429999964, -0.013961965568222268, 0.015119041166266674, 0.012460323963222213, 0.0008981536867555817, 0.0006901111347777655, -0.06066898875600002, -0.005050785025711102, 0.0018270965773999892]}