{"coverage_estimated_first_order": [1.5151295730069776, 1.2008272697577365, 1.5925458399780952, 1.4535148446364106, 1.3122725486273201, 0.995071028523253, 1.3668323591794937, 1.2012747769804037, 1.338869170871873, 1.4274810424968503, 1.2466884236268814, 1.1690504673301307, 1.4012913244141183, 0.6892314409297033, 1.1386175600781985], "coverage_estimated_second_order": [0.6998085702964001, 0.911622973871, 0.5907064418982, 0.3833128623438, 0.3048441193206, 0.248350762471, 0.8561019512371999, 0.8655332673086001, 0.6320601360584001, 0.6944321174538001, 0.8762973711208001, 0.853234415446, 0.5141657382834, 0.9825352880353501, 0.9120175524344003], "sol": [0.0, 1.0, 0.0, 0.0, 0.0, 0.0, 1.0, 1.0, 0.0, 0.0, 1.0, 1.0, 0.0, 1.0, 1.0], "coverage": [0.7520963541666666, 1.0, 0.6421050347222222, 0.4171484375, 0.3275954861111111, 0.23325520833333332, 1.0, 1.0, 0.6468185763888888, 0.7187065972222222, 1.0, 1.0, 0.5295746527777778, 1.0, 1.0], "coverage_estimated_first_order_diff": [0.763033218840311, 0.20082726975773646, 0.9504408052558729, 1.0363664071364105, 0.984677062516209, 0.7618158201899197, 0.36683235917949375, 0.20127477698040375, 0.6920505944829841, 0.7087744452746281, 0.24668842362688137, 0.16905046733013074, 0.8717166716363405, -0.31076855907029666, 0.13861756007819848], "coverage_estimated_second_order_diff": [-0.05228778387026656, -0.088377026129, -0.05139859282402226, -0.033835575156200004, -0.022751366790511096, 0.015095554137666667, -0.1438980487628001, -0.13446673269139986, -0.014758440330488787, -0.02427447976842212, -0.12370262887919992, -0.14676558455400002, -0.015408914494377868, -0.017464711964649937, -0.0879824475655997]}