{"coverage_estimated_first_order": [1.1859139217864851, 1.2701324926914317, 1.642247880134669, 1.690572367607952, 1.2672804867301597, 0.8580464687187402, 1.0472524317115603, 0.8873111300230665, 0.9456129060846952, 0.9537724863848954, 0.7335324599801174, 0.9326141299287191, 1.0903113193078264, 0.9045504978977098, 1.016188527174692], "coverage_estimated_second_order": [0.9437397391038002, 0.9451756023209998, 0.7994451058858001, 0.8113850432165002, 0.9299645098742, 0.9912111401533399, 0.390478109809, 0.2874853416179, 0.2949305824365, 0.25242892536239997, 0.9544113454102, 0.32535105361919997, 0.9003565240118001, 0.38003680188182004, 0.5098914730072], "sol": [1.0, 1.0, 0.0, 0.0, 1.0, 1.0, 0.0, 0.0, 0.0, 0.0, 1.0, 0.0, 1.0, 0.0, 0.0], "coverage": [1.0, 1.0, 0.8302387152777778, 0.8564019097222222, 1.0, 1.0, 0.3928081597222222, 0.29424479166666667, 0.315078125, 0.27195746527777775, 1.0, 0.34774305555555557, 1.0, 0.3773958333333333, 0.5361501736111111], "coverage_estimated_first_order_diff": [0.18591392178648514, 0.2701324926914317, 0.8120091648568911, 0.8341704578857299, 0.2672804867301597, -0.14195353128125976, 0.6544442719893382, 0.5930663383563999, 0.6305347810846952, 0.6818150211071177, -0.2664675400198826, 0.5848710743731635, 0.09031131930782643, 0.5271546645643765, 0.48003835356358093], "coverage_estimated_second_order_diff": [-0.05626026089619984, -0.05482439767900016, -0.030793609391977728, -0.04501686650572201, -0.07003549012580002, -0.008788859846660113, -0.0023300499132222208, -0.0067594500487666576, -0.020147542563499987, -0.019528539915377785, -0.04558865458979999, -0.0223920019363556, -0.09964347598819989, 0.002640968548486722, -0.02625870060391111]}