{"coverage_estimated_first_order": [1.007270036838374, 1.5447405887904972, 1.1713647318446418, 1.5290330298625696, 1.0430281190443074, 1.1057299121472246, 0.9756438441909766, 0.8332983290813417, 1.064156675864009, 1.1022635607060742, 1.0571077555694295, 1.0232721923840293, 1.3140220487694754, 0.8218123151077806, 0.9412297547352574], "coverage_estimated_second_order": [1.0140858191602, 0.8692445897780999, 1.0270420007773, 0.8198086436893002, 1.0089816742958, 0.67850900115362, 0.2698199506516, 0.1824628548776, 0.9459216801117001, 0.943855815956, 0.4364440435036999, 0.41404168957799997, 0.6736813391562999, 0.9241263110115299, 0.35831250883880006], "sol": [1.0, 0.0, 1.0, 0.0, 1.0, 0.0, 0.0, 0.0, 1.0, 1.0, 0.0, 0.0, 0.0, 1.0, 0.0], "coverage": [1.0, 0.8488064236111111, 1.0, 0.8134418402777778, 1.0, 0.6748741319444445, 0.2634375, 0.18216145833333333, 1.0, 1.0, 0.4174348958333333, 0.3935329861111111, 0.6720616319444445, 1.0, 0.34415364583333335], "coverage_estimated_first_order_diff": [0.007270036838374017, 0.6959341651793861, 0.17136473184464185, 0.7155911895847918, 0.04302811904430737, 0.43085578020278015, 0.7122063441909766, 0.6511368707480084, 0.06415667586400908, 0.10226356070607423, 0.6396728597360961, 0.6297392062729182, 0.6419604168250309, -0.17818768489221937, 0.5970761089019241], "coverage_estimated_second_order_diff": [0.01408581916020002, 0.02043816616698879, 0.027042000777300013, 0.006366803411522404, 0.00898167429579999, 0.003634869209175551, 0.006382450651600036, 0.00030139654426666884, -0.05407831988829992, -0.05614418404400001, 0.0190091476703666, 0.020508703466888878, 0.0016197072118554479, -0.07587368898847013, 0.014158863005466704]}