{"coverage_estimated_first_order": [0.9627294495621938, 0.642651664243792, 1.079064496402381, 1.0684221624852608, 1.041093716485335, 0.42875219924563285, 0.9520153730279205, 0.45862782125855384, 0.5621900956720309, 0.6051646382503022, 0.601953643924464, 0.6099549792140859, 0.6488147322752404, 0.6527289559847556, 0.5509592904841268], "coverage_estimated_second_order": [0.724523167248, 1.015008698962, 0.808702175233, 0.8027715596206001, 0.8003921370409999, 1.0163521266453999, 0.7156558862614999, 1.0003305992517002, 0.047885752883, 0.0938162405936, 0.1351764411256, 0.19712788851319998, 1.0562311876812, 0.37859738716126, 0.110980504788], "sol": [0.0, 1.0, 0.0, 0.0, 0.0, 1.0, 0.0, 1.0, 0.0, 0.0, 0.0, 0.0, 1.0, 0.0, 0.0], "coverage": [0.7115538194444444, 1.0, 0.7961458333333333, 0.7851041666666667, 0.7799565972222222, 1.0, 0.7145659722222222, 1.0, 0.017621527777777778, 0.06798177083333333, 0.11633680555555556, 0.18412760416666665, 1.0, 0.36787760416666665, 0.08823784722222222], "coverage_estimated_first_order_diff": [0.25117563011774935, -0.35734833575620795, 0.28291866306904767, 0.28331799581859407, 0.2611371192631129, -0.5712478007543671, 0.23744940080569832, -0.5413721787414462, 0.5445685678942531, 0.5371828674169689, 0.48561683836890845, 0.4258273750474193, -0.35118526772475955, 0.2848513518180889, 0.4627214432619046], "coverage_estimated_second_order_diff": [0.012969347803555631, 0.015008698961999967, 0.012556341899666701, 0.01766739295393338, 0.02043553981877766, 0.016352126645399867, 0.0010899140392777174, 0.0003305992517002032, 0.030264225105222226, 0.025834469760266668, 0.01883963557004445, 0.01300028434653333, 0.05623118768120006, 0.010719782994593363, 0.022742657565777785]}