{"coverage_estimated_first_order": [0.7912222170072648, 1.2959885380009535, 1.3103203144169022, 1.0325745683601413, 0.9512669602640424, 0.9155485389838436, 1.1492815899699516, 0.611732469828134, 0.7688195865991871, 0.8794897939611366, 0.8794293519755876, 0.6101638119163518, 1.141717899399158, 0.60249740273264, 0.7824620118470211], "coverage_estimated_second_order": [0.9975011518017001, 0.846055017989, 0.7873078789706001, 1.0600354277450001, 1.0505474252222, 0.51692250873612, 0.7977286753989999, 1.0146010573498, 0.2217551575168, 0.35596507542440003, 0.405034538793, 0.9914591351608001, 0.6789628465259999, 0.12622434966933, 0.3360645726136], "sol": [1.0, 0.0, 0.0, 1.0, 1.0, 0.0, 0.0, 1.0, 0.0, 0.0, 0.0, 1.0, 0.0, 0.0, 0.0], "coverage": [1.0, 0.8340668402777778, 0.7633289930555556, 1.0, 1.0, 0.480859375, 0.7920616319444445, 1.0, 0.23063368055555555, 0.36217881944444447, 0.41120659722222225, 1.0, 0.6595876736111111, 0.12670138888888888, 0.3498611111111111], "coverage_estimated_first_order_diff": [-0.2087777829927352, 0.4619216977231757, 0.5469913213613466, 0.032574568360141276, -0.04873303973595755, 0.4346891639838436, 0.3572199580255071, -0.388267530171866, 0.5381859060436316, 0.5173109745166922, 0.46822275475336533, -0.38983618808364817, 0.48213022578804676, 0.4757960138437511, 0.43260090073591], "coverage_estimated_second_order_diff": [-0.00249884819829993, 0.011988177711222181, 0.02397888591504449, 0.06003542774500015, 0.050547425222200015, 0.03606313373612002, 0.005667043454555487, 0.014601057349800106, -0.008878523038755554, -0.006213744020044432, -0.006172058429222249, -0.008540864839199913, 0.019375172914888772, -0.0004770392195588835, -0.013796538497511113]}