{"coverage_estimated_first_order": [1.314078109475431, 0.9968526680088632, 1.384180251700365, 1.2526694225839006, 1.1124288395919253, 0.7590512030717808, 1.1813802386945476, 1.0714210692557493, 1.2706951623046328, 0.9644891617092846, 0.982901996545432, 1.0728738215926037, 1.1499429257087215, 0.8085750754823775, 1.1908650182056906], "coverage_estimated_second_order": [0.6942796740517001, 0.9372132900389999, 0.6069520180563, 0.3825589992371, 0.2609545028667, 0.0588743707524, 0.9028390175423999, 0.8798804233810003, 0.7172890155135, 0.9483251220226, 0.914432796917, 0.8870170043564, 0.386766585975, 0.29875587981748, 0.65129348298], "sol": [0.0, 1.0, 0.0, 0.0, 0.0, 0.0, 1.0, 1.0, 0.0, 1.0, 1.0, 1.0, 0.0, 0.0, 0.0], "coverage": [0.7290842013888889, 1.0, 0.63640625, 0.39788194444444447, 0.26858506944444444, 0.03509548611111111, 1.0, 1.0, 0.7219574652777778, 1.0, 1.0, 1.0, 0.3919487847222222, 0.3065321180555556, 0.6488628472222222], "coverage_estimated_first_order_diff": [0.5849939080865422, -0.0031473319911368147, 0.747774001700365, 0.8547874781394561, 0.8438437701474808, 0.7239557169606696, 0.18138023869454756, 0.07142106925574931, 0.5487376970268549, -0.03551083829071544, -0.017098003454568023, 0.0728738215926037, 0.7579941409864992, 0.5020429574268219, 0.5420021709834684], "coverage_estimated_second_order_diff": [-0.03480452733718875, -0.06278670996100011, -0.029454231943700004, -0.015322945207344452, -0.007630566577744413, 0.02377888464128889, -0.09716098245760008, -0.12011957661899975, -0.004668449764277827, -0.0516748779774, -0.08556720308300003, -0.11298299564360004, -0.0051821987472222, -0.007776238238075606, 0.0024306357577777993]}