{"coverage_estimated_first_order": [1.3132249148007693, 1.0037516182507262, 1.4474761628336865, 1.3623786087378058, 1.2912683603602577, 0.6338238287193917, 1.1052653899339304, 1.002502504310026, 1.2006765019879073, 0.8328081005215245, 0.8619420215578909, 1.20775609459168, 1.1946067293832634, 0.9093796714031929, 1.1078774394577475], "coverage_estimated_second_order": [0.6955234516493001, 0.9460088318274, 0.7433361356461001, 0.6434810757513, 0.6374134261332, 0.97093694512284, 0.9904629463351001, 0.9853733326658001, 0.7170745808759, 0.9942415369420001, 0.9902257172798, 0.6748464732363999, 0.5085753265162, 0.47453414169555996, 0.6199920606158], "sol": [0.0, 1.0, 0.0, 0.0, 0.0, 1.0, 1.0, 1.0, 0.0, 1.0, 1.0, 0.0, 0.0, 0.0, 0.0], "coverage": [0.7289539930555555, 1.0, 0.7941319444444445, 0.7055425347222222, 0.6965885416666666, 1.0, 1.0, 1.0, 0.7113411458333333, 1.0, 1.0, 0.6705815972222222, 0.551953125, 0.49116319444444445, 0.6113541666666666], "coverage_estimated_first_order_diff": [0.5842709217452138, 0.0037516182507262297, 0.6533442183892421, 0.6568360740155836, 0.5946798186935911, -0.3661761712806083, 0.10526538993393042, 0.002502504310025966, 0.489335356154574, -0.16719189947847546, -0.1380579784421091, 0.5371744973694579, 0.6426536043832634, 0.4182164769587484, 0.4965232727910809], "coverage_estimated_second_order_diff": [-0.033430541406255454, -0.05399116817259997, -0.05079580879834433, -0.06206145897092219, -0.05917511553346666, -0.02906305487715999, -0.009537053664899875, -0.014626667334199928, 0.005733435042566737, -0.005758463057999874, -0.009774282720199978, 0.004264876014177688, -0.04337779848380008, -0.016629052748884487, 0.00863789394913339]}