{"coverage_estimated_first_order": [1.0484679669707724, 1.5368727620896288, 1.5440102664588007, 1.5154494548984268, 1.466181937034113, 0.7513642461143307, 1.234714525694404, 1.0538510889868333, 1.3403699986470445, 1.3900405914710785, 1.3744724993779325, 1.2157941079090884, 1.2715266380584336, 1.133890614751983, 1.2154027600018216], "coverage_estimated_second_order": [0.9216255269745999, 0.6661777321954001, 0.5890702521735001, 0.5698844402633001, 0.6206915468658001, 0.9594760054663001, 0.4319372520036, 0.3046186299908, 0.6723666490364001, 0.6908501354052, 0.6596329911987999, 0.7112562690520001, 0.3681019575777, 0.56340778006183, 0.6880418953166001], "sol": [1.0, 0.0, 0.0, 0.0, 0.0, 1.0, 0.0, 0.0, 1.0, 1.0, 1.0, 1.0, 0.0, 0.0, 1.0], "coverage": [1.0, 0.7267317708333333, 0.6632942708333334, 0.6498350694444445, 0.6898394097222222, 1.0, 0.452109375, 0.30832465277777776, 1.0, 1.0, 1.0, 1.0, 0.42184895833333336, 0.5553255208333333, 1.0], "coverage_estimated_first_order_diff": [0.04846796697077238, 0.8101409912562955, 0.8807159956254673, 0.8656143854539823, 0.7763425273118907, -0.24863575388566928, 0.7826051506944041, 0.7455264362090556, 0.34036999864704454, 0.3900405914710785, 0.3744724993779325, 0.21579410790908837, 0.8496776797251002, 0.5785650939186496, 0.21540276000182157], "coverage_estimated_second_order_diff": [-0.07837447302540013, -0.06055403863793318, -0.0742240186598333, -0.07995062918114437, -0.06914786285642216, -0.040523994533699925, -0.020172122996399977, -0.0037060227869777362, -0.3276333509635999, -0.3091498645948, -0.3403670088012001, -0.2887437309479999, -0.05374700075563338, 0.008082259228496702, -0.3119581046833999]}