{"coverage_estimated_first_order": [1.348894863929467, 1.470327071364384, 1.7924653907965837, 1.7852283013257193, 1.2656505969778502, 1.1085012174235183, 1.5112631931749547, 0.9284071111018926, 0.9115091387438976, 1.4284258756026713, 1.2723708995320526, 0.9505913802036257, 1.258938719329527, 1.0270754442284957, 1.122123262081151], "coverage_estimated_second_order": [0.9058896029908999, 0.9067218363506999, 0.7228144696234, 0.7863458093202002, 0.9190897031915999, 0.47042452233344, 0.8000498170607, 1.0012696405200001, 0.9946753272521001, 0.7667370521685999, 0.5766924245417999, 1.0222561505405, 0.9197966218153, 0.45580113004551004, 0.45800028678040006], "sol": [1.0, 1.0, 0.0, 0.0, 1.0, 0.0, 0.0, 1.0, 1.0, 0.0, 0.0, 1.0, 1.0, 0.0, 0.0], "coverage": [1.0, 1.0, 0.7937022569444444, 0.8589713541666667, 1.0, 0.4719921875, 0.790625, 1.0, 1.0, 0.7672786458333334, 0.5828732638888889, 1.0, 1.0, 0.4669878472222222, 0.4712152777777778], "coverage_estimated_first_order_diff": [0.3488948639294669, 0.4703270713643839, 0.9987631338521393, 0.9262569471590526, 0.2656505969778502, 0.6365090299235183, 0.7206381931749547, -0.07159288889810744, -0.0884908612561024, 0.6611472297693379, 0.6894976356431637, -0.04940861979637434, 0.25893871932952695, 0.5600875970062735, 0.6509079843033732], "coverage_estimated_second_order_diff": [-0.09411039700910007, -0.09327816364930008, -0.0708877873210444, -0.07262554484646655, -0.08091029680840012, -0.0015676651665599839, 0.009424817060699975, 0.0012696405200001148, -0.005324672747899939, -0.0005415936647334973, -0.006180839347089018, 0.022256150540499897, -0.08020337818470002, -0.011186717176712158, -0.013214990997377718]}