{"coverage_estimated_first_order": [1.2029217648492483, 1.7629614219120626, 1.4203236516681348, 1.3444767157740691, 1.5678441720130942, 1.0518974610857668, 1.4599976111714663, 0.8730710205749378, 1.1987246533410434, 1.2266968636464437, 1.0868203340465261, 1.3389081104377616, 1.4469522332723477, 1.0271435869281633, 1.294126612592776], "coverage_estimated_second_order": [0.9548541106926001, 0.8424392441569, 0.9774218449780001, 0.9527748237547, 0.6778532658094001, 0.38504501791990003, 0.7705151545329999, 0.9773171917660001, 0.9850055553634001, 0.9795209580468, 0.9533371999019999, 0.6210051603398, 0.6044018801939, 0.38784605398613997, 0.5942812508755], "sol": [1.0, 0.0, 1.0, 1.0, 0.0, 0.0, 0.0, 1.0, 1.0, 1.0, 1.0, 0.0, 0.0, 0.0, 0.0], "coverage": [1.0, 0.8727734375, 1.0, 1.0, 0.6991232638888889, 0.3900868055555556, 0.7941102430555556, 1.0, 1.0, 1.0, 1.0, 0.6334114583333333, 0.6308159722222222, 0.3729079861111111, 0.6201041666666667], "coverage_estimated_first_order_diff": [0.2029217648492483, 0.8901879844120626, 0.4203236516681348, 0.34447671577406913, 0.8687209081242053, 0.6618106555302112, 0.6658873681159108, -0.1269289794250622, 0.1987246533410434, 0.2266968636464437, 0.08682033404652612, 0.7054966521044282, 0.8161362610501255, 0.6542356008170522, 0.6740224459261093], "coverage_estimated_second_order_diff": [-0.04514588930739993, -0.030334193343100058, -0.02257815502199989, -0.04722517624529998, -0.021269998079488817, -0.005041787635655548, -0.02359508852255565, -0.02268280823399993, -0.014994444636599935, -0.02047904195320005, -0.04666280009800006, -0.012406297993533322, -0.026414092028322234, 0.014938067875028882, -0.02582291579116669]}