{"coverage_estimated_first_order": [1.138588867575025, 1.2483974674875187, 1.429847295178981, 1.1870452040409896, 1.5600958395662021, 0.8928845885456164, 1.0551579175924555, 0.9312315968026744, 1.1260964374051148, 1.2046662255849871, 0.8331226050442522, 0.8069414710173304, 1.0806813254492202, 0.7633057566162752, 1.071826241615562], "coverage_estimated_second_order": [0.42321955336660005, 0.4856198194018, 0.672283635864, 0.9874730658090001, 0.8516950609738001, 0.9968365419229399, 0.41521277261910006, 0.360794837473, 0.6215160402548001, 0.6937939616427999, 1.0147741745218, 1.0196986950494, 0.9815531213613999, 0.9866836697728099, 0.5642855708607], "sol": [0.0, 0.0, 0.0, 1.0, 0.0, 1.0, 0.0, 0.0, 0.0, 0.0, 1.0, 1.0, 1.0, 1.0, 0.0], "coverage": [0.4203689236111111, 0.4838498263888889, 0.6723784722222222, 1.0, 0.8551822916666667, 1.0, 0.4161458333333333, 0.36383680555555553, 0.6304557291666667, 0.7007769097222222, 1.0, 1.0, 1.0, 1.0, 0.5560850694444445], "coverage_estimated_first_order_diff": [0.718219943963914, 0.7645476410986298, 0.7574688229567587, 0.18704520404098957, 0.7049135478995354, -0.10711541145438364, 0.6390120842591221, 0.5673947912471189, 0.4956407082384481, 0.503889315862765, -0.16687739495574783, -0.19305852898266962, 0.08068132544922024, -0.2366942433837248, 0.5157411721711175], "coverage_estimated_second_order_diff": [0.0028506297554889426, 0.0017699930129110863, -9.483635822227221e-05, -0.012526934190999928, -0.0034872306928666053, -0.0031634580770600884, -0.0009330607142332692, -0.003041968082555524, -0.008939688911866583, -0.006982948079422235, 0.014774174521799965, 0.019698695049400028, -0.01844687863860006, -0.013316330227190143, 0.008200501416255501]}