{"coverage_estimated_first_order": [0.9270060069412374, 1.012923970952127, 1.0524710160048636, 1.0017819181189276, 0.9076120566986831, 0.7369293228610281, 0.9173253177824832, 0.8378626966127269, 1.1397291151678333, 0.7813063649089533, 1.0573060530462346, 1.0441012738156925, 1.0102599528651515, 0.5653186324884827, 0.6389731580440398], "coverage_estimated_second_order": [0.2966118207892, 0.323629952038, 0.3013395527289, 0.2036029738867, 0.1461084299641, 0.22542673714523997, 1.0173807414733, 1.0194063003812002, 0.7727788739875999, 1.0379213745036, 0.6786245676678, 0.6824630955644, 0.3875291855724, 1.0111297115314999, 1.0123250691554002], "sol": [0.0, 0.0, 0.0, 0.0, 0.0, 0.0, 1.0, 1.0, 0.0, 1.0, 0.0, 0.0, 0.0, 1.0, 1.0], "coverage": [0.24049913194444444, 0.25626302083333335, 0.21530381944444443, 0.10962239583333333, 0.060980902777777776, 0.19815972222222222, 1.0, 1.0, 0.7371961805555556, 1.0, 0.6633897569444445, 0.6601779513888889, 0.3125043402777778, 1.0, 1.0], "coverage_estimated_first_order_diff": [0.6865068749967929, 0.7566609501187935, 0.8371671965604192, 0.8921595222855943, 0.8466311539209053, 0.5387696006388059, -0.08267468221751684, -0.16213730338727306, 0.4025329346122777, -0.21869363509104667, 0.39391629610179013, 0.3839233224268036, 0.6977556125873736, -0.4346813675115173, -0.36102684195596024], "coverage_estimated_second_order_diff": [0.056112688844755565, 0.06736693120466664, 0.08603573328445557, 0.09398057805336668, 0.08512752718632223, 0.02726701492301775, 0.017380741473300043, 0.01940630038120017, 0.03558269343204434, 0.0379213745036, 0.01523481072335553, 0.022285144175511085, 0.07502484529462222, 0.011129711531499886, 0.012325069155400215]}