{"coverage_estimated_first_order": [1.0238325122931213, 1.534611109197251, 1.556331048083781, 1.247739778829189, 1.1282472709093352, 1.0407759133362324, 1.1175373306813516, 0.9707219722163457, 0.9135802561589073, 0.9528048304260539, 1.1405128245195841, 1.0390307854230632, 1.3495560011171548, 0.7052036800796856, 0.7438450225710954], "coverage_estimated_second_order": [0.9726661796418001, 0.8347491008490999, 0.7899819325552, 1.0138665406092002, 1.0314483751622001, 0.5110761925807401, 0.9933232956146002, 0.9866444723626, 0.23307618591800003, 0.242167670015, 0.5900643600738, 0.457255178764, 0.6845434609184, 0.10975443414119998, 0.9474390268174002], "sol": [1.0, 0.0, 0.0, 1.0, 1.0, 0.0, 1.0, 1.0, 0.0, 0.0, 0.0, 0.0, 0.0, 0.0, 1.0], "coverage": [1.0, 0.8376432291666667, 0.7882638888888889, 1.0, 1.0, 0.480859375, 1.0, 1.0, 0.2467404513888889, 0.2528081597222222, 0.6093923611111111, 0.4598828125, 0.66625, 0.10877170138888889, 1.0], "coverage_estimated_first_order_diff": [0.023832512293121333, 0.6969678800305843, 0.7680671591948922, 0.24773977882918907, 0.1282472709093352, 0.5599165383362324, 0.11753733068135164, -0.029278027783654292, 0.6668398047700184, 0.6999966707038316, 0.5311204634084731, 0.5791479729230631, 0.6833060011171548, 0.5964319786907967, -0.2561549774289046], "coverage_estimated_second_order_diff": [-0.027333820358199867, -0.0028941283175667465, 0.0017180436663111198, 0.013866540609200229, 0.031448375162200115, 0.03021681758074013, -0.006676704385399801, -0.0133555276374, -0.013664265470888864, -0.0106404897072222, -0.019328001037311027, -0.0026276337360000013, 0.018293460918400006, 0.0009827327523110885, -0.05256097318259978]}