{"coverage_estimated_first_order": [1.1806227871593298, 1.275468750803215, 1.6943610122510981, 1.3876874847452372, 1.3575573419449891, 0.9232354959412903, 1.0636626250333554, 0.8980536831626921, 0.9077483083627649, 1.0046325486519696, 0.9972447087689116, 0.6769155266852869, 1.3690951733090395, 0.8342959890194379, 0.9023010720671137], "coverage_estimated_second_order": [0.9313277023603, 0.9138704307678001, 0.7361486844396001, 0.8185445140220002, 0.8254588582236, 0.9117563528607401, 0.41343693836469997, 0.30677848842020006, 0.2192797102497, 0.33183470253560005, 0.3700273079106, 0.9582023607579999, 0.5317262972856, 0.29406437391867996, 0.3058518885352], "sol": [1.0, 1.0, 0.0, 1.0, 1.0, 1.0, 0.0, 0.0, 0.0, 0.0, 0.0, 1.0, 0.0, 0.0, 0.0], "coverage": [1.0, 1.0, 0.8271657986111111, 1.0, 1.0, 1.0, 0.41647135416666664, 0.31765190972222224, 0.22979600694444444, 0.3451171875, 0.3889973958333333, 1.0, 0.5945399305555555, 0.28426649305555557, 0.3187890625], "coverage_estimated_first_order_diff": [0.18062278715932978, 0.275468750803215, 0.8671952136399871, 0.3876874847452372, 0.3575573419449891, -0.07676450405870971, 0.6471912708666887, 0.5804017734404698, 0.6779523014183204, 0.6595153611519696, 0.6082473129355783, -0.3230844733147131, 0.774555242753484, 0.5500294959638823, 0.5835120095671138], "coverage_estimated_second_order_diff": [-0.06867229763969995, -0.08612956923219994, -0.09101711417151093, -0.18145548597799976, -0.1745411417764, -0.08824364713925992, -0.0030344158019666723, -0.01087342130202218, -0.010516296694744437, -0.013282484964399932, -0.018970087922733303, -0.041797639242000084, -0.0628136332699556, 0.009797880863124386, -0.012937173964799986]}