{"coverage_estimated_first_order": [1.1115285458392408, 1.6514213401916065, 1.6864418774602188, 1.7386339881391302, 1.2900042696924683, 0.9302037668826634, 1.2770245265016005, 1.1367495591878376, 0.9105458459153091, 1.4323226003518719, 1.3077676354535728, 1.0251989066921845, 1.4540760882786299, 1.0412524791484334, 1.1572357622842855], "coverage_estimated_second_order": [0.9840834171746998, 0.8101338371046998, 0.7918587105764001, 0.8338659446406002, 1.0253857117049998, 1.0304513923724001, 0.9698744010819, 0.9655907110181002, 0.9923293595646001, 0.7644531265318, 0.5913362871129999, 0.9701204569582, 0.6251099627011, 0.49493928965764994, 0.4983291800488], "sol": [1.0, 0.0, 0.0, 0.0, 1.0, 1.0, 1.0, 1.0, 1.0, 0.0, 0.0, 1.0, 0.0, 0.0, 0.0], "coverage": [1.0, 0.8261241319444445, 0.8093142361111111, 0.8272960069444445, 1.0, 1.0, 1.0, 1.0, 1.0, 0.7665625, 0.6068315972222222, 1.0, 0.6231814236111111, 0.5041319444444444, 0.5055295138888889], "coverage_estimated_first_order_diff": [0.11152854583924077, 0.825297208247162, 0.8771276413491077, 0.9113379811946857, 0.2900042696924683, -0.06979623311733663, 0.2770245265016005, 0.1367495591878376, -0.08945415408469093, 0.6657601003518718, 0.7009360382313505, 0.025198906692184497, 0.8308946646675188, 0.537120534703989, 0.6517062483953966], "coverage_estimated_second_order_diff": [-0.015916582825300174, -0.01599029483974468, -0.01745552553471097, 0.006569937696155659, 0.025385711704999814, 0.030451392372400132, -0.03012559891809996, -0.034409288981899766, -0.007670640435399889, -0.0021093734682000598, -0.015495310109222338, -0.02987954304179996, 0.001928539089988912, -0.009192654786794485, -0.0072003338400888905]}