{"coverage_estimated_first_order": [1.3950853315351508, 1.1293778582091794, 1.2522269312414729, 1.5609138191566398, 1.4804612972183642, 0.7439406421158887, 1.0880372644720588, 0.9380701428705595, 0.7711077475266659, 1.2625032869189985, 1.0865859395796031, 0.7473751306163192, 1.0125083301700313, 0.9983754751806567, 0.9572946936869818], "coverage_estimated_second_order": [0.7483151581522, 1.0047440379194, 1.0043152031331999, 0.8235156845876, 0.8191451812378, 0.99867117966034, 0.48397825757119994, 0.3767205682993, 1.0035484269852, 0.7545629228872, 0.5296255038302, 1.0045772986254, 0.9893350604236001, 0.60558992241533, 0.41388604104680005], "sol": [0.0, 1.0, 1.0, 0.0, 0.0, 1.0, 0.0, 0.0, 1.0, 0.0, 0.0, 1.0, 1.0, 0.0, 0.0], "coverage": [0.7328645833333334, 1.0, 1.0, 0.8222395833333334, 0.8180642361111111, 1.0, 0.49528645833333335, 0.3938628472222222, 1.0, 0.7508246527777778, 0.5352604166666667, 1.0, 1.0, 0.6107161458333333, 0.41842881944444443], "coverage_estimated_first_order_diff": [0.6622207482018174, 0.12937785820917935, 0.2522269312414729, 0.7386742358233065, 0.662397061107253, -0.25605935788411127, 0.5927508061387254, 0.5442072956483373, -0.2288922524733341, 0.5116786341412207, 0.5513255229129365, -0.2526248693836808, 0.012508330170031279, 0.3876593293473234, 0.5388658742425374], "coverage_estimated_second_order_diff": [0.01545057481886658, 0.004744037919399924, 0.004315203133199885, 0.0012761012542666927, 0.0010809451266888814, -0.0013288203396599751, -0.011308200762133402, -0.017142278922922194, 0.0035484269851999706, 0.0037382701094221815, -0.005634912836466666, 0.004577298625400017, -0.010664939576399912, -0.005126223418003284, -0.004542778397644387]}