{"coverage_estimated_first_order": [0.5710660187134098, 0.6047639220413966, 0.6714600961893611, 0.7698368368261912, 0.3535784060019731, 0.5545216438254996, 0.4854856177709197, 0.43680315341506915, 0.7786443831090294, 0.3688315019375178, 0.3622799201148032, 0.6572878551725306, 0.6093278008448602, 0.4735111667449422, 0.6442387884047975], "coverage_estimated_second_order": [0.2706760862088, 0.2779715416284, 0.38665195052659995, 0.6082853217488999, 0.9215325260265999, 0.4249947161695401, 0.1533021408296, 0.14688037707, 0.7279381408343, 1.0225797885422, 1.0206200021632, 0.5460548055806, 0.3762011387074, 0.29706628944195, 0.5290524464864], "sol": [0.0, 0.0, 0.0, 0.0, 1.0, 0.0, 0.0, 0.0, 0.0, 1.0, 1.0, 0.0, 0.0, 0.0, 0.0], "coverage": [0.2812152777777778, 0.2923611111111111, 0.4180512152777778, 0.6680772569444444, 1.0, 0.4583246527777778, 0.13738715277777777, 0.13499565972222222, 0.7099348958333334, 1.0, 1.0, 0.5363368055555555, 0.41423177083333335, 0.3053168402777778, 0.5118489583333333], "coverage_estimated_first_order_diff": [0.289850740935632, 0.3124028109302855, 0.2534088809115833, 0.10175957988174678, -0.6464215939980269, 0.09619699104772184, 0.3480984649931419, 0.30180749369284693, 0.06870948727569604, -0.6311684980624822, -0.6377200798851967, 0.12095104961697511, 0.1950960300115268, 0.16819432646716442, 0.1323898300714642], "coverage_estimated_second_order_diff": [-0.010539191568977757, -0.01438956948271114, -0.031399264751177824, -0.05979193519554449, -0.07846747397340015, -0.03332993660823769, 0.015914988051822232, 0.011884717347777796, 0.018003245000966617, 0.022579788542200108, 0.020620002163199924, 0.009718000025044526, -0.03803063212593333, -0.008250550835827763, 0.017203488153066715]}