{"coverage_estimated_first_order": [1.29942843209346, 0.9969179194556806, 1.0862227240726317, 1.455465334465999, 0.9480433704480589, 0.9227801628842214, 0.9081186418244245, 0.7586979605267118, 0.7739994178158744, 0.7828590471557415, 0.9182144855423908, 0.760344049047536, 0.9005259123538715, 0.6798149265533838, 0.5400723173098886], "coverage_estimated_second_order": [0.7713164786688, 0.9643705211048, 0.9725405130178, 0.8328193141006002, 0.963775285923, 0.5337995938808, 0.40414155395569995, 0.2639501495363, 0.2349242225078, 0.19554661345719998, 0.4773261340728, 0.24390502136939998, 0.9620012453711999, 0.23275058690219, 0.9717947935406], "sol": [0.0, 1.0, 1.0, 0.0, 1.0, 0.0, 0.0, 0.0, 0.0, 0.0, 0.0, 0.0, 1.0, 0.0, 1.0], "coverage": [0.7788194444444444, 1.0, 1.0, 0.8605295138888889, 1.0, 0.524609375, 0.39468315972222223, 0.25786024305555555, 0.24766493055555555, 0.20256944444444444, 0.4922699652777778, 0.24948350694444443, 1.0, 0.22255208333333334, 1.0], "coverage_estimated_first_order_diff": [0.5206089876490155, -0.0030820805443193544, 0.08622272407263165, 0.59493582057711, -0.051956629551941136, 0.39817078788422133, 0.5134354821022022, 0.5008377174711562, 0.5263344872603188, 0.580289602711297, 0.42594452026461305, 0.5108605421030916, -0.09947408764612853, 0.4572628432200505, -0.4599276826901114], "coverage_estimated_second_order_diff": [-0.007502965775644355, -0.03562947889519996, -0.02745948698220002, -0.027710199788288703, -0.03622471407700001, 0.00919021888079996, 0.009458394233477718, 0.006089906480744478, -0.012740708047755539, -0.0070228309872444605, -0.014943831204977776, -0.005578485575044451, -0.03799875462880009, 0.010198503568856654, -0.028205206459399945]}