{"coverage_estimated_first_order": [0.9884295875823825, 1.4932573809595806, 1.0899671911773912, 1.3345433290505797, 1.196762816010886, 0.8160979402798086, 1.0579543870033146, 0.8783582643563566, 1.131126924140086, 1.1132520073402943, 1.1145920556842583, 1.2172318909412427, 1.1262052990552167, 0.9094106051926282, 1.0099182417368444], "coverage_estimated_second_order": [1.0213905364787, 0.8557129964490999, 0.9961415216342999, 0.5617542029013001, 0.44037754563600007, 0.18540981766839998, 0.39283356800099994, 0.26246277221900005, 0.8626507009433999, 0.8842230198582001, 0.8412215415236, 0.5399484967249999, 0.4014086669957, 0.37268476104894, 0.8540492448793999], "sol": [1.0, 0.0, 1.0, 0.0, 0.0, 0.0, 0.0, 0.0, 1.0, 1.0, 1.0, 0.0, 0.0, 0.0, 1.0], "coverage": [1.0, 0.8470616319444444, 1.0, 0.5661024305555555, 0.4465104166666667, 0.19160590277777778, 0.39250434027777775, 0.2672482638888889, 1.0, 1.0, 1.0, 0.5906901041666667, 0.4043880208333333, 0.3490842013888889, 1.0], "coverage_estimated_first_order_diff": [-0.01157041241761747, 0.6461957490151362, 0.08996719117739116, 0.7684408984950242, 0.7502523993442194, 0.6244920375020309, 0.6654500467255369, 0.6111100004674677, 0.1311269241400861, 0.11325200734029428, 0.11459205568425834, 0.6265417867745761, 0.7218172782218835, 0.5603264038037392, 0.009918241736844413], "coverage_estimated_second_order_diff": [0.02139053647869993, 0.008651364504655534, -0.00385847836570008, -0.004348227654255465, -0.00613287103066662, -0.0061960851093778024, 0.00032922772322219185, -0.004785491669888842, -0.1373492990566001, -0.11577698014179993, -0.15877845847640004, -0.05074160744166678, -0.002979353837633314, 0.02360055966005109, -0.14595075512060007]}