{"coverage_estimated_first_order": [1.1984581040111482, 1.3404523554122036, 1.04865476836798, 1.3134803951920777, 1.1706108624457616, 0.9268903913788952, 1.17362959273121, 1.047441505971656, 1.126432868180056, 1.22951043178813, 0.9036809096681039, 0.951830391899686, 1.2432692526420073, 0.5721651971267082, 1.1385537601954758], "coverage_estimated_second_order": [0.5243155260318, 0.6357361302548998, 0.9241984883400001, 0.5306844469178, 0.40639787083460005, 0.37580637315564, 0.9186057562759, 0.9139995638324001, 0.6171451120386, 0.6920975401258, 0.9484055412069999, 0.9331270861455001, 0.5599846327056, 0.98608077820736, 0.6323569584690001], "sol": [0.0, 0.0, 1.0, 0.0, 0.0, 0.0, 1.0, 1.0, 0.0, 0.0, 1.0, 1.0, 0.0, 1.0, 0.0], "coverage": [0.5612934027777777, 0.6806553819444444, 1.0, 0.5860807291666666, 0.454296875, 0.389765625, 1.0, 1.0, 0.6275911458333333, 0.7045225694444445, 1.0, 1.0, 0.5885980902777778, 1.0, 0.6315060763888889], "coverage_estimated_first_order_diff": [0.6371647012333704, 0.6597969734677592, 0.048654768367980106, 0.7273996660254111, 0.7163139874457616, 0.5371247663788952, 0.17362959273120993, 0.04744150597165597, 0.49884172234672264, 0.5249878623436856, -0.09631909033189612, -0.04816960810031401, 0.6546711623642295, -0.4278348028732918, 0.5070476838065869], "coverage_estimated_second_order_diff": [-0.036977876745977745, -0.04491925168954458, -0.07580151165999993, -0.05539628224886661, -0.04789900416539994, -0.013959251844360032, -0.08139424372409998, -0.08600043616759989, -0.0104460337947333, -0.01242502931864442, -0.051594458793000064, -0.0668729138544999, -0.028613457572177814, -0.013919221792640046, 0.0008508820801111927]}