{"coverage_estimated_first_order": [1.2553837704909312, 1.4063961423824318, 1.1693199658743176, 1.121043435259303, 1.3644825874319473, 1.0374625378324642, 1.1181372784422838, 0.9922879644133256, 1.05655694781772, 1.0979558404378096, 0.7838375777837866, 1.0875756251984239, 1.3536071375115695, 0.5677435975413712, 1.059397818111436], "coverage_estimated_second_order": [0.5888071669374, 0.7036654646253999, 1.019530475137, 1.0073906672456001, 0.7254514815629001, 0.5765515278414199, 0.9801414060147, 0.9786258801133001, 0.5092554471213999, 0.5105640138308001, 0.9516161263480001, 0.5066314501354, 0.7430586231224, 0.9887772258288599, 0.5486399962115], "sol": [0.0, 0.0, 1.0, 1.0, 0.0, 0.0, 1.0, 1.0, 0.0, 0.0, 1.0, 0.0, 0.0, 1.0, 0.0], "coverage": [0.5876822916666666, 0.6928255208333334, 1.0, 1.0, 0.7106640625, 0.5764670138888889, 1.0, 1.0, 0.5424348958333334, 0.5443229166666667, 1.0, 0.5243142361111112, 0.7301258680555556, 1.0, 0.5763802083333334], "coverage_estimated_first_order_diff": [0.6677014788242646, 0.7135706215490984, 0.16931996587431764, 0.12104343525930306, 0.6538185249319473, 0.46099552394357535, 0.11813727844228383, -0.007712035586674437, 0.5141220519843865, 0.5536329237711429, -0.2161624222162134, 0.5632613890873127, 0.6234812694560139, -0.43225640245862884, 0.4830176097781027], "coverage_estimated_second_order_diff": [0.0011248752707333498, 0.010839943792066542, 0.019530475137000014, 0.007390667245600113, 0.014787419062900042, 8.451395253106231e-05, -0.019858593985299988, -0.021374119886699905, -0.03317944871193346, -0.03375890283586658, -0.04838387365199992, -0.017682785975711157, 0.012932755066844437, -0.011222774171140149, -0.02774021212183342]}