{"coverage_estimated_first_order": [0.7699116020826657, 0.8116502035387101, 0.9094604781921736, 0.5798130186208594, 0.9010285369901321, 0.6114816438631249, 0.6916048596021769, 0.5786069687664223, 0.5965333017907775, 0.9674434152737805, 0.7320787694639765, 0.8143582663481749, 0.7854601293840133, 0.5578409847497615, 0.6684063429325], "coverage_estimated_second_order": [0.3629432497816, 0.36276903988029996, 0.5121988428708, 0.9180408703048001, 0.5899460766134, 0.30780529171732, 0.279935395422, 0.1897211999898, 0.972409385638, 0.6754244089468, 0.9874386454419999, 0.49867191014300005, 0.40515859789180003, 0.24826122452411, 0.9855974314483], "sol": [0.0, 0.0, 0.0, 1.0, 0.0, 0.0, 0.0, 0.0, 1.0, 0.0, 1.0, 0.0, 0.0, 0.0, 1.0], "coverage": [0.3906076388888889, 0.3949739583333333, 0.5634461805555555, 1.0, 0.6555598958333333, 0.33695746527777776, 0.2761284722222222, 0.19037760416666666, 1.0, 0.6776345486111112, 1.0, 0.48421875, 0.4455164930555556, 0.2524609375, 1.0], "coverage_estimated_first_order_diff": [0.37930396319377685, 0.41667624520537677, 0.34601429763661806, -0.42018698137914057, 0.24546864115679878, 0.2745241785853471, 0.4154763873799547, 0.3882293645997556, -0.40346669820922254, 0.28980886666266936, -0.26792123053602346, 0.3301395163481749, 0.33994363632845775, 0.30538004724976153, -0.3315936570675], "coverage_estimated_second_order_diff": [-0.02766438910728891, -0.03220491845303336, -0.051247337684755534, -0.08195912969519992, -0.06561381921993326, -0.02915217356045774, 0.003806923199777823, -0.0006564041768666595, -0.027590614362000054, -0.0022101396643111615, -0.012561354558000115, 0.014453160143000077, -0.04035789516375554, -0.004199712975889974, -0.014402568551699968]}