{"coverage_estimated_first_order": [0.8628237854319789, 0.94065791853481, 0.6384972946043813, 0.9139697933097679, 0.7935575223943444, 0.5656431915750337, 0.5679642777897174, 0.8662544078671145, 0.7385313887768814, 0.7194669555252864, 0.6694159244085083, 0.8210292775245596, 0.7796779542819042, 0.450010615805836, 0.6442002591292535], "coverage_estimated_second_order": [0.5403340528872, 0.618521266081, 0.940703026428, 0.5167512546448, 0.3561277111707, 0.18461702101001992, 1.0119579925846, 0.6628212389735999, 0.3750625467534, 0.32825193608319997, 1.035786433624, 0.5465775097994, 0.3913891366776, 0.03854505417378999, 1.0337642591698], "sol": [0.0, 0.0, 1.0, 0.0, 0.0, 0.0, 1.0, 0.0, 0.0, 0.0, 1.0, 0.0, 0.0, 0.0, 1.0], "coverage": [0.5652517361111111, 0.6549479166666666, 1.0, 0.5621484375, 0.39458333333333334, 0.19160590277777778, 1.0, 0.6529947916666666, 0.3466015625, 0.3024001736111111, 1.0, 0.5223524305555556, 0.42244791666666665, 0.03208767361111111, 1.0], "coverage_estimated_first_order_diff": [0.2975720493208678, 0.2857100018681433, -0.3615027053956187, 0.3518213558097679, 0.39897418906101106, 0.37403728879725595, -0.43203572221028264, 0.21325961620044787, 0.3919298262768814, 0.4170667819141753, -0.3305840755914917, 0.298676846969004, 0.3572300376152376, 0.4179229421947249, -0.3557997408707465], "coverage_estimated_second_order_diff": [-0.02491768322391108, -0.03642665058566663, -0.059296973572000033, -0.0453971828552, -0.03845562216263332, -0.00698888176775786, 0.011957992584600063, 0.009826447306933273, 0.02846098425339999, 0.02585176247208887, 0.035786433623999914, 0.024225079243844427, -0.031058779989066643, 0.006457380562678881, 0.03376425916979997]}