{"coverage_estimated_first_order": [0.9656390742805125, 1.0190702427230884, 1.2747316727071725, 1.104246300418179, 0.9850372038347769, 0.6338238287193885, 0.7220650763181361, 1.0149020194312566, 1.0606190811701177, 0.6672110072795423, 0.7093255405581417, 1.004808451321543, 0.9842552420386951, 0.6965681846394367, 0.9814423004856503], "coverage_estimated_second_order": [1.0153232917044, 1.0085774262112, 0.6893620830018, 0.4647004130769001, 0.3453189569368, 0.057669898510039994, 0.9798381732796, 0.6845332398216, 0.724315843766, 1.0133057982676001, 1.0254129754935999, 0.6658474202864, 0.42907377141259995, 0.29468257305641005, 0.640357164194], "sol": [1.0, 1.0, 0.0, 0.0, 0.0, 0.0, 1.0, 0.0, 0.0, 1.0, 1.0, 0.0, 0.0, 0.0, 0.0], "coverage": [1.0, 1.0, 0.6593576388888889, 0.4299131944444444, 0.31209635416666665, 0.03509548611111111, 1.0, 0.6844835069444445, 0.7113454861111111, 1.0, 1.0, 0.6539800347222222, 0.39940538194444447, 0.2950607638888889, 0.6266883680555555], "coverage_estimated_first_order_diff": [-0.034360925719487456, 0.019070242723088437, 0.6153740338182836, 0.6743331059737346, 0.6729408496681102, 0.5987283426082773, -0.2779349236818639, 0.3304185124868121, 0.34927359505900657, -0.3327889927204577, -0.2906744594418583, 0.35082841659932074, 0.5848498600942507, 0.4015074207505478, 0.3547539324300948], "coverage_estimated_second_order_diff": [0.015323291704399944, 0.008577426211199946, 0.030004444112911144, 0.03478721863245565, 0.033222602770133336, 0.022574412398928885, -0.02016182672040001, 4.973287715548391e-05, 0.012970357654888853, 0.013305798267600144, 0.025412975493599887, 0.011867385564177768, 0.029668389468155476, -0.0003781908324788641, 0.013668796138444517]}