{"coverage_estimated_first_order": [1.3231305890111569, 1.462919200691964, 1.6500823167626881, 1.3943627301599537, 1.7373054705822248, 1.0181119628980053, 1.4159850590678225, 0.8731929969383672, 1.4195260737755901, 1.0679943138517456, 1.302811887158536, 1.2393332469093667, 1.2941105623360623, 0.9857133994919005, 0.860787667650728], "coverage_estimated_second_order": [0.4458655709734, 0.5238035845243001, 0.6960361254509, 0.9666821152092001, 0.8308278106506002, 0.98622263459752, 0.7190097752119998, 0.9995803603326002, 0.7584176259500002, 1.0262134941232, 0.6343312582244, 0.6051606272134, 0.9752112180824001, 1.0095304425026101, 1.0040331888512], "sol": [0.0, 0.0, 0.0, 1.0, 0.0, 1.0, 0.0, 1.0, 0.0, 1.0, 0.0, 0.0, 1.0, 1.0, 1.0], "coverage": [0.46460069444444446, 0.5420182291666666, 0.7186545138888889, 1.0, 0.8551822916666667, 1.0, 0.7212890625, 1.0, 0.7376302083333334, 1.0, 0.6411805555555555, 0.6157118055555556, 1.0, 1.0, 1.0], "coverage_estimated_first_order_diff": [0.8585298945667124, 0.9209009715252974, 0.9314278028737992, 0.3943627301599537, 0.8821231789155581, 0.018111962898005318, 0.6946959965678224, -0.12680700306163284, 0.6818958654422568, 0.06799431385174559, 0.6616313316029804, 0.6236214413538111, 0.29411056233606225, -0.01428660050809949, -0.139212332349272], "coverage_estimated_second_order_diff": [-0.018735123471044446, -0.01821464464236655, -0.022618388437988912, -0.03331788479079989, -0.02435448101606652, -0.01377736540247998, -0.002279287288000198, -0.00041963966739977376, 0.020787417616666803, 0.026213494123199954, -0.006849297331155579, -0.010551178342155576, -0.024788781917599922, 0.009530442502610148, 0.004033188851199965]}