{"coverage_estimated_first_order": [1.6533581675153421, 1.3918979649944, 1.5167899393560995, 1.4588766046602484, 1.6953372104716125, 1.215759988373319, 1.2250453161395642, 1.0332896688086703, 1.0245699876101453, 1.4485671369171862, 1.3086136578361358, 1.1109780708403445, 1.3316743402126958, 0.8834883791108773, 0.8784657062175854], "coverage_estimated_second_order": [0.6743146506846001, 0.8540697546732, 0.8541308885348, 0.8643248306008002, 0.684324302681, 0.5800294101177399, 0.41220320224530005, 0.2699672513262, 1.0250169057876, 0.7322769180022001, 0.6041423905248999, 0.3775222992439, 0.8659816418465999, 0.9968594184963699, 1.0064025286400002], "sol": [0.0, 1.0, 1.0, 1.0, 0.0, 0.0, 0.0, 0.0, 1.0, 0.0, 0.0, 0.0, 1.0, 1.0, 1.0], "coverage": [0.7734201388888889, 1.0, 1.0, 1.0, 0.7729817708333333, 0.5917317708333333, 0.4209765625, 0.2796050347222222, 1.0, 0.7063758680555555, 0.5973307291666666, 0.37741319444444443, 1.0, 1.0, 1.0], "coverage_estimated_first_order_diff": [0.8799380286264532, 0.3918979649944001, 0.5167899393560995, 0.4588766046602484, 0.9223554396382792, 0.6240282175399857, 0.8040687536395643, 0.7536846340864481, 0.024569987610145283, 0.7421912688616307, 0.7112829286694692, 0.7335648763959001, 0.3316743402126958, -0.1165116208891227, -0.12153429378241465], "coverage_estimated_second_order_diff": [-0.09910548820428888, -0.1459302453268, -0.14586911146519999, -0.13567516939919977, -0.08865746815233333, -0.011702360715593385, -0.008773360254699936, -0.009637783396022226, 0.025016905787599963, 0.02590104994664455, 0.006811661358233301, 0.00010910479945558382, -0.13401835815340013, -0.0031405815036300577, 0.006402528640000238]}