{"coverage_estimated_first_order": [1.3628167432542024, 1.5450716720772777, 1.3800025997635599, 1.4017196135628964, 1.7199202035569603, 1.0374625378324642, 1.3792755846341564, 0.834243409332467, 1.2043568366361883, 1.2679871237854958, 1.2108408796724024, 1.227082795953828, 1.531835866768729, 1.0171355514300617, 1.071496530371258], "coverage_estimated_second_order": [0.5067151765189, 0.6429156000951, 0.9777595021341999, 1.0003698596502, 0.8253026384206001, 0.9958759191731199, 0.7026824772008001, 0.9879895717892001, 0.9349930531632, 0.9411183116472001, 0.45563817991109995, 0.5306211438202, 0.7323066798984, 0.91840616827769, 0.3534317949292], "sol": [0.0, 0.0, 1.0, 1.0, 0.0, 1.0, 0.0, 1.0, 1.0, 1.0, 0.0, 0.0, 0.0, 1.0, 0.0], "coverage": [0.5175954861111111, 0.6533376736111111, 1.0, 1.0, 0.8218532986111111, 1.0, 0.7179774305555555, 1.0, 1.0, 1.0, 0.4518012152777778, 0.5262065972222222, 0.7418185763888889, 1.0, 0.34973524305555553], "coverage_estimated_first_order_diff": [0.8452212571430914, 0.8917339984661666, 0.3800025997635599, 0.4017196135628964, 0.8980669049458492, 0.03746253783246423, 0.6612981540786009, -0.165756590667533, 0.2043568366361883, 0.26798712378549583, 0.7590396643946247, 0.7008761987316058, 0.7900172903798401, 0.017135551430061735, 0.7217612873157024], "coverage_estimated_second_order_diff": [-0.01088030959221109, -0.010422073516011099, -0.02224049786580007, 0.00036985965019997735, 0.003449339809489027, -0.004124080826880094, -0.015294953354755392, -0.012010428210799895, -0.06500694683679997, -0.058881688352799944, 0.0038369646333221707, 0.004414546597977798, -0.009511896490488891, -0.08159383172231005, 0.0036965518736444825]}