{"coverage_estimated_first_order": [1.1702551542134672, 1.6839725762905287, 1.6737648359384545, 1.2521249521722728, 1.5048801829457163, 1.097956218019372, 1.3057441233974572, 1.130314006388121, 1.2689995916485988, 1.2959334820918298, 1.1406085510048933, 1.3048608885879494, 1.4996053981880075, 0.6822449005305877, 1.074511885825185], "coverage_estimated_second_order": [0.9704543652788, 0.8053890350483, 0.7317128211306001, 0.9287193041556, 0.6909084096447001, 0.48731587277919997, 0.9338777125373001, 0.9424657292426001, 0.5759814484324, 0.5666805907766, 0.9735014648735999, 0.5773639088434, 0.717091100239, 0.9882560145402499, 0.9691669620353002], "sol": [1.0, 0.0, 0.0, 1.0, 0.0, 0.0, 1.0, 1.0, 0.0, 0.0, 1.0, 0.0, 0.0, 1.0, 1.0], "coverage": [1.0, 0.8370486111111111, 0.7866189236111111, 1.0, 0.7356510416666666, 0.5233376736111112, 1.0, 1.0, 0.5775130208333333, 0.5765017361111111, 1.0, 0.5793142361111111, 0.7400694444444444, 1.0, 1.0], "coverage_estimated_first_order_diff": [0.17025515421346715, 0.8469239651794176, 0.8871459123273434, 0.2521249521722728, 0.7692291412790497, 0.5746185444082609, 0.30574412339745716, 0.13031400638812096, 0.6914865708152654, 0.7194317459807187, 0.14060855100489333, 0.7255466524768382, 0.7595359537435631, -0.31775509946941227, 0.07451188582518498], "coverage_estimated_second_order_diff": [-0.029545634721199976, -0.03165957606281111, -0.054906102480510977, -0.0712806958444, -0.04474263202196649, -0.0360218008319112, -0.06612228746269988, -0.05753427075739992, -0.0015315724009333787, -0.009821145334511061, -0.026498535126400102, -0.0019503272677110495, -0.022978344205444423, -0.011743985459750084, -0.030833037964699828]}