{"coverage_estimated_first_order": [1.0038106256217352, 0.6283540486542732, 1.0570428300539556, 0.6464020723522783, 0.9521106229167958, 0.6191686008205717, 0.737418989237675, 0.60594463492932, 0.7363311015466424, 0.7125679384187684, 0.631496633938972, 0.7451276127470311, 0.8401998092055804, 0.45994898267644846, 0.6037251062038624], "coverage_estimated_second_order": [0.7973188216932, 1.0234077441835, 0.7898921548304, 1.0082923017756, 0.6780159450134, 0.32127759288474, 0.3861532846697, 0.25263421220360005, 0.3720062726892, 0.3191684684538, 1.0317896863234, 0.4289533096121999, 0.5261266960866, 0.06470049757218, 1.0429191913425], "sol": [0.0, 1.0, 0.0, 1.0, 0.0, 0.0, 0.0, 0.0, 0.0, 0.0, 1.0, 0.0, 0.0, 0.0, 1.0], "coverage": [0.7797526041666667, 1.0, 0.7803993055555556, 1.0, 0.6827170138888888, 0.34283854166666666, 0.39037760416666667, 0.25741753472222223, 0.3445095486111111, 0.29865885416666665, 1.0, 0.41064670138888887, 0.5324782986111111, 0.06476996527777777, 1.0], "coverage_estimated_first_order_diff": [0.22405802145506848, -0.37164595134572675, 0.2766435244984, -0.3535979276477217, 0.269393609027907, 0.276330059153905, 0.34704138507100835, 0.3485271002070978, 0.3918215529355313, 0.41390908425210177, -0.36850336606102796, 0.33448091135814223, 0.3077215105944693, 0.3951790173986707, -0.39627489379613756], "coverage_estimated_second_order_diff": [0.017566217526533312, 0.02340774418349989, 0.009492849274844395, 0.00829230177560003, -0.004701068875488823, -0.02156094878192666, -0.004224319496966666, -0.0047833225186221795, 0.027496724078088897, 0.020509614287133326, 0.03178968632339996, 0.01830660822331104, -0.0063516025245110574, -6.946770559777826e-05, 0.042919191342499996]}