{"coverage_estimated_first_order": [1.007463179275964, 1.078493869407739, 1.3640285908729606, 1.3024411680566332, 0.8313025068681985, 0.9234558005868044, 0.6770768775063297, 0.9683749915532665, 0.811395011621399, 0.8541704128265142, 0.7734342925117518, 0.7621552703245109, 1.1702381414458163, 0.48962626000191495, 0.7295171672303198], "coverage_estimated_second_order": [0.9987993182386001, 1.0036987149446002, 0.8086020675958001, 0.8153207936228001, 0.9894622284222, 0.6021695867101401, 0.9641230071796, 0.6278663056531999, 0.2674255363847, 0.29766908495479993, 0.18366582795840003, 0.2260754682708, 0.7213560369363999, 0.99191876501498, 0.1863955719828], "sol": [1.0, 1.0, 0.0, 0.0, 1.0, 0.0, 1.0, 0.0, 0.0, 0.0, 0.0, 0.0, 0.0, 1.0, 0.0], "coverage": [1.0, 1.0, 0.7970529513888889, 0.8206510416666667, 1.0, 0.6180121527777778, 1.0, 0.6384678819444445, 0.24788194444444445, 0.2808159722222222, 0.16264322916666665, 0.21149739583333332, 0.7297005208333334, 1.0, 0.1634201388888889], "coverage_estimated_first_order_diff": [0.007463179275964071, 0.07849386940773906, 0.5669756394840717, 0.48179012638996654, -0.1686974931318015, 0.30544364780902666, -0.3229231224936703, 0.32990710960882197, 0.5635130671769546, 0.573354440604292, 0.6107910633450852, 0.5506578744911776, 0.4405376206124829, -0.510373739998085, 0.5660970283414308], "coverage_estimated_second_order_diff": [-0.0012006817613998688, 0.0036987149446001677, 0.011549116206911236, -0.0053302480438666144, -0.010537771577800004, -0.015842566067637676, -0.03587699282040002, -0.010601576291244585, 0.019543591940255567, 0.016853112732577724, 0.021022598791733377, 0.014578072437466671, -0.00834448389693343, -0.008081234985020003, 0.02297543309391109]}