{"coverage_estimated_first_order": [1.4791160479721386, 1.6275634790498565, 1.6129875106964535, 1.43156183413974, 1.619117365584064, 1.0595844180432135, 1.352770781742435, 1.1596878925414844, 1.08573105862863, 1.124243071701975, 0.9484216993381178, 1.2141112444094744, 1.538888133429707, 0.8117180585789032, 1.2212415525940203], "coverage_estimated_second_order": [0.6440988797703999, 0.6205169122394, 0.6437221245502, 0.7620808892754001, 0.5985838693073001, 0.38334027391313996, 0.7968582164792002, 0.8678584093179, 0.28804036831509994, 0.27425517907259994, 0.9233760364848, 0.477611272051, 0.5285867886457999, 0.07259947824729, 0.5419787622034999], "sol": [1.0, 1.0, 1.0, 1.0, 0.0, 0.0, 1.0, 1.0, 0.0, 0.0, 1.0, 0.0, 0.0, 0.0, 0.0], "coverage": [1.0, 1.0, 1.0, 1.0, 0.6994401041666667, 0.3917404513888889, 1.0, 1.0, 0.3124609375, 0.29974826388888887, 1.0, 0.5059505208333334, 0.6340755208333333, 0.0728515625, 0.6016970486111111], "coverage_estimated_first_order_diff": [0.4791160479721386, 0.6275634790498565, 0.6129875106964535, 0.43156183413974003, 0.9196772614173974, 0.6678439666543246, 0.35277078174243504, 0.1596878925414844, 0.7732701211286299, 0.824494807813086, -0.05157830066188218, 0.708160723576141, 0.9048126125963738, 0.7388664960789032, 0.6195445039829093], "coverage_estimated_second_order_diff": [-0.3559011202296001, -0.3794830877606, -0.35627787544980005, -0.23791911072459992, -0.10085623485936657, -0.008400177475748949, -0.2031417835207998, -0.13214159068209996, -0.024420569184900043, -0.025493084816288925, -0.07662396351519996, -0.02833924878233335, -0.10548873218753341, -0.00025208425270999146, -0.05971828640761112]}