{"coverage_estimated_first_order": [1.3738674655027994, 1.0797820220319807, 1.592216254846221, 1.261112805221599, 1.588543847473494, 0.7897790944039799, 1.3048914585616962, 0.7591989756845042, 0.9463168249966598, 0.9741226100252591, 0.7451679355553891, 1.0015424604994414, 1.0952726622276914, 0.8788511681016032, 1.0157930692990846], "coverage_estimated_second_order": [0.766081273627, 0.9925357122444, 0.8452731236722, 0.9986727481276001, 0.8628515885718, 0.9969880605561401, 0.7774499214729, 1.0077940057927002, 0.2965925042402, 0.2869659092058, 0.9747883481188, 0.44006717318940003, 0.9854105415268, 0.37822537155851005, 0.5178894995109], "sol": [0.0, 1.0, 0.0, 1.0, 0.0, 1.0, 0.0, 1.0, 0.0, 0.0, 1.0, 0.0, 1.0, 0.0, 0.0], "coverage": [0.7663324652777778, 1.0, 0.8547482638888889, 1.0, 0.8599435763888889, 1.0, 0.7699045138888889, 1.0, 0.3161675347222222, 0.3030859375, 1.0, 0.4553298611111111, 1.0, 0.3698914930555556, 0.5446788194444444], "coverage_estimated_first_order_diff": [0.6075350002250216, 0.0797820220319807, 0.7374679909573322, 0.26111280522159896, 0.7286002710846052, -0.21022090559602014, 0.5349869446728073, -0.24080102431549577, 0.6301492902744377, 0.6710366725252591, -0.25483206444461093, 0.5462125993883302, 0.09527266222769137, 0.5089596750460477, 0.47111424985464023], "coverage_estimated_second_order_diff": [-0.0002511916507778045, -0.007464287755600041, -0.009475140216688938, -0.0013272518723999038, 0.002908012182911146, -0.0030119394438599123, 0.007545407584011121, 0.007794005792700176, -0.019575030482022193, -0.016120028294200006, -0.025211651881200003, -0.015262687921711093, -0.014589458473200034, 0.008333878502954473, -0.026789319933544387]}