{"coverage_estimated_first_order": [1.335271405633405, 1.4613807711209281, 1.6197165391758537, 1.3706366829409824, 1.277852556670819, 1.2767957387877078, 0.9844428382080294, 1.2899552275534163, 1.275607348700942, 1.3859311541769213, 1.34020013685519, 1.0979590237374914, 1.5193261739330994, 0.9327285469597785, 1.1716371374278325], "coverage_estimated_second_order": [0.473499975009, 0.5395916334768999, 0.6786646329974999, 1.0246278378239, 1.0366932515069, 0.6619781526133399, 0.9802362001645001, 0.6791104152195999, 0.8635917178686999, 0.8681080541782, 0.5804134283667, 0.9490383679268001, 0.741473290834, 0.90921553432884, 0.46127546408599995], "sol": [0.0, 0.0, 0.0, 1.0, 1.0, 0.0, 1.0, 0.0, 1.0, 1.0, 0.0, 1.0, 0.0, 1.0, 0.0], "coverage": [0.4984765625, 0.5653125, 0.6902821180555555, 1.0, 1.0, 0.6357725694444445, 1.0, 0.6846050347222222, 1.0, 1.0, 0.59609375, 1.0, 0.7487847222222223, 1.0, 0.4792838541666667], "coverage_estimated_first_order_diff": [0.8367948431334049, 0.8960682711209281, 0.9294344211202982, 0.3706366829409824, 0.277852556670819, 0.6410231693432633, -0.015557161791970642, 0.6053501928311941, 0.27560734870094206, 0.38593115417692125, 0.7441063868551899, 0.09795902373749144, 0.7705414517108772, -0.06727145304022153, 0.6923532832611659], "coverage_estimated_second_order_diff": [-0.024976587491000013, -0.025720866523100128, -0.011617485058055599, 0.02462783782389999, 0.03669325150690006, 0.02620558316889543, -0.019763799835499918, -0.005494619502622311, -0.13640828213130007, -0.13189194582179997, -0.01568032163330002, -0.050961632073199925, -0.0073114313882222115, -0.09078446567116005, -0.018008390080666736]}