{"coverage_estimated_first_order": [1.152563075838585, 1.2405650646818116, 1.5964804034069544, 1.5932801905693075, 1.1641060449738394, 0.8126633494877212, 1.2869919312524782, 0.7150045220990708, 0.9434474917337471, 0.9714290004579589, 0.7617621040096278, 1.000813379317965, 1.3010300484905057, 0.8211011704714878, 1.034211798951918], "coverage_estimated_second_order": [1.0136011331182, 1.0167897014766, 0.8581226952768001, 0.8579332468637002, 1.0281567123828002, 1.03501038063082, 0.7612596479663001, 0.9972463605252, 0.2903866696829, 0.281012603257, 0.9720404854947999, 0.4387056703144, 0.6377988764511999, 0.27663867342292, 0.5377563426532], "sol": [1.0, 1.0, 0.0, 0.0, 1.0, 1.0, 0.0, 1.0, 0.0, 0.0, 1.0, 0.0, 0.0, 0.0, 0.0], "coverage": [1.0, 1.0, 0.8334375, 0.8280121527777777, 1.0, 1.0, 0.7547699652777777, 1.0, 0.3091579861111111, 0.2963411458333333, 1.0, 0.4540017361111111, 0.6245355902777778, 0.26402777777777775, 0.5636935763888888], "coverage_estimated_first_order_diff": [0.15256307583858497, 0.2405650646818116, 0.7630429034069544, 0.7652680377915297, 0.1641060449738394, -0.18733665051227877, 0.5322219659747005, -0.28499547790092916, 0.634289505622636, 0.6750878546246255, -0.23823789599037215, 0.5468116432068539, 0.6764944582127279, 0.55707339269371, 0.4705182225630291], "coverage_estimated_second_order_diff": [0.013601133118199993, 0.016789701476600083, 0.02468519527680002, 0.029921094085922473, 0.028156712382800153, 0.03501038063081996, 0.006489682688522347, -0.002753639474800007, -0.018771316428211116, -0.015328542576333315, -0.027959514505200067, -0.015296065796711111, 0.013263286173422095, 0.012610895645142228, -0.02593723373568879]}