{"coverage_estimated_first_order": [0.5259615473470537, 0.5905316789235466, 0.6110926114378881, 0.5941960178340562, 0.5538425430524039, 0.4864745741562503, 0.7222865266562326, 0.26124711290960256, 0.39079314969238305, 0.8314744191348497, 0.5600718395774049, 0.5535718994379459, 0.6344048263868189, 0.33365538375621356, 0.4842762529242136], "coverage_estimated_second_order": [0.1493529832192, 0.2014547389106, 0.1854058059468, 0.14326917909140002, 0.12385637957080001, 0.21752540546593999, 0.6006865419195, 0.9678761825267, 0.9910531331821999, 0.7284797686386, 0.37053485259409996, 0.385580475057, 0.336462130344, 1.01517991516866, 0.275245701689], "sol": [0.0, 0.0, 0.0, 0.0, 0.0, 0.0, 0.0, 1.0, 1.0, 0.0, 0.0, 0.0, 0.0, 1.0, 0.0], "coverage": [0.10900173611111111, 0.1554861111111111, 0.1282421875, 0.07786892361111111, 0.060980902777777776, 0.19815972222222222, 0.6180034722222222, 1.0, 1.0, 0.7313237847222223, 0.4018098958333333, 0.4127777777777778, 0.2941232638888889, 1.0, 0.2991449652777778], "coverage_estimated_first_order_diff": [0.4169598112359426, 0.43504556781243553, 0.4828504239378881, 0.5163270942229451, 0.4928616402746261, 0.28831485193402806, 0.10428305443401042, -0.7387528870903974, -0.6092068503076169, 0.10015063441262739, 0.1582619437440716, 0.14079412166016814, 0.34028156249793007, -0.6663446162437865, 0.18513128764643583], "coverage_estimated_second_order_diff": [0.04035124710808888, 0.045968627799488904, 0.05716361844680001, 0.06540025548028891, 0.06287547679302223, 0.019365683243717763, -0.01731693030272219, -0.032123817473299954, -0.008946866817800103, -0.0028440160836222805, -0.03127504323923336, -0.027197302720777805, 0.042338866455111146, 0.015179915168660019, -0.023899263588777808]}