{"coverage_estimated_first_order": [0.7984604884391624, 0.8676831989600902, 0.9379484914757246, 0.9983869180416292, 0.5309791446623019, 0.6797490181778886, 0.7623384034708889, 0.6864429645283471, 0.6341371334493765, 0.6616357757416373, 0.8370280549738237, 0.7675500844505868, 0.8578097279252467, 0.46870254935557343, 0.45540955717565335], "coverage_estimated_second_order": [0.41679406035919997, 0.4605768923502, 0.54778258562, 0.684398044645, 0.9263899718108, 0.42627179919682, 1.0296562531562001, 1.0269053997570001, 0.2333782410314, 0.2430752210438, 0.574447015753, 0.46236787115820005, 0.5071108702686, 0.07380902234848999, 0.971221390826], "sol": [0.0, 0.0, 0.0, 0.0, 1.0, 0.0, 1.0, 1.0, 0.0, 0.0, 0.0, 0.0, 0.0, 0.0, 1.0], "coverage": [0.4353081597222222, 0.48391493055555557, 0.5852777777777778, 0.7435199652777778, 1.0, 0.4583246527777778, 1.0, 1.0, 0.24589409722222222, 0.2519401041666667, 0.5845572916666667, 0.45884114583333335, 0.5372873263888889, 0.06891059027777778, 1.0], "coverage_estimated_first_order_diff": [0.3631523287169402, 0.3837682684045346, 0.3526707136979468, 0.2548669527638514, -0.4690208553376981, 0.2214243654001108, -0.23766159652911112, -0.3135570354716529, 0.3882430362271543, 0.40969567157497067, 0.252470763307157, 0.30870893861725346, 0.3205224015363578, 0.39979195907779563, -0.5445904428243467], "coverage_estimated_second_order_diff": [-0.01851409936302223, -0.02333803820535557, -0.037495192157777746, -0.05912192063277777, -0.07361002818920004, -0.032052853580957774, 0.02965625315620013, 0.026905399757000126, -0.012515856190822211, -0.008864883122866679, -0.010110275913666755, 0.0035267253248666974, -0.030176456120288853, 0.004898432070712208, -0.02877860917399999]}