{"coverage_estimated_first_order": [1.1085559076856242, 0.805694228589596, 0.8841216310361699, 1.2600596981689816, 0.7712541674470722, 0.7975527885318324, 0.7177553387593633, 0.6105884587682127, 0.5615928453497259, 0.5849111949745495, 0.5764391618868502, 0.5424741973005179, 0.7320275611139144, 0.5692578569194384, 0.5400723173098886], "coverage_estimated_second_order": [0.758610611334, 0.982841772824, 0.993904850446, 0.845994843358, 0.9832396796639999, 0.5397031054564001, 0.3285462268362, 0.2298978419797, 0.0455607340252, 0.047346438671, 0.068023990944, 0.0478009891242, 0.9814676821800001, 0.23307353837155, 0.0876330740472], "sol": [0.0, 1.0, 1.0, 0.0, 1.0, 0.0, 0.0, 0.0, 0.0, 0.0, 0.0, 0.0, 1.0, 0.0, 0.0], "coverage": [0.7505164930555556, 1.0, 1.0, 0.8515842013888889, 1.0, 0.524609375, 0.3126085069444444, 0.22101996527777779, 0.013381076388888889, 0.012999131944444445, 0.032061631944444446, 0.014839409722222223, 1.0, 0.22224826388888888, 0.06022569444444444], "coverage_estimated_first_order_diff": [0.3580394146300686, -0.19430577141040395, -0.11587836896383008, 0.40847549678009265, -0.2287458325529278, 0.2729434135318324, 0.40514683181491884, 0.3895684934904349, 0.548211768960837, 0.571912063030105, 0.5443775299424057, 0.5276347875782957, -0.2679724388860856, 0.34700959303054957, 0.47984662286544416], "coverage_estimated_second_order_diff": [0.008094118278444418, -0.017158227176000018, -0.0060951495540000344, -0.005589358030888891, -0.016760320336000056, 0.015093730456400056, 0.015937719891755575, 0.008877876701922222, 0.032179657636311115, 0.03434730672655556, 0.03596235899955555, 0.032961579401977775, -0.018532317819999866, 0.010825274482661129, 0.027407379602755556]}