{"coverage_estimated_first_order": [1.213864727437544, 1.7619313363727043, 1.3743645890868812, 1.650796812542734, 1.4775673167982653, 0.9867084338632167, 1.5214319747960128, 0.9207385596983795, 1.4140229781960376, 1.0268435003712877, 1.180851878251004, 1.3517333841257932, 1.1664201800462908, 0.9966855911343723, 1.0877514072029164], "coverage_estimated_second_order": [0.9781710067048, 0.8488843236788998, 0.9631655926809, 0.6969223716502, 0.575471229368, 0.2771364972593999, 0.8055705622616, 0.9837043553128, 0.7029427334556, 0.9639437525896001, 0.9767528121269999, 0.6614984218632, 0.9758269666554, 0.42208367033938005, 0.9708569321896], "sol": [1.0, 0.0, 1.0, 0.0, 0.0, 0.0, 0.0, 1.0, 0.0, 1.0, 1.0, 0.0, 1.0, 0.0, 1.0], "coverage": [1.0, 0.8765885416666667, 1.0, 0.7316189236111111, 0.6035633680555555, 0.2905034722222222, 0.8192057291666667, 1.0, 0.7253385416666667, 1.0, 1.0, 0.6663237847222222, 1.0, 0.4346050347222222, 1.0], "coverage_estimated_first_order_diff": [0.21386472743754403, 0.8853427947060376, 0.3743645890868812, 0.9191778889316228, 0.8740039487427097, 0.6962049616409944, 0.7022262456293461, -0.07926144030162052, 0.688684436529371, 0.026843500371287687, 0.18085187825100402, 0.685409599403571, 0.16642018004629078, 0.56208055641215, 0.08775140720291641], "coverage_estimated_second_order_diff": [-0.02182899329520005, -0.0277042179877669, -0.03683440731910004, -0.03469655196091115, -0.028092138687555557, -0.013366974962822298, -0.01363516690506672, -0.016295644687200017, -0.02239580821106668, -0.03605624741039992, -0.023247187873000064, -0.004825362859022242, -0.02417303334459997, -0.012521364382842182, -0.029143067810399992]}