{"coverage_estimated_first_order": [0.3536548607550224, 0.787888758688507, 0.6936584714290579, 0.6337439729944511, 0.5801856042618341, 0.37568212305716375, 0.527885475679298, 0.4487822405212628, 0.7789522821437412, 0.36912720790637954, 0.3804527495019373, 0.6581410498471923, 0.5514832921426359, 0.4609313058031088, 0.6675181501131203], "coverage_estimated_second_order": [0.933909301222, 0.6455763862004, 0.4321766854748, 0.2912800862315, 0.22821582832020004, 0.025813014730019998, 0.2684252317836, 0.187317044665, 0.7287320152184, 1.0232452376460002, 1.026675006, 0.548430902642, 0.2364518654202, 0.27542903273669006, 0.5762620918376], "sol": [1.0, 0.0, 0.0, 0.0, 0.0, 0.0, 0.0, 0.0, 0.0, 1.0, 1.0, 0.0, 0.0, 0.0, 0.0], "coverage": [1.0, 0.6872873263888889, 0.46129774305555554, 0.3049088541666667, 0.23151475694444446, 0.0, 0.28064670138888886, 0.19188368055555555, 0.7102517361111111, 1.0, 1.0, 0.5376432291666666, 0.24713975694444446, 0.2843185763888889, 0.5642013888888889], "coverage_estimated_first_order_diff": [-0.6463451392449776, 0.10060143229961815, 0.23236072837350236, 0.3288351188277844, 0.3486708473173896, 0.37568212305716375, 0.24723877429040914, 0.25689855996570726, 0.0687005460326301, -0.6308727920936205, -0.6195472504980627, 0.12049782068052572, 0.30434353519819146, 0.1766127294142199, 0.10331676122423139], "coverage_estimated_second_order_diff": [-0.066090698778, -0.041710940188488865, -0.02912105758075556, -0.013628767935166708, -0.0032989286242444127, 0.025813014730019998, -0.01222146960528886, -0.004566635890555559, 0.01848027910728889, 0.023245237646000172, 0.026675006000000057, 0.010787673475333381, -0.010687891524244458, -0.00888954365219885, 0.012060702948711088]}