{"coverage_estimated_first_order": [1.005684761383086, 1.1498976454069179, 0.8681862334072772, 1.2058009027715442, 1.0741709155374175, 0.736253685158442, 1.173656229408655, 0.6517489295360013, 0.6321790257630879, 1.1373605322281655, 0.9687705827862793, 0.6806234158473842, 0.7851310562601497, 0.7665768888938589, 0.8374556334668893], "coverage_estimated_second_order": [0.5230675656306001, 0.6587076352625, 1.001598728513, 0.7088388866446, 0.5672544679388001, 0.28477964190141997, 0.7898739419210998, 1.0260403054890999, 1.0099215163688, 0.7823924250832001, 0.5647393275428, 1.0407487596614, 1.0208906753232, 0.42094351636419003, 0.44054340297079997], "sol": [0.0, 0.0, 1.0, 0.0, 0.0, 0.0, 0.0, 1.0, 1.0, 0.0, 0.0, 1.0, 1.0, 0.0, 0.0], "coverage": [0.5248784722222222, 0.6646788194444444, 1.0, 0.7147786458333333, 0.5746831597222222, 0.2905034722222222, 0.7695095486111111, 1.0, 1.0, 0.7672829861111111, 0.5535503472222222, 1.0, 1.0, 0.4304383680555556, 0.4402907986111111], "coverage_estimated_first_order_diff": [0.48080628916086376, 0.48521882596247345, -0.13181376659272281, 0.4910222569382109, 0.49948775581519533, 0.4457502129362198, 0.4041466807975439, -0.3482510704639987, -0.36782097423691207, 0.37007754611705435, 0.41522023556405707, -0.31937658415261583, -0.21486894373985033, 0.3361385208383033, 0.39716483485577825], "coverage_estimated_second_order_diff": [-0.0018109065916220857, -0.005971184181944422, 0.001598728512999914, -0.00593975918873324, -0.007428691783422092, -0.005723830320802259, 0.020364393309988738, 0.026040305489099858, 0.00992151636880001, 0.01510943897208894, 0.011188980320577802, 0.040748759661400014, 0.020890675323200103, -0.009494851691365547, 0.0002526043596888794]}