{"coverage_estimated_first_order": [1.3698013818194321, 1.4967399274142634, 1.6486611085471707, 1.3872439128551788, 1.2782729846858554, 1.2767957387877078, 1.2254488990233783, 1.0905123354150301, 1.0242039451038623, 1.4727173049421398, 1.36952487579527, 1.2530663792424717, 1.560022381403795, 0.8056606229667771, 0.9244651795949582], "coverage_estimated_second_order": [0.5128950499638, 0.5725911734279999, 0.699593858528, 1.0096465597170001, 1.0358989960251, 0.6619781526133401, 0.9873999565395001, 0.9896569603062999, 1.0246808417604, 0.7797867985017999, 0.6901493824909, 0.5843918284896, 0.7719582546184001, 1.01252487180974, 0.9934298353946002], "sol": [0.0, 0.0, 0.0, 1.0, 1.0, 0.0, 1.0, 1.0, 1.0, 0.0, 0.0, 0.0, 0.0, 1.0, 1.0], "coverage": [0.5324392361111111, 0.5909895833333333, 0.7029036458333333, 1.0, 1.0, 0.6357725694444445, 1.0, 1.0, 1.0, 0.7577907986111111, 0.6849522569444444, 0.5816883680555556, 0.7672916666666667, 1.0, 1.0], "coverage_estimated_first_order_diff": [0.837362145708321, 0.9057503440809301, 0.9457574627138374, 0.3872439128551788, 0.2782729846858554, 0.6410231693432633, 0.22544889902337828, 0.09051233541503012, 0.024203945103862257, 0.7149265063310287, 0.6845726188508257, 0.6713780111869161, 0.7927307147371283, -0.1943393770332229, -0.07553482040504178], "coverage_estimated_second_order_diff": [-0.019544186147311127, -0.01839840990533337, -0.003309787305333267, 0.009646559717000125, 0.03589899602509994, 0.026205583168895652, -0.012600043460499921, -0.010343039693700096, 0.024680841760400085, 0.02199599989068879, 0.005197125546455572, 0.002703460434044458, 0.004666587951733359, 0.012524871809739935, -0.006570164605399831]}