{"coverage_estimated_first_order": [1.316941799023016, 1.0138382350617525, 1.4715510573398833, 1.4535497651543736, 1.3946721224873082, 0.6792069479504109, 1.3603837728506223, 0.8143525172428348, 1.0161927453589958, 1.1056772013755798, 0.8650112674397062, 0.8657972272007033, 0.9849347773581292, 0.8832727676869403, 1.0949490113831242], "coverage_estimated_second_order": [0.7351292274664001, 0.9938208296895998, 0.7908014659788, 0.782899940078, 0.7818974833887999, 1.00725077168842, 0.8125719678698, 1.0049557389671002, 0.4091167018666, 0.47827288983800004, 1.0004441507068, 1.0127746259781998, 1.0325358718172, 0.39447805756518006, 0.6066334528708], "sol": [0.0, 1.0, 0.0, 0.0, 0.0, 1.0, 0.0, 1.0, 0.0, 0.0, 1.0, 1.0, 1.0, 0.0, 0.0], "coverage": [0.7380902777777778, 1.0, 0.8008723958333334, 0.7865842013888888, 0.7799565972222222, 1.0, 0.8067100694444445, 1.0, 0.40674913194444445, 0.46971788194444447, 1.0, 1.0, 1.0, 0.38636284722222225, 0.6035026041666667], "coverage_estimated_first_order_diff": [0.5788515212452381, 0.013838235061752524, 0.67067866150655, 0.6669655637654848, 0.614715525265086, -0.3207930520495891, 0.5536737034061778, -0.18564748275716525, 0.6094436134145513, 0.6359593194311353, -0.13498873256029376, -0.1342027727992967, -0.015065222641870823, 0.49690992046471805, 0.4914464072164575], "coverage_estimated_second_order_diff": [-0.002961050311377722, -0.006179170310400162, -0.010070929854533395, -0.0036842613108888367, 0.0019408861665777266, 0.007250771688420032, 0.005861898425355561, 0.0049557389671002205, 0.0023675699221555324, 0.008555007893555566, 0.00044415070680003943, 0.012774625978199783, 0.03253587181719997, 0.008115210342957813, 0.003130848704133271]}