{"coverage_estimated_first_order": [0.9584983786917524, 0.6109982706340897, 0.9769129941313516, 0.8600795425825482, 0.7814845116093241, 0.619388905466086, 0.5644169394769135, 0.8954163787730346, 0.7416095310431979, 0.8401823286063544, 0.7341237895844571, 0.4915375296516962, 0.8541428703134397, 0.3558548490339003, 0.6585631507583319], "coverage_estimated_second_order": [0.6935577826348001, 0.9736161214946001, 0.6181857345996, 0.3912160537468, 0.3088338340993, 0.24605318099254003, 1.0308231294998, 0.70582934414, 0.43956156160260007, 0.5756233165769999, 0.4073811748764, 0.9937653783328, 0.5031689663536, 0.99423322813636, 0.344643355314], "sol": [0.0, 1.0, 0.0, 0.0, 0.0, 0.0, 1.0, 0.0, 0.0, 0.0, 0.0, 1.0, 0.0, 1.0, 0.0], "coverage": [0.7065972222222222, 1.0, 0.6365842013888889, 0.4111328125, 0.3268923611111111, 0.23325520833333332, 1.0, 0.6911414930555555, 0.45840277777777777, 0.5956163194444445, 0.41223524305555553, 1.0, 0.5187196180555556, 1.0, 0.3535503472222222], "coverage_estimated_first_order_diff": [0.25190115646953015, -0.38900172936591026, 0.34032879274246264, 0.44894673008254815, 0.454592150498213, 0.3861336971327527, -0.4355830605230865, 0.2042748857174791, 0.28320675326542016, 0.24456600916190996, 0.3218885465289016, -0.5084624703483038, 0.33542325225788416, -0.6441451509660997, 0.3050128035361097], "coverage_estimated_second_order_diff": [-0.013039439587422152, -0.026383878505399916, -0.018398466789288914, -0.01991675875319998, -0.0180585270118111, 0.012797972659206708, 0.03082312949980004, 0.014687851084444481, -0.0188412161751777, -0.019993002867444543, -0.004854068179155513, -0.006234621667200013, -0.015550651701955576, -0.005766771863640052, -0.00890699190822225]}