{"coverage_estimated_first_order": [1.2251071319514317, 1.3817556600834522, 1.2086594218093256, 1.2168603850596909, 1.5429016801852435, 0.912235163480075, 0.8051188344623382, 1.1131728969156176, 1.2058605160541982, 0.8539784181675631, 0.9753281875117061, 1.0293781464529208, 1.3581417112773309, 0.7958473455845209, 0.8932422885569208], "coverage_estimated_second_order": [0.5688222089392, 0.6940398688667, 1.0127030794766, 1.0268851372601, 0.8461997133037, 1.0062647351082399, 0.9955544737756002, 0.6617999955431001, 0.6659251457506001, 0.9894716534524001, 0.3457186520622, 0.501479858491, 0.7471241798192001, 1.02396783789892, 0.30043734190439997], "sol": [0.0, 0.0, 1.0, 1.0, 0.0, 1.0, 1.0, 0.0, 0.0, 1.0, 0.0, 0.0, 0.0, 1.0, 0.0], "coverage": [0.5574088541666666, 0.6787977430555555, 1.0, 1.0, 0.8218532986111111, 1.0, 1.0, 0.6666362847222222, 0.6678038194444444, 1.0, 0.3703125, 0.5270442708333334, 0.7376996527777778, 1.0, 0.3198828125], "coverage_estimated_first_order_diff": [0.6676982777847651, 0.7029579170278967, 0.20865942180932562, 0.21686038505969085, 0.7210483815741324, -0.08776483651992495, -0.19488116553766177, 0.44653661219339535, 0.5380566966097537, -0.14602158183243685, 0.6050156875117061, 0.5023338756195874, 0.620442058499553, -0.20415265441547914, 0.5733594760569207], "coverage_estimated_second_order_diff": [0.011413354772533357, 0.01524212581114448, 0.012703079476600099, 0.0268851372601, 0.024346414692588914, 0.006264735108239883, -0.004445526224399754, -0.004836289179122155, -0.0018786736938443127, -0.010528346547599932, -0.024593847937800006, -0.02556441234233342, 0.00942452704142227, 0.023967837898920097, -0.019445470595600034]}