{"coverage_estimated_first_order": [0.17417236689814825, 0.18330799926346808, 0.1754027593644782, 0.16475786773989898, 0.31824475484006726, 0.36208796296296314, 0.34415610532407404, 0.46445053398569025, 0.6705001394149834, 0.17295162957702023, 0.1756025936447812, 0.17152424636994956, 0.6267420059974746, 0.3087104850589226, 0.18587126999158257, 0.15079812184343439, 0.374464967382155], "coverage_estimated_second_order": [0.01601019965277778, 0.011649305555555555, 0.010277777777777778, 0.014204644097222224, 0.19181098090277782, 0.23655598958333332, 0.255146484375, 0.3782139756944444, 0.5899924045138889, 0.9999999999999999, 0.034888237847222225, 0.9999999999999999, 0.5154937065972223, 0.20361653645833333, 0.05097981770833333, 0.05995442708333333, 0.29730468750000005], "sol": [0.0, 0.0, 0.0, 0.0, 0.0, 0.0, 0.0, 0.0, 0.0, 1.0, 0.0, 1.0, 0.0, 0.0, 0.0, 0.0, 0.0], "coverage": [0.0158203125, 0.011427951388888889, 0.0101171875, 0.013858506944444444, 0.19147569444444446, 0.23634982638888888, 0.25427951388888886, 0.3773046875, 0.5891015625, 1.0, 0.03448784722222222, 1.0, 0.5150390625, 0.20332899305555555, 0.05073784722222222, 0.060004340277777776, 0.2970746527777778], "coverage_estimated_first_order_diff": [0.15835205439814826, 0.1718800478745792, 0.16528557186447818, 0.15089936079545455, 0.1267690603956228, 0.12573813657407426, 0.08987659143518517, 0.08714584648569024, 0.08139857691498342, -0.8270483704229797, 0.14111474642255897, -0.8284757536300504, 0.11170294349747467, 0.10538149200336708, 0.13513342276936036, 0.09079378156565661, 0.07739031460437723], "coverage_estimated_second_order_diff": [0.0001898871527777797, 0.00022135416666666657, 0.0001605902777777786, 0.00034613715277777984, 0.00033528645833336146, 0.00020616319444444198, 0.0008669704861111183, 0.0009092881944444131, 0.0008908420138888928, -1.1102230246251565e-16, 0.0004003906250000036, -1.1102230246251565e-16, 0.0004546440972222898, 0.00028754340277778456, 0.00024197048611111077, -4.991319444444531e-05, 0.00023003472222227206]}