{"coverage_estimated_first_order": [0.2554265980113637, 0.2714681410458755, 0.32843334253998324, 0.3964976628261785, 0.5431552872474747, 0.557253367003367, 0.3291045480850168, 0.9907266611426767, 0.9843908472748321, 0.31903187605218863, 0.23378711726641416, 0.35733854824284517, 0.3507480376683501, 0.4467925136784512, 0.43333986479377107, 0.10699511784511784, 0.602647610216751], "coverage_estimated_second_order": [0.017616102430555558, 0.013275824652777778, 0.0929904513888889, 0.19717664930555556, 0.37320203993055556, 0.39727430555555554, 1.0, 0.7541102430555555, 0.7386751302083333, 1.0, 0.017395833333333333, 0.21024197048611112, 0.19084852430555554, 0.2845865885416667, 0.2582638888888889, 1.0, 0.4674793836805555], "sol": [0.0, 0.0, 0.0, 0.0, 0.0, 0.0, 1.0, 0.0, 0.0, 1.0, 0.0, 0.0, 0.0, 0.0, 0.0, 1.0, 0.0], "coverage": [0.017452256944444446, 0.013055555555555556, 0.0927170138888889, 0.19653645833333333, 0.3730685763888889, 0.39707465277777776, 1.0, 0.7530425347222223, 0.7375303819444444, 1.0, 0.017183159722222223, 0.2097482638888889, 0.19072482638888888, 0.28446614583333335, 0.2581293402777778, 1.0, 0.46731770833333336], "coverage_estimated_first_order_diff": [0.23797434106691925, 0.25841258549032, 0.23571632865109435, 0.19996120449284516, 0.17008671085858584, 0.16017871422558927, -0.6708954519149832, 0.23768412642045444, 0.24686046533038764, -0.6809681239478114, 0.21660395754419193, 0.14759028435395627, 0.16002321127946123, 0.16232636784511784, 0.17521052451599328, -0.8930048821548822, 0.1353299018834176], "coverage_estimated_second_order_diff": [0.00016384548611111244, 0.00022026909722222196, 0.0002734375000000011, 0.0006401909722222321, 0.0001334635416666563, 0.00019965277777778123, 0.0, 0.0010677083333332504, 0.001144748263888884, 0.0, 0.00021267361111110966, 0.0004937065972222265, 0.00012369791666666519, 0.00012044270833333481, 0.00013454861111111827, 0.0, 0.0001616753472221677]}