{"coverage_estimated_first_order": [0.1719448179713805, 0.1835305371422559, 0.24234200862794625, 0.3120995133627947, 0.7161218986742424, 0.08602372685185183, 0.0759311342592592, 0.651223866266835, 0.46762779619107764, 0.37022157249579135, 0.17117097274831647, 0.2928372001262627, 0.371793694760101, 0.45418002420033676, 0.2989659538089225, 0.3669626972853536, 0.40510075231481485], "coverage_estimated_second_order": [0.014818793402777778, 0.013897569444444445, 0.09142144097222221, 0.19143446180555557, 0.6874338107638889, 1.0, 1.0, 0.6110536024305555, 0.4071538628472222, 0.30459092881944444, 0.03351996527777778, 0.22135308159722222, 0.31068793402777783, 0.40439236111111104, 0.2088346354166667, 0.3250390625, 0.3565245225694444], "sol": [0.0, 0.0, 0.0, 0.0, 0.0, 1.0, 1.0, 0.0, 0.0, 0.0, 0.0, 0.0, 0.0, 0.0, 0.0, 0.0, 0.0], "coverage": [0.01463107638888889, 0.01365451388888889, 0.09102430555555556, 0.19079427083333333, 0.6840625, 1.0, 1.0, 0.6099479166666667, 0.4067144097222222, 0.3041796875, 0.033220486111111114, 0.2207204861111111, 0.30975260416666667, 0.40401475694444444, 0.20758680555555556, 0.32504340277777777, 0.3563237847222222], "coverage_estimated_first_order_diff": [0.15731374158249162, 0.169876023253367, 0.15131770307239067, 0.12130524252946134, 0.032059398674242345, -0.9139762731481482, -0.9240688657407408, 0.04127594960016834, 0.06091338646885541, 0.06604188499579133, 0.13795048663720536, 0.07211671401515157, 0.06204109059343432, 0.05016526725589232, 0.09137914825336693, 0.04191929450757581, 0.048776967592592646], "coverage_estimated_second_order_diff": [0.00018771701388888874, 0.00024305555555555539, 0.0003971354166666524, 0.0006401909722222321, 0.0033713107638888573, 0.0, 0.0, 0.0011056857638888085, 0.0004394531249999889, 0.000411241319444422, 0.0002994791666666649, 0.0006325954861111094, 0.0009353298611111671, 0.0003776041666666008, 0.0012478298611111327, -4.340277777792334e-06, 0.00020073784722218768]}