{"coverage_estimated_first_order": [0.6138056357849327, 0.8113034077756731, 0.17251621159511787, 0.6981711029566499, 0.9876931134259258, 0.3894727483164982, 0.2974138257575757, 0.25531006023779457, 0.2747303096064814, 0.3328675412984007, 0.5471296572495791, 0.7533143873632155, 0.36389537563131313, 0.7192729166666667, 0.5636269149831649, 0.47638032933501684, 0.26232642966119524], "coverage_estimated_second_order": [0.48480251736111113, 0.6904752604166665, 0.9966959635416667, 0.5867426215277777, 0.7137185329861109, 0.9966959635416666, 0.10397894965277778, 0.03821831597222222, 0.06887586805555554, 0.13707899305555557, 0.41429470486111103, 0.5498546006944444, 0.9966959635416666, 0.48855902777777777, 0.36759548611111115, 0.3439995659722222, 0.11296657986111111], "sol": [0.0, 0.0, 1.0, 0.0, 0.0, 1.0, 0.0, 0.0, 0.0, 0.0, 0.0, 0.0, 1.0, 0.0, 0.0, 0.0, 0.0], "coverage": [0.48244791666666664, 0.6873090277777778, 1.0, 0.5840494791666667, 0.7150303819444445, 1.0, 0.10376302083333333, 0.037855902777777777, 0.06840711805555555, 0.13705729166666666, 0.41418836805555553, 0.5501736111111111, 1.0, 0.49136284722222223, 0.3699001736111111, 0.343984375, 0.11241753472222223], "coverage_estimated_first_order_diff": [0.1313577191182661, 0.12399437999789531, -0.8274837884048821, 0.11412162378998314, 0.27266273148148135, -0.6105272516835019, 0.19365080492424236, 0.21745415746001678, 0.20632319155092588, 0.19581024963173402, 0.13294128919402354, 0.20314077625210447, -0.6361046243686869, 0.22791006944444447, 0.19372674137205376, 0.13239595433501683, 0.14990889493897303], "coverage_estimated_second_order_diff": [0.0023546006944444864, 0.0031662326388887108, -0.003304036458333326, 0.002693142361110956, -0.0013118489583335835, -0.003304036458333437, 0.00021592881944444697, 0.0003624131944444456, 0.00046874999999999, 2.170138888890616e-05, 0.00010633680555549585, -0.0003190104166667096, -0.003304036458333437, -0.0028038194444444664, -0.002304687499999958, 1.5190972222189902e-05, 0.0005490451388888845]}