{"coverage_estimated_first_order": [0.6201460582386364, 0.8161671493581648, 0.2248562131734007, 0.805518864425505, 0.27614350273569027, 0.29536435974326597, 0.7611699416035353, 0.729582932186448, 0.8281743200231484, 0.2768913957281145, 0.5285190064709595, 0.4200199850063132, 0.32570384574915817, 0.240770575547138, 0.3243312894570707, 0.16049267676767678, 0.3080559553872054], "coverage_estimated_second_order": [0.4818674045138889, 0.6903765190972222, 0.9974641927083333, 0.6821137152777779, 0.03985460069444445, 0.07265950520833331, 0.5661252170138887, 0.54751953125, 0.6439767795138891, 0.9974641927083333, 0.3925271267361112, 0.2609190538194444, 0.151201171875, 0.027587890625, 0.13698133680555558, 0.0, 0.9974641927083334], "sol": [0.0, 0.0, 1.0, 0.0, 0.0, 0.0, 0.0, 0.0, 0.0, 1.0, 0.0, 0.0, 0.0, 0.0, 0.0, 0.0, 1.0], "coverage": [0.4812369791666667, 0.6868142361111111, 1.0, 0.6793272569444444, 0.03962673611111111, 0.072265625, 0.5661371527777778, 0.5476909722222222, 0.6438498263888889, 1.0, 0.39186631944444444, 0.2608550347222222, 0.15112413194444443, 0.027265625, 0.13664930555555554, 0.0, 1.0], "coverage_estimated_first_order_diff": [0.13890907907196975, 0.12935291324705367, -0.7751437868265993, 0.12619160748106062, 0.23651676662457916, 0.22309873474326597, 0.19503278882575759, 0.1818919599642258, 0.1843244936342595, -0.7231086042718855, 0.13665268702651506, 0.159164950284091, 0.17457971380471374, 0.21350495054713797, 0.18768198390151514, 0.16049267676767678, -0.6919440446127946], "coverage_estimated_second_order_diff": [0.0006304253472221855, 0.003562282986111054, -0.002535807291666692, 0.0027864583333334636, 0.0002278645833333412, 0.00039388020833330817, -1.1935763889026063e-05, -0.00017144097222221433, 0.0001269531250002176, -0.002535807291666692, 0.0006608072916667318, 6.4019097222201e-05, 7.7039930555578e-05, 0.00032226562499999833, 0.0003320312500000311, 0.0, -0.002535807291666581]}