{"coverage_estimated_first_order": [0.3619483691077441, 0.34370250420875426, 0.2675846696127946, 0.16635850957491577, 0.5543753972011785, 0.5384572548400673, 0.15211045349326596, 0.16841610111531985, 0.19012825652356896, 0.2204039956860268, 0.3438896306818182, 0.5688320444023569, 0.16446531197390576, 0.5481979377104378, 0.1696129550715488, 0.3680430318813132, 0.1528885916456229], "coverage_estimated_second_order": [0.2489659288194444, 0.21364908854166667, 0.12547526041666668, 0.015729166666666666, 0.4255240885416666, 0.4201171875, 0.01724609375, 0.028981119791666662, 0.06191406249999999, 0.1133083767361111, 0.23661241319444443, 0.5075770399305556, 1.0, 0.4342057291666667, 1.0, 0.2780403645833333, 0.047623697916666666], "sol": [0.0, 0.0, 0.0, 0.0, 0.0, 0.0, 0.0, 0.0, 0.0, 0.0, 0.0, 0.0, 1.0, 0.0, 1.0, 0.0, 0.0], "coverage": [0.24864149305555555, 0.21344618055555556, 0.1251953125, 0.015581597222222222, 0.42389756944444446, 0.41912760416666667, 0.017152777777777777, 0.028671875, 0.06153211805555556, 0.113203125, 0.23635416666666667, 0.5069835069444445, 1.0, 0.43178819444444444, 1.0, 0.27796440972222225, 0.04740451388888889], "coverage_estimated_first_order_diff": [0.11330687605218853, 0.1302563236531987, 0.1423893571127946, 0.15077691235269355, 0.130477827756734, 0.11932965067340068, 0.1349576757154882, 0.13974422611531984, 0.1285961384680134, 0.10720087068602681, 0.10753546401515154, 0.06184853745791241, -0.8355346880260942, 0.11640974326599335, -0.8303870449284512, 0.09007862215909096, 0.10548407775673402], "coverage_estimated_second_order_diff": [0.00032443576388885287, 0.0002029079861111116, 0.0002799479166666896, 0.00014756944444444323, 0.0016265190972221677, 0.0009895833333333215, 9.331597222222293e-05, 0.00030924479166666297, 0.00038194444444443476, 0.00010525173611110328, 0.0002582465277777557, 0.0005935329861110894, 0.0, 0.002417534722222281, 0.0, 7.595486111106053e-05, 0.00021918402777777735]}