{"coverage_estimated_first_order": [0.6340819010416665, 1.2541451309974747, 1.0510880971170031, 0.9187592119107744, 0.3132549821127946, 0.8859662247474746, 0.5897728456439394, 0.5422187500000002, 0.45767246948653195, 0.43426877104377104, 0.585552360848064, 0.5332459490740741, 0.5175471696127945, 0.7595261363636363, 0.8673393281776094, 0.4815909169823232, 0.18686866187920878], "coverage_estimated_second_order": [0.989113498263889, 0.7946733940972224, 0.6590407986111111, 0.5729871961805555, 0.9942165798611112, 0.6902180989583334, 0.3694259982638888, 0.30321289062499995, 0.21649197048611107, 0.21539930555555553, 0.9889529079861111, 0.3359418402777779, 0.3127658420138889, 0.5454014756944445, 0.5533376736111111, 0.3355490451388889, 0.9941948784722222], "sol": [1.0, 0.0, 0.0, 0.0, 1.0, 0.0, 0.0, 0.0, 0.0, 0.0, 1.0, 0.0, 0.0, 0.0, 0.0, 0.0, 1.0], "coverage": [1.0, 0.8009635416666666, 0.6628255208333333, 0.5768185763888889, 1.0, 0.6895269097222222, 0.37137586805555556, 0.30463107638888887, 0.21772135416666666, 0.21654947916666667, 1.0, 0.33817708333333335, 0.3142491319444444, 0.5479079861111111, 0.5549609375, 0.3355685763888889, 1.0], "coverage_estimated_first_order_diff": [-0.3659180989583335, 0.4531815893308081, 0.3882625762836698, 0.34194063552188547, -0.6867450178872054, 0.19643931502525236, 0.21839697758838383, 0.23758767361111133, 0.2399511153198653, 0.21771929187710437, -0.41444763915193605, 0.19506886574074073, 0.20329803766835003, 0.21161815025252517, 0.3123783906776094, 0.14602234059343433, -0.8131313381207912], "coverage_estimated_second_order_diff": [-0.010886501736111054, -0.006290147569444238, -0.0037847222222222587, -0.0038313802083334014, -0.005783420138888773, 0.0006911892361112226, -0.0019498697916667806, -0.0014181857638889128, -0.0012293836805555847, -0.0011501736111111382, -0.01104709201388887, -0.002235243055555447, -0.0014832899305555203, -0.0025065104166666075, -0.0016232638888888928, -1.9531249999982236e-05, -0.00580512152777779]}