{"coverage_estimated_first_order": [0.5484403290719699, 0.6373383009785353, 0.7700865938026094, 0.25709793507996637, 0.44347817760942765, 0.4705655250420875, 0.6659622001262625, 0.544826185027357, 0.41768518386994935, 0.42895524121422557, 0.4559905973800507, 0.719765421138468, 0.17495072074915832, 0.4190318339646465, 0.3265833675294613, 0.2164127498947811, 0.25323252577861954], "coverage_estimated_second_order": [0.39309570312500003, 0.47797200520833333, 0.6206000434027779, 0.9996831597222222, 0.2623231336805555, 0.30480468749999995, 0.45091905381944447, 0.3493413628472222, 0.2559993489583333, 0.28561631944444443, 0.3037348090277778, 0.59548828125, 0.9996831597222223, 0.2590896267361111, 0.1470638020833334, 0.07589301215277777, 0.9996831597222224], "sol": [0.0, 0.0, 0.0, 1.0, 0.0, 0.0, 0.0, 0.0, 0.0, 0.0, 0.0, 0.0, 1.0, 0.0, 0.0, 0.0, 1.0], "coverage": [0.3914670138888889, 0.4750564236111111, 0.6161024305555556, 1.0, 0.2615060763888889, 0.30401041666666667, 0.45109375, 0.348984375, 0.25546875, 0.28540364583333333, 0.3030859375, 0.5949565972222223, 1.0, 0.25860243055555554, 0.14641059027777778, 0.07584635416666667, 1.0], "coverage_estimated_first_order_diff": [0.15697331518308105, 0.16228187736742417, 0.15398416324705377, -0.7429020649200336, 0.18197210122053875, 0.1665551083754208, 0.2148684501262625, 0.195841810027357, 0.16221643386994933, 0.14355159538089224, 0.1529046598800507, 0.1248088239162457, -0.8250492792508417, 0.16042940340909095, 0.18017277725168354, 0.1405663957281144, -0.7467674742213805], "coverage_estimated_second_order_diff": [0.0016286892361111471, 0.0029155815972222165, 0.0044976128472222765, -0.00031684027777778567, 0.0008170572916665897, 0.0007942708333332771, -0.0001746961805555447, 0.0003569878472222121, 0.0005305989583332948, 0.00021267361111110272, 0.0006488715277777612, 0.0005316840277777013, -0.00031684027777767465, 0.00048719618055553804, 0.0006532118055556091, 4.665798611110106e-05, -0.00031684027777756363]}