{"coverage_estimated_first_order": [0.3414419823232324, 0.3654296559343435, 0.4188493686868688, 0.5559050189393941, 0.5506570312500001, 0.5787014546506734, 1.0226403093434342, 1.2286096577756733, 1.0662867595223067, 1.2680823626893938, 0.3297342276936028, 0.7861611032196971, 0.27249236900252527, 0.5069990425084175, 0.39777690709175084, 0.26991030881734, 0.9321072811447813], "coverage_estimated_second_order": [0.01722873263888889, 0.016921657986111113, 0.0948958333333333, 0.21253580729166666, 0.2515624999999999, 0.2884819878472222, 0.6213194444444444, 0.6103873697916666, 0.6131456163194444, 0.4606868489583336, 0.03741753472222222, 0.5163031684027778, 0.9616417100694447, 0.253076171875, 0.134794921875, 0.07589301215277777, 0.40611653645833323], "sol": [0.0, 0.0, 0.0, 0.0, 0.0, 0.0, 1.0, 1.0, 1.0, 0.0, 0.0, 0.0, 1.0, 0.0, 0.0, 0.0, 0.0], "coverage": [0.01890190972222222, 0.018046875, 0.09608940972222223, 0.21735243055555556, 0.2678125, 0.3098784722222222, 1.0, 1.0, 1.0, 0.6684548611111111, 0.0399609375, 0.5511935763888889, 1.0, 0.26375868055555557, 0.13890625, 0.07584635416666667, 0.5053645833333333], "coverage_estimated_first_order_diff": [0.3225400726010102, 0.3473827809343435, 0.32275995896464654, 0.3385525883838386, 0.2828445312500001, 0.26882298242845115, 0.022640309343434195, 0.22860965777567333, 0.06628675952230667, 0.5996275015782827, 0.28977329019360276, 0.23496752683080824, -0.7275076309974747, 0.24324036195286197, 0.25887065709175083, 0.19406395465067333, 0.4267426978114479], "coverage_estimated_second_order_diff": [-0.0016731770833333312, -0.0011252170138888878, -0.0011935763888889228, -0.004816623263888903, -0.016250000000000098, -0.021396484375000024, -0.3786805555555556, -0.38961263020833337, -0.3868543836805556, -0.20776801215277746, -0.00254340277777778, -0.034890407986111094, -0.038358289930555345, -0.010682508680555591, -0.004111328125000008, 4.665798611110106e-05, -0.0992480468750001]}