{"coverage_estimated_first_order": [0.537633848905724, 0.5303109559132996, 0.4921003025042088, 0.43195668139730636, 1.089275441919192, 0.4072116740319866, 0.8896275778619529, 1.034563749473906, 0.3833209030408249, 0.921114967382155, 0.5027259285563973, 0.6245598037668352, 0.6760716724537038, 0.811841674558081, 0.37452028882575755, 0.6790856560395625, 0.3236522529987373], "coverage_estimated_second_order": [0.266181640625, 0.22775390624999994, 0.1941753472222222, 0.14849066840277778, 0.7565744357638887, 0.9938519965277777, 0.6420030381944444, 0.7352571614583334, 0.9937065972222222, 0.6750206163194445, 0.249755859375, 0.4223459201388889, 0.42568033854166676, 0.5023448350694444, 0.9951453993055552, 0.48800998263888895, 0.9976345486111111], "sol": [0.0, 0.0, 0.0, 0.0, 0.0, 1.0, 0.0, 0.0, 1.0, 0.0, 0.0, 0.0, 0.0, 0.0, 1.0, 0.0, 1.0], "coverage": [0.26569878472222225, 0.22729600694444443, 0.1935720486111111, 0.1472873263888889, 0.7594791666666667, 1.0, 0.6447439236111111, 0.7384288194444445, 1.0, 0.6781553819444445, 0.249921875, 0.4271657986111111, 0.43018663194444445, 0.5054904513888889, 1.0, 0.4880295138888889, 1.0], "coverage_estimated_first_order_diff": [0.2719350641835017, 0.30301494896885517, 0.2985282538930977, 0.2846693550084175, 0.3297962752525252, -0.5927883259680133, 0.2448836542508418, 0.29613493002946145, -0.6166790969591751, 0.24295958543771057, 0.25280405355639735, 0.19739400515572408, 0.24588504050925936, 0.30635122316919206, -0.6254797111742425, 0.19105614215067362, -0.6763477470012627], "coverage_estimated_second_order_diff": [0.0004828559027777457, 0.0004578993055555092, 0.0006032986111111083, 0.0012033420138888862, -0.0029047309027779855, -0.00614800347222233, -0.0027408854166667274, -0.003171657986111076, -0.00629340277777779, -0.0031347656249999245, -0.0001660156249999878, -0.0048198784722222054, -0.004506293402777695, -0.003145616319444544, -0.004854600694444766, -1.9531249999926725e-05, -0.002365451388888884]}