{"coverage_estimated_first_order": [0.9667317287457913, 1.128530192550505, 1.1011810185185185, 0.4531650528724747, 0.9097015782828283, 0.2706028777356902, 0.7616715856481481, 0.891877446338384, 0.24095847669402354, 0.7828432528409094, 0.450579586226852, 0.499087173821549, 0.5572943155513468, 0.6446962621001685, 0.6372756707702019, 0.4739578151304714, 0.48884102483164976], "coverage_estimated_second_order": [0.6239952256944443, 0.7627473958333334, 0.7242469618055555, 0.9960015190972222, 0.6990668402777777, 0.9981499565972222, 0.579767795138889, 0.7066210937499998, 0.9954676649305554, 0.6152029079861112, 0.9950683593749999, 0.29727213541666664, 0.3514539930555556, 0.4372428385416667, 0.4327322048611112, 0.3250390625, 0.3147894965277777], "sol": [0.0, 0.0, 0.0, 1.0, 0.0, 1.0, 0.0, 0.0, 1.0, 0.0, 1.0, 0.0, 0.0, 0.0, 0.0, 0.0, 0.0], "coverage": [0.6264626736111111, 0.7641362847222222, 0.7243619791666667, 1.0, 0.6976779513888889, 1.0, 0.5806163194444445, 0.7083029513888889, 1.0, 0.6157508680555556, 1.0, 0.2982855902777778, 0.35193576388888886, 0.4376345486111111, 0.43214409722222225, 0.32504340277777777, 0.31515190972222223], "coverage_estimated_first_order_diff": [0.3402690551346802, 0.36439390782828274, 0.3768190393518518, -0.5468349471275253, 0.2120236268939394, -0.7293971222643099, 0.1810552662037036, 0.18357449494949507, -0.7590415233059764, 0.16709238478535382, -0.549420413773148, 0.2008015835437712, 0.20535855166245792, 0.2070617134890574, 0.20513157354797962, 0.14891441235269365, 0.17368911510942753], "coverage_estimated_second_order_diff": [-0.002467447916666754, -0.001388888888888773, -0.00011501736111119154, -0.003998480902777768, 0.001388888888888773, -0.0018500434027778345, -0.000848524305555487, -0.0016818576388890616, -0.004532335069444615, -0.0005479600694443532, -0.004931640625000067, -0.0010134548611111516, -0.00048177083333328374, -0.00039171006944443976, 0.0005881076388889461, -4.340277777792334e-06, -0.0003624131944445219]}