Frame,integer_adm2,integer_adm_scale0,integer_adm_scale1,integer_adm_scale2,integer_adm_scale3,integer_motion2,integer_motion,integer_vif_scale0,integer_vif_scale1,integer_vif_scale2,integer_vif_scale3,psnr_y,psnr_cb,psnr_cr,float_ssim,vmaf,
0,0.361247,0.707709,0.450158,0.306766,0.265552,0.000000,0.000000,0.145768,0.215172,0.233673,0.238554,14.495268,32.443515,28.483110,0.547252,0.000000,
1,0.361492,0.680374,0.442975,0.328587,0.253733,28.305254,29.954386,0.114930,0.175770,0.192583,0.200932,14.175626,31.125477,28.058354,0.518985,5.785753,
2,0.396986,0.676436,0.460908,0.331739,0.323664,28.305254,28.305254,0.108901,0.170025,0.186287,0.199013,14.400516,30.514339,27.629986,0.528631,8.480791,
3,0.392894,0.646874,0.423920,0.377049,0.321604,34.227451,34.227451,0.082695,0.134716,0.148678,0.159185,13.671384,32.056887,28.737388,0.494920,15.845072,
4,0.376510,0.654293,0.427624,0.347422,0.298743,31.030752,36.579582,0.090649,0.150403,0.169898,0.188707,14.408986,32.864242,29.268823,0.508380,10.803036,
5,0.411084,0.700778,0.478259,0.390349,0.310587,31.030752,31.030752,0.111232,0.179904,0.200970,0.223584,15.570004,32.283266,29.337793,0.543853,10.781556,
6,0.446445,0.762259,0.497423,0.366762,0.362292,26.740717,37.034451,0.118966,0.217158,0.244560,0.253192,12.548612,30.651967,28.449972,0.508308,7.356730,
7,0.417267,0.762311,0.520033,0.311865,0.318072,15.901076,26.740717,0.142026,0.237311,0.267608,0.277849,14.282841,30.910218,28.990686,0.533150,0.000000,
8,0.441982,0.748326,0.499353,0.324898,0.392496,15.901076,15.901076,0.153560,0.235943,0.254811,0.265722,14.697185,30.914596,28.955632,0.543491,0.000000,
