Frame,integer_adm2,integer_adm_scale0,integer_adm_scale1,integer_adm_scale2,integer_adm_scale3,integer_motion2,integer_motion,integer_vif_scale0,integer_vif_scale1,integer_vif_scale2,integer_vif_scale3,psnr_y,psnr_cb,psnr_cr,float_ssim,vmaf,
0,0.344512,0.712298,0.458037,0.318054,0.217503,0.000000,0.000000,0.125690,0.175704,0.186566,0.182558,13.607923,30.293461,27.738621,0.605489,0.000000,
1,0.317282,0.684616,0.394067,0.261351,0.211011,28.305254,29.954386,0.101598,0.152080,0.165599,0.164884,13.101051,31.801345,28.488866,0.558459,5.473078,
2,0.321428,0.661382,0.423998,0.248517,0.218387,28.305254,28.305254,0.096731,0.148684,0.162214,0.168434,12.466969,30.895493,27.174676,0.549150,5.923382,
3,0.386702,0.649884,0.445378,0.432192,0.267114,34.227451,34.227451,0.067302,0.096631,0.104078,0.113795,13.248054,31.751789,30.247733,0.558441,18.743568,
4,0.323960,0.652262,0.432162,0.256646,0.233053,31.030752,36.579582,0.061353,0.088792,0.096529,0.103400,12.624182,31.610899,30.057949,0.552128,13.754335,
5,0.322553,0.695281,0.417555,0.282921,0.197349,31.030752,31.030752,0.077618,0.117260,0.128440,0.132959,12.590463,30.796525,29.439472,0.564575,11.003924,
6,0.405590,0.749509,0.510862,0.379885,0.252339,26.740717,37.034451,0.091509,0.172070,0.199494,0.198178,10.437653,29.225660,27.876536,0.566824,7.567552,
7,0.388271,0.753907,0.486801,0.304714,0.268888,15.901076,26.740717,0.111218,0.183160,0.220151,0.221525,12.447761,29.365898,28.155604,0.601112,0.000000,
8,0.419769,0.749268,0.490719,0.385859,0.304468,15.901076,15.901076,0.132333,0.203792,0.222815,0.229500,13.287199,29.753393,28.350005,0.617471,0.000000,
