Frame,integer_adm2,integer_adm_scale0,integer_adm_scale1,integer_adm_scale2,integer_adm_scale3,integer_motion2,integer_motion,integer_vif_scale0,integer_vif_scale1,integer_vif_scale2,integer_vif_scale3,psnr_y,psnr_cb,psnr_cr,float_ssim,vmaf,
0,0.324278,0.712703,0.455138,0.254378,0.211302,0.000000,0.000000,0.143379,0.206894,0.224504,0.221839,13.875560,30.857601,27.817119,0.550851,0.000000,
1,0.400885,0.684125,0.419656,0.341578,0.344770,28.305254,29.954386,0.115928,0.174792,0.188559,0.191263,14.077321,30.477002,27.336486,0.524326,8.480955,
2,0.419716,0.671812,0.446483,0.359742,0.366567,28.305254,28.305254,0.111125,0.169922,0.184267,0.190107,13.940098,30.047284,26.996795,0.523556,10.107762,
3,0.452056,0.663919,0.462449,0.407929,0.416243,34.227451,34.227451,0.101683,0.155736,0.174730,0.196024,14.421405,32.968570,29.648248,0.561638,18.000197,
4,0.374562,0.666435,0.416541,0.289905,0.327864,31.030752,36.579582,0.096618,0.148347,0.163283,0.183218,14.049455,33.127128,29.944204,0.537883,10.931002,
5,0.453181,0.724808,0.462930,0.386990,0.405603,31.030752,31.030752,0.105384,0.164594,0.178456,0.186751,13.953081,31.899706,29.680406,0.543433,15.081217,
6,0.415450,0.771185,0.516247,0.396945,0.255107,26.740717,37.034451,0.115010,0.211704,0.241364,0.235286,11.586232,29.734716,27.884113,0.539324,5.344154,
7,0.444093,0.765500,0.523149,0.390344,0.329290,15.901076,26.740717,0.129618,0.217874,0.246351,0.249880,13.431631,29.468679,27.917011,0.546680,0.000000,
8,0.374317,0.746008,0.475373,0.298194,0.259935,15.901076,15.901076,0.148262,0.233040,0.250892,0.239661,13.941735,29.542498,27.863840,0.549707,0.000000,
