Frame,integer_adm2,integer_adm_scale0,integer_adm_scale1,integer_adm_scale2,integer_adm_scale3,integer_motion2,integer_motion,integer_vif_scale0,integer_vif_scale1,integer_vif_scale2,integer_vif_scale3,psnr_y,psnr_cb,psnr_cr,float_ssim,vmaf,
0,0.340890,0.719406,0.456176,0.309798,0.213023,0.000000,0.000000,0.125560,0.175720,0.186006,0.181065,13.593670,30.275760,27.824293,0.595166,0.000000,
1,0.301948,0.667889,0.386629,0.230243,0.202812,28.305254,29.954386,0.100974,0.148285,0.159481,0.161317,13.067616,31.746256,28.540407,0.546439,5.091713,
2,0.327093,0.663422,0.436718,0.257391,0.220413,28.305254,28.305254,0.096688,0.146005,0.156858,0.165919,12.467211,30.869463,27.185377,0.537529,6.501923,
3,0.391106,0.650421,0.445390,0.422541,0.282345,34.227451,34.227451,0.067342,0.096688,0.103792,0.113461,13.248943,31.712441,30.199003,0.552898,19.001746,
4,0.326192,0.653551,0.429682,0.259043,0.237190,31.030752,36.579582,0.061204,0.088973,0.096562,0.104134,12.647351,31.582212,30.011263,0.545107,13.840547,
5,0.337927,0.704483,0.426244,0.294273,0.219384,31.030752,31.030752,0.077623,0.116973,0.127790,0.131714,12.614411,30.744213,29.395908,0.556580,11.818184,
6,0.384586,0.747054,0.508555,0.391874,0.194849,26.740717,37.034451,0.091040,0.172400,0.199568,0.197305,10.424709,29.209031,27.884327,0.554677,6.170908,
7,0.392874,0.759667,0.492106,0.290086,0.285575,15.901076,26.740717,0.112481,0.186637,0.224186,0.221592,12.399101,29.338874,28.155498,0.590134,0.000000,
8,0.417656,0.749156,0.488940,0.374180,0.307632,15.901076,15.901076,0.133515,0.205622,0.224154,0.230524,13.249191,29.738658,28.358203,0.607864,0.000000,
