Frame,integer_adm2,integer_adm_scale0,integer_adm_scale1,integer_adm_scale2,integer_adm_scale3,integer_motion2,integer_motion,integer_vif_scale0,integer_vif_scale1,integer_vif_scale2,integer_vif_scale3,psnr_y,psnr_cb,psnr_cr,float_ssim,vmaf,
0,0.330616,0.718680,0.423089,0.304279,0.205255,0.000000,0.000000,0.130336,0.184885,0.194906,0.185671,12.068384,30.316746,28.043701,0.522781,0.000000,
1,0.337388,0.701253,0.441333,0.316893,0.199561,28.305254,29.954386,0.108203,0.164476,0.179472,0.181226,12.309807,31.743569,28.711739,0.497884,5.416493,
2,0.330380,0.694705,0.444347,0.332539,0.169125,28.305254,28.305254,0.106070,0.167412,0.182324,0.186955,12.442480,31.089297,27.551694,0.498585,4.794492,
3,0.428473,0.685353,0.495294,0.375368,0.364764,34.227451,34.227451,0.078113,0.119383,0.131968,0.141664,13.411325,31.786287,30.518720,0.522670,19.283163,
4,0.365610,0.701831,0.436969,0.316418,0.275904,31.030752,36.579582,0.072621,0.115541,0.127514,0.134564,13.316371,31.673408,30.367742,0.516096,13.367596,
5,0.320466,0.701759,0.435641,0.303987,0.171935,31.030752,31.030752,0.085586,0.135291,0.143634,0.138340,12.541233,30.748994,29.592326,0.501556,9.570558,
6,0.456078,0.769601,0.549849,0.364099,0.362397,26.740717,37.034451,0.096014,0.184758,0.206061,0.204879,11.051182,29.231247,28.170240,0.512755,10.467585,
7,0.480153,0.772668,0.561203,0.365654,0.415414,15.901076,26.740717,0.116687,0.200273,0.215967,0.194347,11.728059,29.306549,28.373098,0.517086,3.291225,
8,0.410060,0.740910,0.529380,0.324736,0.307727,15.901076,15.901076,0.139596,0.218101,0.230635,0.215003,12.237349,29.711491,28.584460,0.530436,0.000000,
