Frame,integer_adm2,integer_adm_scale0,integer_adm_scale1,integer_adm_scale2,integer_adm_scale3,integer_motion2,integer_motion,integer_vif_scale0,integer_vif_scale1,integer_vif_scale2,integer_vif_scale3,psnr_y,psnr_cb,psnr_cr,float_ssim,vmaf,
0,0.316696,0.710500,0.431545,0.271096,0.193352,0.000000,0.000000,0.108823,0.149250,0.147425,0.130430,11.102932,28.325894,26.880779,0.560489,0.000000,
1,0.347952,0.683389,0.399019,0.321225,0.243222,28.305254,29.954386,0.086966,0.128338,0.129540,0.118883,11.197506,28.161797,27.198144,0.542933,9.759177,
2,0.289878,0.652323,0.385853,0.250514,0.161831,28.305254,28.305254,0.080574,0.121935,0.121973,0.114649,11.417563,28.193287,27.376019,0.546006,7.572233,
3,0.267180,0.616545,0.348164,0.215466,0.172300,34.227451,34.227451,0.044415,0.063984,0.059256,0.051950,11.292958,27.277972,27.132757,0.487919,17.060177,
4,0.259136,0.633090,0.353932,0.231733,0.138170,31.030752,36.579582,0.040249,0.061146,0.057106,0.053356,12.422704,27.559436,27.202685,0.522563,14.572053,
5,0.347649,0.691932,0.436145,0.330304,0.220800,31.030752,31.030752,0.058972,0.089851,0.085892,0.071506,12.775791,28.030284,27.718108,0.559921,15.648573,
6,0.360172,0.740497,0.481103,0.265126,0.232564,26.740717,37.034451,0.076706,0.143223,0.153219,0.144262,14.754682,29.915418,28.438764,0.594361,7.710335,
7,0.377841,0.753486,0.508675,0.318754,0.224625,15.901076,26.740717,0.092127,0.149226,0.157870,0.146840,12.885221,28.909175,28.031171,0.607145,0.499081,
8,0.354823,0.751614,0.480347,0.287342,0.216960,15.901076,15.901076,0.111790,0.169821,0.168438,0.149200,12.305638,28.457534,27.762113,0.603408,0.000000,
