Frame,integer_adm2,integer_adm_scale0,integer_adm_scale1,integer_adm_scale2,integer_adm_scale3,integer_motion2,integer_motion,integer_vif_scale0,integer_vif_scale1,integer_vif_scale2,integer_vif_scale3,psnr_y,psnr_cb,psnr_cr,float_ssim,vmaf,
0,0.348589,0.713185,0.442016,0.252761,0.270881,0.000000,0.000000,0.136342,0.192748,0.206616,0.200552,12.936243,30.724194,27.736781,0.562435,0.000000,
1,0.357086,0.668501,0.432055,0.312675,0.261272,28.305254,29.954386,0.109173,0.160022,0.171324,0.168622,12.624782,30.170135,27.151871,0.524312,7.038798,
2,0.434662,0.680416,0.453715,0.367268,0.391127,28.305254,28.305254,0.103489,0.157354,0.168923,0.169453,12.357956,29.913101,26.859902,0.525162,12.221618,
3,0.467805,0.662295,0.485564,0.428859,0.430984,34.227451,34.227451,0.089417,0.135353,0.150442,0.168610,13.660297,33.003071,29.581195,0.562950,20.662667,
4,0.425329,0.651948,0.449966,0.348297,0.398424,31.030752,36.579582,0.091229,0.143714,0.158443,0.177444,13.269806,32.885537,29.740830,0.552837,14.566827,
5,0.392043,0.702171,0.471794,0.362147,0.285854,31.030752,31.030752,0.091854,0.140502,0.149659,0.158624,12.337761,31.710592,29.458746,0.532667,12.896204,
6,0.427590,0.756652,0.534121,0.396073,0.283009,26.740717,37.034451,0.108176,0.203547,0.235107,0.249824,10.568681,29.467574,27.653848,0.554413,6.733792,
7,0.384196,0.756062,0.485461,0.320740,0.247993,15.901076,26.740717,0.123377,0.211256,0.236623,0.253348,12.167477,29.264405,27.701916,0.568054,0.000000,
8,0.343526,0.747635,0.493880,0.283804,0.188461,15.901076,15.901076,0.141172,0.219319,0.230306,0.224971,12.655739,29.501861,27.747969,0.567346,0.000000,
