Frame,integer_adm2,integer_adm_scale0,integer_adm_scale1,integer_adm_scale2,integer_adm_scale3,integer_motion2,integer_motion,integer_vif_scale0,integer_vif_scale1,integer_vif_scale2,integer_vif_scale3,psnr_y,psnr_cb,psnr_cr,float_ssim,vmaf,
0,0.336048,0.723990,0.470238,0.297937,0.203087,0.000000,0.000000,0.149265,0.217348,0.235323,0.237705,15.146784,32.186927,28.607452,0.585726,0.000000,
1,0.390705,0.687032,0.465599,0.345416,0.300027,28.305254,29.954386,0.122902,0.182904,0.200822,0.207709,14.985702,32.264637,29.170112,0.571809,7.036936,
2,0.384005,0.693600,0.477710,0.339204,0.276808,28.305254,28.305254,0.118365,0.181123,0.198848,0.208975,15.115877,31.744397,29.355418,0.578012,6.743222,
3,0.388598,0.634856,0.452472,0.356848,0.316481,34.227451,34.227451,0.084998,0.134176,0.149325,0.159659,14.013647,30.755241,27.573944,0.507052,15.577785,
4,0.417850,0.659549,0.447552,0.369747,0.368575,31.030752,36.579582,0.088484,0.143450,0.161958,0.171694,14.113736,31.105440,27.714191,0.521950,14.054494,
5,0.389389,0.723914,0.490789,0.357741,0.268686,31.030752,31.030752,0.115735,0.181588,0.199269,0.207681,15.155962,31.699150,28.696157,0.562172,9.339126,
6,0.411027,0.763470,0.520608,0.366727,0.265054,26.740717,37.034451,0.119641,0.217583,0.245626,0.251226,12.386173,30.306832,28.222829,0.543568,4.622091,
7,0.373898,0.756905,0.494853,0.293694,0.236327,15.901076,26.740717,0.133331,0.222856,0.250886,0.258401,14.501804,30.600444,28.728074,0.570176,0.000000,
8,0.442004,0.773726,0.509887,0.347802,0.365451,15.901076,15.901076,0.155128,0.235535,0.251464,0.249772,14.970700,30.852831,29.033832,0.582057,0.000000,
