Frame,integer_adm2,integer_adm_scale0,integer_adm_scale1,integer_adm_scale2,integer_adm_scale3,integer_motion2,integer_motion,integer_vif_scale0,integer_vif_scale1,integer_vif_scale2,integer_vif_scale3,psnr_y,psnr_cb,psnr_cr,float_ssim,vmaf,
0,0.831927,0.824629,0.778089,0.774632,0.887029,0.000000,0.000000,0.467512,0.717174,0.757726,0.786081,22.695246,42.123910,36.811665,0.909741,39.467666,
1,0.976710,0.978096,0.966676,0.972390,0.982888,28.305254,29.954386,0.910379,0.963041,0.973471,0.980613,39.183033,60.286021,57.641815,0.994891,100.000000,
2,0.834206,0.801880,0.824668,0.871013,0.825608,28.305254,28.305254,0.420533,0.714584,0.739869,0.743843,21.098752,43.424162,41.746273,0.887740,64.000809,
3,0.463160,0.637955,0.482338,0.480296,0.398638,34.227451,34.227451,0.181783,0.301194,0.322010,0.331741,17.797786,38.848112,37.843081,0.723713,10.808907,
4,0.516600,0.671229,0.540353,0.514443,0.467090,31.030752,36.579582,0.244258,0.408224,0.429834,0.438259,18.145254,38.861841,37.380555,0.780835,9.805709,
5,0.702380,0.765071,0.687782,0.736889,0.669557,31.030752,31.030752,0.373400,0.602873,0.629311,0.640991,21.294697,42.123470,41.057173,0.867615,37.419629,
6,0.966140,0.954059,0.947544,0.959437,0.982947,26.740717,37.034451,0.914931,0.966893,0.977113,0.984119,42.171542,61.393347,58.787972,0.997169,100.000000,
7,0.717964,0.819897,0.725037,0.693153,0.694476,15.901076,26.740717,0.324793,0.517455,0.561597,0.596714,19.650483,33.793663,31.641422,0.800609,25.137035,
8,0.615431,0.791762,0.647134,0.604425,0.551684,15.901076,15.901076,0.271384,0.406614,0.440503,0.465753,18.237755,34.152209,33.200595,0.765482,8.469113,
