Frame,integer_adm2,integer_adm_scale0,integer_adm_scale1,integer_adm_scale2,integer_adm_scale3,integer_motion2,integer_motion,integer_vif_scale0,integer_vif_scale1,integer_vif_scale2,integer_vif_scale3,psnr_y,psnr_cb,psnr_cr,float_ssim,vmaf,
0,0.363174,0.719004,0.463778,0.306737,0.261918,0.000000,0.000000,0.141069,0.205844,0.226301,0.253609,13.055454,30.376238,27.460913,0.503778,0.000000,
1,0.416237,0.689678,0.400481,0.362712,0.372967,28.305254,29.954386,0.111550,0.169925,0.180954,0.186566,13.000398,30.094611,27.499032,0.476953,9.958487,
2,0.381636,0.670831,0.390058,0.345965,0.309238,28.305254,28.305254,0.109407,0.168782,0.180272,0.188975,13.047958,29.711514,27.117738,0.471560,7.745508,
3,0.471522,0.667027,0.400389,0.398713,0.486945,34.227451,34.227451,0.091961,0.140771,0.156094,0.174541,12.970077,32.270721,30.560534,0.478871,20.551206,
4,0.413482,0.691396,0.405115,0.352279,0.375889,31.030752,36.579582,0.095032,0.145968,0.158984,0.183573,13.411878,33.092615,31.001051,0.490423,13.599430,
5,0.511290,0.738937,0.445737,0.426015,0.516215,31.030752,31.030752,0.108081,0.174507,0.195838,0.228038,13.543056,31.667489,30.592883,0.505421,18.829377,
6,0.445020,0.770313,0.482600,0.383575,0.351210,26.740717,37.034451,0.113301,0.210890,0.237436,0.242089,11.275159,29.924041,28.636858,0.482360,7.684711,
7,0.402129,0.754214,0.491741,0.330508,0.283554,15.901076,26.740717,0.132009,0.227580,0.258933,0.274923,13.000403,29.070038,28.077038,0.492169,0.000000,
8,0.397018,0.748333,0.481953,0.277610,0.323229,15.901076,15.901076,0.144990,0.229842,0.252056,0.274592,13.281215,28.852519,27.754170,0.493986,0.000000,
