Frame,integer_adm2,integer_adm_scale0,integer_adm_scale1,integer_adm_scale2,integer_adm_scale3,integer_motion2,integer_motion,integer_vif_scale0,integer_vif_scale1,integer_vif_scale2,integer_vif_scale3,psnr_y,psnr_cb,psnr_cr,float_ssim,vmaf,
0,0.362620,0.725412,0.450367,0.288029,0.274752,0.000000,0.000000,0.136541,0.195190,0.211671,0.215217,15.347987,31.742898,28.618260,0.583818,0.000000,
1,0.351021,0.679071,0.438370,0.298603,0.250320,28.305254,29.954386,0.109901,0.162411,0.176818,0.185439,14.579442,30.796957,28.356379,0.552357,6.290407,
2,0.401361,0.677078,0.491701,0.351284,0.309389,28.305254,28.305254,0.107536,0.163429,0.177463,0.182360,14.221897,29.970869,27.307894,0.549595,9.377581,
3,0.397344,0.642836,0.434670,0.365090,0.335547,34.227451,34.227451,0.078367,0.118030,0.129418,0.139004,13.947503,32.955329,30.671611,0.529344,17.484382,
4,0.399147,0.655695,0.428330,0.350605,0.346284,31.030752,36.579582,0.085204,0.135696,0.153318,0.177047,14.616401,33.287453,30.904556,0.539332,13.354993,
5,0.399733,0.707955,0.505617,0.409071,0.261985,31.030752,31.030752,0.101212,0.158972,0.174034,0.185495,15.035173,32.104390,30.195280,0.567888,11.751165,
6,0.434492,0.751291,0.497017,0.369430,0.335389,26.740717,37.034451,0.112956,0.207311,0.242046,0.258294,12.545114,29.979377,28.359983,0.548312,6.927984,
7,0.401505,0.756288,0.511592,0.323670,0.277271,15.901076,26.740717,0.132004,0.213767,0.244944,0.254604,14.653005,30.189416,28.880701,0.572626,0.000000,
8,0.436610,0.741265,0.508893,0.370550,0.349375,15.901076,15.901076,0.148096,0.222405,0.236038,0.241849,15.249761,30.194617,28.866139,0.582017,0.000000,
