Frame,integer_adm2,integer_adm_scale0,integer_adm_scale1,integer_adm_scale2,integer_adm_scale3,integer_motion2,integer_motion,integer_vif_scale0,integer_vif_scale1,integer_vif_scale2,integer_vif_scale3,psnr_y,psnr_cb,psnr_cr,float_ssim,vmaf,
0,0.969569,0.966250,0.953693,0.955266,0.984599,0.000000,0.000000,0.918900,0.970619,0.978419,0.982944,40.515070,61.347024,58.932602,0.997149,88.338689,
1,0.827391,0.808293,0.812305,0.867613,0.814074,28.305254,29.954386,0.410068,0.641256,0.664934,0.676715,20.516042,42.446832,41.219712,0.853109,57.947278,
2,0.701958,0.770291,0.720464,0.689121,0.680973,28.305254,28.305254,0.319641,0.522798,0.546085,0.549065,17.647945,37.936882,36.672715,0.785655,31.578414,
3,0.733871,0.774040,0.754433,0.727031,0.719318,34.227451,34.227451,0.278644,0.496647,0.534926,0.557937,15.867612,46.296107,45.483281,0.782118,41.925122,
4,0.814613,0.813129,0.795079,0.812327,0.823537,31.030752,36.579582,0.366366,0.637966,0.677368,0.691412,17.808746,41.172857,40.010173,0.854550,58.708911,
5,0.987530,0.981241,0.979359,0.982961,0.995097,31.030752,31.030752,0.924649,0.980919,0.988246,0.992365,42.520154,60.433153,58.734778,0.997015,100.000000,
6,0.892875,0.853714,0.851235,0.889664,0.927143,26.740717,37.034451,0.515448,0.783164,0.823035,0.841139,25.849224,45.659394,45.517018,0.931558,82.540547,
7,0.975427,0.970693,0.964065,0.971768,0.984475,15.901076,26.740717,0.935721,0.984186,0.989724,0.992025,44.078982,66.583186,63.470122,0.998472,100.000000,
8,0.984200,0.975266,0.974472,0.980059,0.993639,15.901076,15.901076,0.928068,0.981007,0.987758,0.991739,43.771932,60.603124,59.376144,0.998218,100.000000,
