Frame,integer_adm2,integer_adm_scale0,integer_adm_scale1,integer_adm_scale2,integer_adm_scale3,integer_motion2,integer_motion,integer_vif_scale0,integer_vif_scale1,integer_vif_scale2,integer_vif_scale3,psnr_y,psnr_cb,psnr_cr,float_ssim,vmaf,
0,0.342245,0.711383,0.450640,0.300756,0.225619,0.000000,0.000000,0.125397,0.175444,0.185783,0.180992,13.712901,30.231433,27.697041,0.598687,0.000000,
1,0.318302,0.669592,0.375461,0.247423,0.233821,28.305254,29.954386,0.101162,0.149375,0.161140,0.161947,13.123343,31.702118,28.423012,0.551092,5.797476,
2,0.331308,0.660776,0.446994,0.256958,0.227217,28.305254,28.305254,0.095694,0.144548,0.155219,0.160775,12.463126,30.847819,27.165398,0.538691,6.895231,
3,0.378252,0.649068,0.451834,0.421499,0.252377,34.227451,34.227451,0.067644,0.097695,0.105041,0.113171,13.217314,31.625107,29.959884,0.554343,18.207145,
4,0.332627,0.652157,0.428444,0.285513,0.237226,31.030752,36.579582,0.061618,0.089681,0.097400,0.104945,12.545065,31.549633,29.905845,0.543957,14.078463,
5,0.326485,0.697466,0.454882,0.278806,0.193725,31.030752,31.030752,0.077504,0.116070,0.125891,0.128626,12.615409,30.697594,29.255202,0.557161,11.374541,
6,0.382776,0.751657,0.505596,0.379751,0.197990,26.740717,37.034451,0.091132,0.171606,0.198828,0.196998,10.450681,29.181549,27.848281,0.556897,6.108099,
7,0.383202,0.749893,0.518087,0.290449,0.253902,15.901076,26.740717,0.110399,0.180030,0.215843,0.221093,12.493405,29.293392,28.109881,0.593436,0.000000,
8,0.425377,0.751498,0.478365,0.407101,0.308403,15.901076,15.901076,0.133569,0.204667,0.222653,0.228579,13.358301,29.695811,28.293603,0.611449,0.000000,
