Frame,integer_adm2,integer_adm_scale0,integer_adm_scale1,integer_adm_scale2,integer_adm_scale3,integer_motion2,integer_motion,integer_vif_scale0,integer_vif_scale1,integer_vif_scale2,integer_vif_scale3,psnr_y,psnr_cb,psnr_cr,float_ssim,vmaf,
0,0.317302,0.714647,0.468420,0.269085,0.181789,0.000000,0.000000,0.138152,0.198800,0.216609,0.213735,12.037805,30.628774,27.580961,0.523502,0.000000,
1,0.347952,0.692872,0.470315,0.322401,0.211802,28.305254,29.954386,0.107586,0.159691,0.169327,0.165891,12.426872,29.973386,26.930868,0.505788,6.619806,
2,0.397641,0.682777,0.480635,0.346561,0.306250,28.305254,28.305254,0.103919,0.159743,0.171692,0.176731,12.904092,29.486059,26.578133,0.513132,9.495760,
3,0.461288,0.672177,0.484553,0.422856,0.417677,34.227451,34.227451,0.089758,0.140658,0.157530,0.175385,12.953316,32.717433,29.268634,0.543009,19.788009,
4,0.383250,0.670893,0.466987,0.315291,0.312787,31.030752,36.579582,0.088252,0.138210,0.149398,0.160065,12.648195,32.991041,29.613381,0.531717,12.477498,
5,0.396689,0.729166,0.533530,0.342060,0.276211,31.030752,31.030752,0.096199,0.149904,0.163162,0.171514,12.607059,31.757741,29.400635,0.521558,12.327338,
6,0.432584,0.765193,0.537455,0.383814,0.298779,26.740717,37.034451,0.107792,0.198698,0.222439,0.216707,10.382109,29.565092,27.548198,0.523042,7.640072,
7,0.444056,0.760078,0.508156,0.393217,0.335709,15.901076,26.740717,0.126674,0.214941,0.242693,0.243940,11.803901,29.330676,27.615136,0.525191,0.000000,
8,0.361281,0.739815,0.489565,0.297963,0.225699,15.901076,15.901076,0.141891,0.220390,0.232893,0.221565,12.161075,29.375514,27.561553,0.524265,0.000000,
