Frame,integer_adm2,integer_adm_scale0,integer_adm_scale1,integer_adm_scale2,integer_adm_scale3,integer_motion2,integer_motion,integer_vif_scale0,integer_vif_scale1,integer_vif_scale2,integer_vif_scale3,psnr_y,psnr_cb,psnr_cr,float_ssim,vmaf,
0,0.964310,0.961606,0.945650,0.950606,0.979789,0.000000,0.000000,0.897212,0.960343,0.970383,0.975721,39.030389,60.193669,57.855179,0.995492,86.242145,
1,0.827153,0.807783,0.811988,0.868745,0.813098,28.305254,29.954386,0.408758,0.639316,0.662814,0.673657,20.508793,42.383870,41.185853,0.852504,57.717656,
2,0.702910,0.771193,0.724851,0.693383,0.678543,28.305254,28.305254,0.319046,0.521683,0.544659,0.547831,17.645261,37.999482,36.743805,0.785316,31.684303,
3,0.730049,0.773747,0.752327,0.721662,0.714800,34.227451,34.227451,0.260882,0.469743,0.508467,0.534799,15.835999,42.944156,42.413817,0.769916,40.813196,
4,0.814044,0.814232,0.793883,0.807029,0.825427,31.030752,36.579582,0.359476,0.626674,0.666766,0.685813,17.830089,43.039260,42.108982,0.847920,58.201934,
5,0.992557,0.985050,0.986239,0.991158,0.997991,31.030752,31.030752,0.951041,0.989477,0.993494,0.995793,44.133110,68.447673,66.716426,0.998141,100.000000,
6,0.985889,0.976914,0.980814,0.982164,0.993783,26.740717,37.034451,0.951762,0.987746,0.991752,0.995156,45.897740,68.460795,66.422819,0.998810,100.000000,
7,0.842332,0.835587,0.814180,0.847666,0.853350,15.901076,26.740717,0.451227,0.693838,0.737153,0.760058,26.482632,42.773810,42.781144,0.906805,56.014803,
8,0.975029,0.965043,0.962380,0.970079,0.986488,15.901076,15.901076,0.900748,0.965853,0.975915,0.981693,41.481618,59.352681,58.448933,0.996600,100.000000,
