Frame,integer_adm2,integer_adm_scale0,integer_adm_scale1,integer_adm_scale2,integer_adm_scale3,integer_motion2,integer_motion,integer_vif_scale0,integer_vif_scale1,integer_vif_scale2,integer_vif_scale3,psnr_y,psnr_cb,psnr_cr,float_ssim,vmaf,
0,0.349452,0.711820,0.456340,0.306015,0.236412,0.000000,0.000000,0.148590,0.225628,0.248651,0.255864,13.749573,30.655847,27.325368,0.509079,0.000000,
1,0.361901,0.683294,0.448583,0.300471,0.269069,28.305254,29.954386,0.114264,0.177828,0.198212,0.211580,13.318939,29.514782,26.753309,0.474027,5.524554,
2,0.394895,0.677720,0.467143,0.341384,0.310002,28.305254,28.305254,0.108955,0.173187,0.192483,0.206153,13.714094,29.159896,26.527130,0.484375,8.024726,
3,0.413788,0.661289,0.436794,0.382698,0.356067,34.227451,34.227451,0.084356,0.142510,0.163831,0.179183,13.044173,30.890459,28.077589,0.467658,16.328967,
4,0.367147,0.656589,0.426878,0.344116,0.279597,31.030752,36.579582,0.095881,0.156799,0.177030,0.194242,14.027644,32.807136,29.451057,0.486639,9.721768,
5,0.410905,0.711816,0.492191,0.343140,0.328362,31.030752,31.030752,0.115717,0.187649,0.209901,0.235097,15.248536,32.007182,29.421955,0.517230,10.198573,
6,0.461576,0.773892,0.535611,0.405165,0.353448,26.740717,37.034451,0.121245,0.224204,0.256871,0.263560,12.532758,30.512557,28.353140,0.483951,8.060936,
7,0.392362,0.764413,0.512850,0.330494,0.246755,15.901076,26.740717,0.148775,0.252315,0.293458,0.312790,13.854933,29.562438,27.727283,0.494189,0.000000,
8,0.397478,0.755330,0.502539,0.310518,0.292946,15.901076,15.901076,0.157223,0.247731,0.271762,0.282641,13.929362,29.247475,27.401583,0.500540,0.000000,
