Frame,integer_adm2,integer_adm_scale0,integer_adm_scale1,integer_adm_scale2,integer_adm_scale3,integer_motion2,integer_motion,integer_vif_scale0,integer_vif_scale1,integer_vif_scale2,integer_vif_scale3,psnr_y,psnr_cb,psnr_cr,float_ssim,vmaf,
0,0.426732,0.743098,0.518210,0.376089,0.336270,0.000000,0.000000,0.124452,0.193848,0.208302,0.186096,10.385813,29.256146,28.659493,0.478217,0.000000,
1,0.408274,0.720906,0.445603,0.360765,0.328706,28.305254,29.954386,0.099209,0.156433,0.168161,0.161574,14.288758,30.388842,29.301325,0.528319,10.571413,
2,0.369290,0.649638,0.396531,0.303924,0.310376,28.305254,28.305254,0.089598,0.146650,0.151904,0.139870,12.838908,25.090432,23.818259,0.533187,9.263737,
3,0.547330,0.701632,0.585217,0.553125,0.488033,34.227451,34.227451,0.217035,0.356976,0.384329,0.406461,17.700761,40.885037,39.611599,0.751193,17.318698,
4,0.532915,0.706056,0.582475,0.534751,0.466575,31.030752,36.579582,0.205076,0.344594,0.369760,0.383881,16.585484,36.226915,35.150880,0.748562,13.087043,
5,0.637897,0.735819,0.603034,0.634837,0.623482,31.030752,31.030752,0.229796,0.379534,0.408999,0.434930,17.700545,31.907497,30.197264,0.749859,24.774421,
6,0.711758,0.802850,0.718008,0.716866,0.672657,26.740717,37.034451,0.319391,0.505580,0.546258,0.567654,19.519413,31.450884,29.706485,0.815964,32.790846,
7,0.981872,0.979077,0.973879,0.983782,0.985055,15.901076,26.740717,0.951844,0.989861,0.994096,0.996283,47.074266,69.265364,66.867170,0.999155,100.000000,
8,0.985578,0.975713,0.975747,0.982500,0.994689,15.901076,15.901076,0.930711,0.981773,0.988540,0.991840,43.630600,60.104199,58.504841,0.998518,100.000000,
