Frame,integer_adm2,integer_adm_scale0,integer_adm_scale1,integer_adm_scale2,integer_adm_scale3,integer_motion2,integer_motion,integer_vif_scale0,integer_vif_scale1,integer_vif_scale2,integer_vif_scale3,psnr_y,psnr_cb,psnr_cr,float_ssim,vmaf,
0,0.363294,0.722707,0.436284,0.279167,0.287240,0.000000,0.000000,0.148527,0.216036,0.236491,0.241353,14.583224,31.580107,28.651755,0.569762,0.000000,
1,0.433179,0.700092,0.468665,0.354427,0.387551,28.305254,29.954386,0.121871,0.180852,0.199954,0.211224,14.692113,32.029218,29.332844,0.569105,10.088391,
2,0.432427,0.687538,0.488361,0.392641,0.354333,28.305254,28.305254,0.119341,0.179170,0.198044,0.212243,14.812537,31.249940,28.888798,0.577937,10.157250,
3,0.376680,0.641156,0.440553,0.359928,0.290916,34.227451,34.227451,0.082016,0.124676,0.138361,0.149400,13.509904,31.531638,28.715439,0.504713,15.653533,
4,0.435668,0.667815,0.435875,0.386351,0.400581,31.030752,36.579582,0.091770,0.150917,0.172594,0.192479,14.196059,31.613794,28.714131,0.533309,14.573373,
5,0.427772,0.723906,0.517256,0.437060,0.299883,31.030752,31.030752,0.116086,0.183522,0.203682,0.217236,14.577591,31.721363,29.388416,0.558155,11.744026,
6,0.429017,0.755508,0.517526,0.399615,0.291746,26.740717,37.034451,0.121185,0.218515,0.253488,0.279092,12.237209,29.918228,28.363541,0.535929,5.772972,
7,0.442238,0.755205,0.486342,0.324460,0.388177,15.901076,26.740717,0.138712,0.233439,0.265318,0.277580,14.411942,30.016661,28.732558,0.565026,0.000000,
8,0.410653,0.749056,0.492048,0.347331,0.306932,15.901076,15.901076,0.154885,0.232132,0.249977,0.249767,14.669864,30.209667,29.002974,0.565893,0.000000,
