Frame,integer_adm2,integer_adm_scale0,integer_adm_scale1,integer_adm_scale2,integer_adm_scale3,integer_motion2,integer_motion,integer_vif_scale0,integer_vif_scale1,integer_vif_scale2,integer_vif_scale3,psnr_y,psnr_cb,psnr_cr,float_ssim,vmaf,
0,0.967821,0.969392,0.952074,0.958639,0.978384,0.000000,0.000000,0.901514,0.960321,0.970028,0.975297,39.533449,60.179680,58.683080,0.995392,86.950905,
1,0.832191,0.813092,0.814077,0.876938,0.817245,28.305254,29.954386,0.410334,0.644537,0.668397,0.679717,20.538866,42.467571,41.291548,0.854849,58.992423,
2,0.706436,0.772313,0.725473,0.693299,0.686195,28.305254,28.305254,0.319982,0.522595,0.544732,0.547118,17.658788,38.084755,36.761095,0.788324,32.167006,
3,0.702067,0.765733,0.729383,0.673273,0.691366,34.227451,34.227451,0.251552,0.435599,0.472990,0.501361,15.569964,40.870737,38.921107,0.748141,36.291102,
4,0.785920,0.808339,0.778459,0.781925,0.784861,31.030752,36.579582,0.349090,0.591880,0.630290,0.649894,17.726900,40.452299,39.382182,0.829893,51.386198,
5,0.983951,0.981395,0.977707,0.979414,0.989653,31.030752,31.030752,0.928399,0.973882,0.981494,0.986272,42.648609,60.488107,58.419093,0.996961,100.000000,
6,0.849929,0.849153,0.826239,0.834657,0.870466,26.740717,37.034451,0.443362,0.687432,0.734917,0.760562,23.435128,43.848173,42.697664,0.900247,66.881279,
7,0.692139,0.849693,0.722443,0.669697,0.636901,15.901076,26.740717,0.272319,0.449594,0.496793,0.536050,18.835056,34.192378,32.288438,0.763037,20.179638,
8,0.654548,0.799984,0.669472,0.677939,0.585824,15.901076,15.901076,0.256111,0.407075,0.447421,0.487323,18.287149,33.131740,31.998995,0.756123,14.390517,
