Frame,integer_adm2,integer_adm_scale0,integer_adm_scale1,integer_adm_scale2,integer_adm_scale3,integer_motion2,integer_motion,integer_vif_scale0,integer_vif_scale1,integer_vif_scale2,integer_vif_scale3,psnr_y,psnr_cb,psnr_cr,float_ssim,vmaf,
0,0.320922,0.708935,0.468248,0.257768,0.198256,0.000000,0.000000,0.137081,0.191613,0.204339,0.202880,15.965704,31.537847,28.931574,0.627176,0.000000,
1,0.428461,0.684935,0.515671,0.341106,0.371146,28.305254,29.954386,0.117681,0.169231,0.185506,0.197262,15.386351,32.221807,29.900745,0.607953,10.643728,
2,0.461647,0.662795,0.478874,0.343888,0.463731,28.305254,28.305254,0.112586,0.167033,0.183063,0.194404,14.840346,31.585168,28.603470,0.597115,13.282863,
3,0.387988,0.628730,0.437479,0.281667,0.365938,34.227451,34.227451,0.076244,0.112748,0.122882,0.140177,14.053466,31.527109,29.058682,0.535618,17.315268,
4,0.422393,0.652703,0.447866,0.319435,0.408878,31.030752,36.579582,0.083167,0.130506,0.147817,0.165422,14.053093,31.549463,28.993228,0.560390,15.316535,
5,0.443551,0.717298,0.520036,0.287233,0.421163,31.030752,31.030752,0.103563,0.157569,0.171602,0.178648,14.535843,31.731668,29.726948,0.592095,14.876710,
6,0.469353,0.754551,0.522636,0.329632,0.434795,26.740717,37.034451,0.110827,0.203711,0.235338,0.260740,11.751341,29.853517,28.543310,0.575302,9.998402,
7,0.423496,0.752014,0.500722,0.328997,0.334034,15.901076,26.740717,0.127907,0.210827,0.237144,0.250156,14.331790,30.033738,29.082593,0.617284,0.000000,
8,0.423900,0.749793,0.479941,0.367682,0.329868,15.901076,15.901076,0.148468,0.221730,0.237450,0.238195,15.114748,30.225675,29.349229,0.624493,0.000000,
