Frame,integer_adm2,integer_adm_scale0,integer_adm_scale1,integer_adm_scale2,integer_adm_scale3,integer_motion2,integer_motion,integer_vif_scale0,integer_vif_scale1,integer_vif_scale2,integer_vif_scale3,psnr_y,psnr_cb,psnr_cr,float_ssim,vmaf,
0,0.335565,0.707721,0.449630,0.296208,0.214832,0.000000,0.000000,0.126807,0.177919,0.188222,0.183930,13.683331,30.273859,27.753491,0.607683,0.000000,
1,0.332472,0.688605,0.388462,0.280925,0.234980,28.305254,29.954386,0.103583,0.154447,0.165307,0.164837,13.128429,31.757569,28.449092,0.560051,6.148930,
2,0.328675,0.664766,0.424085,0.262940,0.225301,28.305254,28.305254,0.098451,0.150678,0.161046,0.167768,12.507038,30.891227,27.171072,0.549740,6.232688,
3,0.382740,0.650191,0.450384,0.426341,0.259770,34.227451,34.227451,0.068328,0.097731,0.104718,0.114581,13.266388,31.751961,30.249273,0.560515,18.441858,
4,0.325971,0.650258,0.425537,0.276378,0.229299,31.030752,36.579582,0.061843,0.089670,0.097284,0.105169,12.653754,31.605438,30.058049,0.552472,13.758493,
5,0.314170,0.696646,0.424693,0.251474,0.193242,31.030752,31.030752,0.078495,0.117823,0.127722,0.130173,12.631055,30.785863,29.418568,0.564472,10.624630,
6,0.379924,0.750896,0.504667,0.376022,0.194127,26.740717,37.034451,0.091342,0.171387,0.199277,0.197864,10.441158,29.209312,27.875013,0.567303,5.918419,
7,0.400253,0.749051,0.483335,0.351382,0.270535,15.901076,26.740717,0.111491,0.182794,0.218561,0.220770,12.435994,29.346186,28.164198,0.602547,0.000000,
8,0.420385,0.748207,0.487412,0.412110,0.290925,15.901076,15.901076,0.133726,0.205217,0.223081,0.228467,13.273812,29.758043,28.399771,0.619484,0.000000,
