Frame,integer_adm2,integer_adm_scale0,integer_adm_scale1,integer_adm_scale2,integer_adm_scale3,integer_motion2,integer_motion,integer_vif_scale0,integer_vif_scale1,integer_vif_scale2,integer_vif_scale3,psnr_y,psnr_cb,psnr_cr,float_ssim,vmaf,
0,0.347625,0.710109,0.451872,0.282220,0.248574,0.000000,0.000000,0.125494,0.175284,0.184907,0.179304,13.760855,30.230777,27.608343,0.603064,0.000000,
1,0.305211,0.667785,0.383323,0.225749,0.214473,28.305254,29.954386,0.101443,0.150177,0.162627,0.161266,13.099633,31.860066,28.472918,0.552287,5.078783,
2,0.320246,0.659356,0.423524,0.253147,0.213624,28.305254,28.305254,0.096681,0.148463,0.160749,0.165822,12.497374,30.858477,27.167983,0.544491,5.938942,
3,0.386610,0.652404,0.444948,0.430607,0.267303,34.227451,34.227451,0.067546,0.096927,0.103772,0.111491,13.204202,31.727737,30.088372,0.556030,18.759188,
4,0.326868,0.653861,0.430239,0.256317,0.239939,31.030752,36.579582,0.061846,0.090005,0.097648,0.104380,12.519104,31.619088,29.957610,0.548154,13.787296,
5,0.349353,0.706367,0.429521,0.259806,0.262767,31.030752,31.030752,0.077895,0.117410,0.127594,0.131268,12.613450,30.732090,29.310157,0.562319,12.402172,
6,0.406539,0.752606,0.502243,0.377208,0.259019,26.740717,37.034451,0.091120,0.171365,0.198255,0.197062,10.462715,29.187017,27.874432,0.563050,7.699807,
7,0.382062,0.757514,0.488220,0.297839,0.256277,15.901076,26.740717,0.110109,0.180297,0.217373,0.223194,12.536522,29.351254,28.169467,0.598281,0.000000,
8,0.418559,0.749898,0.476405,0.383533,0.308565,15.901076,15.901076,0.133642,0.204558,0.222773,0.229750,13.411300,29.665334,28.297613,0.614828,0.000000,
