Frame,integer_adm2,integer_adm_scale0,integer_adm_scale1,integer_adm_scale2,integer_adm_scale3,integer_motion2,integer_motion,integer_vif_scale0,integer_vif_scale1,integer_vif_scale2,integer_vif_scale3,psnr_y,psnr_cb,psnr_cr,float_ssim,vmaf,
0,0.353026,0.722799,0.434990,0.278571,0.265155,0.000000,0.000000,0.130266,0.185373,0.195433,0.187700,12.224677,30.447532,27.983406,0.523425,0.000000,
1,0.348672,0.700457,0.432035,0.302587,0.238419,28.305254,29.954386,0.106774,0.159897,0.175150,0.177150,12.437502,31.905537,28.761989,0.496319,6.407098,
2,0.354500,0.695016,0.439774,0.324742,0.231722,28.305254,28.305254,0.104185,0.160126,0.173413,0.175432,12.519581,31.229154,27.655441,0.494630,6.806798,
3,0.429880,0.685716,0.495069,0.369009,0.371564,34.227451,34.227451,0.078175,0.120506,0.133400,0.142123,13.521524,31.839916,30.015896,0.524511,19.290080,
4,0.365898,0.702066,0.440967,0.307668,0.279960,31.030752,36.579582,0.072166,0.113907,0.125881,0.134708,13.274277,31.903434,30.254374,0.511102,13.499537,
5,0.330520,0.713081,0.451499,0.259298,0.210441,31.030752,31.030752,0.084601,0.132761,0.141643,0.140012,12.631480,30.868149,29.394818,0.500099,10.223647,
6,0.448353,0.770824,0.547600,0.386935,0.328966,26.740717,37.034451,0.095156,0.182731,0.203027,0.202208,11.128736,29.340450,28.290705,0.510596,10.043836,
7,0.470227,0.775490,0.560916,0.343286,0.404998,15.901076,26.740717,0.116214,0.199493,0.215689,0.196891,11.878114,29.403852,28.482056,0.516702,2.519550,
8,0.396536,0.748436,0.494558,0.318014,0.291407,15.901076,15.901076,0.139319,0.217344,0.229211,0.213249,12.401561,29.788163,28.638212,0.529384,0.000000,
