Frame,integer_adm2,integer_adm_scale0,integer_adm_scale1,integer_adm_scale2,integer_adm_scale3,integer_motion2,integer_motion,integer_vif_scale0,integer_vif_scale1,integer_vif_scale2,integer_vif_scale3,psnr_y,psnr_cb,psnr_cr,float_ssim,vmaf,
0,0.317474,0.713892,0.473442,0.253647,0.189823,0.000000,0.000000,0.139358,0.197876,0.215218,0.215050,13.580166,30.858552,27.817344,0.566946,0.000000,
1,0.368248,0.671089,0.426167,0.312808,0.288529,28.305254,29.954386,0.111554,0.165252,0.179496,0.184861,13.526422,30.387771,27.288582,0.533371,7.110669,
2,0.440661,0.671367,0.493548,0.367463,0.391933,28.305254,28.305254,0.107956,0.164320,0.180213,0.188246,13.394728,30.103935,27.078202,0.536852,11.956957,
3,0.459367,0.654701,0.451703,0.398636,0.444354,34.227451,34.227451,0.094718,0.144667,0.162581,0.180090,14.129942,32.918746,29.623420,0.565202,19.333330,
4,0.425110,0.653922,0.449592,0.349299,0.396973,31.030752,36.579582,0.097586,0.156028,0.175453,0.196416,14.244214,33.127540,29.913347,0.569385,13.501745,
5,0.391944,0.725723,0.465516,0.353756,0.285706,31.030752,31.030752,0.101115,0.155991,0.168652,0.183258,13.410893,31.808406,29.623471,0.550019,11.518247,
6,0.422854,0.770558,0.506339,0.412614,0.267451,26.740717,37.034451,0.118303,0.223312,0.259892,0.280647,11.372330,29.721022,27.890772,0.569113,5.004267,
7,0.404227,0.758362,0.498325,0.320722,0.290890,15.901076,26.740717,0.130294,0.225244,0.254305,0.276349,13.134229,29.481609,27.921971,0.574941,0.000000,
8,0.349324,0.751319,0.491156,0.287350,0.199772,15.901076,15.901076,0.148869,0.233391,0.249887,0.254760,13.596160,29.560107,27.866509,0.575075,0.000000,
