Frame,integer_adm2,integer_adm_scale0,integer_adm_scale1,integer_adm_scale2,integer_adm_scale3,integer_motion2,integer_motion,integer_vif_scale0,integer_vif_scale1,integer_vif_scale2,integer_vif_scale3,psnr_y,psnr_cb,psnr_cr,float_ssim,vmaf,
0,0.335833,0.709031,0.481319,0.312103,0.194458,0.000000,0.000000,0.134158,0.189934,0.202589,0.200593,15.033173,31.738411,29.074027,0.598602,0.000000,
1,0.424008,0.693884,0.488540,0.341231,0.368650,28.305254,29.954386,0.114411,0.166282,0.180186,0.185804,14.789646,32.336343,29.964465,0.580660,10.658856,
2,0.422563,0.690935,0.482415,0.363731,0.350414,28.305254,28.305254,0.110900,0.165345,0.180386,0.189376,14.431026,31.629515,28.683795,0.577103,10.596233,
3,0.375439,0.647164,0.445015,0.322569,0.306543,34.227451,34.227451,0.075323,0.112657,0.123267,0.132030,13.660873,31.700031,29.143773,0.524130,16.685089,
4,0.424664,0.671115,0.438847,0.354797,0.392180,31.030752,36.579582,0.084634,0.136514,0.154127,0.169226,13.873685,31.679974,29.109462,0.547554,15.026822,
5,0.422744,0.741549,0.525621,0.404213,0.298759,31.030752,31.030752,0.100809,0.156695,0.169796,0.176257,14.401712,31.858298,29.848301,0.571517,13.533524,
6,0.419660,0.760776,0.494902,0.389507,0.283296,26.740717,37.034451,0.108895,0.199868,0.226574,0.231659,11.914793,29.964247,28.685384,0.553567,6.502537,
7,0.416665,0.752992,0.475055,0.316975,0.335940,15.901076,26.740717,0.124416,0.205520,0.229792,0.235488,14.006585,30.101771,29.141246,0.582120,0.000000,
8,0.410109,0.754779,0.490256,0.353210,0.300741,15.901076,15.901076,0.143685,0.218136,0.232516,0.228009,14.695112,30.481730,29.500303,0.593907,0.000000,
