Frame,integer_adm2,integer_adm_scale0,integer_adm_scale1,integer_adm_scale2,integer_adm_scale3,integer_motion2,integer_motion,integer_vif_scale0,integer_vif_scale1,integer_vif_scale2,integer_vif_scale3,psnr_y,psnr_cb,psnr_cr,float_ssim,vmaf,
0,0.348606,0.711377,0.469016,0.328542,0.216770,0.000000,0.000000,0.141417,0.195796,0.210055,0.213224,15.610449,31.845017,29.170312,0.629446,0.000000,
1,0.426219,0.698113,0.526964,0.336465,0.360451,28.305254,29.954386,0.115560,0.165905,0.180861,0.188939,15.149163,32.016196,29.605302,0.600582,10.789505,
2,0.461711,0.665696,0.490599,0.396026,0.426340,28.305254,28.305254,0.111572,0.167004,0.184253,0.194682,14.804912,31.133171,28.269365,0.592451,13.269627,
3,0.401599,0.631169,0.441216,0.290156,0.389206,34.227451,34.227451,0.080166,0.117670,0.130764,0.148745,14.246713,31.212694,28.668188,0.541808,17.622479,
4,0.451509,0.660729,0.459195,0.388578,0.427595,31.030752,36.579582,0.087996,0.136217,0.154005,0.172718,13.993124,31.240013,28.746190,0.570425,16.859511,
5,0.455030,0.722094,0.525638,0.299477,0.436436,31.030752,31.030752,0.106284,0.158843,0.171325,0.177767,14.260418,31.769501,29.638805,0.592694,15.648243,
6,0.435969,0.751635,0.513366,0.397996,0.313052,26.740717,37.034451,0.110717,0.200079,0.230495,0.254564,11.652580,29.901676,28.459592,0.583054,7.583133,
7,0.427265,0.760906,0.530777,0.326220,0.328983,15.901076,26.740717,0.126067,0.204647,0.228381,0.241925,14.321228,30.219835,29.090499,0.622189,0.000000,
8,0.436130,0.757010,0.514679,0.410595,0.315336,15.901076,15.901076,0.148708,0.220228,0.234475,0.234247,15.188524,30.587555,29.428667,0.631494,0.000000,
