Frame,integer_adm2,integer_adm_scale0,integer_adm_scale1,integer_adm_scale2,integer_adm_scale3,integer_motion2,integer_motion,integer_vif_scale0,integer_vif_scale1,integer_vif_scale2,integer_vif_scale3,psnr_y,psnr_cb,psnr_cr,float_ssim,vmaf,
0,0.334686,0.713639,0.443200,0.268149,0.230202,0.000000,0.000000,0.134162,0.194760,0.214567,0.237274,13.601883,30.657966,27.730721,0.555653,0.000000,
1,0.429392,0.677527,0.437227,0.361490,0.393493,28.305254,29.954386,0.107267,0.161525,0.173422,0.172684,13.169672,30.235045,27.673145,0.510799,11.522780,
2,0.473590,0.660712,0.429024,0.340744,0.513951,28.305254,28.305254,0.100823,0.155478,0.168880,0.167448,13.042797,30.239086,27.645917,0.503419,15.191673,
3,0.465478,0.647468,0.429493,0.400742,0.466889,34.227451,34.227451,0.085654,0.131767,0.148791,0.164164,13.428157,32.129845,30.180364,0.522212,20.720807,
4,0.455986,0.654254,0.415163,0.335755,0.485477,31.030752,36.579582,0.089480,0.141333,0.159050,0.184237,13.998682,33.236973,30.959336,0.547937,16.782155,
5,0.501738,0.718155,0.495654,0.405194,0.493904,31.030752,31.030752,0.096533,0.153475,0.172642,0.198653,13.687895,31.910432,30.705631,0.542453,19.421743,
6,0.468172,0.762445,0.497559,0.381779,0.405553,26.740717,37.034451,0.107505,0.201201,0.232420,0.240353,11.467906,30.069360,28.782034,0.560980,10.074422,
7,0.406306,0.758431,0.485364,0.336773,0.290871,15.901076,26.740717,0.125188,0.216808,0.248986,0.266607,13.503928,29.177380,28.141601,0.570507,0.000000,
8,0.415170,0.752115,0.470469,0.253132,0.384946,15.901076,15.901076,0.137853,0.215307,0.234622,0.251160,13.658506,29.179553,27.976719,0.555546,0.000000,
