Frame,integer_adm2,integer_adm_scale0,integer_adm_scale1,integer_adm_scale2,integer_adm_scale3,integer_motion2,integer_motion,integer_vif_scale0,integer_vif_scale1,integer_vif_scale2,integer_vif_scale3,psnr_y,psnr_cb,psnr_cr,float_ssim,vmaf,
0,0.329928,0.715283,0.478850,0.310330,0.181483,0.000000,0.000000,0.134646,0.189254,0.201986,0.200899,14.975046,31.638890,29.046704,0.606088,0.000000,
1,0.413256,0.694305,0.486894,0.337348,0.346701,28.305254,29.954386,0.116046,0.168447,0.183161,0.189836,14.890251,32.249492,29.903998,0.592240,9.720698,
2,0.425268,0.690314,0.479449,0.354207,0.363918,28.305254,28.305254,0.112682,0.167121,0.183130,0.192201,14.493779,31.580020,28.705223,0.586946,10.620437,
3,0.369233,0.646707,0.444852,0.324611,0.291757,34.227451,34.227451,0.076256,0.113085,0.123538,0.133465,13.710715,31.687850,29.223029,0.531795,16.293679,
4,0.425220,0.671437,0.441619,0.357875,0.390550,31.030752,36.579582,0.083708,0.132484,0.146905,0.155199,13.674175,31.695164,29.162312,0.553407,15.515220,
5,0.425085,0.739338,0.522646,0.410030,0.302507,31.030752,31.030752,0.099885,0.152591,0.163617,0.167587,14.323816,31.807500,29.871911,0.577109,14.069370,
6,0.422327,0.757127,0.493793,0.377223,0.299714,26.740717,37.034451,0.109282,0.198099,0.222828,0.225652,11.815895,29.905372,28.679602,0.567324,6.863074,
7,0.440441,0.747592,0.473795,0.360658,0.367824,15.901076,26.740717,0.125235,0.205556,0.230158,0.234860,13.877488,30.057799,29.144812,0.596955,0.000000,
8,0.403474,0.743724,0.488309,0.348660,0.292377,15.901076,15.901076,0.147317,0.220938,0.235542,0.231996,14.611276,30.377653,29.478264,0.607569,0.000000,
