Frame,integer_adm2,integer_adm_scale0,integer_adm_scale1,integer_adm_scale2,integer_adm_scale3,integer_motion2,integer_motion,integer_vif_scale0,integer_vif_scale1,integer_vif_scale2,integer_vif_scale3,psnr_y,psnr_cb,psnr_cr,float_ssim,vmaf,
0,0.318261,0.716105,0.469833,0.264014,0.186044,0.000000,0.000000,0.135004,0.192579,0.208377,0.203635,12.055816,30.516756,27.518906,0.522037,0.000000,
1,0.349422,0.692384,0.474284,0.322469,0.213760,28.305254,29.954386,0.105108,0.155036,0.163685,0.160231,12.417412,29.902710,26.894271,0.504587,7.126686,
2,0.404270,0.681870,0.480795,0.347400,0.321374,28.305254,28.305254,0.103078,0.158690,0.170693,0.175114,12.733730,29.410899,26.433690,0.509676,10.016023,
3,0.460981,0.672295,0.483059,0.422100,0.417954,34.227451,34.227451,0.088671,0.139555,0.156741,0.174101,12.927489,32.756361,29.301746,0.540174,19.839777,
4,0.385027,0.670080,0.466064,0.323728,0.312487,31.030752,36.579582,0.084635,0.131719,0.141509,0.149747,12.598886,33.003780,29.618115,0.528394,13.180591,
5,0.397651,0.729611,0.539506,0.341210,0.276457,31.030752,31.030752,0.093172,0.143997,0.155538,0.162239,12.544667,31.653062,29.336281,0.518122,12.915383,
6,0.438991,0.771238,0.536832,0.384863,0.311870,26.740717,37.034451,0.107471,0.198258,0.220919,0.214677,10.345848,29.474998,27.490034,0.521295,8.177195,
7,0.442242,0.775389,0.537660,0.362629,0.333355,15.901076,26.740717,0.126475,0.215276,0.242679,0.242468,11.781224,29.235072,27.551145,0.524922,0.000000,
8,0.357032,0.737927,0.482402,0.290247,0.224030,15.901076,15.901076,0.139713,0.216815,0.228521,0.216260,12.132840,29.284662,27.499557,0.522892,0.000000,
