Frame,integer_adm2,integer_adm_scale0,integer_adm_scale1,integer_adm_scale2,integer_adm_scale3,integer_motion2,integer_motion,integer_vif_scale0,integer_vif_scale1,integer_vif_scale2,integer_vif_scale3,psnr_y,psnr_cb,psnr_cr,float_ssim,vmaf,
0,0.331043,0.711133,0.443391,0.287325,0.211293,0.000000,0.000000,0.142476,0.212234,0.236009,0.240676,14.435098,30.141800,27.239546,0.554751,0.000000,
1,0.386632,0.685912,0.454982,0.347367,0.293874,28.305254,29.954386,0.111106,0.170276,0.191126,0.205213,13.662845,29.245333,26.914459,0.517351,7.633054,
2,0.429848,0.690591,0.476593,0.370551,0.365605,28.305254,28.305254,0.109943,0.171440,0.191000,0.206871,13.590320,28.732075,26.172162,0.515891,10.534654,
3,0.404217,0.656752,0.450057,0.408856,0.315962,34.227451,34.227451,0.078492,0.125460,0.143169,0.159263,13.356872,31.049547,29.047614,0.497986,17.081345,
4,0.411396,0.670150,0.448492,0.387614,0.340969,31.030752,36.579582,0.087055,0.136094,0.151153,0.170765,13.966089,32.619684,30.400059,0.518492,14.209516,
5,0.406803,0.696442,0.469007,0.347491,0.330071,31.030752,31.030752,0.106403,0.168792,0.185802,0.198603,15.050116,31.633466,29.837012,0.540259,11.425371,
6,0.450815,0.765368,0.527897,0.396956,0.338885,26.740717,37.034451,0.116324,0.213555,0.242143,0.247587,12.393756,29.819511,28.087194,0.515561,7.918034,
7,0.383084,0.760118,0.512925,0.304133,0.243016,15.901076,26.740717,0.135803,0.226636,0.256779,0.273049,13.918832,29.006317,27.540673,0.527971,0.000000,
8,0.401093,0.748909,0.521193,0.374826,0.255377,15.901076,15.901076,0.155178,0.245659,0.270499,0.276919,14.028940,28.639910,27.242697,0.538698,0.000000,
