Frame,integer_adm2,integer_adm_scale0,integer_adm_scale1,integer_adm_scale2,integer_adm_scale3,integer_motion2,integer_motion,integer_vif_scale0,integer_vif_scale1,integer_vif_scale2,integer_vif_scale3,psnr_y,psnr_cb,psnr_cr,float_ssim,vmaf,
0,0.738671,0.804938,0.707644,0.683327,0.764016,0.000000,0.000000,0.331969,0.517409,0.550337,0.582103,16.501644,36.840403,32.085707,0.744397,13.136754,
1,0.827079,0.806785,0.799767,0.814351,0.851777,28.305254,29.954386,0.387579,0.649309,0.682075,0.702572,18.703376,38.768082,34.478222,0.826628,59.488524,
2,0.974724,0.984651,0.963216,0.965829,0.981642,28.305254,28.305254,0.907892,0.953097,0.964033,0.971778,37.633402,54.608553,53.497778,0.991113,100.000000,
3,0.994219,0.984208,0.987817,0.995385,0.998630,34.227451,34.227451,0.938006,0.983643,0.988565,0.992031,41.251407,63.166242,59.887077,0.997315,100.000000,
4,0.990564,0.980015,0.985098,0.991147,0.995117,31.030752,36.579582,0.939014,0.988632,0.992491,0.994232,43.514954,64.283774,61.665327,0.998610,100.000000,
5,0.868343,0.838103,0.826469,0.846269,0.905770,31.030752,31.030752,0.387309,0.642576,0.691091,0.718479,20.993102,33.763130,32.065763,0.830197,69.969039,
6,0.761454,0.833548,0.779865,0.752739,0.733094,26.740717,37.034451,0.311091,0.522983,0.572591,0.599651,20.603595,33.886189,31.587354,0.826305,41.851870,
7,0.712520,0.815641,0.730601,0.709052,0.669649,15.901076,26.740717,0.311932,0.496990,0.550159,0.597629,18.524180,35.943691,34.103790,0.812389,24.723437,
8,0.634942,0.799666,0.678137,0.651244,0.553126,15.901076,15.901076,0.272529,0.456159,0.508363,0.547886,19.528094,34.441966,33.839796,0.785000,12.177595,
