Frame,integer_adm2,integer_adm_scale0,integer_adm_scale1,integer_adm_scale2,integer_adm_scale3,integer_motion2,integer_motion,integer_vif_scale0,integer_vif_scale1,integer_vif_scale2,integer_vif_scale3,psnr_y,psnr_cb,psnr_cr,float_ssim,vmaf,
0,0.340522,0.718815,0.448072,0.279618,0.233204,0.000000,0.000000,0.138218,0.194732,0.209074,0.210184,15.129785,31.470177,28.846231,0.595733,0.000000,
1,0.438677,0.694761,0.485342,0.378089,0.380681,28.305254,29.954386,0.118535,0.171987,0.188466,0.198450,14.978170,31.973643,29.612382,0.585028,11.186811,
2,0.438106,0.693385,0.494542,0.370606,0.376746,28.305254,28.305254,0.116098,0.172897,0.189119,0.200245,14.585610,31.142872,28.353547,0.583607,11.099147,
3,0.385014,0.647783,0.442298,0.355360,0.309634,34.227451,34.227451,0.079064,0.117152,0.128269,0.137338,13.951475,31.803071,29.589605,0.531730,16.836881,
4,0.442401,0.674211,0.440864,0.386065,0.412030,31.030752,36.579582,0.086070,0.136720,0.153004,0.167838,14.255080,31.728077,29.418160,0.553848,16.258319,
5,0.442042,0.739243,0.534840,0.452217,0.312077,31.030752,31.030752,0.102906,0.158055,0.170066,0.175835,14.725129,31.852481,29.965334,0.573792,14.801123,
6,0.407965,0.753549,0.502236,0.359633,0.273732,26.740717,37.034451,0.113087,0.204491,0.231764,0.247660,12.217403,29.770667,28.476088,0.561276,5.284539,
7,0.430421,0.750090,0.489608,0.309584,0.369472,15.901076,26.740717,0.130301,0.213536,0.239217,0.242210,14.172607,29.902011,28.926392,0.586650,0.000000,
8,0.409543,0.741593,0.486686,0.343856,0.311107,15.901076,15.901076,0.151795,0.227417,0.243525,0.241594,14.854572,30.211694,29.256068,0.597274,0.000000,
