Frame,integer_adm2,integer_adm_scale0,integer_adm_scale1,integer_adm_scale2,integer_adm_scale3,integer_motion2,integer_motion,integer_vif_scale0,integer_vif_scale1,integer_vif_scale2,integer_vif_scale3,psnr_y,psnr_cb,psnr_cr,float_ssim,vmaf,
0,0.350638,0.716493,0.449828,0.284148,0.253066,0.000000,0.000000,0.143580,0.210610,0.232176,0.239478,14.699396,31.720797,28.584694,0.562878,0.000000,
1,0.368406,0.684911,0.452862,0.329726,0.263794,28.305254,29.954386,0.115305,0.173891,0.191469,0.201023,14.437182,30.997150,28.348132,0.550391,6.312890,
2,0.416265,0.685032,0.484439,0.374653,0.330120,28.305254,28.305254,0.110878,0.169740,0.186058,0.196769,14.616749,30.055038,27.633923,0.559060,9.801031,
3,0.382922,0.638104,0.436658,0.365115,0.304044,34.227451,34.227451,0.081258,0.123683,0.135764,0.145024,13.768005,32.943221,30.239543,0.506314,16.165497,
4,0.407645,0.664327,0.433218,0.376048,0.346472,31.030752,36.579582,0.091410,0.150040,0.172859,0.202937,14.612224,33.398382,30.459534,0.532154,12.634415,
5,0.404465,0.710142,0.506900,0.399855,0.276691,31.030752,31.030752,0.110653,0.178550,0.197644,0.211176,15.146876,32.200136,30.029611,0.557144,10.512331,
6,0.434965,0.752216,0.504224,0.371478,0.331760,26.740717,37.034451,0.119660,0.216240,0.251054,0.267867,12.552078,30.116458,28.378088,0.533926,6.376454,
7,0.394881,0.751745,0.500915,0.311450,0.275363,15.901076,26.740717,0.140818,0.233932,0.260145,0.266734,14.518791,30.472456,29.114995,0.555850,0.000000,
8,0.432286,0.737810,0.496501,0.378455,0.340207,15.901076,15.901076,0.153755,0.234192,0.252774,0.256616,15.039705,30.290568,28.925013,0.563768,0.000000,
