Frame,integer_adm2,integer_adm_scale0,integer_adm_scale1,integer_adm_scale2,integer_adm_scale3,integer_motion2,integer_motion,integer_vif_scale0,integer_vif_scale1,integer_vif_scale2,integer_vif_scale3,psnr_y,psnr_cb,psnr_cr,float_ssim,vmaf,
0,0.332453,0.722227,0.439432,0.326434,0.189408,0.000000,0.000000,0.129970,0.185652,0.196542,0.191325,12.059044,30.518263,27.711797,0.532002,0.000000,
1,0.352693,0.696812,0.409092,0.361189,0.221385,28.305254,29.954386,0.107677,0.164638,0.179561,0.183813,12.327266,31.846993,28.231883,0.507228,6.252657,
2,0.334901,0.679744,0.461773,0.359719,0.160740,28.305254,28.305254,0.105576,0.166217,0.180405,0.190401,12.486945,30.879055,26.931782,0.507274,5.113762,
3,0.435666,0.657078,0.496442,0.380956,0.384761,34.227451,34.227451,0.078713,0.121933,0.134291,0.146927,13.539799,32.420876,30.838829,0.531812,19.546079,
4,0.370720,0.677034,0.438898,0.330879,0.285001,31.030752,36.579582,0.071069,0.111984,0.123319,0.134418,13.279647,32.000433,30.175917,0.516686,13.930715,
5,0.315605,0.709173,0.422386,0.269323,0.183466,31.030752,31.030752,0.084501,0.132636,0.140072,0.136957,12.476613,31.166880,29.513924,0.508377,9.569598,
6,0.457971,0.761170,0.560116,0.395502,0.345019,26.740717,37.034451,0.094691,0.181540,0.203562,0.205290,11.125722,29.339047,27.676185,0.520272,10.810421,
7,0.478240,0.776094,0.570473,0.379904,0.395986,15.901076,26.740717,0.114937,0.195144,0.213087,0.197438,11.790700,29.520520,27.954056,0.525601,3.436195,
8,0.390371,0.745096,0.483618,0.325282,0.277682,15.901076,15.901076,0.138294,0.217065,0.229285,0.216392,12.263125,29.975597,28.242426,0.540187,0.000000,
