Frame,integer_adm2,integer_adm_scale0,integer_adm_scale1,integer_adm_scale2,integer_adm_scale3,integer_motion2,integer_motion,integer_vif_scale0,integer_vif_scale1,integer_vif_scale2,integer_vif_scale3,psnr_y,psnr_cb,psnr_cr,float_ssim,vmaf,
0,0.852422,0.832280,0.789273,0.815460,0.902269,0.000000,0.000000,0.460144,0.708130,0.748889,0.777118,22.805366,42.100147,36.658933,0.916043,42.702420,
1,0.992472,0.982102,0.988519,0.993853,0.996292,28.305254,29.954386,0.937776,0.988269,0.992898,0.995597,43.865411,67.617229,65.097511,0.998373,100.000000,
2,0.981627,0.976836,0.971394,0.981450,0.987319,28.305254,28.305254,0.926902,0.977463,0.983636,0.987520,40.994943,64.246456,62.391565,0.996476,100.000000,
3,0.564333,0.706681,0.596884,0.567550,0.511754,34.227451,34.227451,0.224914,0.380799,0.411400,0.434578,17.778435,43.039700,42.829074,0.756593,18.831038,
4,0.574770,0.711237,0.603178,0.583297,0.522407,31.030752,36.579582,0.221392,0.389853,0.422982,0.442701,16.890916,37.604362,37.063450,0.763192,17.021870,
5,0.698064,0.749115,0.658064,0.693113,0.700711,31.030752,31.030752,0.252825,0.437669,0.474673,0.501594,18.291409,32.297522,30.751061,0.767350,33.109853,
6,0.798545,0.810543,0.753169,0.793580,0.817016,26.740717,37.034451,0.345937,0.576078,0.624999,0.651289,20.419070,31.842300,30.225971,0.834810,50.343781,
7,0.976619,0.972629,0.965086,0.973957,0.984804,15.901076,26.740717,0.940592,0.984747,0.990219,0.993412,44.339463,65.263997,62.281995,0.998513,100.000000,
8,0.984356,0.975600,0.975373,0.981411,0.992681,15.901076,15.901076,0.931154,0.980774,0.987480,0.991324,43.031905,60.207855,58.386226,0.998341,100.000000,
