Frame,integer_adm2,integer_adm_scale0,integer_adm_scale1,integer_adm_scale2,integer_adm_scale3,integer_motion2,integer_motion,integer_vif_scale0,integer_vif_scale1,integer_vif_scale2,integer_vif_scale3,psnr_y,psnr_cb,psnr_cr,float_ssim,vmaf,
0,0.312827,0.718397,0.422522,0.283693,0.178185,0.000000,0.000000,0.130523,0.185822,0.195750,0.187280,12.142999,30.487535,27.673619,0.532085,0.000000,
1,0.363935,0.703012,0.419377,0.333278,0.258840,28.305254,29.954386,0.110183,0.166595,0.181175,0.183346,12.411206,31.808413,28.212486,0.506572,6.774589,
2,0.330653,0.695962,0.446074,0.332305,0.168818,28.305254,28.305254,0.107971,0.168398,0.182623,0.191160,12.579574,30.871641,26.976997,0.507986,4.704845,
3,0.439488,0.685747,0.497402,0.373733,0.389297,34.227451,34.227451,0.078514,0.120548,0.132710,0.142861,13.579604,32.411297,30.912246,0.529844,19.927445,
4,0.361598,0.705890,0.444131,0.312507,0.265513,31.030752,36.579582,0.071382,0.112191,0.124558,0.133890,13.375590,32.062408,30.312971,0.516920,13.387702,
5,0.324057,0.705101,0.423333,0.293500,0.189599,31.030752,31.030752,0.085495,0.133616,0.140940,0.135857,12.548358,31.114532,29.545226,0.507681,9.924101,
6,0.447488,0.771404,0.544273,0.382681,0.330867,26.740717,37.034451,0.094055,0.180279,0.202058,0.203153,11.112877,29.327133,27.729918,0.520227,10.109043,
7,0.461404,0.777737,0.556522,0.347986,0.381250,15.901076,26.740717,0.114892,0.196439,0.213632,0.195486,11.829522,29.469388,27.969632,0.523995,2.022221,
8,0.391732,0.743451,0.492873,0.306072,0.289953,15.901076,15.901076,0.139648,0.218717,0.230345,0.215049,12.341796,29.914395,28.224376,0.539684,0.000000,
