Frame,integer_adm2,integer_adm_scale0,integer_adm_scale1,integer_adm_scale2,integer_adm_scale3,integer_motion2,integer_motion,integer_vif_scale0,integer_vif_scale1,integer_vif_scale2,integer_vif_scale3,psnr_y,psnr_cb,psnr_cr,float_ssim,vmaf,
0,0.826633,0.816835,0.773630,0.781949,0.874625,0.000000,0.000000,0.451543,0.698892,0.739481,0.769081,22.726721,41.960550,36.649066,0.904212,37.202444,
1,0.983820,0.982207,0.977923,0.981412,0.988104,28.305254,29.954386,0.934799,0.978580,0.985737,0.990177,42.391678,62.562713,60.385337,0.997542,100.000000,
2,0.835102,0.802044,0.820673,0.870937,0.829278,28.305254,28.305254,0.421929,0.717523,0.743233,0.748563,21.120637,43.379650,41.656000,0.888267,64.511692,
3,0.907327,0.835550,0.860521,0.923314,0.934869,34.227451,34.227451,0.351386,0.605663,0.650326,0.678517,18.774551,43.546666,42.538347,0.846668,75.939802,
4,0.993866,0.988955,0.988311,0.993938,0.997212,31.030752,36.579582,0.940603,0.984197,0.989737,0.993037,42.727086,61.153908,59.193508,0.997885,100.000000,
5,0.879625,0.834568,0.829710,0.874726,0.914800,31.030752,31.030752,0.394107,0.653278,0.701105,0.726705,21.442281,33.611701,31.914569,0.851349,72.632925,
6,0.806486,0.837047,0.803629,0.802736,0.799096,26.740717,37.034451,0.370746,0.595124,0.639485,0.651450,20.076441,32.675037,30.948287,0.827788,51.745867,
7,0.837005,0.836799,0.821776,0.829692,0.848507,15.901076,26.740717,0.418707,0.650895,0.698841,0.723871,25.852291,44.685057,43.609270,0.903125,52.310179,
8,0.981222,0.976916,0.974515,0.975784,0.988756,15.901076,15.901076,0.926404,0.973328,0.980983,0.985646,42.046300,60.732512,59.613411,0.997402,100.000000,
