Frame,integer_adm2,integer_adm_scale0,integer_adm_scale1,integer_adm_scale2,integer_adm_scale3,integer_motion2,integer_motion,integer_vif_scale0,integer_vif_scale1,integer_vif_scale2,integer_vif_scale3,psnr_y,psnr_cb,psnr_cr,float_ssim,vmaf,
0,0.338146,0.715244,0.440180,0.301872,0.218419,0.000000,0.000000,0.126251,0.174830,0.182746,0.177866,14.362125,30.256003,27.603993,0.619807,0.000000,
1,0.315094,0.674921,0.396161,0.267517,0.204232,28.305254,29.954386,0.101118,0.143761,0.150197,0.151686,13.527664,31.241291,27.770202,0.564367,6.295812,
2,0.330784,0.651060,0.394126,0.291065,0.229214,28.305254,28.305254,0.096976,0.141366,0.145736,0.149406,12.866504,30.246495,26.671330,0.556049,7.376528,
3,0.367401,0.636666,0.436514,0.379477,0.261679,34.227451,34.227451,0.068688,0.098755,0.105105,0.115354,13.521998,32.071050,30.364032,0.567551,17.536090,
4,0.318851,0.642996,0.404128,0.259550,0.233007,31.030752,36.579582,0.062304,0.090082,0.096981,0.108220,12.775411,31.987067,30.522060,0.559037,13.365696,
5,0.335507,0.708131,0.446358,0.272627,0.217512,31.030752,31.030752,0.078920,0.119063,0.129170,0.136538,13.035749,31.120183,29.482712,0.578806,11.495199,
6,0.380236,0.733985,0.506342,0.374337,0.201414,26.740717,37.034451,0.092388,0.172802,0.198785,0.198805,10.750915,29.065027,27.676752,0.583349,5.871127,
7,0.416353,0.759958,0.522835,0.332969,0.301418,15.901076,26.740717,0.112322,0.187437,0.222397,0.229656,12.976188,29.280443,28.030384,0.619783,0.000000,
8,0.407634,0.750383,0.473373,0.396361,0.275668,15.901076,15.901076,0.134212,0.205277,0.221556,0.226687,13.942127,29.431474,28.032421,0.631412,0.000000,
