Frame,integer_adm2,integer_adm_scale0,integer_adm_scale1,integer_adm_scale2,integer_adm_scale3,integer_motion2,integer_motion,integer_vif_scale0,integer_vif_scale1,integer_vif_scale2,integer_vif_scale3,psnr_y,psnr_cb,psnr_cr,float_ssim,vmaf,
0,0.323370,0.721536,0.471057,0.282649,0.184365,0.000000,0.000000,0.140091,0.203604,0.222094,0.224897,14.374661,31.578283,28.599883,0.575580,0.000000,
1,0.403817,0.692987,0.483973,0.324003,0.334687,28.305254,29.954386,0.118107,0.175464,0.192244,0.198841,14.650830,32.171534,29.465304,0.573008,8.506224,
2,0.417412,0.690344,0.483560,0.342669,0.351073,28.305254,28.305254,0.115226,0.171596,0.187132,0.195641,14.737549,31.622707,29.314323,0.582113,9.753711,
3,0.374314,0.648495,0.448655,0.326229,0.300213,34.227451,34.227451,0.076603,0.118037,0.131425,0.140693,13.409506,31.292283,28.369854,0.500689,16.090633,
4,0.424938,0.670666,0.435001,0.362282,0.390085,31.030752,36.579582,0.086504,0.144112,0.164537,0.183139,13.739981,31.407573,28.360475,0.526746,14.381034,
5,0.420139,0.739359,0.524227,0.404108,0.294155,31.030752,31.030752,0.109661,0.175619,0.194411,0.207193,14.408908,31.690465,29.293743,0.560202,11.801928,
6,0.412504,0.757039,0.494216,0.354937,0.290138,26.740717,37.034451,0.116139,0.209962,0.237544,0.244735,11.863956,29.964516,28.380163,0.534359,5.247919,
7,0.438727,0.751132,0.496838,0.352767,0.357655,15.901076,26.740717,0.130686,0.222218,0.251608,0.260793,13.905202,30.124114,28.811004,0.564668,0.000000,
8,0.423712,0.761676,0.478639,0.352582,0.335607,15.901076,15.901076,0.148820,0.227849,0.246258,0.245000,14.364876,30.364220,29.053307,0.573550,0.000000,
