Frame,integer_adm2,integer_adm_scale0,integer_adm_scale1,integer_adm_scale2,integer_adm_scale3,integer_motion2,integer_motion,integer_vif_scale0,integer_vif_scale1,integer_vif_scale2,integer_vif_scale3,psnr_y,psnr_cb,psnr_cr,float_ssim,vmaf,
0,0.744231,0.806277,0.711744,0.689648,0.770815,0.000000,0.000000,0.360915,0.552202,0.585421,0.614953,17.616706,37.065393,32.984781,0.802236,14.713001,
1,0.833122,0.808864,0.803228,0.815929,0.862797,28.305254,29.954386,0.396800,0.665637,0.700799,0.720883,18.863923,38.296841,33.962714,0.846690,61.873071,
2,0.978519,0.985773,0.968701,0.972390,0.983908,28.305254,28.305254,0.919612,0.959896,0.969033,0.975493,37.803548,57.143141,56.296445,0.992636,100.000000,
3,0.903744,0.829452,0.859598,0.914706,0.933900,34.227451,34.227451,0.357098,0.615966,0.665833,0.700016,18.537033,43.514688,42.062034,0.846691,76.728856,
4,0.995390,0.987371,0.990487,0.995475,0.999331,31.030752,36.579582,0.948077,0.989721,0.992932,0.994450,43.485714,66.990786,64.401860,0.998684,100.000000,
5,0.989551,0.977514,0.980758,0.985840,0.998591,31.030752,31.030752,0.936337,0.988162,0.992756,0.995690,43.611433,67.557702,66.614132,0.998201,100.000000,
6,0.981149,0.967515,0.972655,0.980194,0.990386,26.740717,37.034451,0.937089,0.978633,0.984546,0.989269,41.929923,67.690687,66.290185,0.997795,100.000000,
7,0.746454,0.821841,0.739202,0.744209,0.723738,15.901076,26.740717,0.388171,0.599047,0.649587,0.683299,22.035553,39.831795,38.067499,0.877967,33.460265,
8,0.636240,0.806290,0.692877,0.650082,0.548888,15.901076,15.901076,0.319933,0.493454,0.532830,0.556518,18.378412,34.577095,34.185054,0.794625,11.512420,
