Frame,integer_adm2,integer_adm_scale0,integer_adm_scale1,integer_adm_scale2,integer_adm_scale3,integer_motion2,integer_motion,integer_vif_scale0,integer_vif_scale1,integer_vif_scale2,integer_vif_scale3,psnr_y,psnr_cb,psnr_cr,float_ssim,vmaf,
0,0.980527,0.969295,0.969074,0.971975,0.992791,0.000000,0.000000,0.918283,0.979775,0.985250,0.988390,40.277377,64.369228,61.288473,0.997775,91.482505,
1,0.989632,0.979037,0.985624,0.989291,0.994610,28.305254,29.954386,0.933144,0.988233,0.993062,0.995737,44.184328,65.777944,62.972573,0.998330,100.000000,
2,0.844750,0.801643,0.819826,0.881149,0.845922,28.305254,28.305254,0.419796,0.715659,0.742299,0.747113,20.872329,42.857432,41.326853,0.889494,66.177418,
3,0.709285,0.765330,0.730834,0.685578,0.699837,34.227451,34.227451,0.252905,0.444234,0.483915,0.513198,15.652599,42.311203,41.491450,0.752224,37.524243,
4,0.794231,0.807942,0.778508,0.790741,0.798306,31.030752,36.579582,0.353249,0.608333,0.650901,0.674748,17.845552,42.340120,40.934714,0.839913,54.162165,
5,0.990611,0.983231,0.983533,0.987249,0.997408,31.030752,31.030752,0.946289,0.987058,0.991763,0.995039,43.400183,66.178185,63.856345,0.997789,100.000000,
6,0.985269,0.973768,0.973505,0.984009,0.995342,26.740717,37.034451,0.944806,0.984971,0.990046,0.994458,44.065887,67.050650,64.172015,0.998391,100.000000,
7,0.721477,0.818176,0.722600,0.706286,0.696046,15.901076,26.740717,0.348099,0.545908,0.592577,0.627033,19.948585,35.769867,34.064923,0.835339,26.722883,
8,0.630395,0.793846,0.666845,0.633900,0.559799,15.901076,15.901076,0.290342,0.437905,0.467944,0.493640,18.155149,33.953738,33.193904,0.777232,10.139908,
