Frame,integer_adm2,integer_adm_scale0,integer_adm_scale1,integer_adm_scale2,integer_adm_scale3,integer_motion2,integer_motion,integer_vif_scale0,integer_vif_scale1,integer_vif_scale2,integer_vif_scale3,psnr_y,psnr_cb,psnr_cr,float_ssim,vmaf,
0,0.833379,0.821446,0.780091,0.782190,0.885946,0.000000,0.000000,0.452627,0.698530,0.738873,0.768599,22.737780,41.951114,36.638039,0.904585,38.425052,
1,0.985085,0.984395,0.979597,0.983885,0.988181,28.305254,29.954386,0.941407,0.980727,0.987096,0.991419,42.902524,63.633502,61.367803,0.997980,100.000000,
2,0.835910,0.801963,0.818851,0.875923,0.828853,28.305254,28.305254,0.422022,0.718515,0.744406,0.749020,21.120703,43.335235,41.596737,0.888215,64.710374,
3,0.906271,0.834854,0.859168,0.920651,0.934757,34.227451,34.227451,0.355743,0.615084,0.660242,0.687604,18.676059,46.540138,45.343592,0.847827,76.384875,
4,0.994787,0.991535,0.990155,0.994137,0.997750,31.030752,36.579582,0.947440,0.985740,0.990279,0.992593,42.252156,60.761177,58.522750,0.997962,100.000000,
5,0.886191,0.838954,0.836615,0.876363,0.924686,31.030752,31.030752,0.405284,0.683884,0.735509,0.762262,22.227812,33.984465,32.157395,0.865924,76.578988,
6,0.839697,0.847206,0.826455,0.835571,0.845394,26.740717,37.034451,0.396092,0.651052,0.697701,0.713980,21.305953,33.105193,31.222540,0.862566,61.554503,
7,0.978484,0.979406,0.971882,0.973276,0.984460,15.901076,26.740717,0.939992,0.975866,0.980996,0.984143,42.318623,62.504996,60.190807,0.997532,100.000000,
8,0.776499,0.826002,0.761706,0.777839,0.765205,15.901076,15.901076,0.428694,0.661110,0.703373,0.733096,23.816461,38.337413,38.456648,0.877972,41.622917,
