Frame,integer_adm2,integer_adm_scale0,integer_adm_scale1,integer_adm_scale2,integer_adm_scale3,integer_motion2,integer_motion,integer_vif_scale0,integer_vif_scale1,integer_vif_scale2,integer_vif_scale3,psnr_y,psnr_cb,psnr_cr,float_ssim,vmaf,
0,0.192073,0.663870,0.335577,0.125189,0.049528,0.000000,0.000000,0.099312,0.124129,0.117086,0.090806,13.282099,28.468800,26.396902,0.737264,0.000000,
1,0.187211,0.622213,0.305772,0.121672,0.050149,28.305254,29.954386,0.072139,0.087697,0.077395,0.056620,12.896341,29.956467,27.661377,0.691998,8.222508,
2,0.187632,0.602852,0.301730,0.124203,0.050526,28.305254,28.305254,0.065559,0.082901,0.070930,0.050600,12.984190,30.143595,27.649526,0.694317,8.858746,
3,0.159778,0.567344,0.264388,0.106767,0.041098,34.227451,34.227451,0.032827,0.035219,0.025398,0.012685,13.166935,29.213452,27.930769,0.629292,17.503418,
4,0.166986,0.590254,0.274698,0.113434,0.042694,31.030752,36.579582,0.030185,0.036252,0.028036,0.015156,13.026795,29.488898,28.219354,0.642717,15.126726,
5,0.200067,0.650826,0.326914,0.138236,0.052007,31.030752,31.030752,0.049376,0.065572,0.057153,0.037762,13.386796,28.556477,27.630779,0.679360,12.852792,
6,0.238104,0.698646,0.373090,0.154840,0.067584,26.740717,37.034451,0.066968,0.126129,0.135580,0.125894,14.902734,27.904157,27.467992,0.774393,3.702434,
7,0.238559,0.702567,0.375273,0.153706,0.067924,15.901076,26.740717,0.079359,0.124198,0.131544,0.118849,15.117498,27.471599,27.108230,0.794294,0.000000,
8,0.224101,0.697066,0.367040,0.145474,0.061278,15.901076,15.901076,0.099075,0.138771,0.132677,0.105915,14.699494,27.561754,26.992783,0.782925,0.000000,
