Frame,integer_adm2,integer_adm_scale0,integer_adm_scale1,integer_adm_scale2,integer_adm_scale3,integer_motion2,integer_motion,integer_vif_scale0,integer_vif_scale1,integer_vif_scale2,integer_vif_scale3,psnr_y,psnr_cb,psnr_cr,float_ssim,vmaf,
0,0.343749,0.719782,0.439985,0.293180,0.234877,0.000000,0.000000,0.125740,0.173644,0.182365,0.178111,14.399416,30.356973,27.705428,0.616657,0.000000,
1,0.309645,0.678704,0.375077,0.266268,0.199488,28.305254,29.954386,0.100555,0.142918,0.150674,0.151697,13.566121,31.299068,27.785494,0.561380,6.058852,
2,0.325576,0.647645,0.378247,0.290724,0.224712,28.305254,28.305254,0.095866,0.139744,0.145989,0.151939,12.919084,30.338326,26.689552,0.553213,7.154309,
3,0.368796,0.637400,0.443440,0.385635,0.258444,34.227451,34.227451,0.069340,0.099529,0.105913,0.116674,13.587182,32.192588,30.315069,0.569274,17.536594,
4,0.318762,0.642213,0.407531,0.255923,0.233821,31.030752,36.579582,0.062604,0.089932,0.096793,0.108134,12.848906,32.124167,30.507608,0.558779,13.372746,
5,0.326488,0.698908,0.431074,0.253635,0.216578,31.030752,31.030752,0.078226,0.116799,0.127201,0.135913,13.078073,31.124403,29.427577,0.574275,11.208006,
6,0.389907,0.738356,0.501276,0.373204,0.226464,26.740717,37.034451,0.092660,0.172611,0.198861,0.198295,10.757792,29.163927,27.730875,0.578530,6.503019,
7,0.414349,0.752286,0.516208,0.316949,0.312793,15.901076,26.740717,0.111580,0.183748,0.219349,0.226146,12.958949,29.390804,28.094401,0.614260,0.000000,
8,0.392752,0.751871,0.447272,0.401689,0.247018,15.901076,15.901076,0.134168,0.204857,0.221562,0.224692,13.916391,29.637090,28.205472,0.626851,0.000000,
