Frame,integer_adm2,integer_adm_scale0,integer_adm_scale1,integer_adm_scale2,integer_adm_scale3,integer_motion2,integer_motion,integer_vif_scale0,integer_vif_scale1,integer_vif_scale2,integer_vif_scale3,psnr_y,psnr_cb,psnr_cr,float_ssim,vmaf,
0,0.339935,0.719750,0.445922,0.316103,0.210643,0.000000,0.000000,0.109228,0.151321,0.151012,0.136832,12.012031,26.416847,26.233929,0.581072,0.000000,
1,0.333009,0.675153,0.395905,0.259957,0.250404,28.305254,29.954386,0.085747,0.126893,0.130027,0.121165,12.005453,26.309335,26.459447,0.558020,9.015371,
2,0.278109,0.644844,0.387701,0.205873,0.163437,28.305254,28.305254,0.081661,0.125263,0.126357,0.119451,12.303564,26.194857,26.299245,0.564469,6.711587,
3,0.266334,0.623880,0.348697,0.208300,0.172387,34.227451,34.227451,0.046197,0.068875,0.066197,0.063806,12.209193,25.483891,25.927753,0.506200,16.371825,
4,0.259641,0.625430,0.363482,0.212768,0.148586,31.030752,36.579582,0.041894,0.066285,0.064917,0.065342,13.331580,25.618504,25.878313,0.538756,13.868346,
5,0.328117,0.699569,0.436056,0.267705,0.210178,31.030752,31.030752,0.059227,0.092049,0.090225,0.081607,13.705723,25.994357,26.412759,0.575445,14.325213,
6,0.350487,0.749549,0.468501,0.267332,0.209517,26.740717,37.034451,0.076814,0.144147,0.151702,0.140913,15.117748,27.414384,27.169710,0.598364,7.202542,
7,0.383172,0.754400,0.511061,0.335216,0.225413,15.901076,26.740717,0.093268,0.152163,0.159456,0.144748,13.714434,27.112317,27.136026,0.622537,0.646903,
8,0.366581,0.745691,0.494357,0.308394,0.227754,15.901076,15.901076,0.112759,0.173266,0.172717,0.153510,13.242182,26.747056,26.981064,0.622242,0.000000,
