Frame,integer_adm2,integer_adm_scale0,integer_adm_scale1,integer_adm_scale2,integer_adm_scale3,integer_motion2,integer_motion,integer_vif_scale0,integer_vif_scale1,integer_vif_scale2,integer_vif_scale3,psnr_y,psnr_cb,psnr_cr,float_ssim,vmaf,
0,0.320598,0.719075,0.443230,0.276051,0.192584,0.000000,0.000000,0.109466,0.151324,0.151062,0.135430,11.559879,26.986693,26.588084,0.567364,0.000000,
1,0.323423,0.684507,0.398421,0.274166,0.215593,28.305254,29.954386,0.087354,0.130807,0.133878,0.119482,11.518189,26.935268,26.865537,0.545767,8.263834,
2,0.278796,0.644941,0.378423,0.224111,0.157522,28.305254,28.305254,0.082447,0.129125,0.130442,0.119486,11.790658,26.805356,26.753022,0.551290,6.439785,
3,0.274868,0.625803,0.347349,0.237329,0.174485,34.227451,34.227451,0.046606,0.068866,0.066380,0.062154,11.735073,26.010652,26.388487,0.494857,16.703317,
4,0.258915,0.632387,0.351232,0.213114,0.149429,31.030752,36.579582,0.042166,0.065339,0.064058,0.061317,12.924401,26.149674,26.383817,0.530198,13.987943,
5,0.326720,0.695039,0.429459,0.293407,0.196326,31.030752,31.030752,0.059505,0.092350,0.090391,0.077957,13.246625,26.473271,26.842647,0.566183,14.298481,
6,0.355916,0.757634,0.491620,0.276756,0.203731,26.740717,37.034451,0.077759,0.144755,0.153478,0.143313,15.018942,27.892290,27.602742,0.594991,7.395325,
7,0.403032,0.746579,0.508105,0.379682,0.248755,15.901076,26.740717,0.094021,0.152525,0.159568,0.145168,13.236436,27.668388,27.612749,0.611377,1.858575,
8,0.374484,0.742776,0.488871,0.312625,0.246873,15.901076,15.901076,0.112334,0.172431,0.173073,0.152980,12.688021,27.290054,27.390301,0.607678,0.000000,
