Frame,integer_adm2,integer_adm_scale0,integer_adm_scale1,integer_adm_scale2,integer_adm_scale3,integer_motion2,integer_motion,integer_vif_scale0,integer_vif_scale1,integer_vif_scale2,integer_vif_scale3,psnr_y,psnr_cb,psnr_cr,float_ssim,vmaf,
0,0.310599,0.722026,0.439245,0.265240,0.177335,0.000000,0.000000,0.137224,0.195415,0.211985,0.208432,13.902123,30.649329,27.578631,0.548069,0.000000,
1,0.353942,0.693571,0.456446,0.342164,0.218590,28.305254,29.954386,0.107171,0.158909,0.168754,0.164199,13.696268,29.941164,26.907155,0.511489,7.028205,
2,0.415596,0.689842,0.495719,0.363089,0.329646,28.305254,28.305254,0.105227,0.161710,0.175178,0.180865,13.438341,29.531494,26.622264,0.515388,10.482869,
3,0.433388,0.681538,0.496305,0.399346,0.362440,34.227451,34.227451,0.090182,0.140641,0.158624,0.182646,14.154716,32.684980,29.219883,0.554959,17.770513,
4,0.386297,0.685924,0.473175,0.337298,0.300668,31.030752,36.579582,0.091328,0.142271,0.154160,0.167153,13.224153,32.935001,29.550163,0.546847,12.288628,
5,0.384564,0.729976,0.501064,0.368576,0.246006,31.030752,31.030752,0.097422,0.150091,0.159648,0.160279,13.201827,31.728171,29.359660,0.520513,11.734566,
6,0.445092,0.769735,0.569744,0.374027,0.320310,26.740717,37.034451,0.109914,0.206576,0.235931,0.236757,10.907573,29.565050,27.554273,0.552650,7.931550,
7,0.430676,0.771830,0.511872,0.387341,0.300856,15.901076,26.740717,0.125841,0.214225,0.241102,0.248029,13.245189,29.367547,27.623528,0.558814,0.000000,
8,0.366650,0.757212,0.494435,0.285482,0.238630,15.901076,15.901076,0.142502,0.221696,0.232258,0.221684,13.816050,29.417225,27.572117,0.556610,0.000000,
