Frame,integer_adm2,integer_adm_scale0,integer_adm_scale1,integer_adm_scale2,integer_adm_scale3,integer_motion2,integer_motion,integer_vif_scale0,integer_vif_scale1,integer_vif_scale2,integer_vif_scale3,psnr_y,psnr_cb,psnr_cr,float_ssim,vmaf,
0,0.333148,0.713205,0.487087,0.289259,0.198903,0.000000,0.000000,0.145277,0.210809,0.227031,0.228468,14.773783,31.651166,28.419026,0.578200,0.000000,
1,0.396656,0.688449,0.488619,0.359984,0.295336,28.305254,29.954386,0.119993,0.179259,0.196160,0.201351,14.877758,32.138990,29.274909,0.570058,7.747931,
2,0.399155,0.690541,0.481660,0.367724,0.293950,28.305254,28.305254,0.115630,0.174665,0.189934,0.195219,14.952401,31.487850,29.151004,0.576459,8.318019,
3,0.384497,0.633995,0.447394,0.361436,0.306823,34.227451,34.227451,0.081535,0.125057,0.138519,0.150136,13.791918,31.037543,27.959488,0.505225,16.082024,
4,0.405700,0.663476,0.452280,0.364734,0.341775,31.030752,36.579582,0.089617,0.144786,0.163421,0.175007,13.753826,31.128201,27.959844,0.524779,13.135440,
5,0.391151,0.710921,0.488021,0.361472,0.275471,31.030752,31.030752,0.114148,0.179397,0.197472,0.207200,14.634145,31.602063,28.945761,0.559477,9.597367,
6,0.436985,0.756578,0.517666,0.367074,0.332230,26.740717,37.034451,0.118658,0.216578,0.244872,0.251150,11.905707,30.019842,28.209452,0.534427,6.638296,
7,0.413201,0.770624,0.475583,0.294293,0.335901,15.901076,26.740717,0.130506,0.220547,0.246671,0.249596,14.081574,30.201066,28.644335,0.561243,0.000000,
8,0.451852,0.754903,0.502056,0.377986,0.378870,15.901076,15.901076,0.150613,0.231925,0.248029,0.244547,14.674823,30.509376,28.931667,0.574930,0.000000,
