Frame,integer_adm2,integer_adm_scale0,integer_adm_scale1,integer_adm_scale2,integer_adm_scale3,integer_motion2,integer_motion,integer_vif_scale0,integer_vif_scale1,integer_vif_scale2,integer_vif_scale3,psnr_y,psnr_cb,psnr_cr,float_ssim,vmaf,
0,0.963019,0.963302,0.947418,0.949176,0.976671,0.000000,0.000000,0.899674,0.959987,0.969911,0.975408,38.981592,59.902407,57.542947,0.995585,85.917607,
1,0.825082,0.808131,0.809959,0.866918,0.810128,28.305254,29.954386,0.408317,0.636747,0.660313,0.672051,20.504437,42.377573,41.120883,0.852161,57.245400,
2,0.703246,0.770079,0.720066,0.694737,0.680750,28.305254,28.305254,0.319092,0.519962,0.542662,0.545582,17.650503,38.039811,36.764121,0.784941,31.668554,
3,0.722249,0.765606,0.736434,0.710448,0.712067,34.227451,34.227451,0.275121,0.483616,0.521820,0.547584,15.707649,46.936442,45.896376,0.772310,39.986311,
4,0.809927,0.807721,0.785325,0.807519,0.820989,31.030752,36.579582,0.362762,0.627840,0.667584,0.685356,17.705671,45.976804,45.783488,0.848478,57.487253,
5,0.992016,0.984707,0.985837,0.990091,0.997635,31.030752,31.030752,0.950098,0.988895,0.993121,0.996039,43.995599,68.226143,66.066670,0.998043,100.000000,
6,0.984292,0.975473,0.979396,0.980942,0.991805,26.740717,37.034451,0.948256,0.986661,0.991451,0.994524,45.454809,68.735694,66.317562,0.998700,100.000000,
7,0.967810,0.966419,0.955536,0.963633,0.976382,15.901076,26.740717,0.920884,0.971553,0.978503,0.982370,41.923600,61.785048,59.841826,0.997300,100.000000,
8,0.776649,0.821191,0.755391,0.778735,0.769084,15.901076,15.901076,0.441674,0.660939,0.700755,0.727633,23.660678,38.195263,38.516659,0.889140,41.266058,
