Frame,integer_adm2,integer_adm_scale0,integer_adm_scale1,integer_adm_scale2,integer_adm_scale3,integer_motion2,integer_motion,integer_vif_scale0,integer_vif_scale1,integer_vif_scale2,integer_vif_scale3,psnr_y,psnr_cb,psnr_cr,float_ssim,vmaf,
0,0.339328,0.719533,0.441125,0.286153,0.228887,0.000000,0.000000,0.135464,0.198932,0.218617,0.225450,14.778718,30.169967,27.292255,0.552795,0.000000,
1,0.419819,0.690096,0.477715,0.415171,0.318412,28.305254,29.954386,0.108592,0.165045,0.184992,0.201107,13.872177,29.226399,26.854477,0.519968,10.268210,
2,0.446098,0.694081,0.502245,0.430216,0.355509,28.305254,28.305254,0.106090,0.165343,0.185543,0.200130,13.489774,28.704604,26.145787,0.519635,12.152963,
3,0.396803,0.657562,0.460876,0.411680,0.293631,34.227451,34.227451,0.075248,0.118365,0.133959,0.149522,13.351848,31.273914,29.110669,0.498790,17.247661,
4,0.429007,0.674408,0.454566,0.424308,0.355646,31.030752,36.579582,0.086647,0.136733,0.155092,0.170119,14.336965,32.792764,30.435040,0.529842,15.270477,
5,0.443448,0.721796,0.532950,0.468688,0.311841,31.030752,31.030752,0.102681,0.164164,0.182155,0.191440,14.762538,31.762732,29.856287,0.544104,14.306656,
6,0.451915,0.761308,0.536745,0.410279,0.330478,26.740717,37.034451,0.115090,0.214134,0.252301,0.283807,12.649974,29.843561,28.057101,0.536138,7.844765,
7,0.441824,0.755813,0.524187,0.376803,0.335791,15.901076,26.740717,0.134173,0.224033,0.252978,0.266521,14.616556,29.067933,27.554852,0.550067,0.000000,
8,0.399605,0.749863,0.511595,0.362217,0.263363,15.901076,15.901076,0.150062,0.238728,0.260545,0.265730,14.768363,28.798000,27.300779,0.552246,0.000000,
