Frame,integer_adm2,integer_adm_scale0,integer_adm_scale1,integer_adm_scale2,integer_adm_scale3,integer_motion2,integer_motion,integer_vif_scale0,integer_vif_scale1,integer_vif_scale2,integer_vif_scale3,psnr_y,psnr_cb,psnr_cr,float_ssim,vmaf,
0,0.333476,0.703738,0.469554,0.275106,0.216877,0.000000,0.000000,0.140347,0.202663,0.218086,0.218494,15.545923,31.518826,28.851414,0.600217,0.000000,
1,0.400103,0.689046,0.474635,0.346330,0.317066,28.305254,29.954386,0.120072,0.177339,0.193373,0.202834,15.021512,31.996821,29.657008,0.579310,8.113451,
2,0.413812,0.684216,0.482836,0.350847,0.339902,28.305254,28.305254,0.116798,0.176174,0.193024,0.206129,14.625505,31.151176,28.278546,0.577433,9.111387,
3,0.374223,0.641324,0.435684,0.351602,0.292041,34.227451,34.227451,0.078635,0.120098,0.131763,0.142122,14.040967,31.692548,29.536627,0.527316,15.961505,
4,0.415501,0.670814,0.435822,0.371125,0.363887,31.030752,36.579582,0.084235,0.135568,0.150752,0.161051,14.204234,31.609199,29.379207,0.544974,14.602366,
5,0.405795,0.711438,0.490497,0.372276,0.301131,31.030752,31.030752,0.104250,0.162482,0.175777,0.183233,14.995589,31.844859,29.944484,0.570664,11.953952,
6,0.489780,0.757750,0.499894,0.371305,0.466109,26.740717,37.034451,0.113548,0.207603,0.235107,0.242557,12.264757,29.768985,28.482589,0.547613,11.520992,
7,0.376914,0.754064,0.478377,0.291289,0.253471,15.901076,26.740717,0.130108,0.212831,0.239269,0.246180,14.356712,29.902742,28.922270,0.574463,0.000000,
8,0.413213,0.751446,0.490032,0.354634,0.308356,15.901076,15.901076,0.153535,0.233617,0.249987,0.248466,14.895186,30.049325,29.200002,0.588866,0.000000,
