Frame,integer_adm2,integer_adm_scale0,integer_adm_scale1,integer_adm_scale2,integer_adm_scale3,integer_motion2,integer_motion,integer_vif_scale0,integer_vif_scale1,integer_vif_scale2,integer_vif_scale3,psnr_y,psnr_cb,psnr_cr,float_ssim,vmaf,
0,0.317322,0.712064,0.449975,0.260609,0.194088,0.000000,0.000000,0.140104,0.203674,0.221319,0.219083,13.108263,30.671631,27.593039,0.510629,0.000000,
1,0.414676,0.692184,0.451948,0.342136,0.361291,28.305254,29.954386,0.112432,0.171898,0.183089,0.181670,13.464824,30.047615,26.970105,0.502203,9.744369,
2,0.413051,0.676998,0.494616,0.354015,0.333765,28.305254,28.305254,0.107583,0.168015,0.179785,0.185445,13.636801,29.514211,26.573705,0.500988,9.884131,
3,0.512810,0.673703,0.477285,0.431909,0.529157,34.227451,34.227451,0.096205,0.151261,0.169926,0.195444,13.873712,32.703113,29.268740,0.538675,22.953306,
4,0.408841,0.675413,0.450086,0.327005,0.367679,31.030752,36.579582,0.093061,0.145753,0.157317,0.173083,13.280224,33.029647,29.604809,0.516957,13.427698,
5,0.507839,0.730963,0.511542,0.363105,0.521606,31.030752,31.030752,0.102358,0.162453,0.177189,0.188494,13.351646,31.804902,29.405443,0.514726,19.455401,
6,0.426386,0.767913,0.534849,0.378367,0.287302,26.740717,37.034451,0.110051,0.203514,0.227967,0.220381,10.882550,29.604565,27.565322,0.496094,6.836641,
7,0.437276,0.775065,0.497503,0.366807,0.335773,15.901076,26.740717,0.126008,0.216026,0.245106,0.246209,12.793552,29.365620,27.626864,0.501508,0.000000,
8,0.367706,0.733719,0.468219,0.294154,0.253780,15.901076,15.901076,0.141496,0.223368,0.238615,0.230044,13.242970,29.426744,27.583449,0.504500,0.000000,
