Frame,integer_adm2,integer_adm_scale0,integer_adm_scale1,integer_adm_scale2,integer_adm_scale3,integer_motion2,integer_motion,integer_vif_scale0,integer_vif_scale1,integer_vif_scale2,integer_vif_scale3,psnr_y,psnr_cb,psnr_cr,float_ssim,vmaf,
0,0.373219,0.710404,0.468870,0.263920,0.310429,0.000000,0.000000,0.131650,0.195557,0.215647,0.209831,11.990404,30.786640,27.851945,0.481414,0.000000,
1,0.368901,0.687050,0.432885,0.299127,0.291088,28.305254,29.954386,0.106779,0.158340,0.169117,0.169838,12.432378,31.025085,27.726195,0.480770,7.867327,
2,0.447848,0.672972,0.475924,0.374487,0.410859,28.305254,28.305254,0.106521,0.166242,0.180200,0.186211,12.672722,30.343816,27.250283,0.496223,12.418527,
3,0.455608,0.659089,0.459496,0.397303,0.432703,34.227451,34.227451,0.079059,0.130247,0.145677,0.152069,12.414482,32.838483,29.280660,0.468332,20.260746,
4,0.460736,0.659860,0.456641,0.358694,0.466096,31.030752,36.579582,0.081324,0.141407,0.157279,0.161488,12.725380,32.468796,29.242942,0.469286,17.337809,
5,0.416080,0.722096,0.500373,0.342147,0.334367,31.030752,31.030752,0.091350,0.151372,0.168358,0.180703,12.441694,31.664683,29.300381,0.468239,13.372384,
6,0.482428,0.772153,0.550546,0.438509,0.376833,26.740717,37.034451,0.112989,0.222296,0.262461,0.285328,11.105312,29.681116,27.784157,0.481311,9.922965,
7,0.492750,0.776925,0.570174,0.358164,0.445972,15.901076,26.740717,0.128271,0.223323,0.250398,0.264358,12.550763,29.678891,28.136336,0.505400,2.444690,
8,0.437772,0.759964,0.526918,0.349062,0.352429,15.901076,15.901076,0.144088,0.229184,0.245349,0.244597,12.650356,29.681312,28.092503,0.506853,0.000000,
