Frame,integer_adm2,integer_adm_scale0,integer_adm_scale1,integer_adm_scale2,integer_adm_scale3,integer_motion2,integer_motion,integer_vif_scale0,integer_vif_scale1,integer_vif_scale2,integer_vif_scale3,psnr_y,psnr_cb,psnr_cr,float_ssim,vmaf,
0,0.318595,0.707169,0.454917,0.256199,0.199185,0.000000,0.000000,0.138800,0.194904,0.209037,0.214178,15.701577,31.353470,28.766054,0.620114,0.000000,
1,0.442086,0.688128,0.458342,0.371027,0.405495,28.305254,29.954386,0.116712,0.168233,0.185273,0.199989,15.114739,31.842215,29.549301,0.601868,11.670625,
2,0.461495,0.667221,0.459269,0.386114,0.443916,28.305254,28.305254,0.114084,0.169503,0.184450,0.200428,14.664703,31.036299,28.262744,0.593210,13.103488,
3,0.417633,0.638298,0.409866,0.352226,0.398489,34.227451,34.227451,0.079961,0.120461,0.133277,0.148228,14.160046,31.707980,29.455164,0.542146,18.446822,
4,0.453850,0.654604,0.425309,0.367894,0.458689,31.030752,36.579582,0.089129,0.140807,0.158735,0.177469,14.609333,31.585277,29.256854,0.564749,16.694639,
5,0.479451,0.721153,0.509151,0.431027,0.423218,31.030752,31.030752,0.106075,0.164074,0.180338,0.191792,14.777541,31.788075,29.844622,0.601567,17.029753,
6,0.439940,0.742173,0.499622,0.309127,0.390588,26.740717,37.034451,0.113711,0.207943,0.242745,0.283475,12.125069,29.702050,28.364333,0.572138,7.322872,
7,0.420747,0.753209,0.494307,0.303694,0.346448,15.901076,26.740717,0.131301,0.215474,0.241894,0.256520,14.502482,29.830417,28.820088,0.609085,0.000000,
8,0.416365,0.744205,0.485359,0.364634,0.313697,15.901076,15.901076,0.147487,0.221882,0.238123,0.242886,15.167579,30.095669,29.139672,0.618410,0.000000,
