Frame,integer_adm2,integer_adm_scale0,integer_adm_scale1,integer_adm_scale2,integer_adm_scale3,integer_motion2,integer_motion,integer_vif_scale0,integer_vif_scale1,integer_vif_scale2,integer_vif_scale3,psnr_y,psnr_cb,psnr_cr,float_ssim,vmaf,
0,0.851017,0.832017,0.786913,0.812568,0.901765,0.000000,0.000000,0.462787,0.710511,0.750591,0.779201,21.736265,41.572866,36.989206,0.905750,42.572677,
1,0.990680,0.981480,0.986151,0.990476,0.995356,28.305254,29.954386,0.934535,0.985750,0.990914,0.994432,42.195140,66.602583,64.464243,0.997905,100.000000,
2,0.983998,0.978130,0.975080,0.982123,0.990546,28.305254,28.305254,0.925793,0.976931,0.983341,0.987201,40.234244,63.263205,61.456360,0.996251,100.000000,
3,0.708654,0.765482,0.731471,0.683401,0.699421,34.227451,34.227451,0.253211,0.444889,0.484605,0.513723,15.660813,42.438280,41.603497,0.753181,37.442697,
4,0.795281,0.807990,0.780499,0.790946,0.799758,31.030752,36.579582,0.354927,0.611373,0.654550,0.678470,17.861445,42.820662,41.172652,0.841356,54.563132,
5,0.990781,0.982225,0.983149,0.988294,0.997644,31.030752,31.030752,0.945868,0.987392,0.992035,0.994998,43.242910,66.367218,63.890445,0.998149,100.000000,
6,0.976767,0.964028,0.964662,0.970880,0.990479,26.740717,37.034451,0.935676,0.977301,0.983347,0.988972,41.300392,66.749702,63.824770,0.997563,100.000000,
7,0.725500,0.817272,0.725566,0.709706,0.702712,15.901076,26.740717,0.349196,0.547505,0.593975,0.631052,19.896348,35.792869,34.070172,0.836888,27.548565,
8,0.624727,0.796095,0.677676,0.629063,0.544439,15.901076,15.901076,0.291182,0.438317,0.468524,0.494060,18.111184,33.984435,33.388460,0.778849,9.366040,
