Frame,integer_adm2,integer_adm_scale0,integer_adm_scale1,integer_adm_scale2,integer_adm_scale3,integer_motion2,integer_motion,integer_vif_scale0,integer_vif_scale1,integer_vif_scale2,integer_vif_scale3,psnr_y,psnr_cb,psnr_cr,float_ssim,vmaf,
0,0.326088,0.731388,0.468296,0.290154,0.184158,0.000000,0.000000,0.120267,0.173613,0.182177,0.165133,9.916817,28.567313,27.310369,0.483600,0.000000,
1,0.322919,0.677302,0.402331,0.272300,0.216240,28.305254,29.954386,0.092539,0.132742,0.131788,0.113848,9.976119,28.212080,27.313305,0.463801,8.245512,
2,0.287368,0.661834,0.401493,0.255214,0.143893,28.305254,28.305254,0.087759,0.129405,0.127338,0.110780,10.272116,27.768972,26.860375,0.459129,6.969009,
3,0.320598,0.625040,0.356493,0.315331,0.227664,34.227451,34.227451,0.058069,0.086524,0.085919,0.078907,9.953311,28.070847,27.140892,0.402627,16.863001,
4,0.348592,0.655615,0.396844,0.351820,0.245626,31.030752,36.579582,0.057368,0.092057,0.094512,0.091348,10.904785,28.601561,27.572724,0.449791,15.066029,
5,0.364276,0.712819,0.437225,0.350781,0.239852,31.030752,31.030752,0.070169,0.112931,0.115670,0.105315,11.414464,28.713816,28.312483,0.482580,14.094106,
6,0.408331,0.757974,0.526158,0.364566,0.259468,26.740717,37.034451,0.084185,0.162245,0.175747,0.171025,13.299890,29.784881,28.859803,0.523007,8.959514,
7,0.415451,0.785490,0.580336,0.377595,0.235465,15.901076,26.740717,0.098786,0.166123,0.175724,0.160368,11.260374,28.607039,28.629955,0.522918,1.397597,
8,0.403889,0.761835,0.498577,0.360749,0.275636,15.901076,15.901076,0.121972,0.188385,0.189551,0.164431,10.773748,27.899939,27.901583,0.513291,0.000000,
