Frame,integer_adm2,integer_adm_scale0,integer_adm_scale1,integer_adm_scale2,integer_adm_scale3,integer_motion2,integer_motion,integer_vif_scale0,integer_vif_scale1,integer_vif_scale2,integer_vif_scale3,psnr_y,psnr_cb,psnr_cr,float_ssim,vmaf,
0,0.318016,0.712066,0.418017,0.306205,0.179676,0.000000,0.000000,0.129983,0.185584,0.195766,0.189680,12.062027,30.509516,27.702202,0.534878,0.000000,
1,0.360369,0.697305,0.415037,0.350491,0.243320,28.305254,29.954386,0.108709,0.164042,0.177678,0.181513,12.313233,31.830135,28.226033,0.508661,6.784820,
2,0.326040,0.679659,0.452837,0.345743,0.152284,28.305254,28.305254,0.106968,0.166770,0.179633,0.189896,12.493003,30.891676,26.958857,0.509801,4.619653,
3,0.444988,0.658217,0.497911,0.389372,0.399735,34.227451,34.227451,0.078585,0.120814,0.132849,0.145003,13.509583,32.399924,30.870650,0.531638,20.263591,
4,0.366385,0.680122,0.431573,0.332744,0.276242,31.030752,36.579582,0.071256,0.112404,0.124194,0.134704,13.298581,32.024194,30.248012,0.519015,13.642912,
5,0.324591,0.705462,0.429909,0.300307,0.184343,31.030752,31.030752,0.085157,0.132976,0.139966,0.136483,12.479014,31.126181,29.514318,0.511622,9.998695,
6,0.462148,0.761205,0.551061,0.419001,0.343696,26.740717,37.034451,0.094651,0.181052,0.203506,0.205311,11.120658,29.324503,27.705545,0.524264,11.156441,
7,0.469187,0.768100,0.564291,0.346115,0.401783,15.901076,26.740717,0.116090,0.199399,0.218895,0.200778,11.768831,29.483457,27.966917,0.527812,2.356848,
8,0.404813,0.738160,0.514178,0.313979,0.309109,15.901076,15.901076,0.139055,0.218496,0.230621,0.217870,12.257803,29.951567,28.241538,0.543359,0.000000,
