Frame,integer_adm2,integer_adm_scale0,integer_adm_scale1,integer_adm_scale2,integer_adm_scale3,integer_motion2,integer_motion,integer_vif_scale0,integer_vif_scale1,integer_vif_scale2,integer_vif_scale3,psnr_y,psnr_cb,psnr_cr,float_ssim,vmaf,
0,0.324124,0.714811,0.449368,0.261823,0.207957,0.000000,0.000000,0.143045,0.203063,0.221815,0.228096,16.252163,29.560307,26.764563,0.673620,0.000000,
1,0.306597,0.669441,0.408587,0.239432,0.198823,28.305254,29.954386,0.108661,0.156779,0.167862,0.179401,14.821302,28.308449,25.931303,0.603656,4.450931,
2,0.278642,0.643996,0.394605,0.217663,0.154966,28.305254,28.305254,0.103796,0.154573,0.165208,0.169633,14.401113,27.768378,25.372997,0.576276,3.454205,
3,0.305929,0.614363,0.368707,0.277754,0.215252,34.227451,34.227451,0.081686,0.121959,0.134915,0.149188,14.637066,30.807292,28.834957,0.557292,12.198033,
4,0.288466,0.631814,0.366261,0.253828,0.186193,31.030752,36.579582,0.085554,0.128155,0.140230,0.153157,14.929121,32.032132,30.207657,0.594747,8.295267,
5,0.376160,0.705934,0.438906,0.306611,0.292999,31.030752,31.030752,0.104427,0.156306,0.166212,0.170055,15.378941,31.124783,29.316358,0.635785,10.671133,
6,0.397137,0.767503,0.508534,0.334502,0.255937,26.740717,37.034451,0.110035,0.196427,0.216404,0.221589,12.249039,29.308242,27.575723,0.636330,5.296964,
7,0.416410,0.749683,0.506179,0.325201,0.317630,15.901076,26.740717,0.133655,0.220733,0.241688,0.244281,14.807050,28.544337,27.053198,0.668713,0.000000,
8,0.394498,0.758753,0.503713,0.354428,0.256446,15.901076,15.901076,0.150891,0.233346,0.247840,0.247282,15.306942,28.114370,26.566082,0.672487,0.000000,
