Frame,integer_adm2,integer_adm_scale0,integer_adm_scale1,integer_adm_scale2,integer_adm_scale3,integer_motion2,integer_motion,integer_vif_scale0,integer_vif_scale1,integer_vif_scale2,integer_vif_scale3,psnr_y,psnr_cb,psnr_cr,float_ssim,vmaf,
0,0.455005,0.744143,0.531207,0.415110,0.371121,0.000000,0.000000,0.129562,0.197684,0.212234,0.207892,9.764678,30.207172,29.021593,0.473545,0.000000,
1,0.423084,0.687123,0.471616,0.395452,0.341489,28.305254,29.954386,0.100800,0.161880,0.172210,0.176297,13.618851,31.105017,29.950886,0.530151,11.114537,
2,0.385972,0.658029,0.414244,0.294491,0.345259,28.305254,28.305254,0.091612,0.151564,0.156340,0.149621,11.423944,25.454577,23.774329,0.522288,9.811946,
3,0.994031,0.987576,0.988722,0.994324,0.997579,34.227451,34.227451,0.947470,0.986983,0.991339,0.993752,43.161058,65.344144,64.091429,0.998342,100.000000,
4,0.886946,0.812829,0.843726,0.906967,0.911684,31.030752,36.579582,0.468465,0.815277,0.870934,0.901495,27.277479,42.253810,40.544082,0.939196,89.518884,
5,0.990832,0.984353,0.984455,0.988711,0.996390,31.030752,31.030752,0.947321,0.989152,0.993691,0.995775,44.360742,65.634802,63.629180,0.998591,100.000000,
6,0.854221,0.861124,0.846634,0.878278,0.839166,26.740717,37.034451,0.470058,0.719063,0.764216,0.784064,24.481724,44.858098,44.359344,0.905487,69.778725,
7,0.857113,0.843637,0.835725,0.867020,0.864614,15.901076,26.740717,0.460431,0.710505,0.761863,0.790835,26.922282,46.063214,44.905511,0.922045,61.378957,
8,0.980455,0.973638,0.970619,0.975903,0.989499,15.901076,15.901076,0.915227,0.972047,0.980972,0.986903,42.401191,59.144067,58.594714,0.997041,100.000000,
