Frame,integer_adm2,integer_adm_scale0,integer_adm_scale1,integer_adm_scale2,integer_adm_scale3,integer_motion2,integer_motion,integer_vif_scale0,integer_vif_scale1,integer_vif_scale2,integer_vif_scale3,psnr_y,psnr_cb,psnr_cr,float_ssim,vmaf,
0,0.316146,0.707610,0.449537,0.249061,0.199751,0.000000,0.000000,0.142225,0.205170,0.224125,0.223327,13.030556,30.726889,27.802157,0.545862,0.000000,
1,0.346579,0.678263,0.390851,0.270904,0.276033,28.305254,29.954386,0.113586,0.169380,0.180613,0.178693,13.271176,30.598247,27.419630,0.522321,5.667558,
2,0.419269,0.672130,0.431861,0.313474,0.399612,28.305254,28.305254,0.110089,0.168005,0.182075,0.188643,13.363321,30.167359,27.082808,0.527823,10.223975,
3,0.452517,0.663277,0.479809,0.406758,0.411700,34.227451,34.227451,0.096985,0.149337,0.168549,0.192045,14.099025,33.232245,29.797183,0.566467,18.459763,
4,0.368081,0.661854,0.406946,0.259931,0.335341,31.030752,36.579582,0.095835,0.150041,0.164323,0.178617,13.730396,32.743281,29.742979,0.544782,10.489456,
5,0.384946,0.714115,0.464137,0.293882,0.307934,31.030752,31.030752,0.101829,0.158061,0.172447,0.182061,13.210465,31.641026,29.432913,0.534605,10.908653,
6,0.402726,0.758322,0.521889,0.352267,0.255530,26.740717,37.034451,0.114837,0.212025,0.246226,0.248553,11.273214,29.577542,27.773451,0.545469,4.289937,
7,0.427876,0.759597,0.482789,0.324672,0.352658,15.901076,26.740717,0.125196,0.211441,0.241339,0.245612,12.969485,29.347428,27.823895,0.552007,0.000000,
8,0.354390,0.739573,0.475928,0.289004,0.220608,15.901076,15.901076,0.145612,0.225673,0.242765,0.229425,13.313527,29.575339,27.875005,0.551039,0.000000,
