Frame,integer_adm2,integer_adm_scale0,integer_adm_scale1,integer_adm_scale2,integer_adm_scale3,integer_motion2,integer_motion,integer_vif_scale0,integer_vif_scale1,integer_vif_scale2,integer_vif_scale3,psnr_y,psnr_cb,psnr_cr,float_ssim,vmaf,
0,0.853057,0.832570,0.787805,0.811582,0.906428,0.000000,0.000000,0.459805,0.708480,0.750197,0.779294,22.813497,42.188698,36.682493,0.915718,42.996327,
1,0.990755,0.981715,0.986262,0.989979,0.995724,28.305254,29.954386,0.934877,0.986049,0.991168,0.994672,42.466580,66.761307,64.634697,0.998001,100.000000,
2,0.984181,0.978190,0.975767,0.982108,0.990687,28.305254,28.305254,0.927028,0.978177,0.984418,0.988086,40.831457,63.197721,61.433349,0.996528,100.000000,
3,0.994036,0.993162,0.992122,0.992589,0.995821,34.227451,34.227451,0.952337,0.983946,0.988752,0.991726,41.689111,62.567395,59.376893,0.997513,100.000000,
4,0.861727,0.805127,0.831578,0.876890,0.879633,31.030752,36.579582,0.433875,0.772391,0.832287,0.868897,24.622621,43.986513,42.279252,0.914238,81.188834,
5,0.869501,0.816329,0.810480,0.845582,0.921338,31.030752,31.030752,0.445123,0.762634,0.814344,0.844928,23.117901,46.415547,45.070122,0.906582,80.630604,
6,0.975092,0.962116,0.962407,0.970644,0.988191,26.740717,37.034451,0.934599,0.975737,0.982729,0.987794,41.456340,64.465250,61.315016,0.997583,100.000000,
7,0.775969,0.829864,0.761760,0.758476,0.774194,15.901076,26.740717,0.411257,0.634153,0.685964,0.729172,23.069435,39.500550,36.701391,0.878243,41.305921,
8,0.654629,0.801774,0.689655,0.667327,0.584141,15.901076,15.901076,0.343873,0.537683,0.585697,0.614550,20.571151,36.047002,35.223287,0.840918,15.735515,
