Frame,integer_adm2,integer_adm_scale0,integer_adm_scale1,integer_adm_scale2,integer_adm_scale3,integer_motion2,integer_motion,integer_vif_scale0,integer_vif_scale1,integer_vif_scale2,integer_vif_scale3,psnr_y,psnr_cb,psnr_cr,float_ssim,vmaf,
0,0.308523,0.706411,0.446860,0.254749,0.180659,0.000000,0.000000,0.143670,0.206741,0.223613,0.222608,13.607264,30.758853,27.738784,0.552268,0.000000,
1,0.375561,0.683956,0.400907,0.315513,0.309735,28.305254,29.954386,0.117012,0.174465,0.186566,0.185860,13.879899,30.739449,27.733279,0.530693,6.940943,
2,0.399651,0.666287,0.425690,0.326070,0.350562,28.305254,28.305254,0.113800,0.172063,0.185938,0.191165,13.881141,30.448330,27.489017,0.532616,8.591707,
3,0.436521,0.675462,0.460233,0.395686,0.386515,34.227451,34.227451,0.101024,0.153392,0.171999,0.193529,14.347131,33.341014,30.336376,0.569785,17.065818,
4,0.360988,0.673289,0.401492,0.274926,0.310089,31.030752,36.579582,0.098729,0.154640,0.172511,0.195957,14.309009,32.975588,30.350301,0.548591,9.523055,
5,0.401277,0.720292,0.441790,0.367191,0.309654,31.030752,31.030752,0.103723,0.160110,0.174672,0.182375,13.940073,31.710046,29.886161,0.542950,11.794353,
6,0.410066,0.757975,0.513137,0.350449,0.278617,26.740717,37.034451,0.115618,0.213095,0.245871,0.243705,11.777035,29.694514,28.149731,0.548804,4.783032,
7,0.424848,0.761379,0.455404,0.328851,0.353576,15.901076,26.740717,0.130842,0.217053,0.247126,0.251888,13.374271,29.345181,28.058325,0.552897,0.000000,
8,0.346601,0.755458,0.479018,0.292944,0.193248,15.901076,15.901076,0.147947,0.227884,0.247009,0.236120,13.800001,29.478661,27.984320,0.552281,0.000000,
