Frame,integer_adm2,integer_adm_scale0,integer_adm_scale1,integer_adm_scale2,integer_adm_scale3,integer_motion2,integer_motion,integer_vif_scale0,integer_vif_scale1,integer_vif_scale2,integer_vif_scale3,psnr_y,psnr_cb,psnr_cr,float_ssim,vmaf,
0,0.333487,0.722328,0.454500,0.276060,0.216417,0.000000,0.000000,0.140197,0.206748,0.226427,0.238006,12.974511,30.628920,27.690516,0.527361,0.000000,
1,0.416891,0.695720,0.407579,0.372572,0.363762,28.305254,29.954386,0.112267,0.172344,0.185505,0.187701,12.890732,30.220681,27.624798,0.493029,9.786560,
2,0.395776,0.675803,0.388078,0.357413,0.334334,28.305254,28.305254,0.105244,0.164828,0.178196,0.182848,13.013227,30.090328,27.494041,0.484360,8.946304,
3,0.502714,0.675382,0.454625,0.422185,0.520293,34.227451,34.227451,0.093367,0.147062,0.166920,0.191211,13.176520,32.191188,30.191635,0.520442,22.392007,
4,0.400223,0.681599,0.390955,0.339861,0.361548,31.030752,36.579582,0.093160,0.147283,0.164941,0.187283,13.497915,33.241233,30.895561,0.519593,12.529524,
5,0.535356,0.739652,0.456156,0.435649,0.560625,31.030752,31.030752,0.101656,0.165908,0.184987,0.209803,13.524336,31.910611,30.697728,0.526219,21.471091,
6,0.421635,0.764347,0.523212,0.344372,0.304320,26.740717,37.034451,0.109031,0.203234,0.229237,0.225634,11.280460,30.087633,28.797613,0.511335,6.465624,
7,0.447046,0.759607,0.520793,0.382145,0.345161,15.901076,26.740717,0.128597,0.223933,0.254891,0.265527,12.795578,29.152276,28.111392,0.515505,0.000000,
8,0.416757,0.749263,0.493746,0.291062,0.356317,15.901076,15.901076,0.141328,0.223351,0.242500,0.253998,13.029777,29.113952,27.913236,0.513774,0.000000,
