Frame,integer_adm2,integer_adm_scale0,integer_adm_scale1,integer_adm_scale2,integer_adm_scale3,integer_motion2,integer_motion,integer_vif_scale0,integer_vif_scale1,integer_vif_scale2,integer_vif_scale3,psnr_y,psnr_cb,psnr_cr,float_ssim,vmaf,
0,0.326682,0.715714,0.442598,0.271721,0.209878,0.000000,0.000000,0.109713,0.154257,0.155922,0.136993,11.542687,26.653468,26.278628,0.563471,0.000000,
1,0.336118,0.688995,0.414096,0.268376,0.241086,28.305254,29.954386,0.086831,0.130526,0.136304,0.123240,11.579152,26.477408,26.406654,0.544737,8.805075,
2,0.287020,0.648592,0.394835,0.257389,0.148564,28.305254,28.305254,0.082416,0.127935,0.131106,0.120462,11.870961,26.276626,26.161560,0.551943,6.812495,
3,0.275653,0.606685,0.351622,0.232246,0.182791,34.227451,34.227451,0.044740,0.067481,0.068757,0.064421,11.737170,25.826931,26.459857,0.486513,16.698684,
4,0.266207,0.629933,0.368607,0.232649,0.148693,31.030752,36.579582,0.040948,0.065416,0.069751,0.072376,12.904268,26.130333,26.605437,0.521855,13.875591,
5,0.348013,0.695299,0.430445,0.295180,0.242675,31.030752,31.030752,0.060547,0.096327,0.097493,0.083137,13.233558,26.423524,27.008921,0.560588,14.862613,
6,0.374101,0.745799,0.484796,0.291425,0.245901,26.740717,37.034451,0.077422,0.145192,0.152202,0.143518,15.028670,28.114782,28.019777,0.590644,8.454796,
7,0.415067,0.758472,0.512966,0.400807,0.257880,15.901076,26.740717,0.090683,0.149236,0.158561,0.145531,13.328760,27.153376,27.349619,0.608159,2.865126,
8,0.370534,0.747657,0.485396,0.288133,0.252860,15.901076,15.901076,0.111926,0.172853,0.173988,0.155975,12.791720,26.674647,26.952077,0.606547,0.000000,
