Frame,integer_adm2,integer_adm_scale0,integer_adm_scale1,integer_adm_scale2,integer_adm_scale3,integer_motion2,integer_motion,integer_vif_scale0,integer_vif_scale1,integer_vif_scale2,integer_vif_scale3,psnr_y,psnr_cb,psnr_cr,float_ssim,vmaf,
0,0.413341,0.737629,0.528619,0.354963,0.316915,0.000000,0.000000,0.126717,0.198025,0.214994,0.202377,10.428231,28.952726,28.420843,0.479272,0.000000,
1,0.408854,0.742012,0.457820,0.362899,0.317576,28.305254,29.954386,0.100223,0.162614,0.182077,0.184583,14.093692,28.865808,28.627095,0.529790,9.843664,
2,0.338850,0.668266,0.406027,0.280309,0.244414,28.305254,28.305254,0.082923,0.132085,0.138894,0.129615,10.427507,25.189753,22.250031,0.477699,8.753687,
3,0.504703,0.696072,0.568518,0.499834,0.431931,34.227451,34.227451,0.154984,0.253442,0.275495,0.296045,17.104673,34.314599,33.188159,0.685267,16.615628,
4,0.497951,0.705127,0.576531,0.484605,0.420254,31.030752,36.579582,0.158922,0.261496,0.282939,0.297133,14.178453,34.861710,33.458657,0.681294,12.845743,
5,0.596145,0.736248,0.578716,0.572214,0.574318,31.030752,31.030752,0.187017,0.307742,0.337736,0.364997,16.971518,31.525898,29.879064,0.699905,21.135805,
6,0.662182,0.805341,0.668146,0.641720,0.621127,26.740717,37.034451,0.244372,0.401630,0.446168,0.467662,18.145508,31.089380,29.402233,0.750080,24.455283,
7,0.815128,0.839379,0.798556,0.771395,0.842589,15.901076,26.740717,0.406686,0.632234,0.686543,0.725985,26.965621,41.081653,39.999545,0.896613,48.315444,
8,0.994847,0.993156,0.993258,0.993572,0.996845,15.901076,15.901076,0.972158,0.990418,0.993189,0.994368,44.068777,66.342008,65.409994,0.999123,100.000000,
