Frame,integer_adm2,integer_adm_scale0,integer_adm_scale1,integer_adm_scale2,integer_adm_scale3,integer_motion2,integer_motion,integer_vif_scale0,integer_vif_scale1,integer_vif_scale2,integer_vif_scale3,psnr_y,psnr_cb,psnr_cr,float_ssim,vmaf,
0,0.313909,0.717298,0.420447,0.281109,0.183171,0.000000,0.000000,0.129675,0.184860,0.194583,0.186456,12.101555,30.427776,27.663678,0.529502,0.000000,
1,0.352292,0.704916,0.422278,0.328648,0.233069,28.305254,29.954386,0.110256,0.166627,0.180901,0.183690,12.362499,31.799404,28.261409,0.504555,6.090937,
2,0.324747,0.695407,0.441339,0.326948,0.160428,28.305254,28.305254,0.107929,0.167726,0.181259,0.189716,12.473752,30.908073,27.035456,0.505036,4.462546,
3,0.434527,0.685817,0.496862,0.377574,0.376228,34.227451,34.227451,0.077499,0.119058,0.131032,0.140634,13.511560,32.249256,30.762011,0.529012,19.724502,
4,0.360919,0.703423,0.445300,0.312045,0.264513,31.030752,36.579582,0.070065,0.110762,0.122789,0.131275,13.316977,31.927654,30.190861,0.514867,13.499814,
5,0.324916,0.706504,0.456643,0.279516,0.186424,31.030752,31.030752,0.084418,0.132644,0.140155,0.135165,12.492975,31.046181,29.510731,0.505128,10.046874,
6,0.444886,0.767861,0.548062,0.373227,0.330357,26.740717,37.034451,0.093498,0.179695,0.201459,0.202029,11.058743,29.296758,27.745994,0.517362,9.960049,
7,0.457998,0.774394,0.552805,0.335516,0.383989,15.901076,26.740717,0.114046,0.195533,0.212995,0.193458,11.766819,29.431260,27.982615,0.521427,1.829759,
8,0.404948,0.743060,0.509758,0.329634,0.299631,15.901076,15.901076,0.139368,0.218084,0.229564,0.214102,12.283610,29.858699,28.226210,0.536924,0.000000,
