Frame,integer_adm2,integer_adm_scale0,integer_adm_scale1,integer_adm_scale2,integer_adm_scale3,integer_motion2,integer_motion,integer_vif_scale0,integer_vif_scale1,integer_vif_scale2,integer_vif_scale3,psnr_y,psnr_cb,psnr_cr,float_ssim,vmaf,
0,0.824231,0.812780,0.764387,0.772165,0.879487,0.000000,0.000000,0.448776,0.691421,0.731663,0.761514,21.584369,41.082113,36.774778,0.898338,36.190779,
1,0.971004,0.975140,0.959765,0.969188,0.975268,28.305254,29.954386,0.899103,0.952659,0.963983,0.971594,38.052504,57.315805,55.470634,0.992753,100.000000,
2,0.832314,0.801618,0.820472,0.868506,0.824500,28.305254,28.305254,0.417101,0.709626,0.735127,0.739472,21.092538,43.510939,41.850226,0.886990,63.305389,
3,0.897369,0.829926,0.857810,0.908398,0.923928,34.227451,34.227451,0.357498,0.608681,0.656210,0.689002,18.343928,43.137985,41.044628,0.841820,74.884571,
4,0.994367,0.985757,0.987424,0.994513,0.999188,31.030752,36.579582,0.944547,0.986957,0.990752,0.993188,42.460639,65.564442,62.217292,0.998163,100.000000,
5,0.990344,0.981209,0.982081,0.987764,0.997672,31.030752,31.030752,0.946309,0.988098,0.992603,0.995349,43.511026,66.724213,65.360946,0.998433,100.000000,
6,0.849272,0.854467,0.842954,0.838985,0.856876,26.740717,37.034451,0.441208,0.691112,0.745614,0.780503,27.561089,45.967661,44.560478,0.920395,68.213187,
7,0.705786,0.831596,0.735788,0.693517,0.655414,15.901076,26.740717,0.315338,0.508814,0.566615,0.612233,20.461242,37.797471,35.820947,0.801737,24.166375,
8,0.668960,0.805275,0.688161,0.678726,0.610190,15.901076,15.901076,0.282417,0.458541,0.507069,0.544414,18.310137,33.948089,33.136492,0.762131,16.815140,
