Frame,integer_adm2,integer_adm_scale0,integer_adm_scale1,integer_adm_scale2,integer_adm_scale3,integer_motion2,integer_motion,integer_vif_scale0,integer_vif_scale1,integer_vif_scale2,integer_vif_scale3,psnr_y,psnr_cb,psnr_cr,float_ssim,vmaf,
0,0.319039,0.709200,0.455523,0.251856,0.201981,0.000000,0.000000,0.141124,0.204053,0.223074,0.221638,13.048395,30.712232,27.796265,0.548531,0.000000,
1,0.341620,0.674848,0.392734,0.274641,0.262538,28.305254,29.954386,0.112049,0.166437,0.177249,0.175653,13.256685,30.545025,27.384001,0.522629,5.640964,
2,0.422876,0.670212,0.436864,0.313739,0.406447,28.305254,28.305254,0.108702,0.165994,0.179563,0.185130,13.339205,30.145560,27.068670,0.527972,10.647745,
3,0.454506,0.664901,0.476329,0.407189,0.416716,34.227451,34.227451,0.094533,0.146553,0.165169,0.187445,14.103936,33.228764,29.793829,0.567341,18.818464,
4,0.369195,0.658270,0.406860,0.261436,0.337952,31.030752,36.579582,0.093452,0.147024,0.160831,0.174047,13.749412,32.758629,29.747290,0.546342,10.824131,
5,0.386047,0.717737,0.463299,0.292637,0.310345,31.030752,31.030752,0.098683,0.153834,0.168327,0.178430,13.212326,31.617599,29.422077,0.535797,11.301892,
6,0.406577,0.755965,0.521222,0.363714,0.258585,26.740717,37.034451,0.113116,0.209489,0.244163,0.246162,11.269852,29.553749,27.758891,0.547217,4.731954,
7,0.428263,0.759793,0.486875,0.324733,0.351737,15.901076,26.740717,0.124729,0.210240,0.239421,0.243550,12.945933,29.320206,27.810719,0.554151,0.000000,
8,0.355873,0.740386,0.483514,0.290494,0.219884,15.901076,15.901076,0.144031,0.223373,0.240745,0.228177,13.289960,29.542389,27.858228,0.553128,0.000000,
