Frame,integer_adm2,integer_adm_scale0,integer_adm_scale1,integer_adm_scale2,integer_adm_scale3,integer_motion2,integer_motion,integer_vif_scale0,integer_vif_scale1,integer_vif_scale2,integer_vif_scale3,psnr_y,psnr_cb,psnr_cr,float_ssim,vmaf,
0,0.317502,0.711102,0.454558,0.254384,0.196859,0.000000,0.000000,0.142092,0.205677,0.222864,0.219961,13.855180,30.868483,27.823473,0.551444,0.000000,
1,0.400983,0.682501,0.420484,0.342430,0.344637,28.305254,29.954386,0.114127,0.172437,0.186343,0.188371,14.065428,30.488125,27.343407,0.524667,8.670970,
2,0.419887,0.672817,0.446027,0.359821,0.366781,28.305254,28.305254,0.110728,0.169322,0.183617,0.190666,13.925920,30.062308,26.992518,0.524881,10.159246,
3,0.450309,0.665892,0.462576,0.406268,0.412743,34.227451,34.227451,0.099345,0.152475,0.171160,0.192657,14.389512,32.991201,29.689893,0.560974,18.105758,
4,0.367033,0.667027,0.416968,0.285310,0.313526,31.030752,36.579582,0.093737,0.144231,0.158618,0.177792,14.049984,33.213670,29.984880,0.537862,10.837845,
5,0.453836,0.725753,0.463103,0.387410,0.406488,31.030752,31.030752,0.103613,0.163051,0.177260,0.185598,13.965682,31.905006,29.687338,0.544174,15.234446,
6,0.417610,0.779838,0.517064,0.394897,0.258257,26.740717,37.034451,0.115130,0.211688,0.240698,0.234841,11.601321,29.720575,27.876839,0.541449,5.515733,
7,0.408431,0.762558,0.502667,0.333265,0.289484,15.901076,26.740717,0.129317,0.217000,0.245629,0.249317,13.449877,29.450058,27.908091,0.547742,0.000000,
8,0.344783,0.749764,0.475720,0.284147,0.197726,15.901076,15.901076,0.147621,0.232268,0.250556,0.240222,13.945788,29.528139,27.856689,0.551163,0.000000,
