Frame,integer_adm2,integer_adm_scale0,integer_adm_scale1,integer_adm_scale2,integer_adm_scale3,integer_motion2,integer_motion,integer_vif_scale0,integer_vif_scale1,integer_vif_scale2,integer_vif_scale3,psnr_y,psnr_cb,psnr_cr,float_ssim,vmaf,
0,0.318369,0.713704,0.454027,0.254454,0.198205,0.000000,0.000000,0.143411,0.206722,0.224254,0.221331,13.866210,30.867115,27.816297,0.552386,0.000000,
1,0.401433,0.682912,0.422512,0.342134,0.344945,28.305254,29.954386,0.115812,0.174240,0.187908,0.190464,14.068499,30.485948,27.338759,0.526409,8.561959,
2,0.419685,0.671122,0.446145,0.359661,0.366895,28.305254,28.305254,0.111200,0.169966,0.184389,0.190694,13.939104,30.058426,27.000238,0.526215,10.097036,
3,0.450635,0.666277,0.463976,0.406734,0.412574,34.227451,34.227451,0.101568,0.155353,0.174475,0.196054,14.405001,32.956008,29.660058,0.562653,17.919091,
4,0.369148,0.667689,0.416417,0.285689,0.318006,31.030752,36.579582,0.096571,0.147878,0.162524,0.182166,14.047774,33.180780,29.952853,0.538830,10.654986,
5,0.453865,0.726662,0.462816,0.387038,0.406599,31.030752,31.030752,0.105516,0.164909,0.178903,0.187702,13.963174,31.903436,29.676464,0.545390,15.103879,
6,0.433669,0.777067,0.522809,0.393283,0.297215,26.740717,37.034451,0.115181,0.211841,0.241494,0.235611,11.583055,29.742530,27.883391,0.541910,6.690836,
7,0.420819,0.762005,0.505820,0.326848,0.323063,15.901076,26.740717,0.129242,0.217231,0.246136,0.249698,13.422372,29.477931,27.917543,0.548766,0.000000,
8,0.344690,0.746135,0.473639,0.284113,0.199550,15.901076,15.901076,0.148278,0.232783,0.251232,0.241270,13.930580,29.550592,27.863900,0.551955,0.000000,
