Frame,integer_adm2,integer_adm_scale0,integer_adm_scale1,integer_adm_scale2,integer_adm_scale3,integer_motion2,integer_motion,integer_vif_scale0,integer_vif_scale1,integer_vif_scale2,integer_vif_scale3,psnr_y,psnr_cb,psnr_cr,float_ssim,vmaf,
0,0.318577,0.705560,0.460582,0.248532,0.202176,0.000000,0.000000,0.140780,0.200725,0.219215,0.221801,13.039417,30.761046,27.819581,0.565589,0.000000,
1,0.338460,0.671011,0.428191,0.281203,0.238474,28.305254,29.954386,0.113462,0.167062,0.180228,0.185020,13.165751,30.613166,27.468187,0.535768,5.266935,
2,0.438576,0.668971,0.477560,0.368330,0.393676,28.305254,28.305254,0.111815,0.169549,0.185419,0.194852,13.267400,30.337349,27.224861,0.541402,11.409124,
3,0.461246,0.654186,0.454487,0.403059,0.445073,34.227451,34.227451,0.097986,0.150006,0.169468,0.190534,14.062818,33.233532,29.921519,0.570806,19.047835,
4,0.447978,0.656521,0.450192,0.350155,0.446059,31.030752,36.579582,0.100324,0.159668,0.179479,0.199610,14.247442,32.823088,29.896131,0.572069,14.857913,
5,0.379263,0.701508,0.464900,0.301074,0.294588,31.030752,31.030752,0.102407,0.157203,0.172062,0.189832,13.226044,31.647543,29.541672,0.549603,10.541527,
6,0.416195,0.754364,0.518144,0.412368,0.252076,26.740717,37.034451,0.117982,0.223735,0.262275,0.278982,11.318549,29.585568,27.880191,0.566245,4.438940,
7,0.416349,0.760528,0.486925,0.327063,0.320601,15.901076,26.740717,0.130222,0.224491,0.253682,0.271060,12.763476,29.355070,27.907260,0.570063,0.000000,
8,0.353512,0.754347,0.479397,0.293408,0.209491,15.901076,15.901076,0.150034,0.234425,0.251626,0.255092,13.151266,29.532514,27.915176,0.571512,0.000000,
