Frame,integer_adm2,integer_adm_scale0,integer_adm_scale1,integer_adm_scale2,integer_adm_scale3,integer_motion2,integer_motion,integer_vif_scale0,integer_vif_scale1,integer_vif_scale2,integer_vif_scale3,psnr_y,psnr_cb,psnr_cr,float_ssim,vmaf,
0,0.315054,0.710179,0.440047,0.265690,0.190021,0.000000,0.000000,0.107574,0.148513,0.147348,0.133489,11.034089,27.730822,26.640409,0.557961,0.000000,
1,0.335107,0.675957,0.390434,0.265629,0.253627,28.305254,29.954386,0.085178,0.125221,0.127278,0.118975,11.087470,27.516238,26.884948,0.539287,9.306665,
2,0.303449,0.649581,0.404114,0.262053,0.179907,28.305254,28.305254,0.078480,0.118922,0.120142,0.112142,11.311262,27.498045,27.004735,0.541272,8.420588,
3,0.258151,0.615854,0.353943,0.202066,0.158064,34.227451,34.227451,0.043832,0.062193,0.057348,0.053951,11.195453,26.676910,26.732942,0.487214,16.851411,
4,0.256149,0.634814,0.358410,0.221075,0.135494,31.030752,36.579582,0.040205,0.059868,0.055628,0.057443,12.362324,26.947011,26.791767,0.523195,14.494788,
5,0.349389,0.688881,0.454418,0.299577,0.236121,31.030752,31.030752,0.057742,0.088808,0.085794,0.077221,12.701085,27.417486,27.341291,0.558335,15.703613,
6,0.362301,0.743117,0.475237,0.275456,0.232567,26.740717,37.034451,0.075711,0.141798,0.151634,0.143061,14.810739,29.311334,28.207478,0.594862,7.958733,
7,0.368752,0.750888,0.504546,0.300967,0.216836,15.901076,26.740717,0.092893,0.151783,0.158954,0.145622,12.811180,28.295695,27.718336,0.606634,0.000000,
8,0.359070,0.753084,0.479044,0.302859,0.217174,15.901076,15.901076,0.110773,0.168982,0.167714,0.148413,12.216007,27.845701,27.412075,0.601971,0.000000,
