Frame,integer_adm2,integer_adm_scale0,integer_adm_scale1,integer_adm_scale2,integer_adm_scale3,integer_motion2,integer_motion,integer_vif_scale0,integer_vif_scale1,integer_vif_scale2,integer_vif_scale3,psnr_y,psnr_cb,psnr_cr,float_ssim,vmaf,
0,0.329717,0.714314,0.455343,0.263628,0.217377,0.000000,0.000000,0.137604,0.197045,0.213394,0.211111,13.902646,30.700770,27.751496,0.543554,0.000000,
1,0.389496,0.684063,0.430363,0.336854,0.317195,28.305254,29.954386,0.107706,0.160686,0.172895,0.174343,13.805294,30.318615,27.242291,0.512235,8.896802,
2,0.457997,0.673075,0.429457,0.353005,0.466114,28.305254,28.305254,0.107366,0.164931,0.179245,0.182464,13.446107,29.902894,26.820880,0.516485,13.263694,
3,0.453356,0.656051,0.454969,0.389843,0.434525,34.227451,34.227451,0.089217,0.139048,0.155392,0.171651,14.185289,33.013982,29.682607,0.542875,19.356943,
4,0.391195,0.646199,0.426233,0.291493,0.365597,31.030752,36.579582,0.087133,0.136780,0.147782,0.154468,13.925101,33.119512,29.952202,0.527453,13.119881,
5,0.444663,0.722226,0.468522,0.379204,0.389550,31.030752,31.030752,0.099995,0.157676,0.171018,0.179367,13.656549,31.759893,29.582280,0.529477,14.979928,
6,0.446033,0.775579,0.506607,0.405686,0.326893,26.740717,37.034451,0.114762,0.216077,0.247460,0.254262,11.509216,29.582065,27.786812,0.538669,7.346369,
7,0.432762,0.769529,0.517288,0.388145,0.303954,15.901076,26.740717,0.127525,0.218464,0.246715,0.253369,13.510458,29.338563,27.828654,0.552027,0.000000,
8,0.364348,0.750512,0.490277,0.304553,0.224951,15.901076,15.901076,0.145171,0.229585,0.244894,0.233394,13.972011,29.406259,27.767498,0.551023,0.000000,
