Frame,integer_adm2,integer_adm_scale0,integer_adm_scale1,integer_adm_scale2,integer_adm_scale3,integer_motion2,integer_motion,integer_vif_scale0,integer_vif_scale1,integer_vif_scale2,integer_vif_scale3,psnr_y,psnr_cb,psnr_cr,float_ssim,vmaf,
0,0.335801,0.711187,0.492579,0.291143,0.202324,0.000000,0.000000,0.146697,0.212774,0.230322,0.233699,14.769061,31.493757,28.467076,0.572879,0.000000,
1,0.389225,0.684798,0.465751,0.334335,0.304100,28.305254,29.954386,0.120727,0.179098,0.197414,0.205710,14.887160,31.991558,29.306196,0.565080,7.206443,
2,0.394921,0.692683,0.481198,0.345815,0.297042,28.305254,28.305254,0.118590,0.179339,0.195523,0.205753,15.093013,30.998792,28.715544,0.576105,7.626671,
3,0.398919,0.635772,0.451727,0.364753,0.334851,34.227451,34.227451,0.084069,0.131198,0.145765,0.155422,14.017730,31.333254,28.591362,0.509721,16.453625,
4,0.409352,0.660845,0.446692,0.361896,0.354229,31.030752,36.579582,0.089892,0.144988,0.164131,0.175366,14.221324,31.280387,28.460925,0.524099,13.343979,
5,0.395987,0.711504,0.499276,0.373260,0.275212,31.030752,31.030752,0.114888,0.180801,0.199010,0.208693,15.028648,31.726345,29.347943,0.558777,9.809808,
6,0.438844,0.758801,0.527530,0.364978,0.333107,26.740717,37.034451,0.120664,0.220006,0.249211,0.255586,12.288613,29.901628,28.257127,0.535028,6.543895,
7,0.414905,0.761136,0.484863,0.287511,0.344051,15.901076,26.740717,0.136055,0.229519,0.256101,0.261600,14.265322,30.054218,28.695319,0.559699,0.000000,
8,0.450108,0.755459,0.506839,0.369814,0.377855,15.901076,15.901076,0.154162,0.236575,0.253892,0.253259,14.765838,30.336950,28.985697,0.572060,0.000000,
