Frame,integer_adm2,integer_adm_scale0,integer_adm_scale1,integer_adm_scale2,integer_adm_scale3,integer_motion2,integer_motion,integer_vif_scale0,integer_vif_scale1,integer_vif_scale2,integer_vif_scale3,psnr_y,psnr_cb,psnr_cr,float_ssim,vmaf,
0,0.973783,0.954162,0.953776,0.966395,0.990703,0.000000,0.000000,0.861305,0.968092,0.978711,0.983664,38.173320,61.458174,59.763549,0.995469,89.310612,
1,0.968318,0.910163,0.944954,0.975716,0.990421,28.305254,29.954386,0.725452,0.948727,0.968817,0.977925,36.228300,59.578683,57.441880,0.989787,100.000000,
2,0.961514,0.932305,0.939567,0.963230,0.978390,28.305254,28.305254,0.802090,0.955524,0.968979,0.975757,36.753025,57.574733,55.430927,0.991802,100.000000,
3,0.697805,0.764742,0.725372,0.664806,0.688559,34.227451,34.227451,0.244729,0.423301,0.461984,0.492157,15.579891,41.107381,39.036755,0.744006,35.666576,
4,0.781657,0.807171,0.771702,0.774089,0.782708,31.030752,36.579582,0.342102,0.581347,0.621387,0.641841,17.737389,40.441522,39.118098,0.827210,50.280702,
5,0.968998,0.971400,0.954976,0.959157,0.979164,31.030752,31.030752,0.879021,0.940557,0.954086,0.964080,38.155631,55.317272,53.207104,0.991032,100.000000,
6,0.837587,0.839711,0.813043,0.815151,0.862150,26.740717,37.034451,0.437625,0.679460,0.728973,0.755846,23.474508,44.060105,42.937278,0.899073,64.215131,
7,0.698488,0.830977,0.730296,0.666087,0.658321,15.901076,26.740717,0.264105,0.440211,0.490067,0.539343,19.040428,33.975876,31.902382,0.748455,21.507209,
8,0.651175,0.797728,0.665299,0.661786,0.590511,15.901076,15.901076,0.250494,0.398253,0.439713,0.478858,18.027168,33.510879,32.373091,0.751577,13.992562,
