Frame,integer_adm2,integer_adm_scale0,integer_adm_scale1,integer_adm_scale2,integer_adm_scale3,integer_motion2,integer_motion,integer_vif_scale0,integer_vif_scale1,integer_vif_scale2,integer_vif_scale3,psnr_y,psnr_cb,psnr_cr,float_ssim,vmaf,
0,0.831745,0.826272,0.778200,0.770177,0.888781,0.000000,0.000000,0.468203,0.717490,0.758254,0.786757,22.700386,42.150842,36.801612,0.910227,39.483804,
1,0.977110,0.978706,0.968141,0.973350,0.982463,28.305254,29.954386,0.921859,0.968508,0.977174,0.983352,39.671784,60.303293,57.442640,0.996050,100.000000,
2,0.833092,0.801741,0.818433,0.873861,0.823799,28.305254,28.305254,0.420202,0.713810,0.739422,0.743566,21.086167,43.180530,41.438519,0.886225,63.774723,
3,0.993612,0.992097,0.991100,0.992019,0.995877,34.227451,34.227451,0.947404,0.983630,0.988606,0.991288,42.119889,63.725619,61.568624,0.997714,100.000000,
4,0.869480,0.804815,0.834536,0.883818,0.891816,31.030752,36.579582,0.436547,0.782761,0.844291,0.879875,24.621540,45.326198,44.759437,0.920681,83.739418,
5,0.881885,0.816775,0.815638,0.869032,0.933762,31.030752,31.030752,0.447248,0.775131,0.829100,0.858825,23.274373,47.017804,46.032807,0.911005,84.297022,
6,0.977350,0.968137,0.971329,0.971912,0.986864,26.740717,37.034451,0.939300,0.982261,0.988533,0.992737,44.008251,65.059235,62.354981,0.998351,100.000000,
7,0.978547,0.978453,0.970418,0.976373,0.983531,15.901076,26.740717,0.944020,0.980208,0.984912,0.988227,42.682977,63.115311,61.159832,0.997888,100.000000,
8,0.774086,0.823607,0.762405,0.775458,0.761529,15.901076,15.901076,0.456861,0.691286,0.736575,0.765439,23.932245,38.149692,38.410205,0.905110,43.509111,
