Frame,integer_adm2,integer_adm_scale0,integer_adm_scale1,integer_adm_scale2,integer_adm_scale3,integer_motion2,integer_motion,integer_vif_scale0,integer_vif_scale1,integer_vif_scale2,integer_vif_scale3,psnr_y,psnr_cb,psnr_cr,float_ssim,vmaf,
0,0.340771,0.711392,0.452525,0.306116,0.218477,0.000000,0.000000,0.126319,0.177421,0.187529,0.182354,13.676629,30.250356,27.714311,0.602498,0.000000,
1,0.322875,0.689242,0.382743,0.260996,0.227191,28.305254,29.954386,0.102956,0.152640,0.164176,0.163986,13.109479,31.747549,28.472869,0.555231,5.769361,
2,0.330203,0.665394,0.421064,0.246839,0.239729,28.305254,28.305254,0.098043,0.149393,0.160232,0.164317,12.449936,30.883393,27.205260,0.544095,6.432696,
3,0.381454,0.650330,0.449084,0.425417,0.257893,34.227451,34.227451,0.068003,0.098016,0.105084,0.112843,13.190340,31.633848,29.982494,0.555644,18.371334,
4,0.333181,0.652652,0.427510,0.282465,0.240389,31.030752,36.579582,0.062031,0.090334,0.097868,0.103850,12.513631,31.567146,29.949893,0.546737,14.075587,
5,0.335645,0.697268,0.422317,0.245677,0.245455,31.030752,31.030752,0.078200,0.117050,0.126731,0.129920,12.578251,30.711285,29.291613,0.559947,11.744469,
6,0.449942,0.750171,0.504992,0.380470,0.362973,26.740717,37.034451,0.091606,0.171581,0.198598,0.196848,10.438900,29.204418,27.898120,0.561495,10.787674,
7,0.390711,0.757648,0.481039,0.343750,0.250025,15.901076,26.740717,0.109413,0.178288,0.214649,0.220654,12.487229,29.329797,28.168970,0.596784,0.000000,
8,0.425887,0.748344,0.471282,0.390999,0.323681,15.901076,15.901076,0.133834,0.205316,0.223098,0.228585,13.333911,29.705209,28.346424,0.614357,0.000000,
