Frame,integer_adm2,integer_adm_scale0,integer_adm_scale1,integer_adm_scale2,integer_adm_scale3,integer_motion2,integer_motion,integer_vif_scale0,integer_vif_scale1,integer_vif_scale2,integer_vif_scale3,psnr_y,psnr_cb,psnr_cr,float_ssim,vmaf,
0,0.403066,0.732732,0.501068,0.350684,0.307627,0.000000,0.000000,0.125485,0.185070,0.195247,0.193090,9.213293,30.376385,28.729371,0.461122,0.000000,
1,0.393836,0.689859,0.480781,0.375277,0.281949,28.305254,29.954386,0.100588,0.152337,0.158681,0.160560,12.500900,29.358252,28.716698,0.526081,10.043311,
2,0.365991,0.668984,0.442168,0.298715,0.281630,28.305254,28.305254,0.095654,0.151923,0.154492,0.147492,11.553684,24.713811,22.998195,0.523994,8.642231,
3,0.995747,0.985677,0.989705,0.997324,0.999804,34.227451,34.227451,0.946089,0.987829,0.991715,0.994390,42.450581,65.109645,64.023395,0.998139,100.000000,
4,0.991841,0.981935,0.987305,0.992646,0.995750,31.030752,36.579582,0.947929,0.991585,0.994736,0.996014,44.998456,61.773219,60.066360,0.999101,100.000000,
5,0.861684,0.839583,0.823494,0.834411,0.898223,31.030752,31.030752,0.384182,0.630356,0.677184,0.705180,21.786344,34.143528,32.052160,0.844356,67.836169,
6,0.748650,0.835744,0.786609,0.755257,0.696346,26.740717,37.034451,0.303924,0.504577,0.551977,0.580376,20.671609,33.805427,31.415158,0.831222,39.100371,
7,0.696633,0.818264,0.736478,0.705950,0.629165,15.901076,26.740717,0.310558,0.488188,0.538458,0.580671,20.917745,36.408223,34.061439,0.841996,21.657573,
8,0.598891,0.800706,0.662444,0.643797,0.478605,15.901076,15.901076,0.273381,0.449474,0.496762,0.528294,18.967295,34.120192,33.086212,0.786478,6.744296,
