Frame,integer_adm2,integer_adm_scale0,integer_adm_scale1,integer_adm_scale2,integer_adm_scale3,integer_motion2,integer_motion,integer_vif_scale0,integer_vif_scale1,integer_vif_scale2,integer_vif_scale3,psnr_y,psnr_cb,psnr_cr,float_ssim,vmaf,
0,0.313413,0.712249,0.421601,0.275947,0.186152,0.000000,0.000000,0.109816,0.151189,0.149194,0.130438,10.815216,28.658057,27.551465,0.539229,0.000000,
1,0.322808,0.676444,0.401144,0.269799,0.218258,28.305254,29.954386,0.088239,0.129191,0.128921,0.115241,10.828594,28.673969,27.989276,0.519023,8.494036,
2,0.284551,0.652587,0.387730,0.224624,0.164479,28.305254,28.305254,0.082447,0.123520,0.122289,0.109902,11.087445,28.876154,28.470098,0.524924,7.320583,
3,0.249346,0.618582,0.338868,0.199170,0.145017,34.227451,34.227451,0.044657,0.063710,0.058748,0.052327,10.991959,27.363847,27.037849,0.471519,16.474122,
4,0.254280,0.631779,0.336663,0.226644,0.137075,31.030752,36.579582,0.041323,0.064123,0.060385,0.054734,12.261808,27.754603,27.423895,0.512791,14.131636,
5,0.345036,0.694002,0.438555,0.309690,0.225084,31.030752,31.030752,0.060059,0.093341,0.089097,0.073216,12.559253,28.100890,27.951583,0.545532,15.237480,
6,0.364504,0.749548,0.500055,0.280617,0.221543,26.740717,37.034451,0.078078,0.145933,0.153008,0.140838,14.574283,29.955671,29.137502,0.577422,7.866341,
7,0.402035,0.748718,0.541120,0.319979,0.271058,15.901076,26.740717,0.095132,0.158872,0.165336,0.145972,12.446878,29.242111,28.795573,0.585392,1.313540,
8,0.362931,0.753900,0.497657,0.286588,0.228957,15.901076,15.901076,0.114109,0.174285,0.173956,0.154411,11.857520,28.849618,28.515678,0.579339,0.000000,
