Frame,integer_adm2,integer_adm_scale0,integer_adm_scale1,integer_adm_scale2,integer_adm_scale3,integer_motion2,integer_motion,integer_vif_scale0,integer_vif_scale1,integer_vif_scale2,integer_vif_scale3,psnr_y,psnr_cb,psnr_cr,float_ssim,vmaf,
0,0.322152,0.710146,0.447651,0.261782,0.205497,0.000000,0.000000,0.135671,0.192544,0.208637,0.202474,13.685405,30.676292,27.593810,0.531629,0.000000,
1,0.388324,0.691427,0.480245,0.338834,0.291561,28.305254,29.954386,0.108349,0.161045,0.170581,0.167755,13.582079,29.921139,26.907873,0.505737,8.911080,
2,0.458000,0.678338,0.525181,0.356002,0.424486,28.305254,28.305254,0.104549,0.160867,0.172515,0.175163,13.458292,29.619598,26.638485,0.509364,13.638585,
3,0.466351,0.669301,0.487575,0.417880,0.431474,34.227451,34.227451,0.088917,0.136079,0.151200,0.166771,14.196227,32.653852,29.233734,0.543476,20.524269,
4,0.399713,0.666418,0.494302,0.320449,0.337327,31.030752,36.579582,0.084868,0.130509,0.138087,0.144760,13.518593,32.864323,29.575691,0.529288,14.256515,
5,0.454305,0.729878,0.557702,0.377656,0.376023,31.030752,31.030752,0.095443,0.146369,0.156734,0.160997,13.273643,31.704101,29.334555,0.517661,16.596245,
6,0.438049,0.765776,0.545923,0.388638,0.305141,26.740717,37.034451,0.110140,0.203700,0.230006,0.232691,11.045100,29.569351,27.534588,0.534130,7.629628,
7,0.435269,0.760983,0.502108,0.394557,0.315486,15.901076,26.740717,0.126676,0.214787,0.241982,0.246371,13.422259,29.374893,27.602394,0.544408,0.000000,
8,0.370396,0.736745,0.487827,0.282130,0.258976,15.901076,15.901076,0.142681,0.221044,0.232352,0.225570,13.880067,29.465269,27.565895,0.539494,0.000000,
