Frame,integer_adm2,integer_adm_scale0,integer_adm_scale1,integer_adm_scale2,integer_adm_scale3,integer_motion2,integer_motion,integer_vif_scale0,integer_vif_scale1,integer_vif_scale2,integer_vif_scale3,psnr_y,psnr_cb,psnr_cr,float_ssim,vmaf,
0,0.327083,0.717161,0.482713,0.278411,0.192291,0.000000,0.000000,0.141128,0.204615,0.223267,0.226274,14.411227,31.695569,28.564591,0.573907,0.000000,
1,0.409371,0.692545,0.492842,0.330673,0.340069,28.305254,29.954386,0.117861,0.174234,0.190231,0.196405,14.649847,32.252053,29.404902,0.570904,8.996405,
2,0.417046,0.690694,0.484592,0.348400,0.346187,28.305254,28.305254,0.114069,0.170845,0.186870,0.195973,14.769604,31.748110,29.390195,0.576567,9.772529,
3,0.380961,0.647575,0.448425,0.321760,0.317907,34.227451,34.227451,0.077698,0.119625,0.133415,0.142590,13.368485,31.251358,28.181581,0.497305,16.327283,
4,0.424810,0.672833,0.436010,0.356694,0.392010,31.030752,36.579582,0.087564,0.144741,0.165230,0.183092,13.740314,31.354795,28.193966,0.522711,14.323882,
5,0.416742,0.739216,0.523358,0.395336,0.291872,31.030752,31.030752,0.110944,0.175873,0.194503,0.208015,14.442226,31.630529,29.079722,0.556473,11.542298,
6,0.422678,0.765161,0.501191,0.384289,0.289823,26.740717,37.034451,0.119629,0.214846,0.242128,0.248574,11.883056,29.997753,28.270703,0.530401,5.669976,
7,0.441253,0.757323,0.502022,0.311961,0.386556,15.901076,26.740717,0.130842,0.221172,0.250915,0.262273,13.919905,30.176014,28.685593,0.560366,0.000000,
8,0.413231,0.744995,0.490351,0.345916,0.315931,15.901076,15.901076,0.149331,0.226961,0.243935,0.242118,14.303108,30.380068,28.988626,0.569201,0.000000,
