Frame,integer_adm2,integer_adm_scale0,integer_adm_scale1,integer_adm_scale2,integer_adm_scale3,integer_motion2,integer_motion,integer_vif_scale0,integer_vif_scale1,integer_vif_scale2,integer_vif_scale3,psnr_y,psnr_cb,psnr_cr,float_ssim,vmaf,
0,0.325366,0.715455,0.426199,0.274731,0.210986,0.000000,0.000000,0.125550,0.174735,0.183451,0.176881,13.784680,30.270999,27.733558,0.604411,0.000000,
1,0.306139,0.676292,0.375124,0.237373,0.210030,28.305254,29.954386,0.105253,0.156395,0.165274,0.163904,13.160458,31.725559,28.432086,0.557160,4.711292,
2,0.328424,0.662166,0.451662,0.253120,0.220566,28.305254,28.305254,0.100325,0.153131,0.161413,0.164959,12.514514,30.871545,27.226784,0.546646,6.114757,
3,0.379635,0.652766,0.450486,0.413688,0.259473,34.227451,34.227451,0.067662,0.097742,0.104598,0.111976,13.229411,31.830586,30.239104,0.556737,18.307062,
4,0.326095,0.654076,0.426023,0.248273,0.244294,31.030752,36.579582,0.061815,0.090404,0.098329,0.105070,12.577135,31.763210,30.165952,0.548245,13.703732,
5,0.335915,0.712914,0.467283,0.268816,0.211234,31.030752,31.030752,0.079010,0.118678,0.128634,0.131391,12.663393,30.727624,29.369080,0.564596,11.611058,
6,0.390812,0.756291,0.497607,0.368506,0.226848,26.740717,37.034451,0.091736,0.172440,0.199247,0.198533,10.466824,29.225714,27.971990,0.566992,6.566956,
7,0.390825,0.776960,0.489630,0.308758,0.262899,15.901076,26.740717,0.110519,0.181906,0.217103,0.223094,12.515494,29.307626,28.199730,0.601632,0.000000,
8,0.435427,0.751601,0.503037,0.379075,0.340089,15.901076,15.901076,0.133781,0.206501,0.223661,0.229861,13.401545,29.649511,28.330869,0.619089,0.000000,
