Frame,integer_adm2,integer_adm_scale0,integer_adm_scale1,integer_adm_scale2,integer_adm_scale3,integer_motion2,integer_motion,integer_vif_scale0,integer_vif_scale1,integer_vif_scale2,integer_vif_scale3,psnr_y,psnr_cb,psnr_cr,float_ssim,vmaf,
0,0.834839,0.822443,0.776154,0.784178,0.889116,0.000000,0.000000,0.456192,0.702725,0.742670,0.772455,21.641550,41.246283,36.840362,0.900447,38.972979,
1,0.984198,0.984392,0.977057,0.983682,0.987246,28.305254,29.954386,0.935585,0.976736,0.984346,0.989256,41.737319,62.935591,60.622454,0.997014,100.000000,
2,0.835550,0.802559,0.824061,0.872998,0.827547,28.305254,28.305254,0.420621,0.714745,0.740259,0.745278,21.083701,43.379096,41.684853,0.887785,64.339619,
3,0.994108,0.988867,0.989391,0.993642,0.997548,34.227451,34.227451,0.948609,0.985461,0.989885,0.992265,41.845331,64.372184,62.503073,0.997756,100.000000,
4,0.879050,0.812475,0.842750,0.900091,0.898605,31.030752,36.579582,0.462617,0.801552,0.856509,0.887335,26.547776,41.864298,40.341019,0.932348,86.556662,
5,0.990113,0.982981,0.982527,0.989098,0.995698,31.030752,31.030752,0.947046,0.988191,0.992548,0.995100,43.694035,65.054157,63.176859,0.998442,100.000000,
6,0.860022,0.854311,0.838282,0.864218,0.868705,26.740717,37.034451,0.440336,0.694819,0.750565,0.785877,27.711435,46.045784,44.778835,0.920684,70.655776,
7,0.760108,0.835914,0.769821,0.732115,0.747075,15.901076,26.740717,0.354893,0.575805,0.636750,0.687539,22.517407,38.872062,36.116032,0.840585,36.293228,
8,0.679292,0.812465,0.704323,0.708892,0.606654,15.901076,15.901076,0.316350,0.518129,0.573627,0.609578,20.828522,34.747700,33.568286,0.827621,19.756733,
