Frame,integer_adm2,integer_adm_scale0,integer_adm_scale1,integer_adm_scale2,integer_adm_scale3,integer_motion2,integer_motion,integer_vif_scale0,integer_vif_scale1,integer_vif_scale2,integer_vif_scale3,psnr_y,psnr_cb,psnr_cr,float_ssim,vmaf,
0,0.328600,0.713936,0.438704,0.295184,0.202029,0.000000,0.000000,0.111582,0.153362,0.152921,0.134069,11.680546,28.598563,27.625082,0.570069,0.000000,
1,0.339798,0.678703,0.413686,0.297958,0.234500,28.305254,29.954386,0.088854,0.128883,0.131478,0.117109,11.610269,28.509367,27.909222,0.546245,9.265128,
2,0.281570,0.639303,0.397620,0.227232,0.156185,28.305254,28.305254,0.084940,0.126776,0.126617,0.113687,11.933094,28.665583,28.176797,0.552563,6.841910,
3,0.276503,0.623623,0.348595,0.227992,0.183665,34.227451,34.227451,0.048150,0.069229,0.066345,0.060010,11.851480,27.390179,27.146791,0.496232,16.776840,
4,0.252282,0.623419,0.335802,0.218272,0.139998,31.030752,36.579582,0.043965,0.068631,0.067453,0.060860,13.109687,27.722036,27.414244,0.532285,13.498536,
5,0.337581,0.697088,0.436662,0.279367,0.225328,31.030752,31.030752,0.061800,0.095000,0.093041,0.079740,13.443705,28.045930,27.880630,0.568981,14.574162,
6,0.367214,0.752350,0.493503,0.280158,0.230297,26.740717,37.034451,0.077752,0.144903,0.151997,0.139363,15.005931,29.821308,28.907835,0.591447,8.114661,
7,0.396260,0.748783,0.511054,0.328866,0.263866,15.901076,26.740717,0.094331,0.156533,0.162785,0.147408,13.268479,29.107915,28.588796,0.609641,1.117013,
8,0.375031,0.746948,0.506786,0.325743,0.231346,15.901076,15.901076,0.114557,0.174256,0.174004,0.153507,12.749304,28.816726,28.474519,0.606937,0.000000,
