Frame,integer_adm2,integer_adm_scale0,integer_adm_scale1,integer_adm_scale2,integer_adm_scale3,integer_motion2,integer_motion,integer_vif_scale0,integer_vif_scale1,integer_vif_scale2,integer_vif_scale3,psnr_y,psnr_cb,psnr_cr,float_ssim,vmaf,
0,0.328793,0.724292,0.473274,0.279574,0.196726,0.000000,0.000000,0.142741,0.206122,0.225411,0.231433,14.429038,31.358218,28.547284,0.570414,0.000000,
1,0.424111,0.693028,0.484043,0.358974,0.359883,28.305254,29.954386,0.119903,0.178203,0.196807,0.207449,14.730105,31.961333,29.376024,0.571634,9.641678,
2,0.443789,0.692763,0.489627,0.403176,0.372155,28.305254,28.305254,0.118365,0.177311,0.193902,0.206497,14.885777,31.098798,28.776724,0.584882,11.187722,
3,0.385881,0.648125,0.446010,0.356532,0.309414,34.227451,34.227451,0.078583,0.120890,0.134492,0.145143,13.652944,31.476274,28.880403,0.504220,16.501994,
4,0.443494,0.672178,0.440281,0.388917,0.413593,31.030752,36.579582,0.087573,0.144126,0.163872,0.184135,14.164472,31.485801,28.749929,0.530952,15.672853,
5,0.442090,0.749605,0.536805,0.447761,0.310861,31.030752,31.030752,0.111750,0.177419,0.195675,0.208492,14.757217,31.729282,29.562447,0.558781,13.252679,
6,0.408869,0.756127,0.494816,0.370407,0.271127,26.740717,37.034451,0.119171,0.213812,0.241831,0.259384,12.198433,29.813626,28.319303,0.540286,4.690232,
7,0.430216,0.754497,0.504613,0.306822,0.362747,15.901076,26.740717,0.134985,0.227849,0.258165,0.266932,14.098773,29.958945,28.759616,0.567310,0.000000,
8,0.424360,0.743175,0.484966,0.348989,0.343004,15.901076,15.901076,0.153430,0.233266,0.252493,0.253193,14.526235,30.178509,29.006217,0.574630,0.000000,
