Frame,integer_adm2,integer_adm_scale0,integer_adm_scale1,integer_adm_scale2,integer_adm_scale3,integer_motion2,integer_motion,integer_vif_scale0,integer_vif_scale1,integer_vif_scale2,integer_vif_scale3,psnr_y,psnr_cb,psnr_cr,float_ssim,vmaf,
0,0.343570,0.718281,0.458084,0.322400,0.211123,0.000000,0.000000,0.126251,0.176424,0.186652,0.182272,13.647397,30.309647,27.849054,0.606283,0.000000,
1,0.348954,0.684086,0.392918,0.274942,0.276453,28.305254,29.954386,0.103919,0.155158,0.166286,0.163595,13.110838,31.793934,28.553656,0.558789,7.005210,
2,0.324916,0.665080,0.424410,0.258328,0.219157,28.305254,28.305254,0.099189,0.152133,0.163083,0.168317,12.495415,30.890012,27.176785,0.549492,5.907019,
3,0.383987,0.650626,0.443630,0.427000,0.264538,34.227451,34.227451,0.068003,0.097336,0.104563,0.114922,13.272512,31.780129,30.281107,0.559301,18.530567,
4,0.322612,0.652464,0.427645,0.251780,0.234452,31.030752,36.579582,0.061538,0.089189,0.096572,0.103643,12.652661,31.606568,30.054414,0.552345,13.666693,
5,0.328202,0.697149,0.418931,0.283224,0.208778,31.030752,31.030752,0.078591,0.118455,0.128883,0.132123,12.636719,30.780816,29.425706,0.565470,11.220344,
6,0.380464,0.749997,0.508017,0.376948,0.193725,26.740717,37.034451,0.090867,0.170736,0.198730,0.197813,10.434718,29.221575,27.884247,0.566501,5.998213,
7,0.395942,0.753401,0.488092,0.310733,0.283373,15.901076,26.740717,0.111429,0.183839,0.220644,0.221394,12.419047,29.360998,28.165313,0.600812,0.000000,
8,0.418967,0.749729,0.495544,0.381609,0.303202,15.901076,15.901076,0.133372,0.205148,0.223739,0.229663,13.258401,29.782651,28.405637,0.618117,0.000000,
