Frame,integer_adm2,integer_adm_scale0,integer_adm_scale1,integer_adm_scale2,integer_adm_scale3,integer_motion2,integer_motion,integer_vif_scale0,integer_vif_scale1,integer_vif_scale2,integer_vif_scale3,psnr_y,psnr_cb,psnr_cr,float_ssim,vmaf,
0,0.325469,0.711486,0.482765,0.284699,0.186518,0.000000,0.000000,0.135146,0.189487,0.201685,0.199974,15.049701,31.736437,29.091822,0.605611,0.000000,
1,0.403485,0.693158,0.490018,0.344434,0.318822,28.305254,29.954386,0.115396,0.167939,0.182231,0.187445,14.788314,32.308302,29.956163,0.586724,9.123969,
2,0.427891,0.690653,0.484415,0.366610,0.360332,28.305254,28.305254,0.111622,0.166519,0.182993,0.193587,14.475554,31.562056,28.593373,0.583032,10.834034,
3,0.372350,0.647171,0.446051,0.329484,0.295285,34.227451,34.227451,0.076362,0.113810,0.124331,0.135001,13.700659,31.678655,29.123574,0.529409,16.397885,
4,0.422450,0.672028,0.439230,0.354144,0.387272,31.030752,36.579582,0.083454,0.132006,0.147026,0.155685,13.666117,31.643070,29.074575,0.551416,15.347450,
5,0.425587,0.739145,0.524908,0.409067,0.303380,31.030752,31.030752,0.100386,0.153940,0.165347,0.169153,14.308917,31.843526,29.800300,0.575119,13.993289,
6,0.413019,0.756680,0.500474,0.356067,0.288091,26.740717,37.034451,0.106427,0.194557,0.218938,0.221807,11.799154,29.935444,28.640106,0.562719,6.459216,
7,0.443975,0.752667,0.481029,0.343041,0.383288,15.901076,26.740717,0.123660,0.202951,0.226722,0.232321,13.859332,30.110288,29.169802,0.593651,0.000000,
8,0.438468,0.747301,0.491321,0.360827,0.364923,15.901076,15.901076,0.146083,0.220483,0.234929,0.230636,14.660853,30.444568,29.505256,0.605812,0.000000,
