Frame,integer_adm2,integer_adm_scale0,integer_adm_scale1,integer_adm_scale2,integer_adm_scale3,integer_motion2,integer_motion,integer_vif_scale0,integer_vif_scale1,integer_vif_scale2,integer_vif_scale3,psnr_y,psnr_cb,psnr_cr,float_ssim,vmaf,
0,0.827140,0.822503,0.771431,0.777136,0.877808,0.000000,0.000000,0.466983,0.716479,0.756581,0.784847,21.715539,41.914877,37.183265,0.904339,38.459611,
1,0.975259,0.976823,0.965870,0.971538,0.980760,28.305254,29.954386,0.912063,0.963964,0.973899,0.980616,39.164149,58.999835,56.584826,0.995153,100.000000,
2,0.832434,0.801972,0.821395,0.868797,0.824121,28.305254,28.305254,0.419630,0.712307,0.737573,0.742075,21.093365,43.382343,41.679916,0.886385,63.529449,
3,0.729660,0.773978,0.753399,0.720010,0.714436,34.227451,34.227451,0.261441,0.471193,0.509953,0.535851,15.845917,43.023278,42.534783,0.770561,40.776339,
4,0.813630,0.813890,0.793387,0.805642,0.825576,31.030752,36.579582,0.359864,0.626242,0.666671,0.686436,17.836585,43.183452,42.078630,0.848067,58.167845,
5,0.990875,0.982886,0.983162,0.988230,0.997688,31.030752,31.030752,0.947997,0.988216,0.992592,0.995158,43.615843,67.562220,64.833112,0.998272,100.000000,
6,0.983831,0.974005,0.976653,0.980281,0.992824,26.740717,37.034451,0.947673,0.985330,0.989845,0.993833,44.388953,67.331716,64.333515,0.998515,100.000000,
7,0.843037,0.834904,0.813979,0.846649,0.856097,15.901076,26.740717,0.451041,0.693340,0.736095,0.758453,26.421416,42.741139,42.686745,0.907037,56.026578,
8,0.974874,0.965077,0.961933,0.970719,0.985882,15.901076,15.901076,0.899671,0.965761,0.975912,0.981736,41.412810,59.443120,58.567743,0.996524,100.000000,
