Frame,integer_adm2,integer_adm_scale0,integer_adm_scale1,integer_adm_scale2,integer_adm_scale3,integer_motion2,integer_motion,integer_vif_scale0,integer_vif_scale1,integer_vif_scale2,integer_vif_scale3,psnr_y,psnr_cb,psnr_cr,float_ssim,vmaf,
0,0.331634,0.710352,0.474218,0.279117,0.206894,0.000000,0.000000,0.146069,0.215451,0.235403,0.241928,14.771261,31.657586,28.682682,0.572228,0.000000,
1,0.400347,0.689327,0.472230,0.339240,0.322888,28.305254,29.954386,0.120750,0.180982,0.199963,0.210649,14.781738,32.102866,29.388327,0.565878,7.782055,
2,0.408495,0.683736,0.477900,0.341634,0.335302,28.305254,28.305254,0.117387,0.176940,0.194545,0.207678,14.872578,31.234866,28.907151,0.573764,8.666831,
3,0.375621,0.640115,0.439769,0.362025,0.287921,34.227451,34.227451,0.079728,0.124718,0.138229,0.148418,13.777592,31.447489,28.676813,0.503648,15.616972,
4,0.417403,0.670418,0.443633,0.371677,0.364993,31.030752,36.579582,0.086469,0.144526,0.163416,0.177194,14.078201,31.550193,28.674306,0.525269,13.919355,
5,0.404193,0.712403,0.497655,0.369031,0.296374,31.030752,31.030752,0.111465,0.177778,0.196738,0.211681,14.979870,31.731427,29.399841,0.554633,10.538351,
6,0.409896,0.754988,0.510530,0.361774,0.272959,26.740717,37.034451,0.118077,0.214291,0.242726,0.249490,12.216062,29.971182,28.384101,0.527257,4.749991,
7,0.427505,0.767345,0.483811,0.329731,0.345127,15.901076,26.740717,0.135632,0.225646,0.255119,0.266522,14.206433,30.081122,28.750399,0.554336,0.000000,
8,0.426508,0.771541,0.504181,0.354466,0.327615,15.901076,15.901076,0.154957,0.235714,0.253448,0.254684,14.620032,30.284419,29.047787,0.566297,0.000000,
