Frame,integer_adm2,integer_adm_scale0,integer_adm_scale1,integer_adm_scale2,integer_adm_scale3,integer_motion2,integer_motion,integer_vif_scale0,integer_vif_scale1,integer_vif_scale2,integer_vif_scale3,psnr_y,psnr_cb,psnr_cr,float_ssim,vmaf,
0,0.970857,0.965625,0.954287,0.959521,0.984898,0.000000,0.000000,0.912202,0.969622,0.977910,0.982265,40.046478,61.294972,58.487922,0.996781,88.536311,
1,0.827408,0.808227,0.811690,0.869088,0.813458,28.305254,29.954386,0.410485,0.642836,0.666487,0.677123,20.516506,42.370413,41.119625,0.853324,57.988190,
2,0.704303,0.771774,0.725342,0.695447,0.680139,28.305254,28.305254,0.321054,0.524803,0.548151,0.551580,17.656321,37.976361,36.690388,0.786401,32.002305,
3,0.564622,0.702458,0.602476,0.577962,0.505437,34.227451,34.227451,0.199426,0.347756,0.374277,0.396959,17.800810,37.539966,36.392671,0.737924,19.380892,
4,0.601589,0.718229,0.632679,0.606887,0.555445,31.030752,36.579582,0.262562,0.457585,0.488065,0.505990,15.256530,41.146952,40.337274,0.785348,19.902824,
5,0.759285,0.764744,0.703754,0.776056,0.769164,31.030752,31.030752,0.381170,0.633338,0.668945,0.697012,20.440687,44.581673,44.480079,0.860945,49.548000,
6,0.972336,0.957709,0.959182,0.969236,0.985351,26.740717,37.034451,0.916284,0.977532,0.985877,0.989926,44.785388,62.400947,60.873445,0.998114,100.000000,
7,0.848497,0.834534,0.815755,0.855838,0.862774,15.901076,26.740717,0.448954,0.698773,0.741001,0.767418,27.130474,42.311435,42.374323,0.906233,57.716041,
8,0.979990,0.970958,0.969449,0.975210,0.990188,15.901076,15.901076,0.920482,0.974875,0.983054,0.987744,42.392707,60.495853,59.117115,0.997789,100.000000,
