Frame,integer_adm2,integer_adm_scale0,integer_adm_scale1,integer_adm_scale2,integer_adm_scale3,integer_motion2,integer_motion,integer_vif_scale0,integer_vif_scale1,integer_vif_scale2,integer_vif_scale3,psnr_y,psnr_cb,psnr_cr,float_ssim,vmaf,
0,0.748994,0.811078,0.718171,0.702705,0.770039,0.000000,0.000000,0.341244,0.528211,0.560932,0.592954,16.072533,36.656971,32.342715,0.746906,14.985632,
1,0.834411,0.809893,0.808315,0.823404,0.858842,28.305254,29.954386,0.393648,0.660272,0.694987,0.717665,18.618939,38.923192,34.452007,0.825808,61.829821,
2,0.981210,0.987503,0.972658,0.975064,0.986407,28.305254,28.305254,0.929726,0.966544,0.974685,0.980679,38.831175,58.101432,57.236386,0.993951,100.000000,
3,0.994520,0.983387,0.987391,0.995745,0.999472,34.227451,34.227451,0.937093,0.984202,0.989328,0.992118,41.239241,64.304107,61.609969,0.997245,100.000000,
4,0.992798,0.981040,0.986909,0.993426,0.997809,31.030752,36.579582,0.941524,0.990434,0.993731,0.995455,44.179042,66.041694,63.464039,0.998702,100.000000,
5,0.990730,0.981277,0.983585,0.987325,0.998197,31.030752,31.030752,0.946465,0.989924,0.994177,0.996334,44.253096,66.691130,66.414922,0.998605,100.000000,
6,0.858001,0.849676,0.838143,0.860883,0.867687,26.740717,37.034451,0.438707,0.689017,0.746495,0.784035,27.447591,46.033307,44.798222,0.918385,70.091010,
7,0.744733,0.832266,0.760822,0.741784,0.708029,15.901076,26.740717,0.353566,0.569929,0.630740,0.678495,22.166576,39.123743,36.320233,0.830614,33.191708,
8,0.669816,0.812569,0.700774,0.695396,0.594216,15.901076,15.901076,0.316720,0.518251,0.572505,0.609751,20.453182,35.059824,33.918936,0.815087,18.288243,
