Frame,integer_adm2,integer_adm_scale0,integer_adm_scale1,integer_adm_scale2,integer_adm_scale3,integer_motion2,integer_motion,integer_vif_scale0,integer_vif_scale1,integer_vif_scale2,integer_vif_scale3,psnr_y,psnr_cb,psnr_cr,float_ssim,vmaf,
0,0.314162,0.705405,0.443538,0.243860,0.201158,0.000000,0.000000,0.143216,0.205769,0.224417,0.222505,13.061627,30.723383,27.788450,0.551430,0.000000,
1,0.349431,0.669531,0.415413,0.290638,0.263431,28.305254,29.954386,0.114644,0.169740,0.181765,0.179131,13.282755,30.595918,27.432402,0.527062,5.775270,
2,0.420181,0.673900,0.419890,0.332676,0.394178,28.305254,28.305254,0.111425,0.169820,0.184251,0.190207,13.364377,30.173472,27.094239,0.531845,10.142288,
3,0.452179,0.658390,0.475156,0.408345,0.413078,34.227451,34.227451,0.097829,0.149744,0.168785,0.192681,14.046702,33.241735,29.846748,0.567277,18.407228,
4,0.371859,0.650382,0.419608,0.267753,0.337678,31.030752,36.579582,0.096773,0.150946,0.165271,0.180103,13.713027,32.763598,29.795205,0.546400,10.633390,
5,0.384794,0.700651,0.464752,0.303091,0.306177,31.030752,31.030752,0.102999,0.159452,0.173712,0.182410,13.225468,31.649884,29.472154,0.539409,10.800322,
6,0.409484,0.752619,0.525411,0.378957,0.255096,26.740717,37.034451,0.116096,0.212713,0.245849,0.246879,11.251786,29.563763,27.786181,0.548986,4.747753,
7,0.415858,0.752073,0.479070,0.327621,0.325470,15.901076,26.740717,0.128684,0.215416,0.244017,0.248307,12.970407,29.331090,27.832487,0.557332,0.000000,
8,0.351888,0.743193,0.461346,0.290250,0.218508,15.901076,15.901076,0.148618,0.229841,0.245792,0.228930,13.317258,29.557299,27.875421,0.556265,0.000000,
