Frame,integer_adm2,integer_adm_scale0,integer_adm_scale1,integer_adm_scale2,integer_adm_scale3,integer_motion2,integer_motion,integer_vif_scale0,integer_vif_scale1,integer_vif_scale2,integer_vif_scale3,psnr_y,psnr_cb,psnr_cr,float_ssim,vmaf,
0,0.372186,0.724753,0.453698,0.279810,0.299970,0.000000,0.000000,0.135228,0.191241,0.203578,0.202633,15.364938,31.832114,29.093204,0.605017,0.000000,
1,0.385043,0.685064,0.463293,0.329537,0.298284,28.305254,29.954386,0.117183,0.172325,0.187199,0.190664,14.900266,32.305641,29.867641,0.582302,7.581939,
2,0.444339,0.680546,0.489991,0.364475,0.400851,28.305254,28.305254,0.111639,0.169587,0.185319,0.192584,14.462316,31.564889,28.514608,0.578137,11.843154,
3,0.384555,0.643571,0.436474,0.366966,0.305182,34.227451,34.227451,0.077521,0.116984,0.128091,0.139617,13.604717,31.562283,28.980041,0.528162,16.806895,
4,0.421730,0.657568,0.442277,0.359779,0.385282,31.030752,36.579582,0.084773,0.135898,0.152297,0.164928,13.844613,31.593459,29.008919,0.548680,14.929675,
5,0.414189,0.714646,0.503589,0.405563,0.295191,31.030752,31.030752,0.101469,0.156070,0.169013,0.174131,14.154237,31.825005,29.707199,0.572391,13.013268,
6,0.420725,0.754351,0.530434,0.361963,0.291035,26.740717,37.034451,0.111510,0.205517,0.236945,0.253435,11.846539,29.943911,28.579816,0.559701,6.073196,
7,0.420893,0.753186,0.531732,0.338657,0.307420,15.901076,26.740717,0.127905,0.210368,0.236057,0.243193,14.323332,30.213383,29.233706,0.593127,0.000000,
8,0.436801,0.754278,0.511897,0.380584,0.337973,15.901076,15.901076,0.145078,0.216107,0.230775,0.230490,14.899261,30.408573,29.520240,0.599424,0.000000,
