Frame,integer_adm2,integer_adm_scale0,integer_adm_scale1,integer_adm_scale2,integer_adm_scale3,integer_motion2,integer_motion,integer_vif_scale0,integer_vif_scale1,integer_vif_scale2,integer_vif_scale3,psnr_y,psnr_cb,psnr_cr,float_ssim,vmaf,
0,0.329572,0.711021,0.438161,0.302658,0.200746,0.000000,0.000000,0.126121,0.176061,0.185438,0.179607,13.731860,30.263505,27.668105,0.603814,0.000000,
1,0.311607,0.689262,0.390172,0.249952,0.205076,28.305254,29.954386,0.105334,0.156401,0.165931,0.164926,13.128390,31.737813,28.411654,0.556770,4.952328,
2,0.323126,0.662148,0.424285,0.256455,0.217113,28.305254,28.305254,0.100433,0.154065,0.162910,0.166957,12.480356,30.864505,27.197290,0.546198,5.735578,
3,0.386314,0.656944,0.441575,0.429126,0.267520,34.227451,34.227451,0.067854,0.097507,0.104362,0.111790,13.202688,31.743428,30.117356,0.555374,18.697160,
4,0.328995,0.653759,0.431794,0.255541,0.244527,31.030752,36.579582,0.061760,0.089940,0.097520,0.104179,12.524242,31.687484,30.061814,0.547286,13.898681,
5,0.322278,0.700010,0.418495,0.262606,0.206473,31.030752,31.030752,0.078986,0.118425,0.127721,0.130803,12.603276,30.727272,29.333245,0.562622,10.974875,
6,0.392406,0.753131,0.502967,0.377687,0.223553,26.740717,37.034451,0.092065,0.172635,0.199439,0.197190,10.458862,29.219574,27.929150,0.565804,6.664638,
7,0.386283,0.755472,0.480264,0.311690,0.261603,15.901076,26.740717,0.109582,0.179813,0.216629,0.222474,12.523683,29.324346,28.169241,0.599851,0.000000,
8,0.434966,0.749551,0.482527,0.375138,0.350323,15.901076,15.901076,0.134365,0.205654,0.223606,0.229775,13.394699,29.659981,28.293262,0.617354,0.000000,
