Frame,integer_adm2,integer_adm_scale0,integer_adm_scale1,integer_adm_scale2,integer_adm_scale3,integer_motion2,integer_motion,integer_vif_scale0,integer_vif_scale1,integer_vif_scale2,integer_vif_scale3,psnr_y,psnr_cb,psnr_cr,float_ssim,vmaf,
0,0.315203,0.705783,0.435246,0.287004,0.180565,0.000000,0.000000,0.110739,0.151526,0.147788,0.129741,10.728698,28.476715,27.149280,0.546635,0.000000,
1,0.337145,0.662956,0.398302,0.282826,0.248522,28.305254,29.954386,0.088043,0.125405,0.121811,0.111065,10.909867,28.156809,27.225222,0.529562,9.636527,
2,0.273480,0.638016,0.380817,0.211656,0.154015,28.305254,28.305254,0.082100,0.118899,0.114033,0.105985,11.161368,28.208524,27.374835,0.533781,7.378840,
3,0.271318,0.603180,0.328260,0.199027,0.202020,34.227451,34.227451,0.045568,0.064821,0.059316,0.053461,10.976006,27.341114,26.989031,0.481283,17.130758,
4,0.286825,0.622670,0.347435,0.224069,0.208888,31.030752,36.579582,0.041655,0.063164,0.057816,0.053097,12.068425,27.824621,27.413348,0.517960,15.461279,
5,0.359362,0.689343,0.433719,0.311899,0.259224,31.030752,31.030752,0.059724,0.089423,0.082767,0.067722,12.364769,28.023498,27.673971,0.548564,16.396663,
6,0.386165,0.734373,0.476954,0.303797,0.274864,26.740717,37.034451,0.079038,0.148357,0.156342,0.148112,14.316276,30.076830,28.620839,0.583719,8.873319,
7,0.409308,0.748306,0.510556,0.339323,0.289376,15.901076,26.740717,0.098278,0.162190,0.167013,0.150218,12.483903,29.050863,28.257228,0.594462,1.503835,
8,0.367035,0.745698,0.476685,0.295380,0.244104,15.901076,15.901076,0.114526,0.173253,0.168615,0.145453,11.913486,28.574613,27.976599,0.588869,0.000000,
