Frame,integer_adm2,integer_adm_scale0,integer_adm_scale1,integer_adm_scale2,integer_adm_scale3,integer_motion2,integer_motion,integer_vif_scale0,integer_vif_scale1,integer_vif_scale2,integer_vif_scale3,psnr_y,psnr_cb,psnr_cr,float_ssim,vmaf,
0,0.323744,0.713544,0.475058,0.250375,0.205266,0.000000,0.000000,0.137211,0.195113,0.210381,0.206024,13.806987,30.721871,27.739991,0.555785,0.000000,
1,0.388700,0.679821,0.431354,0.344659,0.311402,28.305254,29.954386,0.108930,0.161232,0.173602,0.174890,13.683031,30.329263,27.255651,0.523817,8.792823,
2,0.482340,0.670410,0.454144,0.364187,0.506876,28.305254,28.305254,0.105911,0.161613,0.175929,0.180783,13.317271,29.937581,26.844376,0.525003,15.363192,
3,0.482078,0.659625,0.466801,0.407838,0.482549,34.227451,34.227451,0.093192,0.143958,0.161309,0.180095,14.110837,32.993239,29.674950,0.561727,21.070763,
4,0.389396,0.654043,0.425512,0.289330,0.360990,31.030752,36.579582,0.088441,0.136500,0.149365,0.160992,13.874786,33.137008,29.950126,0.545705,12.916932,
5,0.450187,0.721262,0.473010,0.388169,0.395460,31.030752,31.030752,0.096108,0.148139,0.159360,0.164368,13.520748,31.742351,29.586469,0.538541,16.143395,
6,0.455698,0.770032,0.510725,0.400534,0.354211,26.740717,37.034451,0.112149,0.208028,0.238926,0.244471,11.423247,29.618813,27.806570,0.553650,8.628434,
7,0.435018,0.762031,0.513421,0.382361,0.317735,15.901076,26.740717,0.128393,0.215913,0.243319,0.248927,13.359075,29.345900,27.832863,0.563572,0.000000,
8,0.348694,0.751258,0.480752,0.295226,0.197438,15.901076,15.901076,0.144643,0.225260,0.240007,0.224813,13.787305,29.419318,27.774769,0.559897,0.000000,
