Frame,integer_adm2,integer_adm_scale0,integer_adm_scale1,integer_adm_scale2,integer_adm_scale3,integer_motion2,integer_motion,integer_vif_scale0,integer_vif_scale1,integer_vif_scale2,integer_vif_scale3,psnr_y,psnr_cb,psnr_cr,float_ssim,vmaf,
0,0.355712,0.718639,0.454964,0.287156,0.260168,0.000000,0.000000,0.145477,0.213374,0.234673,0.242743,14.587275,31.909128,28.620664,0.558034,0.000000,
1,0.381541,0.683849,0.451682,0.352022,0.281115,28.305254,29.954386,0.113578,0.170024,0.187015,0.198951,14.252485,30.996492,28.364185,0.538184,7.432269,
2,0.415847,0.683021,0.474295,0.373208,0.334708,28.305254,28.305254,0.109476,0.166383,0.182235,0.193637,14.421328,30.123946,27.768205,0.546273,10.029738,
3,0.388649,0.637127,0.436187,0.369660,0.314571,34.227451,34.227451,0.081839,0.124899,0.138046,0.148313,13.681819,32.693239,30.159531,0.499455,16.360042,
4,0.403910,0.666303,0.434110,0.372675,0.339272,31.030752,36.579582,0.091486,0.146021,0.165466,0.187986,14.222681,33.148301,30.491606,0.519502,12.817007,
5,0.412582,0.695343,0.471863,0.384741,0.321180,31.030752,31.030752,0.112142,0.179107,0.198140,0.216537,15.424683,32.248063,30.167914,0.548977,10.998901,
6,0.445414,0.759527,0.511298,0.369136,0.353214,26.740717,37.034451,0.120453,0.215652,0.243368,0.255001,12.451678,30.141091,28.516009,0.517125,7.350144,
7,0.412701,0.753356,0.492874,0.304035,0.326999,15.901076,26.740717,0.140215,0.228233,0.253566,0.270848,14.200326,30.281269,28.934505,0.537622,0.000000,
8,0.444882,0.750320,0.504549,0.359037,0.374955,15.901076,15.901076,0.153842,0.236029,0.254758,0.263311,14.581211,30.154386,28.853175,0.551211,0.000000,
