Frame,integer_adm2,integer_adm_scale0,integer_adm_scale1,integer_adm_scale2,integer_adm_scale3,integer_motion2,integer_motion,integer_vif_scale0,integer_vif_scale1,integer_vif_scale2,integer_vif_scale3,psnr_y,psnr_cb,psnr_cr,float_ssim,vmaf,
0,0.341298,0.731795,0.449122,0.300800,0.218304,0.000000,0.000000,0.138638,0.199503,0.216469,0.223418,11.848158,30.487951,27.659615,0.543524,0.000000,
1,0.375821,0.695350,0.403574,0.302909,0.313680,28.305254,29.954386,0.108905,0.161464,0.172968,0.173454,11.951301,30.118089,27.649359,0.503645,8.007635,
2,0.422116,0.673993,0.401003,0.322522,0.412398,28.305254,28.305254,0.106189,0.162844,0.177581,0.181250,12.228553,30.027444,27.423531,0.500478,10.817910,
3,0.458030,0.672307,0.447889,0.404968,0.434340,34.227451,34.227451,0.093669,0.143086,0.161834,0.181573,12.308728,32.094556,30.241200,0.525312,19.315223,
4,0.407848,0.664763,0.406679,0.303335,0.397850,31.030752,36.579582,0.091931,0.141791,0.156777,0.170578,12.806843,33.055696,30.883119,0.537458,13.573949,
5,0.428273,0.735936,0.454461,0.313352,0.391294,31.030752,31.030752,0.097634,0.152588,0.167134,0.184893,12.663531,31.716749,30.596527,0.535045,14.110545,
6,0.443156,0.764994,0.531418,0.374435,0.333536,26.740717,37.034451,0.109231,0.202614,0.226382,0.225039,10.680860,30.005591,28.794761,0.542813,8.158574,
7,0.432541,0.760992,0.501238,0.346361,0.341236,15.901076,26.740717,0.133394,0.231401,0.261005,0.265308,11.708233,29.045727,28.077051,0.544773,0.000000,
8,0.419066,0.755291,0.487729,0.293330,0.360733,15.901076,15.901076,0.144632,0.225342,0.241500,0.245468,11.895356,29.011546,27.894448,0.537597,0.000000,
