Frame,integer_adm2,integer_adm_scale0,integer_adm_scale1,integer_adm_scale2,integer_adm_scale3,integer_motion2,integer_motion,integer_vif_scale0,integer_vif_scale1,integer_vif_scale2,integer_vif_scale3,psnr_y,psnr_cb,psnr_cr,float_ssim,vmaf,
0,0.320867,0.723525,0.427626,0.313732,0.174958,0.000000,0.000000,0.142361,0.201823,0.215584,0.206622,14.938068,30.330317,27.594465,0.672130,0.000000,
1,0.296965,0.658476,0.379472,0.224299,0.200613,28.305254,29.954386,0.110257,0.160083,0.169699,0.162421,14.288536,29.929045,27.537231,0.608766,3.966544,
2,0.257999,0.626320,0.357036,0.190967,0.143844,28.305254,28.305254,0.105483,0.155100,0.164679,0.159079,14.088662,29.880784,27.387412,0.592359,2.686216,
3,0.299523,0.618629,0.340586,0.255397,0.223230,34.227451,34.227451,0.094538,0.135972,0.148429,0.158348,15.094761,32.176176,30.447481,0.591168,10.760473,
4,0.294325,0.630167,0.371716,0.239363,0.205764,31.030752,36.579582,0.091818,0.135120,0.145357,0.149731,14.826669,32.977476,31.056935,0.626167,8.107586,
5,0.340519,0.697456,0.430708,0.283214,0.231887,31.030752,31.030752,0.095618,0.143799,0.150839,0.146745,14.517991,31.538233,30.477823,0.636926,9.864223,
6,0.367372,0.739949,0.474017,0.322355,0.215832,26.740717,37.034451,0.097137,0.177621,0.194981,0.188660,11.646547,29.800890,28.730209,0.646965,4.974923,
7,0.355626,0.753354,0.472238,0.287547,0.206513,15.901076,26.740717,0.116673,0.195769,0.213229,0.204447,13.981623,28.864671,27.970596,0.676420,0.000000,
8,0.376364,0.750177,0.483056,0.249370,0.291327,15.901076,15.901076,0.140189,0.216417,0.224144,0.205136,14.599015,28.826225,27.753619,0.674655,0.000000,
