Frame,integer_adm2,integer_adm_scale0,integer_adm_scale1,integer_adm_scale2,integer_adm_scale3,integer_motion2,integer_motion,integer_vif_scale0,integer_vif_scale1,integer_vif_scale2,integer_vif_scale3,psnr_y,psnr_cb,psnr_cr,float_ssim,vmaf,
0,0.831741,0.821447,0.772256,0.778236,0.887405,0.000000,0.000000,0.452669,0.698711,0.740074,0.769927,22.801646,41.704168,36.451442,0.911913,38.228361,
1,0.977445,0.981767,0.969106,0.973738,0.981694,28.305254,29.954386,0.923308,0.967651,0.977314,0.983994,40.457997,59.275718,56.821568,0.995662,100.000000,
2,0.838345,0.803583,0.820515,0.875774,0.833437,28.305254,28.305254,0.421970,0.718103,0.744239,0.750368,21.108369,43.282075,41.663591,0.889105,65.234525,
3,0.989910,0.990785,0.987843,0.985740,0.992854,34.227451,34.227451,0.928434,0.969445,0.977265,0.981779,39.955612,56.783751,54.331659,0.995041,100.000000,
4,0.853035,0.805801,0.826793,0.870786,0.865487,31.030752,36.579582,0.376563,0.671585,0.731715,0.773546,22.663011,37.805438,36.931797,0.861474,71.063994,
5,0.803541,0.816803,0.779834,0.753026,0.837175,31.030752,31.030752,0.285978,0.508448,0.554000,0.578845,19.303062,32.535242,30.827707,0.760684,51.067494,
6,0.725853,0.841439,0.762254,0.694544,0.688815,26.740717,37.034451,0.234435,0.431766,0.486168,0.518665,20.108183,32.377572,30.420801,0.792774,34.384147,
7,0.723285,0.823911,0.737884,0.696560,0.698304,15.901076,26.740717,0.305916,0.492665,0.549000,0.599313,19.083689,35.204862,33.074075,0.805764,26.618045,
8,0.642010,0.812920,0.678019,0.643927,0.570139,15.901076,15.901076,0.262588,0.441850,0.494848,0.536116,18.855140,32.019189,31.653310,0.787284,13.189059,
