Frame,integer_adm2,integer_adm_scale0,integer_adm_scale1,integer_adm_scale2,integer_adm_scale3,integer_motion2,integer_motion,integer_vif_scale0,integer_vif_scale1,integer_vif_scale2,integer_vif_scale3,psnr_y,psnr_cb,psnr_cr,float_ssim,vmaf,
0,0.331518,0.711498,0.448771,0.298900,0.203460,0.000000,0.000000,0.125968,0.175840,0.185392,0.180382,13.727161,30.258518,27.667680,0.603391,0.000000,
1,0.319043,0.689124,0.406014,0.255488,0.212700,28.305254,29.954386,0.104264,0.155582,0.165873,0.165503,13.116506,31.756080,28.428951,0.555455,5.368758,
2,0.323989,0.660495,0.425097,0.272224,0.209652,28.305254,28.305254,0.099673,0.153176,0.163021,0.167604,12.480455,30.868919,27.189910,0.545796,5.816859,
3,0.388019,0.655911,0.452286,0.426839,0.268951,34.227451,34.227451,0.067769,0.097325,0.104241,0.111856,13.200531,31.713313,30.080185,0.555254,18.804001,
4,0.330753,0.653665,0.431951,0.265037,0.242991,31.030752,36.579582,0.061653,0.089595,0.097148,0.103821,12.515380,31.655394,30.018812,0.546713,14.014949,
5,0.319785,0.698572,0.412038,0.258916,0.205844,31.030752,31.030752,0.078689,0.118154,0.127668,0.130956,12.597638,30.731433,29.321637,0.561687,10.867806,
6,0.418190,0.752195,0.503926,0.376434,0.287512,26.740717,37.034451,0.091519,0.171284,0.198320,0.196586,10.453116,29.215348,27.917346,0.564207,8.505083,
7,0.386684,0.752512,0.482688,0.320165,0.256975,15.901076,26.740717,0.109394,0.179491,0.216329,0.222089,12.513445,29.336195,28.173135,0.598591,0.000000,
8,0.446598,0.748898,0.481530,0.383826,0.372890,15.901076,15.901076,0.133868,0.204970,0.223272,0.230182,13.374323,29.679931,28.318917,0.615773,0.000000,
