Frame,integer_adm2,integer_adm_scale0,integer_adm_scale1,integer_adm_scale2,integer_adm_scale3,integer_motion2,integer_motion,integer_vif_scale0,integer_vif_scale1,integer_vif_scale2,integer_vif_scale3,psnr_y,psnr_cb,psnr_cr,float_ssim,vmaf,
0,0.327838,0.712576,0.447791,0.281303,0.205796,0.000000,0.000000,0.137863,0.193467,0.207193,0.207055,15.141043,31.432755,28.779774,0.596001,0.000000,
1,0.418277,0.695103,0.482800,0.370922,0.338824,28.305254,29.954386,0.118486,0.172048,0.188445,0.199400,14.966425,32.010215,29.633916,0.583567,9.723860,
2,0.435311,0.692932,0.491178,0.366377,0.374320,28.305254,28.305254,0.115506,0.172278,0.189061,0.201335,14.585245,31.207876,28.340573,0.583573,10.922500,
3,0.382925,0.648671,0.445114,0.354714,0.304085,34.227451,34.227451,0.077782,0.115469,0.126986,0.137503,13.882215,31.771446,29.599945,0.525643,16.825295,
4,0.441808,0.672498,0.437824,0.392441,0.408695,31.030752,36.579582,0.084125,0.133482,0.149981,0.166279,14.225276,31.719401,29.417729,0.547197,16.445737,
5,0.440361,0.739297,0.536033,0.447025,0.310777,31.030752,31.030752,0.102736,0.157670,0.169597,0.175220,14.695499,31.825580,29.937394,0.570726,14.713001,
6,0.414025,0.757257,0.516762,0.363865,0.278198,26.740717,37.034451,0.114110,0.206626,0.234142,0.251479,12.191626,29.760718,28.449091,0.556468,5.569914,
7,0.430049,0.761411,0.490756,0.330063,0.350323,15.901076,26.740717,0.131325,0.217070,0.243422,0.246202,14.148733,29.909403,28.950606,0.585750,0.000000,
8,0.412449,0.758986,0.481562,0.347774,0.311784,15.901076,15.901076,0.152278,0.229613,0.246831,0.245338,14.765685,30.115223,29.201170,0.594428,0.000000,
