Frame,integer_adm2,integer_adm_scale0,integer_adm_scale1,integer_adm_scale2,integer_adm_scale3,integer_motion2,integer_motion,integer_vif_scale0,integer_vif_scale1,integer_vif_scale2,integer_vif_scale3,psnr_y,psnr_cb,psnr_cr,float_ssim,vmaf,
0,0.336173,0.720325,0.461956,0.277633,0.219402,0.000000,0.000000,0.146258,0.215786,0.236059,0.239876,14.754714,31.673790,28.691524,0.573289,0.000000,
1,0.414850,0.693149,0.472854,0.345387,0.351226,28.305254,29.954386,0.120894,0.180820,0.200216,0.210594,14.801971,32.106276,29.393535,0.565970,8.781487,
2,0.413180,0.684202,0.487296,0.362206,0.329697,28.305254,28.305254,0.117937,0.177733,0.195897,0.208395,14.861082,31.251672,28.897708,0.574363,8.919856,
3,0.377121,0.638145,0.436460,0.355746,0.296652,34.227451,34.227451,0.080858,0.124930,0.138494,0.147665,13.743061,31.545404,28.750384,0.505064,15.688487,
4,0.417371,0.668058,0.444581,0.372557,0.364713,31.030752,36.579582,0.087751,0.145223,0.164282,0.176539,14.073889,31.617196,28.748087,0.526710,13.864491,
5,0.406850,0.723797,0.498996,0.359435,0.303856,31.030752,31.030752,0.112433,0.178581,0.197541,0.210583,15.004649,31.793349,29.459413,0.555855,10.666612,
6,0.423618,0.755947,0.507562,0.366917,0.304150,26.740717,37.034451,0.118426,0.214799,0.243434,0.250891,12.271566,29.961779,28.406837,0.529915,5.723482,
7,0.441767,0.758435,0.488854,0.328994,0.381748,15.901076,26.740717,0.136592,0.227159,0.257126,0.267850,14.295985,30.048415,28.757089,0.556912,0.000000,
8,0.419338,0.759811,0.502538,0.350627,0.317637,15.901076,15.901076,0.154884,0.234672,0.252133,0.253380,14.688934,30.284647,29.045976,0.566869,0.000000,
