Frame,integer_adm2,integer_adm_scale0,integer_adm_scale1,integer_adm_scale2,integer_adm_scale3,integer_motion2,integer_motion,integer_vif_scale0,integer_vif_scale1,integer_vif_scale2,integer_vif_scale3,psnr_y,psnr_cb,psnr_cr,float_ssim,vmaf,
0,0.317870,0.711585,0.434816,0.262242,0.199791,0.000000,0.000000,0.108824,0.150140,0.148651,0.136561,11.073064,27.699626,26.689533,0.555515,0.000000,
1,0.338662,0.688287,0.398481,0.283010,0.244191,28.305254,29.954386,0.086422,0.128227,0.130900,0.120130,11.126431,27.495198,26.927482,0.536431,9.229160,
2,0.280901,0.654771,0.373095,0.208076,0.171278,28.305254,28.305254,0.079948,0.123936,0.125933,0.115150,11.351266,27.494244,27.062847,0.539213,6.983525,
3,0.264553,0.616503,0.353469,0.203333,0.171549,34.227451,34.227451,0.044724,0.063434,0.058856,0.057940,11.242218,26.673618,26.737895,0.483685,16.889047,
4,0.253246,0.634126,0.345897,0.220360,0.134304,31.030752,36.579582,0.040939,0.060231,0.055735,0.060046,12.415384,26.963461,26.851848,0.520434,14.319394,
5,0.342309,0.695290,0.427827,0.296910,0.229881,31.030752,31.030752,0.059163,0.091464,0.088087,0.081073,12.733369,27.385873,27.347864,0.556561,15.099434,
6,0.362822,0.746148,0.490917,0.275327,0.226070,26.740717,37.034451,0.076472,0.143215,0.152788,0.143753,14.765304,29.344982,28.339309,0.590100,7.880206,
7,0.383673,0.750546,0.500752,0.313271,0.247095,15.901076,26.740717,0.092487,0.152316,0.159329,0.145712,12.801587,28.285232,27.807702,0.602750,0.670676,
8,0.371373,0.749172,0.497431,0.305129,0.238775,15.901076,15.901076,0.111132,0.169161,0.168301,0.148616,12.209177,27.854616,27.536388,0.598634,0.000000,
