Frame,integer_adm2,integer_adm_scale0,integer_adm_scale1,integer_adm_scale2,integer_adm_scale3,integer_motion2,integer_motion,integer_vif_scale0,integer_vif_scale1,integer_vif_scale2,integer_vif_scale3,psnr_y,psnr_cb,psnr_cr,float_ssim,vmaf,
0,0.334779,0.720541,0.456468,0.296572,0.206876,0.000000,0.000000,0.138736,0.195307,0.208856,0.210424,15.428778,31.606243,28.905381,0.598883,0.000000,
1,0.398061,0.687083,0.458942,0.324270,0.332760,28.305254,29.954386,0.118656,0.171893,0.188690,0.196807,14.716016,31.730296,29.427839,0.571282,8.364173,
2,0.417733,0.682873,0.494954,0.373377,0.330805,28.305254,28.305254,0.114580,0.171206,0.187092,0.199665,14.372662,30.811764,28.173947,0.573553,9.775958,
3,0.390468,0.643911,0.442860,0.373142,0.312281,34.227451,34.227451,0.079424,0.118557,0.129609,0.140403,13.742350,31.791770,29.561810,0.531217,17.029351,
4,0.423930,0.660220,0.438903,0.372960,0.383195,31.030752,36.579582,0.087679,0.138909,0.157700,0.174520,14.278768,31.623536,29.473824,0.549888,14.738145,
5,0.423835,0.718250,0.511610,0.434396,0.296387,31.030752,31.030752,0.104427,0.161915,0.176954,0.185235,14.525026,31.958763,30.023482,0.575905,13.152331,
6,0.432102,0.755114,0.522392,0.379698,0.310453,26.740717,37.034451,0.111104,0.203808,0.237366,0.261702,12.290995,29.743111,28.479218,0.561098,6.992714,
7,0.449211,0.758446,0.540047,0.341254,0.369839,15.901076,26.740717,0.128077,0.208991,0.238898,0.251881,14.652845,29.919736,28.976896,0.592147,0.000000,
8,0.432025,0.748147,0.509465,0.389861,0.323793,15.901076,15.901076,0.148975,0.223576,0.238225,0.239894,15.255609,30.288911,29.258003,0.600345,0.000000,
