Frame,integer_adm2,integer_adm_scale0,integer_adm_scale1,integer_adm_scale2,integer_adm_scale3,integer_motion2,integer_motion,integer_vif_scale0,integer_vif_scale1,integer_vif_scale2,integer_vif_scale3,psnr_y,psnr_cb,psnr_cr,float_ssim,vmaf,
0,0.317758,0.711062,0.447486,0.251528,0.201625,0.000000,0.000000,0.138628,0.199037,0.216181,0.212289,13.057921,30.600103,27.731969,0.545585,0.000000,
1,0.339516,0.673978,0.391577,0.266825,0.263238,28.305254,29.954386,0.110079,0.163739,0.174017,0.171517,13.273313,30.495126,27.363668,0.520742,5.779045,
2,0.421705,0.669924,0.434090,0.313085,0.405320,28.305254,28.305254,0.109231,0.166975,0.180731,0.185838,13.174865,30.058804,26.918291,0.524425,10.490020,
3,0.453368,0.662859,0.476623,0.405860,0.415403,34.227451,34.227451,0.094302,0.146328,0.165292,0.187277,14.081586,33.247778,29.806248,0.563971,18.745556,
4,0.372304,0.658229,0.407120,0.261404,0.344750,31.030752,36.579582,0.090520,0.141414,0.154065,0.165232,13.681962,32.742725,29.747244,0.541144,11.512067,
5,0.385056,0.710543,0.463341,0.292639,0.310258,31.030752,31.030752,0.097401,0.150921,0.163980,0.172299,13.140445,31.531312,29.362004,0.531639,11.524373,
6,0.404694,0.756965,0.520553,0.352521,0.261256,26.740717,37.034451,0.113510,0.210402,0.243651,0.244936,11.234730,29.482380,27.712453,0.543777,4.567370,
7,0.427610,0.759671,0.482790,0.324648,0.351992,15.901076,26.740717,0.124601,0.211380,0.240921,0.243684,12.942420,29.246092,27.757876,0.552088,0.000000,
8,0.353050,0.739557,0.477937,0.290470,0.215721,15.901076,15.901076,0.142827,0.221505,0.237843,0.223979,13.282015,29.467521,27.803137,0.550317,0.000000,
