Frame,integer_adm2,integer_adm_scale0,integer_adm_scale1,integer_adm_scale2,integer_adm_scale3,integer_motion2,integer_motion,integer_vif_scale0,integer_vif_scale1,integer_vif_scale2,integer_vif_scale3,psnr_y,psnr_cb,psnr_cr,float_ssim,vmaf,
0,0.326717,0.715631,0.428822,0.274161,0.213363,0.000000,0.000000,0.111019,0.158047,0.157293,0.135284,11.697365,26.853720,26.327386,0.567000,0.000000,
1,0.336650,0.689837,0.397188,0.260681,0.253439,28.305254,29.954386,0.090590,0.137517,0.140922,0.122893,11.822920,26.582512,26.411246,0.550555,8.366661,
2,0.290249,0.648937,0.396754,0.257739,0.154988,28.305254,28.305254,0.085151,0.132339,0.134453,0.120898,12.071937,26.472844,26.251858,0.553992,6.628010,
3,0.278749,0.611075,0.364067,0.236808,0.181227,34.227451,34.227451,0.047563,0.074672,0.072686,0.064926,11.888889,26.152808,26.748935,0.489314,16.347543,
4,0.258401,0.646120,0.360374,0.234496,0.129063,31.030752,36.579582,0.043870,0.074897,0.075363,0.073061,12.927140,26.565452,26.972898,0.521904,12.949819,
5,0.363086,0.701129,0.446103,0.310378,0.260226,31.030752,31.030752,0.062734,0.102611,0.101098,0.079580,13.299648,26.856445,27.332772,0.562232,15.293177,
6,0.399959,0.756943,0.504347,0.311079,0.283895,26.740717,37.034451,0.077528,0.145877,0.154343,0.147707,14.724391,28.742871,28.438876,0.587315,9.911548,
7,0.417287,0.755546,0.533208,0.372259,0.274687,15.901076,26.740717,0.091538,0.152027,0.160653,0.154462,13.476421,27.154257,27.322732,0.609405,2.721817,
8,0.367155,0.747567,0.489678,0.295983,0.238227,15.901076,15.901076,0.112879,0.175637,0.175386,0.156590,13.058346,26.697643,26.935109,0.610338,0.000000,
