Frame,integer_adm2,integer_adm_scale0,integer_adm_scale1,integer_adm_scale2,integer_adm_scale3,integer_motion2,integer_motion,integer_vif_scale0,integer_vif_scale1,integer_vif_scale2,integer_vif_scale3,psnr_y,psnr_cb,psnr_cr,float_ssim,vmaf,
0,0.335214,0.710023,0.473033,0.288558,0.209747,0.000000,0.000000,0.138839,0.197806,0.210877,0.210775,15.521295,31.484941,28.829897,0.601680,0.000000,
1,0.400503,0.684650,0.466344,0.336694,0.328539,28.305254,29.954386,0.117967,0.171358,0.187378,0.196746,15.152597,31.929462,29.583652,0.579694,8.583817,
2,0.397413,0.694246,0.492774,0.356822,0.290988,28.305254,28.305254,0.116469,0.175322,0.191202,0.201293,14.791610,31.027236,28.257295,0.580317,8.102743,
3,0.394701,0.635432,0.452705,0.346035,0.336067,34.227451,34.227451,0.081743,0.126351,0.138945,0.149478,14.383827,31.765443,29.511497,0.540302,16.627356,
4,0.407205,0.663080,0.441537,0.360420,0.351624,31.030752,36.579582,0.085241,0.135748,0.150830,0.159780,14.339853,31.638376,29.319330,0.549776,14.060856,
5,0.395625,0.713282,0.493683,0.369426,0.278155,31.030752,31.030752,0.101861,0.158422,0.171133,0.174761,14.979351,31.855072,29.897681,0.575414,11.649762,
6,0.425838,0.753984,0.515522,0.364060,0.308752,26.740717,37.034451,0.113275,0.209692,0.238118,0.244486,12.324957,29.764402,28.407270,0.559328,6.253166,
7,0.393180,0.769563,0.484470,0.281296,0.291880,15.901076,26.740717,0.129895,0.214570,0.238724,0.242381,14.441044,29.888447,28.846196,0.583217,0.000000,
8,0.411696,0.748065,0.490670,0.356086,0.304714,15.901076,15.901076,0.150981,0.229318,0.243910,0.242448,15.103441,30.210421,29.201352,0.596683,0.000000,
