Frame,integer_adm2,integer_adm_scale0,integer_adm_scale1,integer_adm_scale2,integer_adm_scale3,integer_motion2,integer_motion,integer_vif_scale0,integer_vif_scale1,integer_vif_scale2,integer_vif_scale3,psnr_y,psnr_cb,psnr_cr,float_ssim,vmaf,
0,0.315414,0.717029,0.436112,0.257401,0.195229,0.000000,0.000000,0.110196,0.153050,0.150884,0.138424,10.804478,28.446511,27.388651,0.542353,0.000000,
1,0.323793,0.667969,0.398450,0.258630,0.231085,28.305254,29.954386,0.089078,0.130043,0.128874,0.117677,10.735507,28.451793,27.867089,0.521080,8.462866,
2,0.286785,0.649955,0.391056,0.215318,0.174881,28.305254,28.305254,0.084326,0.127181,0.123907,0.108896,10.990119,28.628563,28.302729,0.526233,7.200365,
3,0.254839,0.617642,0.343693,0.194064,0.158652,34.227451,34.227451,0.045939,0.065325,0.059995,0.055787,10.911399,27.199451,26.875987,0.473169,16.469295,
4,0.256801,0.632008,0.342068,0.218572,0.145159,31.030752,36.579582,0.042233,0.063000,0.058951,0.058681,12.178918,27.574790,27.271309,0.511103,14.228794,
5,0.352098,0.695156,0.447394,0.291859,0.247355,31.030752,31.030752,0.060617,0.093323,0.089683,0.083048,12.510666,27.919130,27.763659,0.549203,15.417483,
6,0.367862,0.739799,0.503444,0.281393,0.231340,26.740717,37.034451,0.077336,0.144990,0.152091,0.140106,14.618231,29.795974,29.043113,0.583583,8.140620,
7,0.403006,0.751610,0.529641,0.283138,0.301871,15.901076,26.740717,0.091355,0.150772,0.160506,0.145647,12.380131,29.056774,28.690175,0.588228,1.942200,
8,0.356882,0.754562,0.486997,0.284923,0.219745,15.901076,15.901076,0.113496,0.174266,0.174636,0.155335,11.759087,28.666188,28.418935,0.580761,0.000000,
