Frame,integer_adm2,integer_adm_scale0,integer_adm_scale1,integer_adm_scale2,integer_adm_scale3,integer_motion2,integer_motion,integer_vif_scale0,integer_vif_scale1,integer_vif_scale2,integer_vif_scale3,psnr_y,psnr_cb,psnr_cr,float_ssim,vmaf,
0,0.826339,0.819020,0.771207,0.775862,0.877837,0.000000,0.000000,0.454715,0.701817,0.741958,0.771273,21.631282,41.262426,36.856137,0.900004,37.295901,
1,0.979450,0.979963,0.971426,0.977594,0.983579,28.305254,29.954386,0.925345,0.972689,0.981189,0.986765,40.900693,61.271446,58.628311,0.996649,100.000000,
2,0.833032,0.801637,0.821299,0.871478,0.824012,28.305254,28.305254,0.420040,0.713940,0.739530,0.744852,21.092921,43.242520,41.501027,0.886866,63.839864,
3,0.993213,0.987293,0.988064,0.992587,0.997090,34.227451,34.227451,0.944056,0.984571,0.989442,0.992184,42.246041,64.038889,62.039937,0.997819,100.000000,
4,0.888938,0.812922,0.843724,0.909081,0.914859,31.030752,36.579582,0.465078,0.813429,0.871094,0.903513,27.362404,42.121902,40.522773,0.938296,90.025566,
5,0.989285,0.981637,0.980750,0.987417,0.995867,31.030752,31.030752,0.942940,0.987342,0.992296,0.995332,43.545889,65.044709,62.973716,0.998309,100.000000,
6,0.865975,0.849432,0.838325,0.875899,0.877369,26.740717,37.034451,0.473640,0.732429,0.780463,0.801549,24.644926,44.982166,44.699173,0.906852,73.496824,
7,0.851419,0.842806,0.831764,0.855480,0.860304,15.901076,26.740717,0.457768,0.708128,0.761161,0.791065,27.125688,46.200178,45.031633,0.923690,60.283102,
8,0.979383,0.971855,0.968458,0.975021,0.988973,15.901076,15.901076,0.911021,0.970059,0.979410,0.985683,41.864231,59.166427,58.465346,0.996808,100.000000,
