Frame,integer_adm2,integer_adm_scale0,integer_adm_scale1,integer_adm_scale2,integer_adm_scale3,integer_motion2,integer_motion,integer_vif_scale0,integer_vif_scale1,integer_vif_scale2,integer_vif_scale3,psnr_y,psnr_cb,psnr_cr,float_ssim,vmaf,
0,0.971518,0.962841,0.953051,0.963215,0.985380,0.000000,0.000000,0.827567,0.946123,0.960977,0.968021,35.130570,56.928219,56.557087,0.989981,86.750209,
1,0.921006,0.828825,0.885741,0.941021,0.950203,28.305254,29.954386,0.492769,0.821270,0.854500,0.864498,27.101893,47.575021,45.746524,0.945169,91.540761,
2,0.982154,0.978498,0.973080,0.978733,0.989017,28.305254,28.305254,0.904066,0.970209,0.977796,0.981885,39.246201,59.918852,58.039338,0.994549,100.000000,
3,0.699661,0.764922,0.726607,0.668336,0.690130,34.227451,34.227451,0.246932,0.428862,0.468163,0.498814,15.576643,41.196596,39.156416,0.745088,36.015798,
4,0.786225,0.807991,0.777371,0.777077,0.788783,31.030752,36.579582,0.345484,0.588478,0.628870,0.649276,17.739963,40.557479,39.260648,0.828427,51.421583,
5,0.975045,0.975619,0.964050,0.966297,0.983995,31.030752,31.030752,0.897356,0.955241,0.966988,0.975170,39.710878,57.115093,55.000873,0.993710,100.000000,
6,0.842956,0.842623,0.822008,0.817811,0.868643,26.740717,37.034451,0.440442,0.683998,0.732975,0.759305,23.470703,44.095326,42.983162,0.899414,65.483508,
7,0.709839,0.828219,0.734061,0.678487,0.677358,15.901076,26.740717,0.268440,0.449153,0.498997,0.548165,19.115016,33.970614,31.991247,0.753644,23.326004,
8,0.652194,0.799249,0.667573,0.673595,0.584018,15.901076,15.901076,0.253317,0.405172,0.444472,0.481666,18.023718,33.434543,32.261879,0.755443,13.976685,
