Frame,integer_adm2,integer_adm_scale0,integer_adm_scale1,integer_adm_scale2,integer_adm_scale3,integer_motion2,integer_motion,integer_vif_scale0,integer_vif_scale1,integer_vif_scale2,integer_vif_scale3,psnr_y,psnr_cb,psnr_cr,float_ssim,vmaf,
0,0.451396,0.734798,0.521701,0.412988,0.370300,0.000000,0.000000,0.151951,0.224071,0.233312,0.223411,9.945130,30.248390,29.177014,0.524172,0.000000,
1,0.418165,0.690203,0.472486,0.382121,0.337116,28.305254,29.954386,0.102591,0.167628,0.178502,0.185403,13.790036,29.897226,29.289074,0.537511,10.312686,
2,0.401263,0.659485,0.435334,0.308964,0.363089,28.305254,28.305254,0.093304,0.154206,0.159959,0.158773,11.636882,24.708815,23.026539,0.531210,10.469628,
3,0.993017,0.986226,0.986959,0.993139,0.997031,34.227451,34.227451,0.938316,0.983916,0.989200,0.992318,42.465944,63.916640,62.224501,0.997797,100.000000,
4,0.888633,0.811583,0.843552,0.903718,0.917653,31.030752,36.579582,0.463326,0.819635,0.879365,0.913524,27.388728,46.235816,44.739285,0.940469,90.914920,
5,0.987256,0.975882,0.977300,0.984100,0.996222,31.030752,31.030752,0.918611,0.984956,0.991074,0.993941,42.963539,65.579256,63.640327,0.997437,100.000000,
6,0.981722,0.967438,0.975101,0.979786,0.991032,26.740717,37.034451,0.922186,0.983728,0.989818,0.993506,44.635754,65.367140,64.785579,0.998137,100.000000,
7,0.857234,0.841547,0.830810,0.866769,0.867954,15.901076,26.740717,0.491719,0.741609,0.782856,0.803620,26.976903,46.674237,45.509477,0.931224,62.640038,
8,0.977034,0.969268,0.965737,0.972472,0.986978,15.901076,15.901076,0.905366,0.967978,0.977721,0.984110,41.845459,58.698749,58.283944,0.996599,100.000000,
