Frame,integer_adm2,integer_adm_scale0,integer_adm_scale1,integer_adm_scale2,integer_adm_scale3,integer_motion2,integer_motion,integer_vif_scale0,integer_vif_scale1,integer_vif_scale2,integer_vif_scale3,psnr_y,psnr_cb,psnr_cr,float_ssim,vmaf,
0,0.448466,0.730204,0.508649,0.406916,0.373264,0.000000,0.000000,0.150978,0.221906,0.234430,0.222352,9.887723,29.369442,28.484141,0.521184,0.000000,
1,0.420774,0.735453,0.447574,0.375414,0.343362,28.305254,29.954386,0.104062,0.167734,0.180417,0.184494,13.669509,29.401904,29.103592,0.536875,10.441864,
2,0.409311,0.668458,0.447310,0.342626,0.353583,28.305254,28.305254,0.093810,0.154391,0.157087,0.153611,11.016629,24.470159,22.639097,0.508849,11.091904,
3,0.909201,0.835184,0.860910,0.925126,0.937936,34.227451,34.227451,0.358585,0.624701,0.672178,0.700913,18.850914,43.954439,43.362958,0.855010,77.810730,
4,0.996538,0.991931,0.992502,0.996164,0.999492,31.030752,36.579582,0.946966,0.989087,0.992846,0.994563,43.718091,64.310906,62.878605,0.998589,100.000000,
5,0.910484,0.832966,0.846803,0.899845,0.963852,31.030752,31.030752,0.468493,0.795742,0.848702,0.873099,24.921331,47.071593,46.745529,0.927222,91.414453,
6,0.988580,0.982358,0.985573,0.989827,0.991312,26.740717,37.034451,0.959277,0.988448,0.992110,0.995122,46.461458,67.662837,66.805276,0.998946,100.000000,
7,0.849123,0.834383,0.820980,0.856179,0.861890,15.901076,26.740717,0.453264,0.693189,0.732657,0.752232,25.675698,44.918067,43.986733,0.913112,56.718138,
8,0.977677,0.970409,0.967953,0.972467,0.987242,15.901076,15.901076,0.911588,0.969418,0.978229,0.983270,41.725580,59.698001,58.763027,0.997003,100.000000,
