Frame,integer_adm2,integer_adm_scale0,integer_adm_scale1,integer_adm_scale2,integer_adm_scale3,integer_motion2,integer_motion,integer_vif_scale0,integer_vif_scale1,integer_vif_scale2,integer_vif_scale3,psnr_y,psnr_cb,psnr_cr,float_ssim,vmaf,
0,0.746965,0.805560,0.707964,0.702253,0.770918,0.000000,0.000000,0.361078,0.552345,0.586026,0.614351,17.488812,36.744442,32.736731,0.802355,15.133835,
1,0.830789,0.805678,0.802044,0.814026,0.860007,28.305254,29.954386,0.396163,0.664794,0.700218,0.720112,18.806009,38.213639,33.848325,0.845761,61.403836,
2,0.975499,0.984334,0.964872,0.968270,0.981388,28.305254,28.305254,0.908399,0.953171,0.963284,0.970243,37.150119,55.963688,54.911626,0.991304,100.000000,
3,0.708982,0.764558,0.729107,0.685347,0.700147,34.227451,34.227451,0.249014,0.439874,0.481203,0.511776,15.679956,42.132669,41.394507,0.751509,37.516838,
4,0.802886,0.807216,0.780970,0.792149,0.815904,31.030752,36.579582,0.353324,0.609829,0.652883,0.676105,17.850172,42.745604,41.190030,0.840604,55.711513,
5,0.987903,0.977010,0.979005,0.984774,0.996309,31.030752,31.030752,0.920533,0.984567,0.990882,0.994012,42.836977,64.553770,62.483246,0.997456,100.000000,
6,0.974754,0.957305,0.963592,0.970936,0.988405,26.740717,37.034451,0.909577,0.974301,0.981817,0.987129,41.227396,64.677636,63.385886,0.997077,100.000000,
7,0.731312,0.820992,0.733846,0.725311,0.701699,15.901076,26.740717,0.338796,0.532935,0.577732,0.609458,19.946799,35.215589,33.285703,0.823980,27.648383,
8,0.621733,0.795397,0.680063,0.615960,0.544966,15.901076,15.901076,0.288994,0.442947,0.474507,0.503641,17.878326,34.455886,33.746411,0.774942,9.121728,
