Frame,integer_adm2,integer_adm_scale0,integer_adm_scale1,integer_adm_scale2,integer_adm_scale3,integer_motion2,integer_motion,integer_vif_scale0,integer_vif_scale1,integer_vif_scale2,integer_vif_scale3,psnr_y,psnr_cb,psnr_cr,float_ssim,vmaf,
0,0.324916,0.709366,0.503948,0.278984,0.181846,0.000000,0.000000,0.142659,0.205010,0.223393,0.226739,14.363474,31.626823,28.538123,0.582610,0.000000,
1,0.410774,0.691989,0.493617,0.323458,0.347661,28.305254,29.954386,0.119397,0.176632,0.193083,0.199525,14.664008,32.121564,29.319118,0.579312,8.898305,
2,0.420832,0.690649,0.483797,0.351024,0.353715,28.305254,28.305254,0.115220,0.172336,0.190296,0.201377,14.803555,31.681475,29.339254,0.585703,9.861626,
3,0.378458,0.647726,0.445301,0.326429,0.310752,34.227451,34.227451,0.078821,0.120407,0.133750,0.144011,13.411476,31.212055,28.171761,0.505049,16.121019,
4,0.423556,0.671765,0.440327,0.356893,0.387821,31.030752,36.579582,0.087302,0.141462,0.159412,0.171064,13.550488,31.338068,28.195474,0.530789,14.590408,
5,0.419931,0.739456,0.525006,0.393840,0.299184,31.030752,31.030752,0.111119,0.173580,0.190573,0.201010,14.327632,31.575751,29.044388,0.562503,11.974031,
6,0.424259,0.758873,0.496693,0.400309,0.287385,26.740717,37.034451,0.118290,0.211068,0.236185,0.240455,11.780055,29.951249,28.247305,0.544663,6.084830,
7,0.426507,0.757323,0.502762,0.308191,0.352486,15.901076,26.740717,0.130769,0.220029,0.249488,0.260680,13.824067,30.124252,28.640346,0.575297,0.000000,
8,0.411990,0.747396,0.479141,0.337154,0.322224,15.901076,15.901076,0.151821,0.229346,0.246246,0.245100,14.285399,30.299745,28.917343,0.583039,0.000000,
