Frame,integer_adm2,integer_adm_scale0,integer_adm_scale1,integer_adm_scale2,integer_adm_scale3,integer_motion2,integer_motion,integer_vif_scale0,integer_vif_scale1,integer_vif_scale2,integer_vif_scale3,psnr_y,psnr_cb,psnr_cr,float_ssim,vmaf,
0,0.310085,0.715100,0.452253,0.260557,0.176351,0.000000,0.000000,0.135940,0.193561,0.209082,0.203247,12.045734,30.532476,27.519592,0.522563,0.000000,
1,0.346872,0.692685,0.472077,0.315238,0.213122,28.305254,29.954386,0.106104,0.157239,0.166251,0.162084,12.435340,29.918189,26.905206,0.506066,6.795116,
2,0.396117,0.683261,0.474623,0.345880,0.305366,28.305254,28.305254,0.104417,0.160654,0.172921,0.177806,12.744354,29.398261,26.426067,0.510547,9.316915,
3,0.459562,0.671574,0.483698,0.418408,0.416901,34.227451,34.227451,0.090677,0.141055,0.158275,0.175934,12.928422,32.698824,29.243204,0.541373,19.624978,
4,0.383426,0.669979,0.471885,0.324088,0.306623,31.030752,36.579582,0.086537,0.133156,0.143027,0.151199,12.583715,32.967787,29.592157,0.528220,12.958374,
5,0.397498,0.731098,0.534101,0.344031,0.276116,31.030752,31.030752,0.095537,0.147054,0.158800,0.164899,12.540346,31.680222,29.332716,0.519353,12.660117,
6,0.434294,0.766707,0.535065,0.385880,0.302092,26.740717,37.034451,0.108106,0.199368,0.221933,0.215369,10.350046,29.502439,27.501634,0.521711,7.750693,
7,0.443426,0.758950,0.499436,0.394263,0.337626,15.901076,26.740717,0.126698,0.216573,0.244595,0.243817,11.800491,29.260946,27.557450,0.525454,0.000000,
8,0.355300,0.738899,0.474920,0.295753,0.219097,15.901076,15.901076,0.140608,0.218702,0.230449,0.218187,12.154733,29.310147,27.505745,0.523472,0.000000,
