Frame,integer_adm2,integer_adm_scale0,integer_adm_scale1,integer_adm_scale2,integer_adm_scale3,integer_motion2,integer_motion,integer_vif_scale0,integer_vif_scale1,integer_vif_scale2,integer_vif_scale3,psnr_y,psnr_cb,psnr_cr,float_ssim,vmaf,
0,0.346683,0.722270,0.485237,0.286030,0.229085,0.000000,0.000000,0.138191,0.203669,0.225726,0.231349,13.787961,30.153911,27.286027,0.552406,0.000000,
1,0.423052,0.709164,0.490311,0.407775,0.319805,28.305254,29.954386,0.108649,0.166020,0.185832,0.200820,13.274845,29.157632,26.786513,0.519057,10.434931,
2,0.463191,0.707905,0.532179,0.415952,0.387733,28.305254,28.305254,0.107283,0.168847,0.191394,0.206630,13.345810,28.619228,26.067086,0.522807,13.142088,
3,0.404997,0.671999,0.496508,0.403550,0.299448,34.227451,34.227451,0.077066,0.121594,0.136295,0.149030,12.968584,31.191861,28.994210,0.499257,17.548341,
4,0.450362,0.688399,0.514302,0.420608,0.379013,31.030752,36.579582,0.087825,0.137680,0.154567,0.168237,13.854946,32.709617,30.298999,0.528614,16.731141,
5,0.455227,0.751751,0.554969,0.456387,0.327944,31.030752,31.030752,0.104196,0.166152,0.183208,0.191630,14.562655,31.708089,29.773677,0.545293,15.054163,
6,0.465242,0.771296,0.539546,0.408594,0.359428,26.740717,37.034451,0.113802,0.210552,0.237510,0.237484,12.205204,29.814877,27.993609,0.534271,9.308713,
7,0.473683,0.755660,0.522226,0.372196,0.418102,15.901076,26.740717,0.134941,0.229844,0.258087,0.267481,13.455669,29.055820,27.506065,0.545100,0.285639,
8,0.396221,0.756888,0.506918,0.365535,0.252806,15.901076,15.901076,0.152167,0.246234,0.269842,0.271789,13.657995,28.779761,27.265579,0.549914,0.000000,
