Frame,integer_adm2,integer_adm_scale0,integer_adm_scale1,integer_adm_scale2,integer_adm_scale3,integer_motion2,integer_motion,integer_vif_scale0,integer_vif_scale1,integer_vif_scale2,integer_vif_scale3,psnr_y,psnr_cb,psnr_cr,float_ssim,vmaf,
0,0.460410,0.737837,0.546770,0.407991,0.383700,0.000000,0.000000,0.131049,0.199090,0.208696,0.199068,9.671562,29.624424,28.663783,0.473793,0.000000,
1,0.428207,0.720064,0.447268,0.399187,0.350566,28.305254,29.954386,0.102054,0.162275,0.169594,0.169397,13.065308,30.402521,29.741296,0.530030,11.549243,
2,0.391729,0.660425,0.434716,0.318814,0.334831,28.305254,28.305254,0.093999,0.155809,0.162000,0.156097,11.166401,24.919832,23.155547,0.513415,9.764621,
3,0.909928,0.830352,0.862191,0.927522,0.939001,34.227451,34.227451,0.364092,0.639786,0.687789,0.715639,18.999068,47.208103,46.538722,0.862682,79.011656,
4,0.995694,0.986687,0.990680,0.996578,0.999491,31.030752,36.579582,0.951817,0.992143,0.995229,0.996348,44.506961,68.056160,66.535554,0.999080,100.000000,
5,0.991696,0.983751,0.985214,0.988563,0.998308,31.030752,31.030752,0.950904,0.989765,0.994135,0.996790,44.268402,70.696333,69.070276,0.998639,100.000000,
6,0.884770,0.867587,0.867009,0.884802,0.898639,26.740717,37.034451,0.508275,0.769085,0.812333,0.835710,26.737986,46.059136,45.366481,0.934658,80.272735,
7,0.973114,0.968674,0.961337,0.974673,0.978758,15.901076,26.740717,0.928141,0.981186,0.987112,0.991124,44.001464,65.199592,62.686647,0.998202,100.000000,
8,0.982180,0.971855,0.971292,0.978153,0.992465,15.901076,15.901076,0.920413,0.977928,0.985831,0.990780,43.193234,60.095942,59.060980,0.997952,100.000000,
