Frame,integer_adm2,integer_adm_scale0,integer_adm_scale1,integer_adm_scale2,integer_adm_scale3,integer_motion2,integer_motion,integer_vif_scale0,integer_vif_scale1,integer_vif_scale2,integer_vif_scale3,psnr_y,psnr_cb,psnr_cr,float_ssim,vmaf,
0,0.327851,0.701656,0.433496,0.289326,0.209118,0.000000,0.000000,0.126191,0.175699,0.186010,0.180355,13.763157,30.282047,27.756229,0.610340,0.000000,
1,0.326175,0.687787,0.395539,0.261718,0.229824,28.305254,29.954386,0.103813,0.154181,0.164674,0.161807,13.143073,31.719943,28.400713,0.560891,5.875979,
2,0.320566,0.661869,0.435051,0.251327,0.210100,28.305254,28.305254,0.099388,0.152646,0.163379,0.167598,12.551033,30.833426,27.107604,0.552951,5.657479,
3,0.384163,0.654254,0.461897,0.426729,0.257344,34.227451,34.227451,0.067579,0.096268,0.103595,0.113240,13.278997,31.875093,30.350409,0.560806,18.633783,
4,0.320746,0.651678,0.430460,0.251283,0.229785,31.030752,36.579582,0.061700,0.089375,0.097226,0.104724,12.676015,31.718791,30.116406,0.554348,13.535864,
5,0.327096,0.699757,0.450032,0.271600,0.200331,31.030752,31.030752,0.078729,0.118134,0.128477,0.131218,12.663777,30.796130,29.412840,0.568482,11.201312,
6,0.386203,0.750963,0.504181,0.396803,0.196040,26.740717,37.034451,0.091043,0.170595,0.198928,0.198636,10.455806,29.221972,27.871704,0.571541,6.361448,
7,0.394214,0.751493,0.480366,0.291214,0.296139,15.901076,26.740717,0.112524,0.186008,0.222853,0.225778,12.453547,29.353104,28.149594,0.605751,0.000000,
8,0.434058,0.752917,0.495879,0.412109,0.318300,15.901076,15.901076,0.133180,0.204908,0.224481,0.230498,13.301019,29.779562,28.416776,0.621817,0.000000,
