Frame,integer_adm2,integer_adm_scale0,integer_adm_scale1,integer_adm_scale2,integer_adm_scale3,integer_motion2,integer_motion,integer_vif_scale0,integer_vif_scale1,integer_vif_scale2,integer_vif_scale3,psnr_y,psnr_cb,psnr_cr,float_ssim,vmaf,
0,0.333812,0.705785,0.491943,0.286375,0.202471,0.000000,0.000000,0.142145,0.208418,0.227284,0.231608,14.664994,31.795702,28.647896,0.584579,0.000000,
1,0.399453,0.688124,0.478631,0.315861,0.333203,28.305254,29.954386,0.118864,0.177564,0.194693,0.201595,14.735689,32.235815,29.400678,0.574544,8.046770,
2,0.408875,0.681109,0.474923,0.333156,0.343393,28.305254,28.305254,0.114151,0.171110,0.187967,0.199137,14.804374,31.686306,29.352181,0.577760,9.157335,
3,0.384661,0.638160,0.440379,0.348672,0.316051,34.227451,34.227451,0.078830,0.123765,0.137371,0.147736,13.628655,31.273230,28.244181,0.506550,16.212351,
4,0.412518,0.669252,0.450967,0.348545,0.364929,31.030752,36.579582,0.085712,0.141283,0.158047,0.168175,13.568049,31.370543,28.265156,0.526344,13.927913,
5,0.406990,0.710252,0.502970,0.340771,0.317305,31.030752,31.030752,0.109091,0.174538,0.192459,0.205489,14.521409,31.702907,29.143826,0.559891,10.998842,
6,0.412656,0.753778,0.506289,0.348746,0.290562,26.740717,37.034451,0.114858,0.206515,0.230990,0.234476,11.820330,30.025621,28.319162,0.531942,5.569692,
7,0.411225,0.761995,0.481029,0.290188,0.334558,15.901076,26.740717,0.128681,0.215783,0.244205,0.256106,13.949593,30.190191,28.702800,0.561875,0.000000,
8,0.416844,0.756974,0.497972,0.349938,0.314935,15.901076,15.901076,0.150215,0.228263,0.245326,0.247228,14.458119,30.412574,29.002019,0.575826,0.000000,
