Frame,integer_adm2,integer_adm_scale0,integer_adm_scale1,integer_adm_scale2,integer_adm_scale3,integer_motion2,integer_motion,integer_vif_scale0,integer_vif_scale1,integer_vif_scale2,integer_vif_scale3,psnr_y,psnr_cb,psnr_cr,float_ssim,vmaf,
0,0.315737,0.712356,0.417389,0.277551,0.191821,0.000000,0.000000,0.108981,0.148635,0.145995,0.130216,10.371140,28.805000,27.446265,0.526445,0.000000,
1,0.325193,0.677029,0.400923,0.267554,0.225079,28.305254,29.954386,0.086795,0.123400,0.123119,0.111776,10.376116,28.711049,27.783510,0.508408,9.096321,
2,0.287001,0.654058,0.383502,0.220474,0.173945,28.305254,28.305254,0.081831,0.120301,0.118352,0.106829,10.597089,28.967079,28.264235,0.512292,7.739232,
3,0.248278,0.614800,0.338705,0.198577,0.144075,34.227451,34.227451,0.045030,0.061937,0.056067,0.048408,10.471538,27.521362,27.036942,0.460133,16.673830,
4,0.254359,0.635743,0.331152,0.222638,0.140484,31.030752,36.579582,0.040570,0.059436,0.054376,0.049812,11.649270,27.922600,27.404633,0.496242,14.640636,
5,0.348137,0.691268,0.445454,0.309247,0.230507,31.030752,31.030752,0.059574,0.090864,0.087390,0.074085,12.010297,28.295456,27.879502,0.533706,15.540126,
6,0.367664,0.745927,0.493405,0.269689,0.240655,26.740717,37.034451,0.077322,0.144750,0.153553,0.144245,14.288338,30.275573,29.017805,0.572954,8.057162,
7,0.397818,0.746580,0.515865,0.293174,0.290187,15.901076,26.740717,0.093861,0.154301,0.161794,0.149060,12.023936,29.324350,28.648280,0.577027,1.337880,
8,0.365646,0.754648,0.499733,0.307658,0.220924,15.901076,15.901076,0.112784,0.170860,0.169241,0.150309,11.386419,28.946235,28.377729,0.567863,0.000000,
