Frame,integer_adm2,integer_adm_scale0,integer_adm_scale1,integer_adm_scale2,integer_adm_scale3,integer_motion2,integer_motion,integer_vif_scale0,integer_vif_scale1,integer_vif_scale2,integer_vif_scale3,psnr_y,psnr_cb,psnr_cr,float_ssim,vmaf,
0,0.309181,0.719152,0.438229,0.280653,0.166151,0.000000,0.000000,0.135927,0.193188,0.208217,0.200990,13.751458,30.518628,27.486073,0.552503,0.000000,
1,0.344094,0.698977,0.454960,0.340553,0.195753,28.305254,29.954386,0.105440,0.154728,0.163858,0.160247,13.249777,29.825695,26.772765,0.512405,6.837710,
2,0.410821,0.688562,0.481120,0.357000,0.328493,28.305254,28.305254,0.100895,0.154141,0.166137,0.170632,12.927278,29.358232,26.322623,0.515864,10.803818,
3,0.432562,0.680794,0.495918,0.398115,0.361664,34.227451,34.227451,0.092454,0.141935,0.159154,0.182582,14.025555,32.705778,29.199603,0.557425,17.638122,
4,0.381538,0.685405,0.470385,0.335728,0.292222,31.030752,36.579582,0.087319,0.132235,0.141733,0.151206,12.968016,32.957815,29.544630,0.546667,12.912708,
5,0.391031,0.728850,0.506795,0.390846,0.246071,31.030752,31.030752,0.094182,0.142903,0.151451,0.150799,12.829706,31.634295,29.244606,0.520749,12.744343,
6,0.445231,0.780620,0.564592,0.386262,0.310879,26.740717,37.034451,0.106651,0.200251,0.227204,0.225243,10.663733,29.403526,27.411718,0.553961,8.420921,
7,0.427847,0.793148,0.543644,0.359247,0.291191,15.901076,26.740717,0.125042,0.211364,0.236637,0.241535,12.878292,29.203406,27.450690,0.564007,0.000000,
8,0.353751,0.755039,0.496493,0.285531,0.208034,15.901076,15.901076,0.139389,0.215775,0.226476,0.215800,13.446639,29.301401,27.416527,0.560488,0.000000,
