Frame,integer_adm2,integer_adm_scale0,integer_adm_scale1,integer_adm_scale2,integer_adm_scale3,integer_motion2,integer_motion,integer_vif_scale0,integer_vif_scale1,integer_vif_scale2,integer_vif_scale3,psnr_y,psnr_cb,psnr_cr,float_ssim,vmaf,
0,0.318694,0.703990,0.450635,0.261266,0.198778,0.000000,0.000000,0.143073,0.205667,0.225167,0.236370,16.565757,30.118636,27.265392,0.664406,0.000000,
1,0.293036,0.655637,0.372360,0.252953,0.177362,28.305254,29.954386,0.108360,0.158406,0.176378,0.196852,15.285599,29.195601,26.870343,0.602236,3.322788,
2,0.286998,0.632069,0.403233,0.220405,0.173030,28.305254,28.305254,0.106028,0.158658,0.174113,0.188849,14.713371,28.665503,26.128104,0.583276,3.182797,
3,0.289782,0.610072,0.367283,0.252359,0.195802,34.227451,34.227451,0.077405,0.115170,0.125305,0.137396,14.675238,31.167385,28.998034,0.552928,12.202708,
4,0.295377,0.636290,0.365796,0.235605,0.210745,31.030752,36.579582,0.086396,0.130511,0.143955,0.153600,15.301417,32.750457,30.284918,0.589837,8.390668,
5,0.360259,0.691593,0.452206,0.321039,0.248384,31.030752,31.030752,0.106220,0.164043,0.179854,0.188104,16.232489,31.598917,29.725000,0.633385,8.913671,
6,0.404665,0.738828,0.499374,0.297859,0.312841,26.740717,37.034451,0.114633,0.207872,0.231761,0.232773,12.906793,29.753941,27.946059,0.640119,4.932288,
7,0.376168,0.736637,0.504155,0.313166,0.232287,15.901076,26.740717,0.138827,0.232760,0.260099,0.264980,15.574420,29.071334,27.546807,0.670415,0.000000,
8,0.401734,0.735945,0.500543,0.346226,0.287517,15.901076,15.901076,0.154462,0.243053,0.266925,0.275364,16.080986,28.770417,27.280775,0.673158,0.000000,
