Frame,integer_adm2,integer_adm_scale0,integer_adm_scale1,integer_adm_scale2,integer_adm_scale3,integer_motion2,integer_motion,integer_vif_scale0,integer_vif_scale1,integer_vif_scale2,integer_vif_scale3,psnr_y,psnr_cb,psnr_cr,float_ssim,vmaf,
0,0.973273,0.973087,0.958499,0.965340,0.983242,0.000000,0.000000,0.920363,0.971077,0.978783,0.982919,40.518888,61.737064,60.058101,0.996934,89.155917,
1,0.829488,0.813760,0.814124,0.877657,0.810327,28.305254,29.954386,0.410850,0.644507,0.668738,0.680362,20.524165,42.468848,41.232861,0.854139,58.557949,
2,0.705031,0.770980,0.725681,0.694067,0.682791,28.305254,28.305254,0.320581,0.522697,0.545395,0.548200,17.644984,38.061809,36.702127,0.787345,32.001657,
3,0.993837,0.988867,0.989146,0.993448,0.997149,34.227451,34.227451,0.946740,0.984294,0.988950,0.991534,41.605891,63.260915,60.817339,0.997496,100.000000,
4,0.880303,0.813117,0.842095,0.898806,0.902168,31.030752,36.579582,0.461883,0.801267,0.855974,0.886250,26.446769,41.678174,40.268520,0.931384,86.701616,
5,0.991756,0.985563,0.986201,0.990705,0.996310,31.030752,31.030752,0.949845,0.989373,0.993378,0.995503,44.327954,65.360699,63.670585,0.998415,100.000000,
6,0.858551,0.852450,0.840085,0.857562,0.869375,26.740717,37.034451,0.448282,0.701691,0.751191,0.778004,23.550215,44.253762,43.487815,0.902750,69.891868,
7,0.760876,0.835920,0.767235,0.733027,0.749469,15.901076,26.740717,0.354201,0.576085,0.636847,0.687531,22.486723,38.917930,36.165918,0.841270,36.424014,
8,0.686576,0.809629,0.705044,0.694312,0.633758,15.901076,15.901076,0.314039,0.515294,0.570969,0.609340,20.790396,34.756373,33.601525,0.825869,20.924928,
