Frame,integer_adm2,integer_adm_scale0,integer_adm_scale1,integer_adm_scale2,integer_adm_scale3,integer_motion2,integer_motion,integer_vif_scale0,integer_vif_scale1,integer_vif_scale2,integer_vif_scale3,psnr_y,psnr_cb,psnr_cr,float_ssim,vmaf,
0,0.349121,0.725874,0.498596,0.308654,0.215329,0.000000,0.000000,0.142272,0.199001,0.215625,0.223217,15.758339,31.625200,29.049349,0.627113,0.000000,
1,0.423852,0.687896,0.460415,0.382044,0.355729,28.305254,29.954386,0.117355,0.167841,0.182381,0.192529,14.866621,31.645997,29.414393,0.597824,10.473396,
2,0.455083,0.668691,0.468324,0.371096,0.434139,28.305254,28.305254,0.113851,0.169273,0.185155,0.200596,14.570165,30.637465,27.920386,0.589389,12.611956,
3,0.416430,0.636769,0.413575,0.350942,0.395604,34.227451,34.227451,0.081572,0.121962,0.136904,0.156138,14.118845,31.455291,29.149585,0.541930,18.149026,
4,0.454023,0.655113,0.425135,0.367282,0.459343,31.030752,36.579582,0.090848,0.141804,0.160464,0.182525,14.450776,31.260412,29.037251,0.565598,16.590401,
5,0.478117,0.720818,0.497075,0.430044,0.425453,31.030752,31.030752,0.108330,0.163075,0.177840,0.188865,14.612282,31.892858,29.904835,0.602549,17.016107,
6,0.442397,0.756324,0.524761,0.339907,0.360399,26.740717,37.034451,0.112348,0.203341,0.237548,0.281227,12.037166,29.700114,28.296395,0.572623,7.811716,
7,0.450507,0.759421,0.519393,0.329373,0.389477,15.901076,26.740717,0.129086,0.208913,0.234364,0.252878,14.496535,29.986353,29.018257,0.615497,0.000000,
8,0.446550,0.750185,0.507588,0.415903,0.341643,15.901076,15.901076,0.148972,0.223563,0.238679,0.242067,15.260770,30.361250,29.389019,0.627113,0.000000,
