Frame,integer_adm2,integer_adm_scale0,integer_adm_scale1,integer_adm_scale2,integer_adm_scale3,integer_motion2,integer_motion,integer_vif_scale0,integer_vif_scale1,integer_vif_scale2,integer_vif_scale3,psnr_y,psnr_cb,psnr_cr,float_ssim,vmaf,
0,0.326194,0.713289,0.445012,0.339252,0.168369,0.000000,0.000000,0.108473,0.147749,0.144827,0.129619,10.271449,28.740638,27.013466,0.517403,0.000000,
1,0.334936,0.669603,0.447215,0.288783,0.218614,28.305254,29.954386,0.082482,0.116242,0.113382,0.103265,10.302669,28.362903,27.069155,0.498278,10.332890,
2,0.275459,0.654529,0.395112,0.234451,0.133760,28.305254,28.305254,0.076749,0.111260,0.105762,0.094537,10.534801,28.394377,27.207188,0.506919,8.291429,
3,0.262023,0.614991,0.350350,0.209115,0.164141,34.227451,34.227451,0.043712,0.062260,0.057616,0.051817,10.372998,27.604013,26.967450,0.454161,17.014549,
4,0.287782,0.634630,0.337413,0.214636,0.216812,31.030752,36.579582,0.040468,0.058166,0.051765,0.049375,11.430723,28.120857,27.505829,0.488324,15.992582,
5,0.365525,0.701995,0.497917,0.290758,0.256950,31.030752,31.030752,0.057518,0.086671,0.082631,0.077073,11.799270,28.250094,27.633123,0.520900,16.714247,
6,0.371037,0.747065,0.476625,0.259586,0.262389,26.740717,37.034451,0.076949,0.144460,0.153396,0.144156,14.166972,30.180005,28.456288,0.565276,8.275136,
7,0.407310,0.751391,0.533444,0.326378,0.282106,15.901076,26.740717,0.094867,0.154348,0.159241,0.146369,11.965725,29.357898,28.221489,0.568833,2.032895,
8,0.387280,0.757402,0.505192,0.275822,0.289145,15.901076,15.901076,0.110321,0.165429,0.161640,0.138990,11.305355,28.866763,27.902459,0.559171,0.072839,
