Frame,integer_adm2,integer_adm_scale0,integer_adm_scale1,integer_adm_scale2,integer_adm_scale3,integer_motion2,integer_motion,integer_vif_scale0,integer_vif_scale1,integer_vif_scale2,integer_vif_scale3,psnr_y,psnr_cb,psnr_cr,float_ssim,vmaf,
0,0.326881,0.722632,0.422805,0.312005,0.191325,0.000000,0.000000,0.109217,0.150061,0.149124,0.129979,9.752577,28.545544,27.018865,0.512438,0.000000,
1,0.308594,0.667143,0.409283,0.234223,0.207100,28.305254,29.954386,0.086230,0.125552,0.129384,0.115780,9.664390,28.736231,27.491287,0.493550,7.979169,
2,0.291290,0.658580,0.379762,0.232589,0.176562,28.305254,28.305254,0.083344,0.124500,0.123409,0.107157,9.845439,28.485215,27.198908,0.499322,7.568912,
3,0.259325,0.608504,0.362488,0.214302,0.152412,34.227451,34.227451,0.046353,0.067692,0.064591,0.052686,9.666912,27.497368,26.611966,0.438071,16.435915,
4,0.257590,0.624801,0.335055,0.254113,0.131295,31.030752,36.579582,0.042032,0.066536,0.065254,0.055784,10.728146,27.947615,27.076485,0.476702,13.958500,
5,0.338227,0.704602,0.449398,0.275001,0.222181,31.030752,31.030752,0.059696,0.095098,0.094477,0.084589,11.212525,28.207289,27.480143,0.517462,14.500942,
6,0.347502,0.755427,0.446463,0.261375,0.213484,26.740717,37.034451,0.078903,0.148047,0.153297,0.142781,13.688925,30.070478,29.063475,0.575280,6.778778,
7,0.398382,0.762571,0.530932,0.315468,0.264443,15.901076,26.740717,0.094432,0.158276,0.167513,0.153973,11.380673,28.975751,28.353730,0.568860,0.971740,
8,0.370490,0.760418,0.498945,0.310166,0.229184,15.901076,15.901076,0.112815,0.170565,0.169649,0.149766,10.705705,28.571917,27.951981,0.555531,0.000000,
