Frame,integer_adm2,integer_adm_scale0,integer_adm_scale1,integer_adm_scale2,integer_adm_scale3,integer_motion2,integer_motion,integer_vif_scale0,integer_vif_scale1,integer_vif_scale2,integer_vif_scale3,psnr_y,psnr_cb,psnr_cr,float_ssim,vmaf,
0,0.320650,0.708740,0.454941,0.263193,0.199144,0.000000,0.000000,0.140261,0.199486,0.216458,0.213933,13.789555,30.880056,27.841694,0.558029,0.000000,
1,0.387637,0.672436,0.429642,0.337703,0.316164,28.305254,29.954386,0.111561,0.165430,0.178692,0.180514,13.765561,30.495822,27.368701,0.527746,8.359233,
2,0.461270,0.672598,0.457030,0.354875,0.461743,28.305254,28.305254,0.107964,0.164292,0.178925,0.185703,13.582373,30.090879,27.040552,0.530843,13.525145,
3,0.467600,0.659901,0.468304,0.402042,0.453115,34.227451,34.227451,0.097655,0.148459,0.166920,0.188779,14.177859,33.006809,29.724871,0.564873,19.637827,
4,0.373917,0.647227,0.423905,0.284749,0.331850,31.030752,36.579582,0.094550,0.144603,0.158702,0.172393,13.979376,33.219370,30.024994,0.549103,11.267225,
5,0.442379,0.725015,0.468755,0.379398,0.383389,31.030752,31.030752,0.101037,0.156305,0.170117,0.177412,13.706163,31.913951,29.713867,0.545769,14.899901,
6,0.443681,0.778338,0.508455,0.393189,0.327547,26.740717,37.034451,0.114368,0.211031,0.242952,0.247018,11.533836,29.735977,27.902196,0.557542,7.461703,
7,0.402164,0.763842,0.499940,0.318624,0.284529,15.901076,26.740717,0.128897,0.216418,0.245218,0.251127,13.463711,29.461595,27.927723,0.564253,0.000000,
8,0.347669,0.753919,0.486939,0.283702,0.198996,15.901076,15.901076,0.147004,0.228513,0.245318,0.231461,13.881270,29.536792,27.872662,0.561867,0.000000,
