Frame,integer_adm2,integer_adm_scale0,integer_adm_scale1,integer_adm_scale2,integer_adm_scale3,integer_motion2,integer_motion,integer_vif_scale0,integer_vif_scale1,integer_vif_scale2,integer_vif_scale3,psnr_y,psnr_cb,psnr_cr,float_ssim,vmaf,
0,0.329933,0.718342,0.447747,0.279605,0.209875,0.000000,0.000000,0.141196,0.204491,0.223335,0.227023,14.498152,31.668648,28.525760,0.575652,0.000000,
1,0.429201,0.699412,0.508373,0.352541,0.364228,28.305254,29.954386,0.117028,0.174717,0.190855,0.197490,14.738596,32.240200,29.360936,0.572919,10.347397,
2,0.432928,0.692437,0.493144,0.375244,0.362717,28.305254,28.305254,0.113224,0.170933,0.186268,0.195691,14.822673,31.741984,29.342158,0.579087,10.909620,
3,0.372246,0.649061,0.443170,0.341955,0.288374,34.227451,34.227451,0.077315,0.119654,0.133516,0.142889,13.442865,31.202692,28.102038,0.498669,15.826930,
4,0.443648,0.673126,0.438860,0.380897,0.418750,31.030752,36.579582,0.087822,0.146486,0.166681,0.184952,13.800261,31.313809,28.112755,0.525893,15.516759,
5,0.435592,0.740107,0.531144,0.435059,0.308461,31.030752,31.030752,0.111210,0.176014,0.194666,0.207463,14.504043,31.609902,29.011154,0.557268,12.866075,
6,0.437321,0.765838,0.496467,0.386659,0.325952,26.740717,37.034451,0.121596,0.217926,0.245656,0.262993,11.969652,29.988841,28.219493,0.538335,6.570305,
7,0.438457,0.761813,0.502855,0.306668,0.381219,15.901076,26.740717,0.130897,0.220135,0.250202,0.261505,14.037152,30.173558,28.638277,0.568042,0.000000,
8,0.416982,0.745459,0.495190,0.341545,0.325489,15.901076,15.901076,0.149458,0.227186,0.243577,0.240322,14.425205,30.391525,28.962370,0.575175,0.000000,
