Frame,integer_adm2,integer_adm_scale0,integer_adm_scale1,integer_adm_scale2,integer_adm_scale3,integer_motion2,integer_motion,integer_vif_scale0,integer_vif_scale1,integer_vif_scale2,integer_vif_scale3,psnr_y,psnr_cb,psnr_cr,float_ssim,vmaf,
0,0.833946,0.826269,0.777924,0.781733,0.886891,0.000000,0.000000,0.467012,0.715369,0.755486,0.784029,21.718003,41.880219,37.147400,0.904550,39.681143,
1,0.976609,0.978295,0.967573,0.973216,0.981734,28.305254,29.954386,0.919673,0.967022,0.975797,0.982103,39.457924,60.046143,57.569583,0.995754,100.000000,
2,0.833299,0.802179,0.818959,0.872099,0.825015,28.305254,28.305254,0.419746,0.712510,0.737682,0.741451,21.084747,43.261051,41.571868,0.886302,63.652480,
3,0.722866,0.765769,0.736914,0.712030,0.712298,34.227451,34.227451,0.275877,0.485074,0.522962,0.548136,15.715414,47.065276,46.144873,0.773106,40.076565,
4,0.810610,0.807542,0.784500,0.807658,0.822772,31.030752,36.579582,0.363175,0.627627,0.667815,0.686405,17.710698,46.171165,45.919407,0.848994,57.667605,
5,0.990417,0.982618,0.982633,0.987544,0.997330,31.030752,31.030752,0.946962,0.987646,0.992195,0.995389,43.470022,67.443439,64.496179,0.998169,100.000000,
6,0.982320,0.972797,0.974104,0.979204,0.991365,26.740717,37.034451,0.944402,0.984390,0.989663,0.993365,44.061012,67.626396,64.375142,0.998410,100.000000,
7,0.967708,0.965536,0.955500,0.965119,0.975477,15.901076,26.740717,0.919522,0.970788,0.977918,0.981925,41.735477,61.725793,59.777900,0.997132,100.000000,
8,0.773539,0.822372,0.756469,0.776997,0.762024,15.901076,15.901076,0.443185,0.661481,0.700320,0.727385,23.594506,38.216140,38.520036,0.890300,40.668403,
