Frame,integer_adm2,integer_adm_scale0,integer_adm_scale1,integer_adm_scale2,integer_adm_scale3,integer_motion2,integer_motion,integer_vif_scale0,integer_vif_scale1,integer_vif_scale2,integer_vif_scale3,psnr_y,psnr_cb,psnr_cr,float_ssim,vmaf,
0,0.348859,0.712951,0.442210,0.252376,0.271709,0.000000,0.000000,0.136437,0.192888,0.206761,0.200788,12.936791,30.724305,27.735053,0.562807,0.000000,
1,0.357298,0.668286,0.433058,0.312818,0.261349,28.305254,29.954386,0.109230,0.160033,0.171209,0.168442,12.621379,30.162319,27.149211,0.524517,7.054701,
2,0.434235,0.679552,0.453523,0.367204,0.390522,28.305254,28.305254,0.103528,0.157455,0.169086,0.169572,12.354436,29.916515,26.860886,0.525271,12.182497,
3,0.467955,0.662422,0.485737,0.429616,0.430780,34.227451,34.227451,0.089541,0.135455,0.150536,0.168735,13.656806,32.994331,29.573166,0.563235,20.666093,
4,0.425258,0.651729,0.449774,0.348365,0.398358,31.030752,36.579582,0.091247,0.143649,0.158319,0.177263,13.261137,32.870435,29.728977,0.552819,14.568640,
5,0.391594,0.702082,0.471544,0.362241,0.284915,31.030752,31.030752,0.091912,0.140629,0.149826,0.158801,12.333167,31.704749,29.451254,0.532942,12.857070,
6,0.423422,0.756611,0.534596,0.397495,0.271665,26.740717,37.034451,0.108233,0.203574,0.235135,0.249697,10.566869,29.464312,27.648865,0.554597,6.420049,
7,0.384049,0.756115,0.485410,0.320504,0.247792,15.901076,26.740717,0.123449,0.211320,0.236687,0.253296,12.167811,29.262787,27.697287,0.568429,0.000000,
8,0.343818,0.748374,0.493863,0.284263,0.188623,15.901076,15.901076,0.141313,0.219474,0.230365,0.224977,12.657735,29.504813,27.745719,0.567784,0.000000,
