Frame,integer_adm2,integer_adm_scale0,integer_adm_scale1,integer_adm_scale2,integer_adm_scale3,integer_motion2,integer_motion,integer_vif_scale0,integer_vif_scale1,integer_vif_scale2,integer_vif_scale3,psnr_y,psnr_cb,psnr_cr,float_ssim,vmaf,
0,0.328395,0.709716,0.427167,0.295245,0.206769,0.000000,0.000000,0.126036,0.175684,0.185396,0.178887,13.737970,30.308153,27.782642,0.610339,0.000000,
1,0.326597,0.686728,0.393536,0.265591,0.229497,28.305254,29.954386,0.105563,0.156110,0.165896,0.163012,13.130888,31.800953,28.478170,0.562500,5.753087,
2,0.320244,0.664050,0.432854,0.248916,0.211018,28.305254,28.305254,0.100826,0.153691,0.163364,0.166869,12.530665,30.922881,27.217396,0.553535,5.590592,
3,0.389339,0.655579,0.462418,0.431252,0.265666,34.227451,34.227451,0.067712,0.096899,0.103804,0.112430,13.264892,31.915261,30.478804,0.562116,18.901706,
4,0.319365,0.652635,0.428867,0.244006,0.231191,31.030752,36.579582,0.061682,0.089638,0.097277,0.104576,12.673077,31.769045,30.242487,0.554120,13.460548,
5,0.325012,0.707021,0.439423,0.275919,0.195042,31.030752,31.030752,0.079281,0.118426,0.128514,0.131255,12.665013,30.822389,29.514556,0.569954,11.079907,
6,0.383916,0.753673,0.501529,0.391684,0.193959,26.740717,37.034451,0.091036,0.170882,0.199182,0.198330,10.454762,29.247015,27.959658,0.572616,6.197554,
7,0.396113,0.773769,0.484663,0.301578,0.283979,15.901076,26.740717,0.111843,0.184971,0.221995,0.222718,12.447471,29.345755,28.211191,0.606500,0.000000,
8,0.433231,0.751164,0.483662,0.389020,0.336432,15.901076,15.901076,0.133245,0.205404,0.223767,0.228597,13.300484,29.738385,28.425691,0.622548,0.000000,
