Frame,integer_adm2,integer_adm_scale0,integer_adm_scale1,integer_adm_scale2,integer_adm_scale3,integer_motion2,integer_motion,integer_vif_scale0,integer_vif_scale1,integer_vif_scale2,integer_vif_scale3,psnr_y,psnr_cb,psnr_cr,float_ssim,vmaf,
0,0.331002,0.726848,0.442465,0.285846,0.208012,0.000000,0.000000,0.134675,0.195293,0.212627,0.215098,14.657455,30.161738,27.241630,0.550667,0.000000,
1,0.368378,0.685859,0.466229,0.366205,0.235572,28.305254,29.954386,0.107945,0.163249,0.181405,0.193060,13.956274,29.297404,26.916381,0.519321,7.124962,
2,0.410182,0.682735,0.496803,0.377920,0.309768,28.305254,28.305254,0.106211,0.163009,0.181249,0.190307,13.482383,28.735436,26.162142,0.511797,9.855808,
3,0.427762,0.658295,0.448219,0.410508,0.367570,34.227451,34.227451,0.076997,0.122159,0.138747,0.152124,13.331833,31.222572,29.077647,0.503848,18.885236,
4,0.407752,0.660154,0.456400,0.403526,0.323686,31.030752,36.579582,0.083290,0.130703,0.146117,0.162285,14.231291,32.834170,30.386968,0.519389,14.417368,
5,0.427516,0.718791,0.530468,0.474776,0.274462,31.030752,31.030752,0.099667,0.158227,0.175284,0.191382,14.661447,31.625702,29.759423,0.542632,13.592602,
6,0.461297,0.764613,0.553990,0.407247,0.346839,26.740717,37.034451,0.113625,0.213210,0.252104,0.287334,12.595267,29.795158,27.990276,0.538775,8.676086,
7,0.411919,0.758036,0.543973,0.336267,0.279913,15.901076,26.740717,0.130859,0.220810,0.258483,0.277113,14.568226,29.111613,27.588066,0.550494,0.000000,
8,0.413630,0.757782,0.527365,0.364775,0.285985,15.901076,15.901076,0.147568,0.230927,0.249556,0.256446,14.705067,28.793119,27.282227,0.550432,0.000000,
