Frame,integer_adm2,integer_adm_scale0,integer_adm_scale1,integer_adm_scale2,integer_adm_scale3,integer_motion2,integer_motion,integer_vif_scale0,integer_vif_scale1,integer_vif_scale2,integer_vif_scale3,psnr_y,psnr_cb,psnr_cr,float_ssim,vmaf,
0,0.327930,0.721761,0.450356,0.298384,0.192348,0.000000,0.000000,0.130442,0.185032,0.195417,0.188717,12.057000,30.398919,28.114367,0.520925,0.000000,
1,0.334748,0.700023,0.420475,0.323820,0.197662,28.305254,29.954386,0.106455,0.158210,0.171784,0.174809,12.316007,31.740483,28.690090,0.493616,5.816247,
2,0.332617,0.696891,0.438656,0.331428,0.176589,28.305254,28.305254,0.103818,0.159083,0.172403,0.179198,12.453825,31.084027,27.448420,0.494893,5.622515,
3,0.434719,0.685708,0.493383,0.377152,0.378218,34.227451,34.227451,0.077528,0.117844,0.130614,0.141631,13.458060,31.730926,30.359304,0.520562,19.789558,
4,0.366508,0.702209,0.437042,0.317329,0.277241,31.030752,36.579582,0.072129,0.114094,0.125934,0.133234,13.329397,31.694262,30.284108,0.512814,13.540964,
5,0.325364,0.704915,0.420974,0.312543,0.182687,31.030752,31.030752,0.085123,0.133129,0.141672,0.138407,12.534420,30.761107,29.521690,0.497795,9.962852,
6,0.444047,0.772338,0.558774,0.363568,0.328412,26.740717,37.034451,0.095363,0.183781,0.205116,0.205026,11.049316,29.275227,28.097224,0.506710,9.619412,
7,0.467458,0.773136,0.560545,0.341900,0.400125,15.901076,26.740717,0.118605,0.202685,0.217939,0.194114,11.726870,29.392107,28.341406,0.512283,2.090563,
8,0.402524,0.739135,0.519336,0.328593,0.292058,15.901076,15.901076,0.138746,0.215636,0.227644,0.213748,12.225593,29.811138,28.567703,0.525922,0.000000,
