Frame,integer_adm2,integer_adm_scale0,integer_adm_scale1,integer_adm_scale2,integer_adm_scale3,integer_motion2,integer_motion,integer_vif_scale0,integer_vif_scale1,integer_vif_scale2,integer_vif_scale3,psnr_y,psnr_cb,psnr_cr,float_ssim,vmaf,
0,0.341338,0.713641,0.445396,0.275253,0.240010,0.000000,0.000000,0.149608,0.214642,0.236525,0.245191,16.629000,29.747543,26.979131,0.674679,0.000000,
1,0.296822,0.673750,0.415772,0.247468,0.167110,28.305254,29.954386,0.112274,0.163417,0.179691,0.190504,15.072084,28.434453,26.048873,0.602425,3.228730,
2,0.293806,0.639780,0.386471,0.255459,0.171633,28.305254,28.305254,0.107981,0.162121,0.178841,0.185454,14.652897,27.816936,25.397145,0.578770,3.249426,
3,0.297839,0.609017,0.378184,0.251660,0.210361,34.227451,34.227451,0.081312,0.122067,0.136619,0.148820,14.697846,30.687315,28.655664,0.557280,11.788775,
4,0.302158,0.635504,0.375259,0.250678,0.213886,31.030752,36.579582,0.092875,0.136690,0.149159,0.157465,15.031805,31.978354,30.023242,0.596295,8.197649,
5,0.357265,0.704547,0.440000,0.307856,0.249873,31.030752,31.030752,0.112395,0.168680,0.181827,0.187194,15.755055,31.262219,29.342865,0.637964,8.459288,
6,0.414667,0.752115,0.518198,0.349426,0.290513,26.740717,37.034451,0.118031,0.208271,0.229941,0.232812,12.640059,29.430199,27.600829,0.644252,5.641834,
7,0.390751,0.750388,0.503795,0.319973,0.258785,15.901076,26.740717,0.143583,0.235242,0.259266,0.263898,15.453412,28.713367,27.175740,0.676102,0.000000,
8,0.406218,0.771001,0.514271,0.346145,0.281148,15.901076,15.901076,0.160757,0.251105,0.271942,0.274357,16.073753,28.346791,26.729688,0.680011,0.000000,
