Frame,integer_adm2,integer_adm_scale0,integer_adm_scale1,integer_adm_scale2,integer_adm_scale3,integer_motion2,integer_motion,integer_vif_scale0,integer_vif_scale1,integer_vif_scale2,integer_vif_scale3,psnr_y,psnr_cb,psnr_cr,float_ssim,vmaf,
0,0.306660,0.712608,0.432901,0.269550,0.170856,0.000000,0.000000,0.136520,0.193962,0.208146,0.200884,15.041217,30.390621,27.512854,0.670381,0.000000,
1,0.254356,0.655224,0.359378,0.190577,0.131802,28.305254,29.954386,0.106757,0.156355,0.166087,0.163714,14.545905,29.913780,27.412666,0.608039,2.370936,
2,0.254039,0.630630,0.377950,0.178037,0.132871,28.305254,28.305254,0.102179,0.153849,0.165127,0.163584,14.250244,29.786689,27.166818,0.590635,2.538713,
3,0.270151,0.613580,0.334602,0.236408,0.172575,34.227451,34.227451,0.087065,0.126024,0.139411,0.152365,15.115461,32.166440,30.342193,0.588796,10.274139,
4,0.296476,0.635872,0.363021,0.253269,0.204296,31.030752,36.579582,0.085993,0.131174,0.144099,0.148244,15.242250,33.073625,30.818045,0.626580,8.477910,
5,0.347824,0.695672,0.430950,0.276917,0.252300,31.030752,31.030752,0.092211,0.140860,0.147911,0.141998,14.903606,31.679021,30.523514,0.638331,10.535554,
6,0.373962,0.747059,0.469057,0.314966,0.236405,26.740717,37.034451,0.099861,0.184738,0.202768,0.194655,11.920433,29.895786,28.566006,0.651689,4.822563,
7,0.389534,0.742916,0.491681,0.308327,0.271472,15.901076,26.740717,0.118172,0.200467,0.221482,0.213919,14.310479,28.980793,27.913226,0.679308,0.000000,
8,0.391712,0.739201,0.469343,0.264037,0.327333,15.901076,15.901076,0.135685,0.210808,0.220259,0.203570,14.807793,28.914200,27.706021,0.673762,0.000000,
