Frame,integer_adm2,integer_adm_scale0,integer_adm_scale1,integer_adm_scale2,integer_adm_scale3,integer_motion2,integer_motion,integer_vif_scale0,integer_vif_scale1,integer_vif_scale2,integer_vif_scale3,psnr_y,psnr_cb,psnr_cr,float_ssim,vmaf,
0,0.320399,0.711885,0.463299,0.266311,0.192912,0.000000,0.000000,0.108005,0.148878,0.147510,0.134887,10.765990,28.170896,26.887074,0.548983,0.000000,
1,0.342087,0.691497,0.402808,0.287216,0.246844,28.305254,29.954386,0.085520,0.125951,0.127750,0.117142,10.795617,28.019012,27.173167,0.529394,9.642328,
2,0.291674,0.651581,0.374031,0.243685,0.175138,28.305254,28.305254,0.078987,0.120670,0.121545,0.111581,11.024183,28.014714,27.291415,0.532131,7.781906,
3,0.261235,0.615347,0.351696,0.202636,0.165554,34.227451,34.227451,0.043767,0.061641,0.056558,0.055494,10.904706,27.105244,26.963331,0.478211,16.975981,
4,0.254319,0.632354,0.355447,0.221208,0.133140,31.030752,36.579582,0.040468,0.059642,0.054809,0.057731,12.088220,27.358379,27.017967,0.517793,14.460455,
5,0.341907,0.691231,0.427953,0.297399,0.229870,31.030752,31.030752,0.058300,0.089914,0.087013,0.079967,12.404320,27.800821,27.519935,0.551733,15.203673,
6,0.358948,0.743838,0.474443,0.270174,0.227902,26.740717,37.034451,0.076104,0.142854,0.152430,0.144551,14.621225,29.660959,28.326641,0.588998,7.679464,
7,0.375654,0.748239,0.493811,0.311909,0.232108,15.901076,26.740717,0.092491,0.152935,0.160504,0.147191,12.492445,28.795053,28.011829,0.596639,0.106347,
8,0.370942,0.749333,0.485922,0.309360,0.239591,15.901076,15.901076,0.110881,0.169052,0.168312,0.148978,11.860739,28.401134,27.807455,0.591527,0.000000,
