Frame,integer_adm2,integer_adm_scale0,integer_adm_scale1,integer_adm_scale2,integer_adm_scale3,integer_motion2,integer_motion,integer_vif_scale0,integer_vif_scale1,integer_vif_scale2,integer_vif_scale3,psnr_y,psnr_cb,psnr_cr,float_ssim,vmaf,
0,0.311895,0.709765,0.443695,0.254166,0.188691,0.000000,0.000000,0.137612,0.198213,0.214928,0.210862,13.066221,30.706983,27.792829,0.537973,0.000000,
1,0.379776,0.689079,0.401546,0.309725,0.321284,28.305254,29.954386,0.113439,0.169111,0.179500,0.178115,13.174818,30.442912,27.322337,0.513774,7.688644,
2,0.412376,0.673754,0.472800,0.324510,0.359992,28.305254,28.305254,0.108593,0.165898,0.178802,0.182647,13.131659,30.194029,27.043121,0.516679,9.964895,
3,0.432499,0.664921,0.493040,0.397726,0.367128,34.227451,34.227451,0.090838,0.141428,0.158637,0.176610,14.352490,33.200279,29.793906,0.560380,17.709970,
4,0.384336,0.676752,0.415097,0.282395,0.351441,31.030752,36.579582,0.088848,0.141158,0.156131,0.177433,13.686455,32.662679,29.728769,0.533628,12.101765,
5,0.399268,0.718929,0.476168,0.332261,0.312338,31.030752,31.030752,0.096270,0.148326,0.159828,0.163239,13.008345,31.563832,29.378064,0.521853,12.702286,
6,0.407375,0.756933,0.529319,0.354483,0.262770,26.740717,37.034451,0.112185,0.212016,0.247382,0.243586,11.132988,29.489810,27.700156,0.527658,4.631500,
7,0.419355,0.766108,0.485108,0.329837,0.324904,15.901076,26.740717,0.123268,0.208092,0.236789,0.236988,12.688997,29.285143,27.738090,0.540044,0.000000,
8,0.353126,0.741341,0.498726,0.285047,0.210495,15.901076,15.901076,0.142616,0.222035,0.237904,0.222816,13.130239,29.556235,27.814722,0.541921,0.000000,
