Frame,integer_adm2,integer_adm_scale0,integer_adm_scale1,integer_adm_scale2,integer_adm_scale3,integer_motion2,integer_motion,integer_vif_scale0,integer_vif_scale1,integer_vif_scale2,integer_vif_scale3,psnr_y,psnr_cb,psnr_cr,float_ssim,vmaf,
0,0.316459,0.705972,0.461212,0.246605,0.198269,0.000000,0.000000,0.142161,0.204094,0.222404,0.221557,13.342867,30.757598,27.807013,0.556964,0.000000,
1,0.347589,0.672245,0.418124,0.283633,0.261640,28.305254,29.954386,0.113828,0.168295,0.181153,0.181255,13.436025,30.633273,27.473417,0.528852,5.735625,
2,0.430170,0.667079,0.451606,0.328578,0.409427,28.305254,28.305254,0.111044,0.168937,0.183482,0.191436,13.498891,30.305977,27.187281,0.534769,10.895213,
3,0.457065,0.657711,0.472862,0.381690,0.440423,34.227451,34.227451,0.097568,0.150423,0.169629,0.194022,14.186306,33.236619,29.929509,0.570082,18.710263,
4,0.372412,0.647056,0.421286,0.265151,0.340656,31.030752,36.579582,0.096409,0.151354,0.166529,0.181231,14.022971,32.842365,29.910589,0.551997,10.612593,
5,0.387313,0.705806,0.466125,0.299098,0.312029,31.030752,31.030752,0.101082,0.157116,0.171926,0.183159,13.542144,31.662451,29.548719,0.543757,11.105484,
6,0.420481,0.754157,0.516545,0.398731,0.272316,26.740717,37.034451,0.114631,0.212245,0.246097,0.246076,11.472740,29.596619,27.859367,0.554385,5.582267,
7,0.420440,0.761894,0.488574,0.328593,0.328436,15.901076,26.740717,0.127945,0.214972,0.242958,0.246143,13.100137,29.343544,27.890691,0.561065,0.000000,
8,0.353726,0.752279,0.485831,0.291756,0.209171,15.901076,15.901076,0.147819,0.229844,0.246937,0.232332,13.471718,29.513872,27.897723,0.560276,0.000000,
