Frame,integer_adm2,integer_adm_scale0,integer_adm_scale1,integer_adm_scale2,integer_adm_scale3,integer_motion2,integer_motion,integer_vif_scale0,integer_vif_scale1,integer_vif_scale2,integer_vif_scale3,psnr_y,psnr_cb,psnr_cr,float_ssim,vmaf,
0,0.320872,0.705556,0.453242,0.261545,0.202109,0.000000,0.000000,0.139759,0.199024,0.217195,0.219451,13.039189,30.755175,27.816465,0.565496,0.000000,
1,0.337608,0.670179,0.422079,0.281779,0.238780,28.305254,29.954386,0.112868,0.166163,0.178967,0.183101,13.163191,30.613038,27.465300,0.535842,5.312335,
2,0.438694,0.671400,0.477505,0.366274,0.394467,28.305254,28.305254,0.111806,0.169299,0.184844,0.193614,13.252311,30.334341,27.217448,0.541552,11.446823,
3,0.461420,0.654090,0.455074,0.402400,0.445652,34.227451,34.227451,0.097209,0.149103,0.168425,0.189875,14.057300,33.213194,29.907012,0.570658,19.124867,
4,0.453739,0.655330,0.448662,0.373935,0.446183,31.030752,36.579582,0.099744,0.158989,0.178465,0.199047,14.243918,32.810420,29.886687,0.572248,15.336377,
5,0.380048,0.707953,0.465497,0.300482,0.294529,31.030752,31.030752,0.101926,0.156225,0.170512,0.187977,13.219217,31.655310,29.542961,0.549419,10.684190,
6,0.415686,0.754073,0.517269,0.412535,0.251201,26.740717,37.034451,0.117626,0.222876,0.261342,0.278333,11.308642,29.581078,27.875237,0.566178,4.455599,
7,0.406788,0.760525,0.493479,0.328406,0.293375,15.901076,26.740717,0.130336,0.224520,0.253926,0.271427,12.750189,29.350059,27.903206,0.569970,0.000000,
8,0.346106,0.749355,0.480245,0.272542,0.206553,15.901076,15.901076,0.150003,0.233938,0.250839,0.253637,13.141394,29.525925,27.909885,0.571610,0.000000,
