Frame,integer_adm2,integer_adm_scale0,integer_adm_scale1,integer_adm_scale2,integer_adm_scale3,integer_motion2,integer_motion,integer_vif_scale0,integer_vif_scale1,integer_vif_scale2,integer_vif_scale3,psnr_y,psnr_cb,psnr_cr,float_ssim,vmaf,
0,0.438191,0.731628,0.501262,0.400652,0.356311,0.000000,0.000000,0.149847,0.216855,0.227435,0.219242,10.067673,29.799289,28.774177,0.536398,0.000000,
1,0.423758,0.685667,0.490500,0.445378,0.305114,28.305254,29.954386,0.107628,0.169175,0.180473,0.187364,13.719157,29.034652,28.663796,0.548213,10.543518,
2,0.413594,0.658430,0.439325,0.422362,0.321005,28.305254,28.305254,0.095195,0.152798,0.159027,0.154760,11.554541,23.390564,21.638052,0.525079,11.379116,
3,0.503450,0.639547,0.524788,0.538461,0.438277,34.227451,34.227451,0.221962,0.366370,0.386730,0.400498,17.391791,44.044249,43.676900,0.759854,12.400012,
4,0.556835,0.679356,0.562197,0.563218,0.517994,31.030752,36.579582,0.270347,0.461147,0.488192,0.500174,17.476518,42.671196,42.419294,0.806002,14.128163,
5,0.729852,0.773061,0.720612,0.781727,0.690997,31.030752,31.030752,0.383976,0.629503,0.657784,0.673471,20.681090,45.030768,44.521370,0.875274,43.396368,
6,0.982859,0.975231,0.980139,0.981967,0.987386,26.740717,37.034451,0.940999,0.984333,0.990378,0.993670,45.360562,64.028675,62.352008,0.998473,100.000000,
7,0.980577,0.975583,0.968695,0.980157,0.987785,15.901076,26.740717,0.945198,0.984457,0.988508,0.990550,44.152893,64.420760,63.196367,0.998607,100.000000,
8,0.758993,0.820520,0.753275,0.763848,0.737896,15.901076,15.901076,0.439029,0.645447,0.679651,0.698960,23.968466,37.587686,37.820929,0.893063,36.245567,
