Frame,integer_adm2,integer_adm_scale0,integer_adm_scale1,integer_adm_scale2,integer_adm_scale3,integer_motion2,integer_motion,integer_vif_scale0,integer_vif_scale1,integer_vif_scale2,integer_vif_scale3,psnr_y,psnr_cb,psnr_cr,float_ssim,vmaf,
0,0.314462,0.711622,0.425808,0.256894,0.198543,0.000000,0.000000,0.109882,0.151036,0.149884,0.137407,10.903986,28.447721,27.456776,0.552464,0.000000,
1,0.327672,0.671510,0.412567,0.268998,0.227042,28.305254,29.954386,0.086860,0.126654,0.129278,0.120019,10.849335,28.403168,27.855829,0.531608,8.785082,
2,0.288135,0.650835,0.391468,0.213576,0.178649,28.305254,28.305254,0.082529,0.124637,0.125616,0.112782,11.116274,28.556709,28.244230,0.537865,7.283031,
3,0.257709,0.616905,0.338583,0.217790,0.153357,34.227451,34.227451,0.045509,0.063493,0.058818,0.055610,11.059021,27.205037,27.004437,0.481314,16.690423,
4,0.256727,0.631504,0.339687,0.227469,0.140966,31.030752,36.579582,0.041806,0.062145,0.058729,0.058746,12.353901,27.577793,27.362782,0.520264,14.275333,
5,0.353420,0.693024,0.440271,0.300874,0.248548,31.030752,31.030752,0.059761,0.092264,0.089685,0.083671,12.628814,27.923511,27.880613,0.556802,15.529219,
6,0.374542,0.743592,0.504566,0.296858,0.235687,26.740717,37.034451,0.077104,0.144062,0.151291,0.139882,14.690197,29.815244,29.048199,0.593883,8.597986,
7,0.403259,0.747844,0.522512,0.294834,0.299141,15.901076,26.740717,0.090942,0.150335,0.159926,0.146396,12.488170,29.032523,28.702848,0.599274,1.991199,
8,0.361669,0.754108,0.489402,0.301845,0.219505,15.901076,15.901076,0.112767,0.171682,0.171860,0.152107,11.876281,28.667459,28.454840,0.591326,0.000000,
