Frame,integer_adm2,integer_adm_scale0,integer_adm_scale1,integer_adm_scale2,integer_adm_scale3,integer_motion2,integer_motion,integer_vif_scale0,integer_vif_scale1,integer_vif_scale2,integer_vif_scale3,psnr_y,psnr_cb,psnr_cr,float_ssim,vmaf,
0,0.322738,0.714308,0.476613,0.248341,0.203478,0.000000,0.000000,0.140449,0.201320,0.218566,0.216101,13.778907,30.839196,27.805266,0.557424,0.000000,
1,0.388906,0.690233,0.427377,0.344755,0.310223,28.305254,29.954386,0.111223,0.165624,0.179169,0.180733,13.690828,30.411518,27.296935,0.524997,8.421206,
2,0.482013,0.672810,0.454468,0.361951,0.506603,28.305254,28.305254,0.106541,0.162455,0.176810,0.182428,13.508813,30.026514,27.004805,0.528517,15.272661,
3,0.482175,0.659754,0.468717,0.408364,0.481715,34.227451,34.227451,0.094041,0.144674,0.161841,0.181192,14.136686,32.952870,29.638294,0.564342,21.029949,
4,0.393975,0.654166,0.426179,0.292277,0.369150,31.030752,36.579582,0.092096,0.143116,0.157277,0.171500,13.943664,33.113464,29.937012,0.549456,12.613117,
5,0.450080,0.718511,0.472885,0.389770,0.395186,31.030752,31.030752,0.099190,0.154079,0.167077,0.173909,13.602621,31.836385,29.650398,0.542504,15.641226,
6,0.455154,0.771530,0.511201,0.399360,0.352902,26.740717,37.034451,0.112611,0.208690,0.240528,0.246488,11.470387,29.708812,27.866083,0.555599,8.524167,
7,0.438052,0.763394,0.523424,0.383423,0.319685,15.901076,26.740717,0.128487,0.215524,0.243155,0.250342,13.391404,29.438688,27.896037,0.563714,0.000000,
8,0.350306,0.749713,0.480717,0.298730,0.199546,15.901076,15.901076,0.146609,0.228434,0.244394,0.229813,13.825617,29.514763,27.841007,0.561361,0.000000,
