Frame,integer_adm2,integer_adm_scale0,integer_adm_scale1,integer_adm_scale2,integer_adm_scale3,integer_motion2,integer_motion,integer_vif_scale0,integer_vif_scale1,integer_vif_scale2,integer_vif_scale3,psnr_y,psnr_cb,psnr_cr,float_ssim,vmaf,
0,0.341356,0.712250,0.479222,0.312091,0.206602,0.000000,0.000000,0.144918,0.211037,0.228373,0.229074,14.932477,32.287159,28.608594,0.590581,0.000000,
1,0.385811,0.684418,0.475571,0.356146,0.278940,28.305254,29.954386,0.119075,0.176999,0.191848,0.196751,14.869359,32.445559,29.248676,0.576035,7.266504,
2,0.386593,0.690441,0.473890,0.364169,0.270042,28.305254,28.305254,0.114532,0.175812,0.190817,0.199235,15.031254,31.835896,29.413488,0.580188,7.406951,
3,0.388543,0.633033,0.450582,0.359848,0.315814,34.227451,34.227451,0.083048,0.132529,0.146547,0.158400,13.805053,30.936049,27.562453,0.506414,15.730277,
4,0.406079,0.669228,0.454444,0.369840,0.337354,31.030752,36.579582,0.090447,0.148918,0.167790,0.181235,13.781894,31.101226,27.594920,0.526937,12.832943,
5,0.381541,0.712652,0.499666,0.323056,0.270742,31.030752,31.030752,0.112776,0.178563,0.195608,0.206463,14.694846,31.760847,28.585257,0.563602,9.067500,
6,0.416386,0.760534,0.518590,0.401579,0.257209,26.740717,37.034451,0.118355,0.215298,0.242431,0.250033,11.944461,30.310608,28.095605,0.543174,5.184504,
7,0.358203,0.751671,0.486596,0.297608,0.200579,15.901076,26.740717,0.129479,0.218595,0.244332,0.249531,14.168766,30.702814,28.676434,0.569833,0.000000,
8,0.436255,0.759272,0.485900,0.326823,0.379485,15.901076,15.901076,0.149027,0.227710,0.241882,0.237068,14.694283,30.993541,29.072085,0.582694,0.000000,
