Frame,integer_adm2,integer_adm_scale0,integer_adm_scale1,integer_adm_scale2,integer_adm_scale3,integer_motion2,integer_motion,integer_vif_scale0,integer_vif_scale1,integer_vif_scale2,integer_vif_scale3,psnr_y,psnr_cb,psnr_cr,float_ssim,vmaf,
0,0.325315,0.718282,0.444841,0.281702,0.199378,0.000000,0.000000,0.140386,0.203374,0.221515,0.224412,14.439289,31.534826,28.533176,0.575904,0.000000,
1,0.425704,0.694182,0.507577,0.353319,0.357547,28.305254,29.954386,0.117808,0.176275,0.192653,0.198723,14.721892,32.116828,29.371481,0.574266,9.981247,
2,0.433012,0.691491,0.488188,0.368869,0.369091,28.305254,28.305254,0.114915,0.172230,0.187458,0.195073,14.757495,31.582150,29.242775,0.583312,10.826322,
3,0.376737,0.648011,0.444013,0.350346,0.293457,34.227451,34.227451,0.076721,0.118120,0.131566,0.140577,13.468174,31.219730,28.271941,0.502122,16.221269,
4,0.442419,0.672192,0.440486,0.383226,0.414367,31.030752,36.579582,0.086617,0.144546,0.164149,0.181350,13.711648,31.367440,28.275944,0.529740,15.593876,
5,0.441000,0.739672,0.536520,0.447755,0.311502,31.030752,31.030752,0.109518,0.174582,0.193074,0.204736,14.402384,31.643557,29.199029,0.560531,13.370780,
6,0.415481,0.754802,0.489193,0.363729,0.294633,26.740717,37.034451,0.117080,0.210924,0.237921,0.254542,11.884701,29.937350,28.310024,0.540189,5.393520,
7,0.441896,0.759660,0.498435,0.354602,0.360445,15.901076,26.740717,0.129192,0.218812,0.247502,0.255007,13.954113,30.099843,28.733669,0.569976,0.000000,
8,0.420429,0.745474,0.487564,0.351101,0.330590,15.901076,15.901076,0.149112,0.227870,0.245715,0.243119,14.454788,30.336963,28.975394,0.577988,0.000000,
