Frame,integer_adm2,integer_adm_scale0,integer_adm_scale1,integer_adm_scale2,integer_adm_scale3,integer_motion2,integer_motion,integer_vif_scale0,integer_vif_scale1,integer_vif_scale2,integer_vif_scale3,psnr_y,psnr_cb,psnr_cr,float_ssim,vmaf,
0,0.316977,0.713628,0.476120,0.253118,0.188163,0.000000,0.000000,0.140160,0.200838,0.217679,0.215289,13.766767,30.855225,27.818276,0.558089,0.000000,
1,0.388291,0.679576,0.431296,0.345039,0.310317,28.305254,29.954386,0.111142,0.165178,0.178524,0.179940,13.677704,30.427848,27.313762,0.526598,8.423189,
2,0.481849,0.671974,0.454414,0.361817,0.506587,28.305254,28.305254,0.106368,0.162028,0.176246,0.182173,13.500340,30.051106,27.024760,0.530596,15.291664,
3,0.482189,0.659401,0.466761,0.408017,0.482766,34.227451,34.227451,0.093492,0.143912,0.161010,0.180712,14.115562,32.951079,29.669537,0.564401,21.083005,
4,0.387805,0.653926,0.426143,0.287817,0.358132,31.030752,36.579582,0.091636,0.142461,0.156252,0.170241,13.947015,33.179615,29.971717,0.549991,12.295864,
5,0.450739,0.721725,0.473317,0.388661,0.396166,31.030752,31.030752,0.099119,0.154548,0.167720,0.175224,13.615145,31.854595,29.672055,0.543859,15.647973,
6,0.455145,0.769779,0.509941,0.398956,0.354325,26.740717,37.034451,0.112726,0.208828,0.240613,0.246615,11.468976,29.726356,27.883360,0.557417,8.515308,
7,0.413089,0.760066,0.502294,0.312534,0.315806,15.901076,26.740717,0.128079,0.214911,0.242924,0.250047,13.381764,29.454020,27.912245,0.565395,0.000000,
8,0.351171,0.755876,0.482500,0.295845,0.200679,15.901076,15.901076,0.146500,0.228001,0.244395,0.230513,13.812275,29.526554,27.854455,0.563190,0.000000,
