Frame,integer_adm2,integer_adm_scale0,integer_adm_scale1,integer_adm_scale2,integer_adm_scale3,integer_motion2,integer_motion,integer_vif_scale0,integer_vif_scale1,integer_vif_scale2,integer_vif_scale3,psnr_y,psnr_cb,psnr_cr,float_ssim,vmaf,
0,0.341394,0.710069,0.454521,0.292587,0.227598,0.000000,0.000000,0.138659,0.204132,0.225154,0.229832,14.323937,30.205514,27.254091,0.557235,0.000000,
1,0.389829,0.684997,0.452592,0.355990,0.297125,28.305254,29.954386,0.110032,0.167870,0.187474,0.203469,13.787702,29.347546,26.986772,0.526176,8.045582,
2,0.430749,0.690235,0.478386,0.368904,0.368108,28.305254,28.305254,0.108696,0.168647,0.187144,0.203489,13.648931,28.786493,26.226441,0.520582,10.825565,
3,0.399389,0.656686,0.448008,0.394277,0.314467,34.227451,34.227451,0.077330,0.122098,0.137197,0.151818,13.467620,31.161139,29.041778,0.503716,17.136344,
4,0.409306,0.667097,0.436379,0.386865,0.342085,31.030752,36.579582,0.084538,0.132738,0.147431,0.166452,14.047814,32.785112,30.371559,0.524707,14.355684,
5,0.413139,0.695308,0.470417,0.368219,0.332354,31.030752,31.030752,0.102862,0.162471,0.178479,0.193155,14.992503,31.671895,29.801455,0.544461,12.330436,
6,0.451092,0.761058,0.528844,0.384569,0.348864,26.740717,37.034451,0.115047,0.210566,0.239421,0.245099,12.442365,29.865487,28.051069,0.527144,8.125498,
7,0.418187,0.753402,0.517735,0.298211,0.333644,15.901076,26.740717,0.130997,0.219027,0.250042,0.265575,14.048792,29.109128,27.590562,0.538999,0.000000,
8,0.412956,0.747687,0.521423,0.362015,0.291833,15.901076,15.901076,0.151983,0.239297,0.261703,0.269672,14.240997,28.827033,27.311530,0.548956,0.000000,
