Frame,integer_adm2,integer_adm_scale0,integer_adm_scale1,integer_adm_scale2,integer_adm_scale3,integer_motion2,integer_motion,integer_vif_scale0,integer_vif_scale1,integer_vif_scale2,integer_vif_scale3,psnr_y,psnr_cb,psnr_cr,float_ssim,vmaf,
0,0.976558,0.971982,0.961738,0.968792,0.987674,0.000000,0.000000,0.931481,0.976590,0.983065,0.986818,41.365392,63.394850,61.011003,0.997688,90.389441,
1,0.830855,0.810020,0.814141,0.872577,0.817766,28.305254,29.954386,0.412522,0.647601,0.671780,0.683600,20.536692,42.451911,41.320405,0.855140,59.009141,
2,0.705676,0.772113,0.725574,0.691313,0.685666,28.305254,28.305254,0.322336,0.526656,0.549687,0.553102,17.662155,37.965372,36.647349,0.787964,32.242719,
3,0.906998,0.835286,0.859595,0.922915,0.934783,34.227451,34.227451,0.350703,0.604931,0.649646,0.678109,18.755050,43.348357,42.238333,0.846073,75.849623,
4,0.995105,0.990321,0.990871,0.995472,0.997760,31.030752,36.579582,0.944355,0.986052,0.991110,0.993831,43.473122,60.649980,59.010893,0.998242,100.000000,
5,0.882014,0.837858,0.834494,0.871903,0.918967,31.030752,31.030752,0.398167,0.662118,0.710509,0.734515,21.702032,34.182277,32.401261,0.856587,73.687281,
6,0.827285,0.847792,0.814448,0.837618,0.818584,26.740717,37.034451,0.399103,0.637681,0.683911,0.703851,21.613040,34.824121,33.219376,0.875026,58.596386,
7,0.836958,0.837272,0.824343,0.828123,0.848159,15.901076,26.740717,0.419234,0.651555,0.700082,0.724945,25.883190,44.626344,43.637583,0.901348,52.386995,
8,0.981485,0.977014,0.974886,0.975187,0.989577,15.901076,15.901076,0.927417,0.973444,0.981113,0.985698,42.168636,60.627113,59.458166,0.997482,100.000000,
