Frame,integer_adm2,integer_adm_scale0,integer_adm_scale1,integer_adm_scale2,integer_adm_scale3,integer_motion2,integer_motion,integer_vif_scale0,integer_vif_scale1,integer_vif_scale2,integer_vif_scale3,psnr_y,psnr_cb,psnr_cr,float_ssim,vmaf,
0,0.982776,0.979153,0.972393,0.973829,0.992770,0.000000,0.000000,0.928953,0.979439,0.984796,0.988391,40.823792,64.975063,63.605980,0.997731,91.950727,
1,0.907218,0.823645,0.873486,0.926315,0.933785,28.305254,29.954386,0.484301,0.804556,0.836801,0.845188,26.619394,46.912963,44.923478,0.940308,86.918609,
2,0.985634,0.984669,0.978471,0.982406,0.990770,28.305254,28.305254,0.931809,0.976896,0.982976,0.986452,40.262680,62.068263,60.371817,0.995941,100.000000,
3,0.709123,0.765548,0.731001,0.683949,0.700300,34.227451,34.227451,0.252956,0.445468,0.485813,0.515560,15.655122,42.368753,41.528279,0.752259,37.561165,
4,0.795705,0.807953,0.781080,0.790932,0.800497,31.030752,36.579582,0.354306,0.610868,0.653801,0.677385,17.851824,42.697293,41.120628,0.840363,54.569707,
5,0.991624,0.984490,0.985834,0.989102,0.997384,31.030752,31.030752,0.948465,0.988561,0.992946,0.995715,43.691905,66.684745,64.948190,0.997994,100.000000,
6,0.980276,0.967430,0.969608,0.975737,0.992520,26.740717,37.034451,0.937791,0.979572,0.985631,0.990836,42.026271,67.524573,65.311222,0.997829,100.000000,
7,0.724741,0.819654,0.725140,0.710867,0.699392,15.901076,26.740717,0.349071,0.545909,0.590740,0.623233,19.955791,35.757797,34.077577,0.835903,27.054427,
8,0.626670,0.794286,0.669453,0.624889,0.555540,15.901076,15.901076,0.290940,0.437817,0.467646,0.496674,18.122698,33.919577,33.251619,0.777186,9.720927,
