Frame,integer_adm2,integer_adm_scale0,integer_adm_scale1,integer_adm_scale2,integer_adm_scale3,integer_motion2,integer_motion,integer_vif_scale0,integer_vif_scale1,integer_vif_scale2,integer_vif_scale3,psnr_y,psnr_cb,psnr_cr,float_ssim,vmaf,
0,0.329124,0.718666,0.456688,0.259723,0.216694,0.000000,0.000000,0.140069,0.201034,0.219842,0.217888,13.590751,30.703854,27.774860,0.517524,0.000000,
1,0.388158,0.676180,0.428449,0.336580,0.317400,28.305254,29.954386,0.110276,0.163815,0.175674,0.180081,13.524446,30.450830,27.290057,0.496345,8.545279,
2,0.465229,0.670438,0.446451,0.354219,0.476248,28.305254,28.305254,0.109630,0.170415,0.186342,0.192046,13.399608,29.908450,26.979153,0.503891,13.372318,
3,0.456582,0.656813,0.458693,0.399660,0.434414,34.227451,34.227451,0.092782,0.142082,0.157973,0.172895,13.888422,32.874184,29.541686,0.520427,19.382201,
4,0.397623,0.652592,0.439538,0.294271,0.371561,31.030752,36.579582,0.092031,0.141461,0.151824,0.158240,13.661848,33.045241,29.816207,0.503196,13.152366,
5,0.453668,0.720972,0.477420,0.420465,0.383386,31.030752,31.030752,0.104210,0.162159,0.175897,0.182381,13.423720,31.747182,29.533116,0.506433,15.300503,
6,0.473800,0.776694,0.516652,0.463500,0.352209,26.740717,37.034451,0.116162,0.218600,0.250934,0.262673,11.402150,29.640990,27.798027,0.508535,9.444922,
7,0.465423,0.770264,0.562496,0.474009,0.307363,15.901076,26.740717,0.131016,0.224604,0.253303,0.259238,13.319279,29.394515,27.859632,0.520526,0.000000,
8,0.393742,0.754342,0.501390,0.308973,0.285885,15.901076,15.901076,0.148948,0.235978,0.252950,0.245969,13.727482,29.345726,27.802589,0.523389,0.000000,
