Frame,integer_adm2,integer_adm_scale0,integer_adm_scale1,integer_adm_scale2,integer_adm_scale3,integer_motion2,integer_motion,integer_vif_scale0,integer_vif_scale1,integer_vif_scale2,integer_vif_scale3,psnr_y,psnr_cb,psnr_cr,float_ssim,vmaf,
0,0.356126,0.717712,0.466046,0.285436,0.258484,0.000000,0.000000,0.144827,0.211553,0.232982,0.240964,14.505782,31.638549,28.539325,0.561237,0.000000,
1,0.370854,0.689128,0.467094,0.327441,0.264046,28.305254,29.954386,0.114759,0.172146,0.189906,0.198719,14.352839,30.926835,28.333661,0.546115,6.596681,
2,0.417720,0.691871,0.478774,0.349104,0.349271,28.305254,28.305254,0.112036,0.170580,0.188107,0.198732,14.586708,30.012111,27.610556,0.558989,9.802487,
3,0.390340,0.647094,0.444718,0.354363,0.321334,34.227451,34.227451,0.081075,0.123859,0.136897,0.146400,13.735863,32.756873,30.121277,0.501682,16.554232,
4,0.407454,0.669779,0.432470,0.368917,0.348890,31.030752,36.579582,0.090291,0.145542,0.166485,0.192474,14.358296,33.257082,30.337277,0.524840,13.025234,
5,0.402887,0.735293,0.506249,0.368610,0.283568,31.030752,31.030752,0.110559,0.176358,0.195742,0.213479,15.228518,32.105538,29.976433,0.552570,10.528541,
6,0.415503,0.757848,0.490692,0.368108,0.290054,26.740717,37.034451,0.119730,0.213341,0.240978,0.247841,12.427382,30.080525,28.339887,0.527984,5.224698,
7,0.383692,0.751273,0.499829,0.316019,0.245444,15.901076,26.740717,0.138530,0.229464,0.255482,0.262103,14.096914,30.447817,29.089367,0.548725,0.000000,
8,0.440542,0.737302,0.490356,0.372781,0.365915,15.901076,15.901076,0.154738,0.238286,0.258395,0.264104,14.688839,30.226879,28.887911,0.562276,0.000000,
