Frame,integer_adm2,integer_adm_scale0,integer_adm_scale1,integer_adm_scale2,integer_adm_scale3,integer_motion2,integer_motion,integer_vif_scale0,integer_vif_scale1,integer_vif_scale2,integer_vif_scale3,psnr_y,psnr_cb,psnr_cr,float_ssim,vmaf,
0,0.317650,0.708104,0.431649,0.286126,0.187151,0.000000,0.000000,0.110346,0.152220,0.150013,0.131437,10.788104,28.628527,27.508512,0.542625,0.000000,
1,0.331948,0.674731,0.398996,0.289201,0.228710,28.305254,29.954386,0.089033,0.129441,0.128931,0.115483,10.805731,28.652140,27.934846,0.521907,8.926710,
2,0.294653,0.654024,0.390238,0.266710,0.160729,28.305254,28.305254,0.083453,0.123573,0.121974,0.107740,11.071026,28.828510,28.333493,0.528455,7.788512,
3,0.249361,0.617968,0.335909,0.205299,0.142757,34.227451,34.227451,0.044829,0.063305,0.057823,0.051290,10.963679,27.361537,27.015964,0.473369,16.539407,
4,0.259746,0.632010,0.349015,0.224475,0.145744,31.030752,36.579582,0.041787,0.064871,0.060761,0.054725,12.227855,27.756285,27.382584,0.515216,14.268660,
5,0.346265,0.692576,0.439632,0.310764,0.227255,31.030752,31.030752,0.060736,0.093439,0.088662,0.072919,12.530499,28.101176,27.896414,0.549184,15.305392,
6,0.362911,0.738804,0.495963,0.271387,0.229370,26.740717,37.034451,0.078299,0.146463,0.154187,0.142694,14.531048,29.941139,29.041277,0.581681,7.698179,
7,0.394702,0.748930,0.533285,0.305345,0.266068,15.901076,26.740717,0.095083,0.156786,0.164367,0.145727,12.406584,29.240366,28.715493,0.588440,0.975378,
8,0.361521,0.751543,0.504931,0.283697,0.225349,15.901076,15.901076,0.114358,0.175033,0.175254,0.155642,11.815639,28.865662,28.504158,0.582110,0.000000,
