Frame,integer_adm2,integer_adm_scale0,integer_adm_scale1,integer_adm_scale2,integer_adm_scale3,integer_motion2,integer_motion,integer_vif_scale0,integer_vif_scale1,integer_vif_scale2,integer_vif_scale3,psnr_y,psnr_cb,psnr_cr,float_ssim,vmaf,
0,0.325535,0.722911,0.429811,0.299823,0.193050,0.000000,0.000000,0.130535,0.186568,0.196628,0.188253,12.051769,30.348531,28.027777,0.520816,0.000000,
1,0.333146,0.705478,0.428078,0.309488,0.198241,28.305254,29.954386,0.107764,0.163918,0.178730,0.180312,12.312501,31.844908,28.845440,0.495151,5.238863,
2,0.337209,0.695484,0.440585,0.337655,0.183124,28.305254,28.305254,0.105516,0.166326,0.181305,0.182886,12.434809,31.217720,27.689957,0.494347,5.283976,
3,0.428382,0.685197,0.490638,0.369211,0.369898,34.227451,34.227451,0.078119,0.121009,0.134170,0.142549,13.452352,31.621035,30.090734,0.522955,19.150682,
4,0.368386,0.702141,0.439463,0.322311,0.277685,31.030752,36.579582,0.072448,0.115739,0.127997,0.135295,13.322926,31.695202,30.238155,0.511908,13.494341,
5,0.315224,0.704347,0.427808,0.271037,0.181034,31.030752,31.030752,0.085423,0.135348,0.143748,0.139128,12.544391,30.702500,29.497002,0.498782,9.300481,
6,0.445664,0.772522,0.549797,0.374771,0.328810,26.740717,37.034451,0.096030,0.185320,0.205926,0.203683,11.059315,29.284156,28.274483,0.509361,9.657966,
7,0.467341,0.774909,0.557439,0.337330,0.403575,15.901076,26.740717,0.114184,0.195928,0.212589,0.192892,11.743985,29.345302,28.468687,0.512693,2.558809,
8,0.420326,0.743639,0.493726,0.319080,0.348824,15.901076,15.901076,0.138978,0.216909,0.228739,0.213735,12.249424,29.738731,28.659937,0.527192,0.000000,
