Frame,integer_adm2,integer_adm_scale0,integer_adm_scale1,integer_adm_scale2,integer_adm_scale3,integer_motion2,integer_motion,integer_vif_scale0,integer_vif_scale1,integer_vif_scale2,integer_vif_scale3,psnr_y,psnr_cb,psnr_cr,float_ssim,vmaf,
0,0.973417,0.963326,0.954742,0.968015,0.986018,0.000000,0.000000,0.828935,0.947213,0.961966,0.969280,35.293045,56.880850,56.476195,0.990125,87.304009,
1,0.920138,0.828254,0.885614,0.940646,0.948650,28.305254,29.954386,0.494226,0.822655,0.855493,0.865323,27.074175,47.553824,45.582077,0.945444,91.466702,
2,0.983376,0.978975,0.974621,0.978994,0.990934,28.305254,28.305254,0.906511,0.972184,0.979517,0.983401,40.003220,59.840853,58.107299,0.995071,100.000000,
3,0.987280,0.989692,0.985068,0.983643,0.989551,34.227451,34.227451,0.912875,0.957527,0.967208,0.973239,38.188050,53.032031,50.358675,0.991564,100.000000,
4,0.852267,0.806399,0.827603,0.869264,0.864193,31.030752,36.579582,0.375580,0.673993,0.735387,0.775853,22.341055,37.738596,36.956237,0.860692,71.133125,
5,0.803613,0.816203,0.773567,0.762319,0.834620,31.030752,31.030752,0.286233,0.508023,0.555113,0.581670,19.472669,33.154575,31.128663,0.780823,51.222149,
6,0.724046,0.826283,0.756388,0.713238,0.680120,26.740717,37.034451,0.257466,0.451288,0.502350,0.534176,19.340857,33.126810,31.397618,0.807357,34.272844,
7,0.716265,0.822644,0.735653,0.689148,0.687396,15.901076,26.740717,0.302382,0.488111,0.546429,0.598070,18.521230,34.724388,32.962042,0.775753,25.549736,
8,0.650143,0.808721,0.676242,0.655299,0.584220,15.901076,15.901076,0.260915,0.442436,0.495790,0.539813,17.822048,32.179608,32.168891,0.774626,14.458441,
