Frame,integer_adm2,integer_adm_scale0,integer_adm_scale1,integer_adm_scale2,integer_adm_scale3,integer_motion2,integer_motion,integer_vif_scale0,integer_vif_scale1,integer_vif_scale2,integer_vif_scale3,psnr_y,psnr_cb,psnr_cr,float_ssim,vmaf,
0,0.344862,0.720428,0.431178,0.299102,0.236737,0.000000,0.000000,0.130013,0.185264,0.195901,0.187475,12.126870,30.511773,27.591920,0.531531,0.000000,
1,0.343425,0.709711,0.418175,0.311960,0.223071,28.305254,29.954386,0.106535,0.161040,0.178178,0.183400,12.397012,32.020924,28.295619,0.503709,5.930784,
2,0.333071,0.693379,0.457258,0.326592,0.174299,28.305254,28.305254,0.103934,0.162645,0.179486,0.191484,12.567721,30.959870,27.001403,0.507166,5.198965,
3,0.441286,0.686403,0.498048,0.378942,0.389853,34.227451,34.227451,0.077778,0.119675,0.131942,0.141909,13.585861,32.443014,30.901694,0.530436,20.112732,
4,0.364592,0.703445,0.440059,0.314083,0.273400,31.030752,36.579582,0.071667,0.112913,0.125137,0.134367,13.350755,32.011569,30.207169,0.518345,13.497892,
5,0.328371,0.707029,0.432991,0.263815,0.211878,31.030752,31.030752,0.084434,0.132331,0.140656,0.137720,12.532258,31.182547,29.567027,0.506518,10.188759,
6,0.445810,0.771441,0.548711,0.375472,0.329568,26.740717,37.034451,0.094466,0.181186,0.202286,0.203109,11.129991,29.330471,27.699526,0.520145,9.936104,
7,0.466810,0.779307,0.561241,0.345654,0.393494,15.901076,26.740717,0.116794,0.200077,0.215938,0.196015,11.876733,29.537276,27.980299,0.525496,2.211228,
8,0.389849,0.739694,0.506401,0.301719,0.284133,15.901076,15.901076,0.138694,0.217689,0.229935,0.215519,12.385188,29.930937,28.176460,0.539066,0.000000,
