Frame,integer_adm2,integer_adm_scale0,integer_adm_scale1,integer_adm_scale2,integer_adm_scale3,integer_motion2,integer_motion,integer_vif_scale0,integer_vif_scale1,integer_vif_scale2,integer_vif_scale3,psnr_y,psnr_cb,psnr_cr,float_ssim,vmaf,
0,0.324315,0.705950,0.448066,0.268719,0.207208,0.000000,0.000000,0.142443,0.205887,0.223923,0.222599,13.569027,30.430051,27.192211,0.513911,0.000000,
1,0.384860,0.687658,0.391441,0.319854,0.331129,28.305254,29.954386,0.115244,0.173126,0.184658,0.185906,13.812601,30.248920,26.839211,0.500614,7.639941,
2,0.394270,0.670350,0.429453,0.313714,0.342843,28.305254,28.305254,0.115189,0.174660,0.188035,0.193799,13.737322,30.209627,27.083921,0.505920,8.049631,
3,0.417741,0.658675,0.445606,0.378704,0.364616,34.227451,34.227451,0.097048,0.147073,0.162455,0.180054,14.113794,32.596498,28.575457,0.529937,16.354242,
4,0.386947,0.676915,0.407834,0.288071,0.356629,31.030752,36.579582,0.096655,0.152215,0.168426,0.192737,14.119418,32.310664,28.614840,0.508953,11.333571,
5,0.398441,0.727714,0.446255,0.327997,0.321588,31.030752,31.030752,0.105338,0.163324,0.178633,0.186302,13.824896,31.288360,28.381620,0.507476,11.347885,
6,0.419656,0.759663,0.509457,0.368331,0.291341,26.740717,37.034451,0.116499,0.216883,0.250000,0.250527,11.735153,29.392350,27.114171,0.505686,5.230476,
7,0.411106,0.766317,0.468917,0.308897,0.325460,15.901076,26.740717,0.129994,0.216214,0.243661,0.245228,13.400395,29.138818,27.100024,0.513420,0.000000,
8,0.365153,0.760135,0.494568,0.287938,0.232518,15.901076,15.901076,0.149406,0.231973,0.249560,0.238475,13.881382,29.458796,27.419156,0.518347,0.000000,
