Frame,integer_adm2,integer_adm_scale0,integer_adm_scale1,integer_adm_scale2,integer_adm_scale3,integer_motion2,integer_motion,integer_vif_scale0,integer_vif_scale1,integer_vif_scale2,integer_vif_scale3,psnr_y,psnr_cb,psnr_cr,float_ssim,vmaf,
0,0.314243,0.714837,0.451280,0.259321,0.186764,0.000000,0.000000,0.139073,0.199589,0.217280,0.214945,12.008927,30.674827,27.600131,0.522748,0.000000,
1,0.345665,0.692223,0.468768,0.316958,0.210692,28.305254,29.954386,0.108459,0.161659,0.171843,0.168701,12.415056,30.053622,26.986050,0.507320,6.307207,
2,0.394665,0.679888,0.478371,0.342313,0.303742,28.305254,28.305254,0.104959,0.161493,0.174249,0.182329,12.902176,29.539341,26.605534,0.514768,9.117519,
3,0.459464,0.671102,0.484743,0.418522,0.416360,34.227451,34.227451,0.092574,0.143125,0.160682,0.180164,12.917579,32.716623,29.288500,0.542396,19.452373,
4,0.382825,0.670214,0.469284,0.323485,0.306537,31.030752,36.579582,0.091573,0.141610,0.152840,0.164386,12.636712,33.038317,29.625171,0.532477,12.160380,
5,0.396641,0.731584,0.536439,0.338728,0.276167,31.030752,31.030752,0.099756,0.154688,0.168091,0.175902,12.613583,31.819739,29.425685,0.523040,11.948882,
6,0.438184,0.768157,0.537664,0.380288,0.313660,26.740717,37.034451,0.109606,0.201571,0.225028,0.219538,10.384404,29.615215,27.576942,0.523945,7.863446,
7,0.436227,0.767010,0.499167,0.366703,0.335467,15.901076,26.740717,0.126541,0.216068,0.244707,0.245304,11.814587,29.383273,27.641363,0.525445,0.000000,
8,0.360273,0.737129,0.473350,0.287030,0.237583,15.901076,15.901076,0.142908,0.221634,0.234516,0.222572,12.160983,29.438098,27.594905,0.523868,0.000000,
