Frame,integer_adm2,integer_adm_scale0,integer_adm_scale1,integer_adm_scale2,integer_adm_scale3,integer_motion2,integer_motion,integer_vif_scale0,integer_vif_scale1,integer_vif_scale2,integer_vif_scale3,psnr_y,psnr_cb,psnr_cr,float_ssim,vmaf,
0,0.369812,0.727220,0.460702,0.271403,0.296545,0.000000,0.000000,0.138717,0.196922,0.211568,0.214572,15.494765,31.508021,28.788900,0.598742,0.000000,
1,0.386441,0.689768,0.454795,0.321098,0.308652,28.305254,29.954386,0.119773,0.174334,0.191112,0.199407,14.795131,31.799562,29.462841,0.573616,7.418640,
2,0.418073,0.681194,0.489155,0.371913,0.335332,28.305254,28.305254,0.114622,0.171703,0.188806,0.200939,14.402818,30.875095,28.121355,0.572741,9.734109,
3,0.388166,0.644464,0.436048,0.373445,0.309361,34.227451,34.227451,0.079482,0.119626,0.131699,0.144066,13.639030,31.687520,29.501381,0.528880,16.761771,
4,0.427295,0.656484,0.437038,0.371139,0.393360,31.030752,36.579582,0.087184,0.137437,0.155217,0.171909,14.218765,31.574910,29.410390,0.546157,15.105370,
5,0.416856,0.719204,0.510306,0.423288,0.287223,31.030752,31.030752,0.104746,0.161286,0.176674,0.186583,14.526412,31.857773,29.923515,0.573625,12.699283,
6,0.436577,0.761912,0.519743,0.380321,0.319689,26.740717,37.034451,0.112484,0.205782,0.239962,0.267316,12.255103,29.696337,28.406576,0.555168,7.195604,
7,0.429482,0.756388,0.519116,0.333790,0.336053,15.901076,26.740717,0.130418,0.213646,0.242642,0.254358,14.582446,29.913251,28.996054,0.586126,0.000000,
8,0.443689,0.764816,0.511034,0.374417,0.355023,15.901076,15.901076,0.149152,0.222632,0.237397,0.240721,15.023323,30.065838,29.196565,0.591447,0.000000,
