Frame,integer_adm2,integer_adm_scale0,integer_adm_scale1,integer_adm_scale2,integer_adm_scale3,integer_motion2,integer_motion,integer_vif_scale0,integer_vif_scale1,integer_vif_scale2,integer_vif_scale3,psnr_y,psnr_cb,psnr_cr,float_ssim,vmaf,
0,0.317903,0.726889,0.460746,0.263466,0.185747,0.000000,0.000000,0.140087,0.200232,0.218779,0.228420,14.835005,30.858516,27.724854,0.585007,0.000000,
1,0.434055,0.690341,0.469384,0.374942,0.379506,28.305254,29.954386,0.119040,0.174590,0.193657,0.208049,14.834611,31.448984,28.674588,0.584297,10.583323,
2,0.453333,0.670559,0.458420,0.370689,0.433678,28.305254,28.305254,0.118268,0.176326,0.193546,0.209284,14.988980,30.904514,28.604499,0.589674,11.945619,
3,0.418487,0.633985,0.413695,0.353553,0.399372,34.227451,34.227451,0.074986,0.116318,0.131524,0.148032,13.814591,30.674020,27.742671,0.503868,18.745907,
4,0.451470,0.655639,0.421767,0.368485,0.454128,31.030752,36.579582,0.082562,0.135043,0.154923,0.177113,14.370353,30.708641,27.653529,0.529351,16.893083,
5,0.475993,0.721014,0.510050,0.418902,0.422029,31.030752,31.030752,0.106661,0.168622,0.188108,0.207235,14.740542,30.996107,28.377273,0.576634,16.369282,
6,0.451026,0.756108,0.496347,0.319514,0.407289,26.740717,37.034451,0.118725,0.215706,0.252628,0.298120,12.082781,29.772126,27.879504,0.540346,7.713962,
7,0.430172,0.764605,0.512780,0.309584,0.353617,15.901076,26.740717,0.135581,0.228652,0.261456,0.281896,14.383057,29.980148,28.304022,0.584183,0.000000,
8,0.426204,0.750404,0.483072,0.361143,0.338013,15.901076,15.901076,0.155041,0.232711,0.253374,0.263260,14.821075,30.162963,28.511430,0.590104,0.000000,
