Frame,integer_adm2,integer_adm_scale0,integer_adm_scale1,integer_adm_scale2,integer_adm_scale3,integer_motion2,integer_motion,integer_vif_scale0,integer_vif_scale1,integer_vif_scale2,integer_vif_scale3,psnr_y,psnr_cb,psnr_cr,float_ssim,vmaf,
0,0.325284,0.712480,0.470843,0.255967,0.207142,0.000000,0.000000,0.138948,0.199631,0.215960,0.211927,13.876511,30.712010,27.728764,0.544493,0.000000,
1,0.401550,0.683474,0.420694,0.343744,0.344755,28.305254,29.954386,0.111891,0.168254,0.180790,0.183126,13.980526,30.309152,27.238312,0.516664,9.067233,
2,0.427461,0.673561,0.464712,0.358417,0.377578,28.305254,28.305254,0.109478,0.167562,0.181430,0.186353,13.730790,29.954348,26.850150,0.516006,10.846860,
3,0.442771,0.661274,0.461171,0.387612,0.408591,34.227451,34.227451,0.098747,0.155335,0.175002,0.194500,14.713208,32.981443,29.654422,0.559080,17.368800,
4,0.387787,0.667693,0.425127,0.290155,0.353407,31.030752,36.579582,0.091301,0.142415,0.157126,0.176280,14.108827,33.133804,29.934007,0.536140,12.229121,
5,0.452754,0.721825,0.465693,0.384395,0.405964,31.030752,31.030752,0.099875,0.156764,0.168915,0.177122,13.809604,31.696439,29.544931,0.533412,15.659627,
6,0.415533,0.769268,0.512115,0.399794,0.255913,26.740717,37.034451,0.114760,0.217685,0.248233,0.241029,11.543994,29.628839,27.802927,0.533839,4.952209,
7,0.420157,0.762095,0.511859,0.381129,0.282660,15.901076,26.740717,0.127712,0.219332,0.249191,0.253497,13.340660,29.372889,27.833643,0.541959,0.000000,
8,0.351465,0.750632,0.487108,0.303135,0.196644,15.901076,15.901076,0.145887,0.231712,0.247867,0.238570,13.868467,29.445527,27.778134,0.544874,0.000000,
