Frame,integer_adm2,integer_adm_scale0,integer_adm_scale1,integer_adm_scale2,integer_adm_scale3,integer_motion2,integer_motion,integer_vif_scale0,integer_vif_scale1,integer_vif_scale2,integer_vif_scale3,psnr_y,psnr_cb,psnr_cr,float_ssim,vmaf,
0,0.828681,0.817882,0.772601,0.772045,0.885158,0.000000,0.000000,0.453960,0.698585,0.738622,0.768090,21.611855,41.218880,36.824027,0.899786,37.494041,
1,0.979553,0.980744,0.971346,0.978526,0.983034,28.305254,29.954386,0.924560,0.969875,0.978789,0.984895,40.462591,61.220383,59.216666,0.995981,100.000000,
2,0.833711,0.802359,0.819409,0.871638,0.826019,28.305254,28.305254,0.419772,0.712804,0.738360,0.743256,21.075797,43.385531,41.697290,0.886969,63.848259,
3,0.993759,0.982989,0.986840,0.994081,0.999058,34.227451,34.227451,0.935241,0.983007,0.988385,0.991396,40.916158,63.961431,61.531050,0.997061,100.000000,
4,0.991717,0.979283,0.983732,0.992653,0.997512,31.030752,36.579582,0.935665,0.987513,0.991620,0.994351,43.040153,64.490705,61.571934,0.998141,100.000000,
5,0.989937,0.980100,0.981069,0.987436,0.997660,31.030752,31.030752,0.944567,0.988863,0.993399,0.996085,43.846656,67.100989,65.817916,0.998451,100.000000,
6,0.860421,0.853513,0.845401,0.860105,0.869610,26.740717,37.034451,0.442213,0.697773,0.754369,0.789680,27.720787,46.176365,44.922113,0.921429,71.056927,
7,0.757289,0.833513,0.761639,0.728265,0.747100,15.901076,26.740717,0.352563,0.570260,0.632006,0.682389,22.313448,39.198530,36.339283,0.832322,35.561275,
8,0.681257,0.813475,0.699697,0.695063,0.621576,15.901076,15.901076,0.316944,0.518191,0.572725,0.610553,20.525633,35.090002,33.878067,0.815175,20.087919,
