Frame,integer_adm2,integer_adm_scale0,integer_adm_scale1,integer_adm_scale2,integer_adm_scale3,integer_motion2,integer_motion,integer_vif_scale0,integer_vif_scale1,integer_vif_scale2,integer_vif_scale3,psnr_y,psnr_cb,psnr_cr,float_ssim,vmaf,
0,0.346424,0.719597,0.440908,0.299932,0.236537,0.000000,0.000000,0.126777,0.174894,0.183685,0.179823,14.329669,30.335109,27.719602,0.618029,0.000000,
1,0.328674,0.679758,0.389693,0.280522,0.228636,28.305254,29.954386,0.103266,0.147513,0.154843,0.158316,13.486048,31.451481,27.949075,0.563118,6.601105,
2,0.331735,0.653036,0.397410,0.293235,0.228166,28.305254,28.305254,0.099088,0.145414,0.151071,0.158924,12.849137,30.462652,26.834715,0.554655,6.977868,
3,0.379900,0.638062,0.441983,0.421991,0.262386,34.227451,34.227451,0.069797,0.100218,0.106383,0.117270,13.518025,32.146359,30.497955,0.568896,18.092840,
4,0.321473,0.644721,0.406717,0.260481,0.236843,31.030752,36.579582,0.062322,0.089627,0.096822,0.108418,12.803420,32.002838,30.538587,0.558341,13.510112,
5,0.342344,0.712849,0.443070,0.287507,0.224258,31.030752,31.030752,0.079625,0.118976,0.128699,0.137919,13.048724,31.103146,29.502372,0.577674,11.842018,
6,0.381506,0.734787,0.516889,0.377579,0.197558,26.740717,37.034451,0.093037,0.172821,0.198562,0.197993,10.725620,29.153964,27.820876,0.580733,5.956728,
7,0.427168,0.766713,0.512082,0.324695,0.335705,15.901076,26.740717,0.113030,0.187859,0.223932,0.230446,12.895428,29.331244,28.152799,0.616778,0.000000,
8,0.411281,0.749513,0.492992,0.405006,0.271287,15.901076,15.901076,0.135631,0.206707,0.223729,0.226242,13.842832,29.559209,28.241078,0.629314,0.000000,
