Frame,integer_adm2,integer_adm_scale0,integer_adm_scale1,integer_adm_scale2,integer_adm_scale3,integer_motion2,integer_motion,integer_vif_scale0,integer_vif_scale1,integer_vif_scale2,integer_vif_scale3,psnr_y,psnr_cb,psnr_cr,float_ssim,vmaf,
0,0.310956,0.704942,0.448404,0.266928,0.178688,0.000000,0.000000,0.137390,0.196771,0.214101,0.210798,13.590452,30.649759,27.683309,0.543933,0.000000,
1,0.350711,0.673226,0.402193,0.309269,0.258864,28.305254,29.954386,0.111262,0.164750,0.176564,0.175741,13.568111,30.571888,27.627785,0.520355,6.251537,
2,0.431593,0.664251,0.447013,0.310380,0.426608,28.305254,28.305254,0.107802,0.163216,0.176733,0.181673,13.405290,30.357802,27.345637,0.523265,11.469385,
3,0.440913,0.652519,0.455956,0.368633,0.419778,34.227451,34.227451,0.092982,0.143900,0.162457,0.182415,14.231246,33.337293,30.311382,0.561251,18.058492,
4,0.394534,0.660604,0.412649,0.277520,0.382010,31.030752,36.579582,0.089340,0.141549,0.157005,0.170766,14.200369,32.940489,30.311591,0.539701,12.746327,
5,0.391320,0.717631,0.449201,0.318619,0.312824,31.030752,31.030752,0.096681,0.151018,0.166127,0.174626,13.629761,31.542355,29.751361,0.531921,11.845771,
6,0.425082,0.760738,0.509124,0.378213,0.297899,26.740717,37.034451,0.111839,0.208186,0.243156,0.252121,11.644832,29.614004,28.079393,0.544746,6.166590,
7,0.419299,0.760547,0.458868,0.314355,0.348392,15.901076,26.740717,0.128846,0.213864,0.241889,0.244341,13.348879,29.275249,27.984244,0.551622,0.000000,
8,0.348598,0.754798,0.487674,0.274574,0.206401,15.901076,15.901076,0.143992,0.219622,0.234559,0.220697,13.692365,29.418326,27.919791,0.545143,0.000000,
