Frame,integer_adm2,integer_adm_scale0,integer_adm_scale1,integer_adm_scale2,integer_adm_scale3,integer_motion2,integer_motion,integer_vif_scale0,integer_vif_scale1,integer_vif_scale2,integer_vif_scale3,psnr_y,psnr_cb,psnr_cr,float_ssim,vmaf,
0,0.744273,0.808844,0.709837,0.693663,0.768467,0.000000,0.000000,0.361224,0.552969,0.585467,0.611794,18.160220,37.161004,33.003862,0.811890,14.560107,
1,0.833636,0.808534,0.803550,0.816830,0.863400,28.305254,29.954386,0.394950,0.661881,0.696284,0.716443,18.757614,38.319905,34.174996,0.840392,61.641422,
2,0.977429,0.985619,0.968208,0.971716,0.982031,28.305254,28.305254,0.923516,0.962989,0.971093,0.976758,38.239675,57.426437,55.852489,0.993673,100.000000,
3,0.908864,0.833343,0.859504,0.923110,0.939377,34.227451,34.227451,0.356104,0.622604,0.670859,0.700869,18.736025,46.830967,45.798106,0.851222,77.723545,
4,0.996569,0.993229,0.993824,0.995504,0.999094,31.030752,36.579582,0.953495,0.989326,0.992625,0.993992,43.371574,63.970409,61.705260,0.998637,100.000000,
5,0.913551,0.836107,0.850840,0.908146,0.963565,31.030752,31.030752,0.474313,0.800716,0.855061,0.881874,25.148047,48.580090,47.615502,0.930179,92.833819,
6,0.977633,0.969197,0.971469,0.975633,0.984666,26.740717,37.034451,0.938427,0.977688,0.983484,0.988150,41.733611,66.979630,64.609636,0.997760,100.000000,
7,0.973274,0.972934,0.962789,0.970840,0.979534,15.901076,26.740717,0.929118,0.971332,0.977895,0.981387,41.752125,61.524393,59.479140,0.997158,100.000000,
8,0.774641,0.823849,0.757623,0.782793,0.760005,15.901076,15.901076,0.449480,0.679925,0.721860,0.750687,23.581381,38.456409,38.581310,0.886558,42.497676,
