Frame,integer_adm2,integer_adm_scale0,integer_adm_scale1,integer_adm_scale2,integer_adm_scale3,integer_motion2,integer_motion,integer_vif_scale0,integer_vif_scale1,integer_vif_scale2,integer_vif_scale3,psnr_y,psnr_cb,psnr_cr,float_ssim,vmaf,
0,0.334223,0.708402,0.460422,0.283533,0.215419,0.000000,0.000000,0.125431,0.172483,0.181234,0.179269,14.417348,30.307383,27.596139,0.617099,0.000000,
1,0.334276,0.671144,0.386289,0.300577,0.233074,28.305254,29.954386,0.100286,0.141280,0.150637,0.153800,13.646050,31.271367,27.746406,0.565035,7.361283,
2,0.321033,0.647738,0.392137,0.291341,0.208204,28.305254,28.305254,0.094963,0.136519,0.143055,0.149463,12.964197,30.265248,26.625839,0.554871,7.185482,
3,0.361022,0.634371,0.427209,0.381944,0.250141,34.227451,34.227451,0.068678,0.099057,0.106055,0.117667,13.611712,32.203897,30.245794,0.566936,17.130845,
4,0.335131,0.639637,0.400469,0.261111,0.270334,31.030752,36.579582,0.062490,0.089940,0.096984,0.108299,12.840818,32.181650,30.481003,0.556748,14.145123,
5,0.326159,0.697733,0.441866,0.279642,0.197366,31.030752,31.030752,0.077807,0.114767,0.124812,0.136772,13.089592,31.108650,29.347158,0.572643,11.338178,
6,0.379759,0.745500,0.504133,0.370293,0.199678,26.740717,37.034451,0.092771,0.172176,0.197957,0.199491,10.766060,29.167493,27.679844,0.579534,5.879709,
7,0.421532,0.761309,0.514922,0.336992,0.314393,15.901076,26.740717,0.113386,0.186536,0.219745,0.224229,13.005660,29.400134,28.058015,0.615506,0.000000,
8,0.411301,0.748425,0.469741,0.394319,0.287711,15.901076,15.901076,0.133011,0.200885,0.216472,0.219614,13.946586,29.573780,28.094590,0.629636,0.000000,
