Frame,integer_adm2,integer_adm_scale0,integer_adm_scale1,integer_adm_scale2,integer_adm_scale3,integer_motion2,integer_motion,integer_vif_scale0,integer_vif_scale1,integer_vif_scale2,integer_vif_scale3,psnr_y,psnr_cb,psnr_cr,float_ssim,vmaf,
0,0.329037,0.717878,0.420140,0.300289,0.205376,0.000000,0.000000,0.130554,0.185544,0.195954,0.186896,12.094778,30.303260,28.072560,0.525544,0.000000,
1,0.344688,0.701043,0.428353,0.326558,0.215576,28.305254,29.954386,0.108472,0.164804,0.179936,0.180229,12.304922,31.728249,28.732474,0.498834,5.805412,
2,0.330161,0.695811,0.444566,0.333156,0.167802,28.305254,28.305254,0.106689,0.168263,0.183812,0.186912,12.457830,31.092523,27.553481,0.500438,4.704402,
3,0.431342,0.685694,0.497985,0.380557,0.367040,34.227451,34.227451,0.078244,0.119625,0.132034,0.141590,13.409722,31.765770,30.489249,0.524541,19.457670,
4,0.363814,0.701904,0.435911,0.307445,0.277399,31.030752,36.579582,0.072293,0.114565,0.126593,0.133751,13.305442,31.624069,30.313014,0.515403,13.346779,
5,0.318233,0.703286,0.426646,0.303053,0.170398,31.030752,31.030752,0.085748,0.135443,0.143753,0.138134,12.543867,30.741885,29.567008,0.502502,9.452701,
6,0.445708,0.767497,0.546528,0.379894,0.328782,26.740717,37.034451,0.095078,0.182719,0.204496,0.204298,11.035705,29.212543,28.157360,0.513604,9.807713,
7,0.473675,0.772236,0.559364,0.341237,0.416688,15.901076,26.740717,0.116131,0.199927,0.216264,0.194628,11.701246,29.289208,28.364757,0.517805,2.776679,
8,0.416385,0.740598,0.495316,0.343395,0.324457,15.901076,15.901076,0.139147,0.216980,0.229534,0.213382,12.199027,29.746410,28.662884,0.530611,0.000000,
