Frame,integer_adm2,integer_adm_scale0,integer_adm_scale1,integer_adm_scale2,integer_adm_scale3,integer_motion2,integer_motion,integer_vif_scale0,integer_vif_scale1,integer_vif_scale2,integer_vif_scale3,psnr_y,psnr_cb,psnr_cr,float_ssim,vmaf,
0,0.313538,0.713986,0.447585,0.275060,0.177347,0.000000,0.000000,0.141692,0.203059,0.221305,0.220722,13.536059,30.760051,27.753354,0.551056,0.000000,
1,0.351485,0.671779,0.405412,0.309927,0.259428,28.305254,29.954386,0.114738,0.169421,0.182160,0.181672,13.572534,30.682144,27.685867,0.527849,5.874859,
2,0.436331,0.663159,0.453823,0.321604,0.428378,28.305254,28.305254,0.109696,0.165803,0.180080,0.186409,13.566169,30.431110,27.494108,0.531768,11.581566,
3,0.458506,0.663822,0.466613,0.390118,0.439388,34.227451,34.227451,0.097830,0.151133,0.171205,0.194777,14.251075,33.299993,30.295236,0.571548,18.750119,
4,0.379448,0.659839,0.411625,0.274200,0.351167,31.030752,36.579582,0.094683,0.149453,0.165966,0.182729,14.230403,32.961453,30.316086,0.549841,11.133035,
5,0.390292,0.711695,0.446746,0.319048,0.312981,31.030752,31.030752,0.099490,0.154257,0.170543,0.182587,13.704470,31.657416,29.839486,0.540238,11.462053,
6,0.425882,0.757325,0.512004,0.369152,0.305815,26.740717,37.034451,0.113308,0.210484,0.245835,0.253220,11.713553,29.686579,28.135312,0.551720,6.067300,
7,0.433835,0.762105,0.457005,0.330906,0.373357,15.901076,26.740717,0.130348,0.216613,0.246192,0.251010,13.371528,29.346019,28.052503,0.557065,0.000000,
8,0.349138,0.756691,0.483113,0.302432,0.191185,15.901076,15.901076,0.146216,0.224369,0.242545,0.231304,13.720628,29.484431,27.984107,0.553115,0.000000,
