Frame,integer_adm2,integer_adm_scale0,integer_adm_scale1,integer_adm_scale2,integer_adm_scale3,integer_motion2,integer_motion,integer_vif_scale0,integer_vif_scale1,integer_vif_scale2,integer_vif_scale3,psnr_y,psnr_cb,psnr_cr,float_ssim,vmaf,
0,0.316472,0.716304,0.445004,0.261506,0.192219,0.000000,0.000000,0.143038,0.205289,0.222845,0.221857,13.364348,30.769127,27.759637,0.555822,0.000000,
1,0.343043,0.677431,0.391581,0.277763,0.263559,28.305254,29.954386,0.114962,0.169298,0.181159,0.180061,13.422347,30.686338,27.688650,0.529681,5.435552,
2,0.420204,0.667500,0.447502,0.308557,0.400022,28.305254,28.305254,0.110600,0.167467,0.181743,0.187363,13.493555,30.428607,27.497985,0.534882,10.323874,
3,0.448289,0.658621,0.461840,0.379255,0.426171,34.227451,34.227451,0.097163,0.150622,0.170406,0.194502,14.199447,33.280833,30.274786,0.571901,18.055182,
4,0.368659,0.664162,0.405834,0.256959,0.338088,31.030752,36.579582,0.096486,0.151900,0.167130,0.181077,14.113929,32.945369,30.292497,0.553060,10.352058,
5,0.380989,0.714857,0.439889,0.295254,0.307231,31.030752,31.030752,0.101103,0.157138,0.172139,0.183311,13.601442,31.662048,29.850259,0.541652,10.706004,
6,0.421408,0.754420,0.512615,0.371404,0.294156,26.740717,37.034451,0.114190,0.209864,0.243350,0.242866,11.635204,29.707526,28.144248,0.558477,5.813197,
7,0.440162,0.761810,0.457905,0.329502,0.389570,15.901076,26.740717,0.130619,0.216657,0.245931,0.249552,13.211936,29.371290,28.067413,0.563694,0.000000,
8,0.351211,0.759659,0.484669,0.302972,0.194142,15.901076,15.901076,0.147143,0.225424,0.243463,0.231860,13.555701,29.508344,27.999347,0.559278,0.000000,
