Frame,integer_adm2,integer_adm_scale0,integer_adm_scale1,integer_adm_scale2,integer_adm_scale3,integer_motion2,integer_motion,integer_vif_scale0,integer_vif_scale1,integer_vif_scale2,integer_vif_scale3,psnr_y,psnr_cb,psnr_cr,float_ssim,vmaf,
0,0.323142,0.718862,0.441569,0.278182,0.197624,0.000000,0.000000,0.144812,0.209028,0.228633,0.234495,14.426942,31.344573,28.544006,0.570495,0.000000,
1,0.423498,0.693172,0.483145,0.358619,0.358991,28.305254,29.954386,0.121453,0.180497,0.199464,0.209875,14.734510,31.922868,29.341099,0.572013,9.422462,
2,0.434346,0.692986,0.488525,0.363921,0.374622,28.305254,28.305254,0.119744,0.179374,0.196529,0.209228,14.878518,31.061894,28.742272,0.584930,10.329027,
3,0.386165,0.648426,0.449780,0.355155,0.309367,34.227451,34.227451,0.079750,0.122277,0.135937,0.146485,13.660766,31.457040,28.875643,0.504938,16.405190,
4,0.441582,0.672095,0.440630,0.388585,0.409453,31.030752,36.579582,0.087750,0.144395,0.164066,0.183445,14.113081,31.500324,28.764365,0.531250,15.524505,
5,0.440337,0.745760,0.536733,0.442461,0.311107,31.030752,31.030752,0.112168,0.177769,0.196195,0.208695,14.714997,31.710745,29.553427,0.558885,13.096238,
6,0.406580,0.755423,0.494873,0.365118,0.269223,26.740717,37.034451,0.118963,0.213061,0.240892,0.258250,12.159793,29.798590,28.308287,0.539792,4.577233,
7,0.430689,0.755711,0.505236,0.306772,0.363235,15.901076,26.740717,0.134774,0.227443,0.258001,0.266550,14.071822,29.943438,28.742206,0.567001,0.000000,
8,0.423439,0.747047,0.484609,0.347907,0.340381,15.901076,15.901076,0.155800,0.236190,0.255727,0.256618,14.527885,30.167079,28.990323,0.574532,0.000000,
