Frame,integer_adm2,integer_adm_scale0,integer_adm_scale1,integer_adm_scale2,integer_adm_scale3,integer_motion2,integer_motion,integer_vif_scale0,integer_vif_scale1,integer_vif_scale2,integer_vif_scale3,psnr_y,psnr_cb,psnr_cr,float_ssim,vmaf,
0,0.335446,0.722839,0.454291,0.281811,0.217282,0.000000,0.000000,0.143141,0.208889,0.228053,0.240299,13.021006,30.637892,27.724081,0.530228,0.000000,
1,0.417402,0.695767,0.413503,0.371468,0.363305,28.305254,29.954386,0.115211,0.175637,0.189336,0.191815,12.962585,30.258751,27.703268,0.496880,9.551213,
2,0.391122,0.671430,0.388088,0.354232,0.326829,28.305254,28.305254,0.109431,0.170619,0.185207,0.191460,13.083151,30.168618,27.586150,0.487786,8.140761,
3,0.503537,0.683405,0.452863,0.423474,0.519846,34.227451,34.227451,0.098967,0.153609,0.174701,0.199888,13.185183,32.164308,30.246471,0.521200,22.004150,
4,0.403135,0.684693,0.397106,0.342162,0.363560,31.030752,36.579582,0.098356,0.154020,0.172460,0.196533,13.573711,33.205087,30.940699,0.521964,12.167782,
5,0.537046,0.741159,0.456661,0.430274,0.566823,31.030752,31.030752,0.105271,0.170471,0.189546,0.213802,13.627045,31.917082,30.757282,0.528974,21.337801,
6,0.417844,0.763587,0.525857,0.343577,0.294686,26.740717,37.034451,0.111035,0.205938,0.232279,0.228855,11.327751,30.120116,28.877318,0.514315,5.988731,
7,0.442785,0.760682,0.508097,0.356882,0.356581,15.901076,26.740717,0.131989,0.229276,0.260603,0.271145,12.836026,29.176522,28.174023,0.517484,0.000000,
8,0.410517,0.751391,0.487702,0.296572,0.339783,15.901076,15.901076,0.145345,0.229005,0.248515,0.258990,13.073920,29.130896,27.971157,0.516555,0.000000,
