Frame,integer_adm2,integer_adm_scale0,integer_adm_scale1,integer_adm_scale2,integer_adm_scale3,integer_motion2,integer_motion,integer_vif_scale0,integer_vif_scale1,integer_vif_scale2,integer_vif_scale3,psnr_y,psnr_cb,psnr_cr,float_ssim,vmaf,
0,0.353171,0.726687,0.453818,0.292808,0.249290,0.000000,0.000000,0.137345,0.199455,0.215980,0.223589,13.531918,30.504784,27.660828,0.549967,0.000000,
1,0.436780,0.683748,0.449404,0.365355,0.401554,28.305254,29.954386,0.108860,0.164292,0.177146,0.178240,13.198521,30.129611,27.640047,0.507942,11.796180,
2,0.481429,0.668798,0.438135,0.356588,0.516300,28.305254,28.305254,0.106903,0.164783,0.179754,0.184731,12.966853,30.049457,27.426011,0.502694,15.055372,
3,0.499180,0.666921,0.468620,0.417861,0.512072,34.227451,34.227451,0.091194,0.141380,0.160843,0.181119,13.444232,32.099618,30.210588,0.529550,22.501615,
4,0.451074,0.655374,0.420807,0.332680,0.473983,31.030752,36.579582,0.090802,0.141655,0.157673,0.178171,13.966798,33.130790,30.923946,0.539722,16.467595,
5,0.518801,0.721693,0.494983,0.449666,0.506199,31.030752,31.030752,0.097022,0.154959,0.170515,0.187110,13.679240,31.797265,30.662626,0.535966,20.826289,
6,0.470106,0.757841,0.516364,0.358895,0.418909,26.740717,37.034451,0.111674,0.208224,0.237338,0.238965,11.546669,29.974971,28.759790,0.552287,9.820464,
7,0.432084,0.761273,0.513820,0.349806,0.332299,15.901076,26.740717,0.132611,0.230004,0.260233,0.268381,13.387807,29.042109,28.071702,0.558314,0.000000,
8,0.403090,0.752273,0.509210,0.293068,0.315631,15.901076,15.901076,0.143264,0.224581,0.240509,0.245586,13.589416,29.020972,27.900082,0.547489,0.000000,
