{"coverage_estimated_first_order": [0.5441850306245687, 0.721276454127847, 0.8865123118314358, 0.5926835047877845, 0.6046994964199445, 0.9712949286145622, 0.7038985075914426, 0.6043652438103865, 0.8813883416364734, 0.7013203448498965, 0.6609698094591099, 0.6290248581996203], "coverage_estimated_second_order": [0.28252170138888894, 0.41796875000000006, 0.5255674913194444, 0.9959711371527776, 0.9999999999999999, 0.5693880208333333, 0.3603873697916667, 0.3139138454861111, 0.5107628038194444, 0.3256391059027777, 0.995971137152778, 0.9959711371527777], "sol": [0.0, 0.0, 0.0, 1.0, 1.0, 0.0, 0.0, 0.0, 0.0, 0.0, 1.0, 1.0], "coverage": [0.28565972222222225, 0.4176953125, 0.5260633680555555, 1.0, 1.0, 0.5693315972222223, 0.3602430555555556, 0.3138454861111111, 0.5106727430555555, 0.32569444444444445, 1.0, 1.0], "coverage_estimated_first_order_diff": [0.25852530840234644, 0.303581141627847, 0.3604489437758802, -0.40731649521221547, -0.39530050358005553, 0.40196333139234, 0.343655452035887, 0.29051975769927535, 0.37071559858091785, 0.375625900405452, -0.3390301905408901, -0.3709751418003797], "coverage_estimated_second_order_diff": [-0.0031380208333333104, 0.00027343750000002887, -0.0004958767361111782, -0.00402886284722237, -1.1102230246251565e-16, 5.642361111102279e-05, 0.00014431423611110938, 6.835937499999334e-05, 9.006076388884399e-05, -5.533854166672736e-05, -0.004028862847222037, -0.004028862847222259]}