{"coverage_estimated_first_order": [0.7199476929132163, 0.36670695846273305, 0.9100431278036578, 1.0265401516131814, 0.6493736925250172, 1.1984837495686684, 0.5295897925293306, 1.0311934442934785, 0.5126771210748793, 0.6418806180986888, 0.7439310246290547, 0.22329267220928228], "coverage_estimated_second_order": [0.5407345920138888, 0.9999999999999999, 0.6373697916666667, 0.7095822482638889, 0.9999999999999999, 0.7741579861111112, 1.0, 0.6784255642361111, 0.26325629340277773, 0.4042198350694445, 0.5106423611111113, 0.9999999999999999], "sol": [0.0, 1.0, 0.0, 0.0, 1.0, 0.0, 1.0, 0.0, 0.0, 0.0, 0.0, 1.0], "coverage": [0.5389930555555555, 1.0, 0.6316579861111111, 0.7066145833333334, 1.0, 0.7741145833333334, 1.0, 0.6785069444444445, 0.26278211805555557, 0.40390625, 0.5089192708333333, 1.0], "coverage_estimated_first_order_diff": [0.1809546373576607, -0.633293041537267, 0.2783851416925467, 0.31992556827984797, -0.3506263074749828, 0.42436916623533505, -0.4704102074706694, 0.352686499849034, 0.2498950030193237, 0.23797436809868877, 0.23501175379572137, -0.7767073277907177], "coverage_estimated_second_order_diff": [0.0017415364583333037, -1.1102230246251565e-16, 0.005711805555555616, 0.002967664930555558, -1.1102230246251565e-16, 4.340277777781232e-05, 0.0, -8.138020833337034e-05, 0.00047417534722216104, 0.0003135850694444553, 0.00172309027777795, -1.1102230246251565e-16]}