{"coverage_estimated_first_order": [0.8500090229252936, 0.6443009349120086, 0.6624761581262942, 1.014103651764148, 0.8353573989604903, 0.7149309491459626, 0.8962965110636645, 0.3315377981582125, 0.29258712635869566, 0.8750895930383027, 0.7836537186206005, 0.4932682049042444], "coverage_estimated_second_order": [0.48659613715277783, 0.9989181857638889, 0.9989181857638889, 0.5508778211805555, 0.4929014756944445, 0.4386306423611111, 0.6485525173611111, 1.0, 0.9989181857638891, 0.6612413194444446, 0.5205371093750002, 0.2672764756944444], "sol": [0.0, 1.0, 1.0, 0.0, 0.0, 0.0, 0.0, 1.0, 1.0, 0.0, 0.0, 0.0], "coverage": [0.4865538194444444, 1.0, 1.0, 0.5514366319444445, 0.49266493055555555, 0.4386328125, 0.6486588541666667, 1.0, 1.0, 0.65890625, 0.5202647569444444, 0.2673567708333333], "coverage_estimated_first_order_diff": [0.36345520348084914, -0.35569906508799143, -0.33752384187370577, 0.4626670198197035, 0.3426924684049348, 0.27629813664596253, 0.2476376568969978, -0.6684622018417875, -0.7074128736413043, 0.21618334303830267, 0.2633889616761561, 0.22591143407091108], "coverage_estimated_second_order_diff": [4.231770833340587e-05, -0.0010818142361110894, -0.0010818142361110894, -0.0005588107638889728, 0.0002365451388889328, -2.1701388889239226e-06, -0.00010633680555560687, 0.0, -0.0010818142361108674, 0.002335069444444615, 0.00027235243055578895, -8.029513888890838e-05]}