{"coverage_estimated_first_order": [0.3522650238310904, 0.7149854101966875, 0.9232946563362666, 0.8329993071730503, 1.2431487906530363, 1.2756223230460668, 1.0064420532479297, 1.313228751509662, 0.3194190821256039, 0.5194102452122153, 0.341255432086784, 0.29825291957815736], "coverage_estimated_second_order": [0.09817816840277778, 0.41976453993055557, 0.5063346354166666, 0.6693717447916667, 0.4300824652777778, 0.42514322916666714, 0.5678049045138891, 0.5039019097222222, 0.0024012586805555554, 0.21786783854166666, 0.006603732638888889, 0.008430989583333333], "sol": [0.0, 0.0, 0.0, 1.0, 1.0, 1.0, 1.0, 0.0, 0.0, 0.0, 0.0, 0.0], "coverage": [0.0975390625, 0.4163368055555556, 0.5404340277777778, 1.0, 1.0, 1.0, 1.0, 0.6833854166666666, 0.002361111111111111, 0.2178298611111111, 0.006232638888888889, 0.008172743055555556], "coverage_estimated_first_order_diff": [0.2547259613310904, 0.2986486046411319, 0.3828606285584888, -0.16700069282694974, 0.2431487906530363, 0.2756223230460668, 0.00644205324792968, 0.6298433348429953, 0.3170579710144928, 0.3015803841011042, 0.33502279319789513, 0.2900801765226018], "coverage_estimated_second_order_diff": [0.000639105902777784, 0.003427734374999991, -0.03409939236111126, -0.3306282552083333, -0.5699175347222222, -0.5748567708333329, -0.4321950954861109, -0.17948350694444448, 4.0147569444444215e-05, 3.797743055555802e-05, 0.0003710937499999999, 0.0002582465277777765]}