{"coverage_estimated_first_order": [0.18185483792701862, 0.5415549543866459, 0.4821871522386129, 0.3578748544254659, 0.4626872115467566, 0.5745147973818149, 0.7962492883022774, 0.2575774456521739, 0.7261374735809178, 0.6931414795764321, 0.28255597880003447, 0.7732889924085575], "coverage_estimated_second_order": [1.0, 0.36612521701388895, 0.27680881076388886, 0.0981857638888889, 0.22303276909722222, 0.3814290364583333, 0.6480631510416667, 0.9999999999999999, 0.5560514322916666, 0.5434364149305556, 1.0, 0.6522591145833332], "sol": [1.0, 0.0, 0.0, 0.0, 0.0, 0.0, 0.0, 1.0, 0.0, 0.0, 1.0, 0.0], "coverage": [1.0, 0.3650998263888889, 0.2762847222222222, 0.09759114583333334, 0.22292100694444444, 0.3814279513888889, 0.6481727430555555, 1.0, 0.5542230902777778, 0.5423480902777778, 1.0, 0.6508463541666667], "coverage_estimated_first_order_diff": [-0.8181451620729814, 0.17645512799775703, 0.2059024300163907, 0.26028370859213257, 0.23976620460231218, 0.19308684599292597, 0.14807654524672187, -0.7424225543478261, 0.17191438330314002, 0.15079338929865438, -0.7174440211999655, 0.12244263824189083], "coverage_estimated_second_order_diff": [0.0, 0.0010253906250000666, 0.0005240885416666341, 0.0005946180555555652, 0.0001117621527777779, 1.0850694444064501e-06, -0.00010959201388882622, -1.1102230246251565e-16, 0.0018283420138888173, 0.0010883246527778612, 0.0, 0.001412760416666492]}