{"coverage_estimated_first_order": [0.28252169869306415, 0.516787253601622, 0.6355014260912701, 0.26204715536576956, 0.9972586562931329, 1.1509670920678055, 0.7720039790372671, 0.6844056461352658, 0.29252994791666675, 0.6198639093771567, 0.32854661350500347, 0.22501161091701177], "coverage_estimated_second_order": [0.09817816840277778, 0.353828125, 0.48069769965277775, 1.0, 0.6911566840277777, 0.7172732204861113, 0.9999999999999999, 0.9999999999999999, 0.06990017361111113, 0.2828428819444444, 0.09748480902777777, 0.008430989583333333], "sol": [0.0, 0.0, 0.0, 1.0, 0.0, 0.0, 1.0, 1.0, 0.0, 0.0, 0.0, 0.0], "coverage": [0.0975390625, 0.35053385416666666, 0.47812065972222223, 1.0, 0.6910590277777777, 0.7171614583333333, 1.0, 1.0, 0.0698828125, 0.2827560763888889, 0.09715711805555556, 0.008172743055555556], "coverage_estimated_first_order_diff": [0.18498263619306415, 0.16625339943495537, 0.1573807663690479, -0.7379528446342305, 0.3061996285153552, 0.4338056337344721, -0.22799602096273286, -0.3155943538647342, 0.22264713541666675, 0.33710783298826785, 0.23138949544944792, 0.21683886786145623], "coverage_estimated_second_order_diff": [0.000639105902777784, 0.003294270833333335, 0.0025770399305555247, 0.0, 9.76562500000222e-05, 0.00011176215277797219, -1.1102230246251565e-16, -1.1102230246251565e-16, 1.7361111111127703e-05, 8.680555555551361e-05, 0.000327690972222211, 0.0002582465277777765]}