{"coverage_estimated_first_order": [0.3547763166407869, 0.5432908767900275, 0.4838502334584198, 0.3599680949145963, 0.3018868077122155, 0.29247949016563146, 0.29860124708850927, 0.3315377981582125, 0.41786360205314016, 0.7427688761645964, 1.0687834417054867, 0.48926850953243617], "coverage_estimated_second_order": [0.9740473090277778, 0.36657009548611114, 0.2772764756944444, 0.09817274305555555, 0.0, 0.0, 0.0010460069444444445, 0.06805555555555555, 0.9740473090277777, 0.4854578993055555, 0.7582671440972222, 0.9740473090277778], "sol": [1.0, 0.0, 0.0, 0.0, 0.0, 0.0, 0.0, 0.0, 1.0, 0.0, 0.0, 1.0], "coverage": [1.0, 0.3657682291666667, 0.27698784722222225, 0.09791232638888889, 0.0, 0.0, 0.0010416666666666667, 0.06807725694444444, 1.0, 0.48430989583333334, 0.7656293402777777, 1.0], "coverage_estimated_first_order_diff": [-0.6452236833592131, 0.17752264762336084, 0.20686238623619757, 0.26205576852570744, 0.3018868077122155, 0.29247949016563146, 0.2975595804218426, 0.26346054121376805, -0.5821363979468599, 0.2584589803312631, 0.30315410142770893, -0.5107314904675638], "coverage_estimated_second_order_diff": [-0.025952690972222192, 0.0008018663194444553, 0.00028862847222216326, 0.00026041666666666574, 0.0, 0.0, 4.340277777777806e-06, -2.170138888889228e-05, -0.025952690972222303, 0.0011480034722221588, -0.007362196180555558, -0.025952690972222192]}