{"coverage_estimated_first_order": [0.543020736283644, 0.5415549543866459, 0.9667456489389237, 0.7957914536965149, 0.750002628429089, 0.7917932113742235, 0.2978310364906832, 0.9419830917874398, 0.7546862922705313, 0.7504945598257419, 0.29798709508712895, 0.8500990472955485], "coverage_estimated_second_order": [0.995304904513889, 0.9953049045138889, 0.5541362847222223, 0.4850444878472222, 0.4729372829861111, 0.5378146701388888, 1.0, 0.7389442274305555, 0.5410384114583333, 0.5413747829861111, 0.9953049045138889, 0.6497167968749998], "sol": [1.0, 1.0, 0.0, 0.0, 0.0, 0.0, 1.0, 0.0, 0.0, 0.0, 1.0, 0.0], "coverage": [1.0, 1.0, 0.5535850694444444, 0.4872222222222222, 0.4726736111111111, 0.5377604166666666, 1.0, 0.7390972222222222, 0.5393142361111111, 0.5403862847222223, 1.0, 0.6511414930555556], "coverage_estimated_first_order_diff": [-0.456979263716356, -0.4584450456133541, 0.41316057949447926, 0.3085692314742927, 0.27732901731797793, 0.2540327947075569, -0.7021689635093168, 0.2028858695652176, 0.21537205615942023, 0.2101082751035196, -0.702012904912871, 0.19895755423999295], "coverage_estimated_second_order_diff": [-0.004695095486111023, -0.004695095486111134, 0.0005512152777779056, -0.0021777343750000178, 0.00026367187499998224, 5.4253472222209886e-05, 0.0, -0.00015299479166663854, 0.0017241753472222454, 0.000988498263888804, -0.004695095486111134, -0.00142469618055574]}