{"coverage_estimated_first_order": [0.7081382688492065, 0.730339708958765, 0.31289791990165633, 0.9246459034247758, 0.965519404546239, 0.3354024785412353, 0.7996988170721187, 0.7065668025362317, 0.4323750188707729, 0.8262750549948242, 1.1133546168693929, 0.4164581500172533], "coverage_estimated_second_order": [0.5065375434027779, 0.5182096354166666, 0.9997710503472222, 0.6786382378472223, 0.709189453125, 1.0, 0.5388606770833333, 0.44948459201388896, 0.9997710503472222, 0.5030967881944444, 0.7591200086805556, 0.9997710503472221], "sol": [0.0, 0.0, 1.0, 0.0, 0.0, 1.0, 0.0, 0.0, 1.0, 0.0, 0.0, 1.0], "coverage": [0.5044921875, 0.5130295138888888, 1.0, 0.6766970486111111, 0.7090190972222222, 1.0, 0.5388020833333333, 0.44950520833333335, 1.0, 0.5006423611111112, 0.7578515625, 1.0], "coverage_estimated_first_order_diff": [0.20364608134920648, 0.21731019506987614, -0.6871020800983436, 0.2479488548136647, 0.25650030732401674, -0.6645975214587647, 0.2608967337387853, 0.25706159420289837, -0.5676249811292271, 0.3256326938837131, 0.3555030543693929, -0.5835418499827467], "coverage_estimated_second_order_diff": [0.002045355902777879, 0.0051801215277778034, -0.0002289496527777546, 0.001941189236111196, 0.00017035590277780788, 0.0, 5.859374999994671e-05, -2.0616319444388687e-05, -0.0002289496527777546, 0.0024544270833332105, 0.0012684461805556602, -0.0002289496527778656]}