{"coverage_estimated_first_order": [0.28252169869306415, 0.6325153823757765, 0.7918145488267774, 0.4898281411749482, 0.6648709643504138, 1.155837072442202, 1.1030397472394755, 0.3467877981582126, 0.29175973731884064, 0.4490186874568669, 0.3285466135050035, 0.22501161091701177], "coverage_estimated_second_order": [0.09817816840277778, 0.41976453993055557, 0.5275347222222222, 0.9999999999999999, 0.9999999999999999, 0.7623643663194444, 0.8157801649305555, 1.0, 0.06941080729166668, 0.2536990017361111, 0.09748480902777777, 0.008430989583333333], "sol": [0.0, 0.0, 0.0, 1.0, 1.0, 0.0, 0.0, 1.0, 0.0, 0.0, 0.0, 0.0], "coverage": [0.0975390625, 0.4163368055555556, 0.5247829861111111, 1.0, 1.0, 0.7622829861111111, 0.8158289930555556, 1.0, 0.06939670138888888, 0.25359375, 0.09715711805555556, 0.008172743055555556], "coverage_estimated_first_order_diff": [0.18498263619306415, 0.21617857682022096, 0.2670315627156663, -0.5101718588250518, -0.3351290356495862, 0.3935540863310909, 0.28721075418391995, -0.6532122018417874, 0.22236303592995177, 0.1954249374568669, 0.23138949544944798, 0.21683886786145623], "coverage_estimated_second_order_diff": [0.000639105902777784, 0.003427734374999991, 0.002751736111111125, -1.1102230246251565e-16, -1.1102230246251565e-16, 8.138020833325932e-05, -4.882812500006661e-05, 0.0, 1.410590277779733e-05, 0.0001052517361110894, 0.000327690972222211, 0.0002582465277777765]}