{"coverage_estimated_first_order": [0.14303504841701167, 0.3518471979598, 0.4583871878234993, 0.0, 0.40344162461180094, 0.272124900254486, 0.17430871506211187, 0.09299369716183574, 0.08031134888285028, 0.08396143622757074, 0.08835882235593515, 0.07852899359472053], "coverage_estimated_second_order": [0.09817816840277778, 0.353828125, 0.48069769965277775, 1.0, 0.39938910590277776, 0.23147786458333333, 0.09898220486111112, 0.0, 0.0013552517361111111, 0.0003960503472222222, 0.006603732638888889, 0.008430989583333333], "sol": [0.0, 0.0, 0.0, 1.0, 0.0, 0.0, 0.0, 0.0, 0.0, 0.0, 0.0, 0.0], "coverage": [0.0975390625, 0.35053385416666666, 0.47812065972222223, 1.0, 0.3993359375, 0.2313888888888889, 0.09885416666666667, 0.0, 0.0013194444444444445, 0.0003689236111111111, 0.006232638888888889, 0.008172743055555556], "coverage_estimated_first_order_diff": [0.04549598591701168, 0.0013133437931333591, -0.019733471898722932, -1.0, 0.004105687111800926, 0.0407360113655971, 0.0754545483954452, 0.09299369716183574, 0.07899190443840584, 0.08359251261645963, 0.08212618346704625, 0.07035625053916497], "coverage_estimated_second_order_diff": [0.000639105902777784, 0.003294270833333335, 0.0025770399305555247, 0.0, 5.3168402777747925e-05, 8.897569444443754e-05, 0.00012803819444444364, 0.0, 3.5807291666666626e-05, 2.7126736111111123e-05, 0.0003710937499999999, 0.0002582465277777765]}