{"coverage_estimated_first_order": [0.28252169869306415, 1.0064079834152866, 1.0942469698930302, 0.7316592935860938, 0.836458252458592, 1.3731154864346107, 0.6046214954278814, 1.0311934442934785, 0.3851569293478262, 0.5199380607315389, 0.38362361973775017, 0.4478047387206695], "coverage_estimated_second_order": [1.0, 0.7242165798611111, 0.7436002604166665, 0.9389908854166665, 0.9389908854166665, 0.7360167100694447, 0.9389908854166668, 0.6784255642361111, 0.08310329861111111, 0.2350846354166667, 0.05586480034722222, 0.18042534722222223], "sol": [1.0, 0.0, 0.0, 1.0, 1.0, 0.0, 1.0, 0.0, 0.0, 0.0, 0.0, 0.0], "coverage": [1.0, 0.7216753472222223, 0.7420616319444444, 1.0, 1.0, 0.7968576388888889, 1.0, 0.6785069444444445, 0.08147135416666666, 0.23414496527777778, 0.05529079861111111, 0.17949652777777778], "coverage_estimated_first_order_diff": [-0.7174783013069359, 0.2847326361930643, 0.35218533794858575, -0.26834070641390617, -0.16354174754140804, 0.5762578475457217, -0.39537850457211865, 0.352686499849034, 0.3036855751811595, 0.28579309545376114, 0.3283328211266391, 0.2683082109428917], "coverage_estimated_second_order_diff": [0.0, 0.002541232638888835, 0.001538628472222081, -0.06100911458333347, -0.06100911458333347, -0.06084092881944425, -0.061009114583333246, -8.138020833337034e-05, 0.0016319444444444497, 0.0009396701388889039, 0.0005740017361111141, 0.0009288194444444509]}