{"coverage_estimated_first_order": [0.5739442719116633, 0.434317225780711, 1.0315028036576954, 0.4563926226061077, 0.8812280290286403, 0.749146534247757, 0.8712809912008282, 0.18598739432367148, 0.29264921120169096, 0.44938194983609403, 0.3312689112103175, 0.22858035714285718], "coverage_estimated_second_order": [0.4026302083333334, 1.0, 0.7148426649305556, 1.0, 0.6883582899305555, 0.6129069010416667, 0.7470453559027778, 1.0, 0.06990342881944446, 0.2539908854166666, 0.09790147569444446, 0.00905056423611111], "sol": [0.0, 1.0, 0.0, 1.0, 0.0, 0.0, 0.0, 1.0, 0.0, 0.0, 0.0, 0.0], "coverage": [0.4028776041666667, 1.0, 0.7114973958333334, 1.0, 0.6880598958333334, 0.6128168402777778, 0.7470269097222222, 1.0, 0.07005642361111111, 0.25397569444444446, 0.09788194444444444, 0.009127604166666666], "coverage_estimated_first_order_diff": [0.17106666774499663, -0.5656827742192889, 0.32000540782436204, -0.5436073773938923, 0.1931681331953069, 0.13632969396997918, 0.12425408147860606, -0.8140126056763285, 0.22259278759057985, 0.19540625539164957, 0.23338696676587306, 0.21945275297619052], "coverage_estimated_second_order_diff": [-0.00024739583333327486, 0.0, 0.0033452690972222143, 0.0, 0.00029839409722209886, 9.006076388884399e-05, 1.8446180555575786e-05, 0.0, -0.00015299479166665242, 1.5190972222134391e-05, 1.953125000002387e-05, -7.703993055555546e-05]}