{"coverage_estimated_first_order": [0.26552771846963424, 0.6243882445867839, 0.5710443166623534, 0.4516100678269497, 0.5633161474508284, 0.6854097006556245, 1.0663715223861283, 0.548160495923913, 1.1474844504830917, 0.6931414795764321, 0.5972755725931675, 0.9822666386300896], "coverage_estimated_second_order": [0.999621310763889, 0.36630099826388884, 0.2769845920138889, 0.09818142361111111, 0.22303276909722222, 0.38525499131944446, 0.6772070312500001, 0.9661729600694443, 0.7356119791666668, 0.9657942708333336, 0.9657942708333335, 0.669665798611111], "sol": [1.0, 0.0, 0.0, 0.0, 0.0, 0.0, 0.0, 1.0, 0.0, 1.0, 1.0, 0.0], "coverage": [1.0, 0.36530381944444446, 0.2764800347222222, 0.09759548611111112, 0.22292100694444444, 0.3852300347222222, 0.6773350694444444, 1.0, 0.7526128472222222, 1.0, 1.0, 0.6689236111111111], "coverage_estimated_first_order_diff": [-0.7344722815303657, 0.2590844251423394, 0.29456428194013123, 0.35401458171583855, 0.3403951405063839, 0.30017966593340223, 0.3890364529416839, -0.451839504076087, 0.39487160326086945, -0.30685852042356787, -0.40272442740683245, 0.31334302751897847], "coverage_estimated_second_order_diff": [-0.00037868923611095173, 0.0009971788194443887, 0.0005045572916667074, 0.0005859374999999944, 0.0001117621527777779, 2.4956597222236532e-05, -0.000128038194444291, -0.03382703993055569, -0.01700086805555545, -0.03420572916666642, -0.03420572916666653, 0.0007421874999998801]}