{"coverage_estimated_first_order": [1.411915610941694, 1.3430682910718361, 1.3461086674339406, 1.0572901792918583, 1.1203499232475753, 1.1610873382770284, 1.4718937505850889, 0.9300667379636604, 0.849811972493161, 0.8025123474792175, 0.8433321048467584], "coverage_estimated_second_order": [0.736254497552, 0.654188014536, 0.7389553727953, 0.9586882191339999, 0.9594046756860001, 0.9635978715740001, 0.8038945591870001, 0.9729863623524999, 0.3395166252726, 0.9736338060023999, 0.33818184960305], "sol": [0.0, 0.0, 0.0, 1.0, 1.0, 1.0, 0.0, 1.0, 0.0, 1.0, 0.0], "coverage": [0.75125, 0.6778255208333334, 0.7618619791666666, 1.0, 1.0, 1.0, 0.8193880208333333, 1.0, 0.3553559027777778, 1.0, 0.35409722222222223], "coverage_estimated_first_order_diff": [0.660665610941694, 0.6652427702385028, 0.584246688267274, 0.05729017929185831, 0.12034992324757532, 0.16108733827702837, 0.6525057297517556, -0.06993326203633965, 0.4944560697153832, -0.1974876525207825, 0.4892348826245361], "coverage_estimated_second_order_diff": [-0.014995502447999964, -0.02363750629733341, -0.022906606371366656, -0.04131178086600007, -0.040595324313999925, -0.03640212842599988, -0.01549346164633314, -0.02701363764750009, -0.015839277505177773, -0.026366193997600096, -0.015915372619172252]}