{"coverage_estimated_first_order": [1.3043566825441093, 1.6289973610582276, 1.5859245802161164, 1.5485454102469562, 1.1774469188677952, 1.6769753614713363, 1.7389054862723736, 1.2432358610213916, 0.9632372798280957, 0.9827786135484098, 0.956805919180223], "coverage_estimated_second_order": [0.9794968382346, 0.7465259186122, 0.7736054611484999, 0.7326322552497, 0.9924813109102, 0.8523679197364, 0.8619051185764, 0.9765866151552, 0.9753686899712999, 0.9878431209152001, 0.9763982936761499], "sol": [1.0, 0.0, 0.0, 0.0, 1.0, 0.0, 0.0, 1.0, 1.0, 1.0, 1.0], "coverage": [1.0, 0.7822699652777778, 0.8046050347222222, 0.7603081597222222, 1.0, 0.8622005208333333, 0.8699045138888889, 1.0, 1.0, 1.0, 1.0], "coverage_estimated_first_order_diff": [0.3043566825441093, 0.8467273957804498, 0.7813195454938942, 0.788237250524734, 0.17744691886779518, 0.814774840638003, 0.8690009723834847, 0.2432358610213916, -0.036762720171904295, -0.017221386451590215, -0.04319408081977705], "coverage_estimated_second_order_diff": [-0.020503161765400013, -0.035744046665577844, -0.030999573573722294, -0.027675904472522217, -0.007518689089800024, -0.009832601096933291, -0.007999395312488944, -0.023413384844800045, -0.024631310028700115, -0.012156879084799899, -0.023601706323850058]}