{"coverage_estimated_first_order": [1.385602129308776, 1.6558748962672085, 1.4964360434170505, 1.3383364372089404, 1.3300477830022266, 1.4621190856824215, 1.4089656146329868, 1.5795202421160732, 0.8176268488290475, 1.2155943263335929, 1.0998065672285806], "coverage_estimated_second_order": [0.8767153168160001, 0.6694601410374, 0.5500023728415999, 0.866726285274, 0.840535238328, 0.842355632182, 0.90441374712, 0.7478184985806, 0.9887759930462001, 0.40424662611570006, 0.51111017794855], "sol": [1.0, 0.0, 0.0, 1.0, 1.0, 1.0, 1.0, 0.0, 1.0, 0.0, 0.0], "coverage": [1.0, 0.7244270833333334, 0.5799696180555556, 1.0, 1.0, 1.0, 1.0, 0.7830295138888889, 1.0, 0.4249175347222222, 0.5133333333333333], "coverage_estimated_first_order_diff": [0.3856021293087759, 0.9314478129338751, 0.9164664253614949, 0.33833643720894035, 0.3300477830022266, 0.46211908568242155, 0.40896561463298675, 0.7964907282271844, -0.18237315117095254, 0.7906767916113706, 0.5864732338952473], "coverage_estimated_second_order_diff": [-0.12328468318399988, -0.05496694229593335, -0.029967245213955662, -0.13327371472600003, -0.15946476167199997, -0.15764436781799995, -0.09558625288, -0.03521101530828885, -0.011224006953799881, -0.020670908606522154, -0.0022231553847833485]}