{"coverage_estimated_first_order": [0.8987075763153631, 0.5341564860700462, 0.8516880484397681, 0.8095051060407508, 0.48080794246166436, 0.9117953188808967, 0.5445153931846671, 0.7682171066742742, 0.4888663745005698, 0.6743788885015791, 0.4830466740202478], "coverage_estimated_second_order": [0.7491315651399999, 0.9842893105419999, 0.6872261379719999, 0.6488238324310001, 1.020037391848, 0.7871685122100001, 1.000485724784, 0.5595526187044, 0.188344418498, 0.47454409480939996, 0.17736372690675], "sol": [0.0, 1.0, 0.0, 0.0, 1.0, 0.0, 1.0, 0.0, 0.0, 0.0, 0.0], "coverage": [0.7741927083333333, 1.0, 0.7217491319444445, 0.6663932291666667, 1.0, 0.7860807291666667, 1.0, 0.5712630208333334, 0.20311631944444444, 0.5003385416666667, 0.193515625], "coverage_estimated_first_order_diff": [0.12451486798202982, -0.4658435139299538, 0.12993891649532363, 0.1431118768740841, -0.5191920575383356, 0.12571458971423, -0.45548460681533287, 0.19695408584094087, 0.2857500550561254, 0.17404034683491243, 0.28953104902024784], "coverage_estimated_second_order_diff": [-0.025061143193333413, -0.015710689458000138, -0.034522993972444516, -0.017569396735666598, 0.020037391847999908, 0.0010877830433333457, 0.00048572478399999675, -0.011710402128933373, -0.014771900946444455, -0.02579444685726673, -0.01615189809324999]}