{"coverage_estimated_first_order": [1.769456475861082, 1.7781838496788567, 1.6194819786995873, 1.5723242609251753, 1.7963080270280136, 1.603426362980294, 1.6786567383275828, 1.762459529888022, 1.2581589069127175, 1.5883167096254394, 0.952187033815201], "coverage_estimated_second_order": [0.6831025434540001, 0.7009308515621998, 0.7790652399832001, 0.7447860875346999, 0.5831680600622001, 0.8523883577952, 0.8587524739134001, 0.7574506146199, 0.5073710261202999, 0.569592624074, 0.9877286137459], "sol": [1.0, 1.0, 1.0, 1.0, 0.0, 1.0, 1.0, 0.0, 0.0, 0.0, 1.0], "coverage": [1.0, 1.0, 1.0, 1.0, 0.7310807291666667, 1.0, 1.0, 0.7920616319444445, 0.5191102430555555, 0.6467317708333333, 1.0], "coverage_estimated_first_order_diff": [0.769456475861082, 0.7781838496788567, 0.6194819786995873, 0.5723242609251753, 1.0652272978613468, 0.6034263629802941, 0.6786567383275828, 0.9703978979435774, 0.739048663857162, 0.941584938792106, -0.04781296618479902], "coverage_estimated_second_order_diff": [-0.3168974565459999, -0.2990691484378002, -0.2209347600167999, -0.2552139124653001, -0.14791266910446654, -0.14761164220480005, -0.14124752608659985, -0.03461101732454441, -0.011739216935255592, -0.07713914675933331, -0.012271386254099959]}