{"coverage_estimated_first_order": [1.213921139670627, 0.8975840653535552, 0.8349856961714659, 1.0366835950499063, 0.959352663301444, 1.090052993293903, 0.9026187459161268, 0.7401548615472839, 0.7125370962480337, 0.979047264405489, 0.7122402055003736], "coverage_estimated_second_order": [0.8342479790980001, 1.0617483468180002, 1.0553795846608, 0.6192641198909999, 0.502642745788, 0.628646543766, 1.05779597675, 1.0479000050989, 0.34084647825599995, 0.6490477932173999, 0.34654828551425], "sol": [0.0, 1.0, 1.0, 0.0, 0.0, 0.0, 1.0, 1.0, 0.0, 0.0, 0.0], "coverage": [0.7757421875, 1.0, 1.0, 0.5837196180555555, 0.4795876736111111, 0.5944270833333334, 1.0, 1.0, 0.33531684027777775, 0.6123741319444445, 0.3409418402777778], "coverage_estimated_first_order_diff": [0.4381789521706271, -0.10241593464644483, -0.1650143038285341, 0.45296397699435076, 0.4797649896903329, 0.49562590996056954, -0.09738125408387321, -0.25984513845271606, 0.377220255970256, 0.3666731324610445, 0.3712983652225958], "coverage_estimated_second_order_diff": [0.05850579159800007, 0.06174834681800023, 0.05537958466080006, 0.03554450183544444, 0.023055072176888847, 0.03421946043266666, 0.05779597675000003, 0.04790000509890002, 0.005529637978222202, 0.03667366127295546, 0.005606445236472191]}