{"coverage_estimated_first_order": [0.3267450357776, 0.28423018250369697, 0.2578347618919456, 0.0, 0.2840254716283527, 0.27431279796895236, 0.26396759195242836, 0.24061576535934928, 0.1478249591295597, 0.19933051029297197, 0.14499821357167936], "coverage_estimated_second_order": [0.40119559423, 0.28132446256, 0.21943290024, 0.84007285396, 0.33001400664, 0.25128359578, 0.18491738397, 0.15846170573, 0.016654556528, 0.11832969634, 0.010732222164], "sol": [0.0, 0.0, 0.0, 1.0, 0.0, 0.0, 0.0, 0.0, 0.0, 0.0, 0.0], "coverage": [0.5121440972222222, 0.3670703125, 0.2862282986111111, 1.0, 0.42628472222222225, 0.31897135416666667, 0.2247092013888889, 0.1747048611111111, 0.007556423611111111, 0.15167100694444444, 0.0], "coverage_estimated_first_order_diff": [-0.1853990614446222, -0.08284012999630302, -0.028393536719165502, -1.0, -0.14225925059386957, -0.044658556197714305, 0.03925839056353947, 0.06591090424823817, 0.1402685355184486, 0.04765950334852753, 0.14499821357167936], "coverage_estimated_second_order_diff": [-0.1109485029922222, -0.08574584994000001, -0.06679539837111109, -0.15992714604000002, -0.09627071558222222, -0.06768775838666669, -0.0397918174188889, -0.016243155381111096, 0.009098132916888888, -0.03334131060444444, 0.010732222164]}