{"coverage_estimated_first_order": [1.1738596118387652, 1.1163064116953025, 1.3620401234957251, 1.35275142252501, 1.3071452932241896, 1.0986521821622406, 1.2361710233133465, 1.0311579764166288, 0.8934798249615762, 1.0476969291149976, 0.8913841381519678], "coverage_estimated_second_order": [0.992658303792, 1.0013118367059999, 0.7521132541969999, 0.7426565809549999, 0.6743361617420001, 0.959148417754, 0.9553474664700001, 0.9643606181926001, 0.389108094547, 0.47399889556640007, 0.39655010267685], "sol": [1.0, 1.0, 0.0, 0.0, 0.0, 1.0, 1.0, 1.0, 0.0, 0.0, 0.0], "coverage": [1.0, 1.0, 0.7296788194444445, 0.7335807291666666, 0.6850607638888889, 1.0, 1.0, 1.0, 0.38477430555555553, 0.4700347222222222, 0.3937326388888889], "coverage_estimated_first_order_diff": [0.1738596118387652, 0.11630641169530254, 0.6323613040512807, 0.6191706933583433, 0.6220845293353007, 0.09865218216224059, 0.2361710233133465, 0.031157976416628763, 0.5087055194060206, 0.5776622068927754, 0.49765149926307894], "coverage_estimated_second_order_diff": [-0.007341696207999959, 0.0013118367059998803, 0.022434434752555465, 0.009075851788333256, -0.010724602146888862, -0.04085158224600005, -0.04465253352999987, -0.035639381807399895, 0.004333788991444487, 0.003964173344177868, 0.0028174637879611053]}