{"coverage_estimated_first_order": [1.797733872343428, 1.5018599834286204, 1.4900104622266883, 1.2801934811687883, 1.5897979728505516, 1.3283714248352418, 1.372243034777283, 1.4387176659381127, 0.9633289524073785, 1.1934344078868477, 0.9521870338152012], "coverage_estimated_second_order": [0.7781420951139999, 0.846045885972, 0.8438119981140002, 0.9220398699339999, 0.7365309101799999, 0.96489115103, 0.9350187185720003, 0.6109621241925001, 0.24968728924109995, 0.8673137608014, 0.2440669305895], "sol": [0.0, 1.0, 1.0, 1.0, 0.0, 1.0, 1.0, 0.0, 0.0, 1.0, 0.0], "coverage": [0.8485980902777778, 1.0, 1.0, 1.0, 0.7747569444444444, 1.0, 1.0, 0.6113802083333333, 0.2525954861111111, 1.0, 0.2468142361111111], "coverage_estimated_first_order_diff": [0.9491357820656502, 0.5018599834286204, 0.4900104622266883, 0.2801934811687883, 0.8150410284061071, 0.32837142483524184, 0.37224303477728293, 0.8273374576047794, 0.7107334662962674, 0.19343440788684774, 0.7053727977040901], "coverage_estimated_second_order_diff": [-0.07045599516377787, -0.15395411402799997, -0.1561880018859998, -0.07796013006600011, -0.038226034264444486, -0.035108848969999995, -0.06498128142799975, -0.0004180841408332192, -0.0029081968700111482, -0.1326862391986, -0.002747305521611121]}