{"coverage_estimated_first_order": [1.3386024173085163, 1.3182238751569446, 1.316640283856146, 1.2392171282460636, 1.2993073667682353, 1.110754516041825, 1.2259895868571757, 1.077052854483217, 1.0407854116156952, 0.7674934889046672, 0.7463859245802884], "coverage_estimated_second_order": [0.5995936381114, 0.5921287395134001, 0.6622631271602, 0.5514160995216, 0.6990874259526, 0.9557117466302001, 0.9643710644900001, 0.9681858198429, 0.5855268362568, 0.9753991116468002, 0.9779582874049], "sol": [0.0, 0.0, 0.0, 0.0, 0.0, 1.0, 1.0, 1.0, 0.0, 1.0, 1.0], "coverage": [0.5916276041666667, 0.5929036458333333, 0.6568272569444444, 0.5412282986111111, 0.6996397569444445, 1.0, 1.0, 1.0, 0.5727647569444444, 1.0, 1.0], "coverage_estimated_first_order_diff": [0.7469748131418495, 0.7253202293236113, 0.6598130269117015, 0.6979888296349525, 0.5996676098237909, 0.11075451604182507, 0.22598958685717574, 0.07705285448321697, 0.46802065467125076, -0.23250651109533282, -0.2536140754197116], "coverage_estimated_second_order_diff": [0.007966033944733275, -0.0007749063199332662, 0.005435870215755534, 0.010187800910488876, -0.0005523309918444852, -0.04428825336979991, -0.035628935509999904, -0.031814180157100025, 0.012762079312355623, -0.024600888353199846, -0.022041712595100016]}