{"coverage_estimated_first_order": [0.632493866256004, 0.6636801135417054, 0.2578347618919456, 0.2571398220017573, 0.5176178856188984, 0.522078699304121, 0.5232466157368044, 0.4440574538051904, 0.2951047908631781, 0.5410190184604247, 0.2899964271433589], "coverage_estimated_second_order": [0.648206900162, 0.7264977553499999, 0.97258259525, 0.9576317446479999, 0.435317808076, 0.351228981402, 0.29459244634799997, 0.18647690329980002, 0.0283877723396, 0.5648388861079999, 0.02000570839225], "sol": [0.0, 0.0, 1.0, 1.0, 0.0, 0.0, 0.0, 0.0, 0.0, 0.0, 0.0], "coverage": [0.6846831597222223, 0.7590755208333333, 1.0, 1.0, 0.4730251736111111, 0.3778385416666667, 0.3016579861111111, 0.178125, 0.008793402777777778, 0.5957595486111111, 0.0], "coverage_estimated_first_order_diff": [-0.052189293466218256, -0.09539540729162788, -0.7421652381080543, -0.7428601779982427, 0.044592712007787305, 0.1442401576374543, 0.2215886296256933, 0.26593245380519037, 0.2863113880854003, -0.05474053015068647, 0.2899964271433589], "coverage_estimated_second_order_diff": [-0.03647625956022227, -0.032577765483333354, -0.027417404749999985, -0.04236825535200006, -0.037707365535111115, -0.02660956026466671, -0.007065539763111139, 0.008351903299800012, 0.01959436956182222, -0.030920662503111207, 0.02000570839225]}