{"coverage_estimated_first_order": [1.7829583769297908, 1.4209349127131914, 1.3172214010788001, 1.2603895981751054, 1.4598752899639562, 1.6314814993812967, 1.4528567007029922, 1.268014726572836, 1.155073348581444, 1.3616802273265836, 0.8572384190720529], "coverage_estimated_second_order": [0.8574495949336001, 0.9873348679612, 0.9870571037612001, 0.9461806897114999, 0.584691700799, 0.7206354445872, 0.9700856286074002, 0.9898192749025999, 0.5563206030561, 0.6295678923556, 0.9885869026465502], "sol": [0.0, 1.0, 1.0, 1.0, 0.0, 0.0, 1.0, 1.0, 0.0, 0.0, 1.0], "coverage": [0.8745269097222222, 1.0, 1.0, 1.0, 0.6140060763888889, 0.7441579861111111, 1.0, 1.0, 0.5495529513888889, 0.6270008680555555, 1.0], "coverage_estimated_first_order_diff": [0.9084314672075685, 0.4209349127131914, 0.31722140107880015, 0.26038959817510543, 0.8458692135750673, 0.8873235132701857, 0.4528567007029922, 0.2680147265728361, 0.605520397192555, 0.734679359271028, -0.1427615809279471], "coverage_estimated_second_order_diff": [-0.017077314788622178, -0.012665132038800042, -0.01294289623879985, -0.053819310288500066, -0.02931437558988892, -0.02352254152391109, -0.02991437139259978, -0.01018072509740009, 0.00676765166721105, 0.002567024300044407, -0.011413097353449753]}