{"coverage_estimated_first_order": [1.9558622465923854, 1.696066416094572, 1.6811656583086658, 1.7283386867582746, 1.7404211636020874, 1.5878943578260436, 1.6785055925483325, 1.7664400243281386, 1.1102152864816692, 1.3608791486120626, 1.0998065672285806], "coverage_estimated_second_order": [0.6982041490802, 0.84966311074, 0.8509761261470001, 0.565967317334, 0.653218626283, 0.8720639669538, 0.8700722294102001, 0.740190347883, 0.9454959208975998, 0.8645016759206999, 0.94945489003125], "sol": [0.0, 1.0, 1.0, 0.0, 0.0, 1.0, 1.0, 0.0, 1.0, 1.0, 1.0], "coverage": [0.7827039930555556, 1.0, 1.0, 0.6431857638888889, 0.7250607638888888, 1.0, 1.0, 0.7633897569444444, 1.0, 1.0, 1.0], "coverage_estimated_first_order_diff": [1.1731582535368297, 0.696066416094572, 0.6811656583086658, 1.0851529228693857, 1.0153603997131986, 0.5878943578260436, 0.6785055925483325, 1.0030502673836943, 0.11021528648166923, 0.3608791486120626, 0.09980656722858061], "coverage_estimated_second_order_diff": [-0.08449984397535559, -0.15033688926, -0.14902387385299987, -0.07721844655488896, -0.07184213760588887, -0.12793603304620005, -0.12992777058979987, -0.023199409061444465, -0.05450407910240018, -0.13549832407930007, -0.050545109968749946]}