{"coverage_estimated_first_order": [1.5020942654285414, 1.143724118811735, 1.0717597638082634, 1.0109343326267064, 1.2133895298491029, 1.3206887782393177, 1.4528567007029922, 0.9361530107873016, 0.9622401314311588, 1.1599492053946365, 0.6641881721951639], "coverage_estimated_second_order": [0.8773810445896, 1.0333853164141997, 1.030542013781, 1.0012078255017998, 0.581034900909, 0.6723678587291999, 0.8612240907754001, 1.0094555335722, 0.5291803279097, 0.6393506096145999, 1.0152689213049504], "sol": [0.0, 1.0, 1.0, 1.0, 0.0, 0.0, 0.0, 1.0, 0.0, 0.0, 1.0], "coverage": [0.8668836805555555, 1.0, 1.0, 1.0, 0.5932595486111111, 0.6958072916666667, 0.8649131944444445, 1.0, 0.5234331597222223, 0.6127690972222222, 1.0], "coverage_estimated_first_order_diff": [0.6352105848729859, 0.14372411881173508, 0.07175976380826343, 0.0109343326267064, 0.6201299812379918, 0.6248814865726511, 0.5879435062585477, -0.06384698921269838, 0.43880697170893657, 0.5471801081724144, -0.3358118278048361], "coverage_estimated_second_order_diff": [0.010497364034044443, 0.03338531641419973, 0.030542013780999966, 0.0012078255017997641, -0.012224647702111069, -0.023439432937466753, -0.0036891036690444023, 0.00945553357219997, 0.00574716818747778, 0.026581512392377715, 0.015268921304950389]}