{"coverage_estimated_first_order": [1.136962609605078, 0.7695562787870533, 1.0737896447954132, 1.0070256015021812, 1.0347607170181279, 0.8249825734726667, 0.8786198830418628, 1.0784562920913858, 0.8156733491956372, 0.8357178420545458, 0.5171923931001627], "coverage_estimated_second_order": [0.7358664698399999, 0.9685318180501999, 0.6780805056858, 0.5904980356646999, 0.6668804124564001, 1.0286388212062, 1.0484568707932, 0.7335733567691, 0.5279534474183999, 0.43261121542159997, 1.0099583573551], "sol": [0.0, 1.0, 0.0, 0.0, 0.0, 1.0, 1.0, 0.0, 0.0, 0.0, 1.0], "coverage": [0.7652039930555555, 1.0, 0.7183116319444445, 0.6128472222222222, 0.6581944444444444, 1.0, 1.0, 0.708515625, 0.5181206597222222, 0.46055121527777776, 1.0], "coverage_estimated_first_order_diff": [0.37175861654952247, -0.23044372121294665, 0.3554780128509687, 0.394178379279959, 0.37656627257368347, -0.17501742652733332, -0.12138011695813722, 0.36994066709138584, 0.29755268947341496, 0.37516662677676804, -0.48280760689983726], "coverage_estimated_second_order_diff": [-0.029337523215555605, -0.031468181949800056, -0.040231126258644445, -0.02234918655752227, 0.008685968011955647, 0.028638821206200094, 0.048456870793200046, 0.025057731769099978, 0.00983278769617768, -0.02793999985617779, 0.00995835735510009]}