{"coverage_estimated_first_order": [0.9540532334685737, 0.8701009802678853, 1.1352163928051033, 0.8382473449209862, 1.0072293852153853, 1.062172258989214, 1.1840975536330947, 0.6854130066667032, 0.6676297733475923, 0.8465380937095304, 0.6641881721951638], "coverage_estimated_second_order": [1.053509820196, 1.028195068484, 0.7109329724261999, 1.026287662546, 0.6008831380980001, 0.6044112407839999, 0.7757172594280001, 0.9755648917037999, 0.2566173351145, 0.42952035240739994, 0.25679469364815], "sol": [1.0, 1.0, 0.0, 1.0, 0.0, 0.0, 0.0, 1.0, 0.0, 0.0, 0.0], "coverage": [1.0, 1.0, 0.6832552083333333, 1.0, 0.580546875, 0.5949869791666667, 0.7711545138888889, 1.0, 0.26760416666666664, 0.41313802083333334, 0.26979166666666665], "coverage_estimated_first_order_diff": [-0.045946766531426264, -0.1298990197321147, 0.45196118447177, -0.16175265507901382, 0.4266825102153853, 0.4671852798225473, 0.41294303974420576, -0.31458699333329676, 0.4000256066809257, 0.43340007287619703, 0.39439650552849714], "coverage_estimated_second_order_diff": [0.053509820196000035, 0.028195068483999997, 0.027677764092866597, 0.026287662546000012, 0.020336263098000074, 0.00942426161733323, 0.004562745539111179, -0.024435108296200103, -0.01098683155216662, 0.0163823315740666, -0.012996973018516655]}