{"coverage_estimated_first_order": [1.1203498076785885, 1.4754912410004448, 0.9933444789995056, 1.382854777924803, 1.059929764753071, 1.1424796716698553, 1.4873485231328991, 0.9293904253338585, 0.8493855063987082, 1.1564501944641676, 0.8433321048467585], "coverage_estimated_second_order": [1.022221737028, 0.8769886956699999, 1.0137025332461, 0.7824392599560002, 0.9969696826700001, 1.001188940002, 0.8460335799320001, 0.9909231056585002, 0.3397965138128, 0.6724901597146, 0.33818184960305], "sol": [1.0, 0.0, 1.0, 0.0, 1.0, 1.0, 0.0, 1.0, 0.0, 0.0, 0.0], "coverage": [1.0, 0.8631163194444444, 1.0, 0.7661241319444444, 1.0, 1.0, 0.8525651041666666, 1.0, 0.35515625, 0.6706770833333333, 0.35409722222222223], "coverage_estimated_first_order_diff": [0.1203498076785885, 0.6123749215560004, -0.00665552100049438, 0.6167306459803586, 0.05992976475307099, 0.1424796716698553, 0.6347834189662325, -0.07060957466614148, 0.49422925639870824, 0.4857731111308343, 0.48923488262453624], "coverage_estimated_second_order_diff": [0.02222173702800001, 0.013872376225555483, 0.013702533246100046, 0.01631512801155577, -0.003030317329999921, 0.001188940001999983, -0.006531524234666519, -0.00907689434149983, -0.01535973618719999, 0.0018130763812667094, -0.015915372619172252]}