{"coverage_estimated_first_order": [0.5217704122602445, 0.8251867480778979, 0.7372404366742353, 0.7938710266123148, 0.7070332385859508, 0.807505339649328, 0.9277812899949616, 0.5210398080746178, 0.37251776896978966, 0.5787543380786389, 0.666809492036864], "coverage_estimated_second_order": [0.9221013079428, 0.5468965753124, 0.38776121645479994, 0.5699538499806, 0.4076944558208, 0.54352313535, 0.746151428034, 1.0113768238864, 1.0212423824842, 0.21893745470220002, 0.5336181674622], "sol": [1.0, 0.0, 0.0, 0.0, 0.0, 0.0, 0.0, 1.0, 1.0, 0.0, 0.0], "coverage": [1.0, 0.6011935763888889, 0.423046875, 0.6236762152777777, 0.4509765625, 0.5860243055555555, 0.7600954861111111, 1.0, 1.0, 0.23077256944444444, 0.5255555555555556], "coverage_estimated_first_order_diff": [-0.47822958773975555, 0.223993171689009, 0.31419356167423534, 0.17019481133453707, 0.2560566760859508, 0.2214810340937725, 0.16768580388385046, -0.4789601919253822, -0.6274822310302104, 0.3479817686341944, 0.14125393648130846], "coverage_estimated_second_order_diff": [-0.07789869205720001, -0.05429700107648894, -0.03528565854520005, -0.05372236529717778, -0.043282106679200016, -0.04250117020555555, -0.013944058077111077, 0.011376823886400045, 0.021242382484200073, -0.011835114742244413, 0.008062611906644479]}