{"coverage_estimated_first_order": [0.8275192427386486, 1.2046366791159064, 0.7372404366742353, 1.0510108486140721, 0.9406256525764964, 1.0552712409844967, 1.1870603137793376, 0.7244814965204589, 0.5197976007034081, 0.9204428462460915, 0.8118077056085435], "coverage_estimated_second_order": [1.0275508112908, 0.8604926531364, 1.0195013662708001, 0.6606726648886001, 0.476020079817, 0.6035730934142, 0.8152012626972001, 1.0109020517779, 1.0190585361302, 0.5966553371314001, 0.53236264380865], "sol": [1.0, 0.0, 1.0, 0.0, 0.0, 0.0, 0.0, 1.0, 1.0, 0.0, 0.0], "coverage": [1.0, 0.84953125, 1.0, 0.6619010416666666, 0.5005425347222222, 0.6400477430555556, 0.8367751736111111, 1.0, 1.0, 0.5948307291666667, 0.5255555555555556], "coverage_estimated_first_order_diff": [-0.17248075726135137, 0.3551054291159065, -0.26275956332576467, 0.3891098069474055, 0.44008311785427423, 0.4152234979289411, 0.35028514016822654, -0.2755185034795411, -0.4802023992965919, 0.32561211707942483, 0.286252150052988], "coverage_estimated_second_order_diff": [0.02755081129080006, 0.010961403136400039, 0.019501366270800125, -0.0012283767780665311, -0.024522454905222202, -0.036474649641355605, -0.021573910913911032, 0.010902051777899935, 0.019058536130200032, 0.0018246079647333824, 0.0068070882530943955]}