{"coverage_estimated_first_order": [1.3750186087080067, 1.3412656155136846, 1.3457157607458572, 1.0197231956902661, 1.091894771432501, 1.1437828197909607, 1.3911328498625206, 1.2173108376298631, 0.9193862635811243, 0.802113109529235, 0.6141385733666327], "coverage_estimated_second_order": [0.6702049873118001, 0.6498040058504, 0.73864129104, 0.9708697500581, 0.9920953251838001, 0.9900085647022001, 0.722401061705, 0.6233056075687, 0.4618240671347999, 0.9740203333446, 0.9933140965804501], "sol": [0.0, 0.0, 0.0, 1.0, 1.0, 1.0, 0.0, 0.0, 0.0, 1.0, 1.0], "coverage": [0.6830859375, 0.6718359375, 0.7614279513888889, 1.0, 1.0, 1.0, 0.7252734375, 0.6295486111111112, 0.46813802083333333, 1.0, 1.0], "coverage_estimated_first_order_diff": [0.6919326712080067, 0.6694296780136846, 0.5842878093569683, 0.01972319569026615, 0.09189477143250091, 0.14378281979096075, 0.6658594123625207, 0.587762226518752, 0.45124824274779096, -0.19788689047076502, -0.3858614266333673], "coverage_estimated_second_order_diff": [-0.012880950188199902, -0.022031931649600045, -0.022786660348888876, -0.029130249941900055, -0.007904674816199941, -0.009991435297799889, -0.002872375794999993, -0.006243003542411141, -0.006313953698533437, -0.02597966665539997, -0.006685903419549888]}