{"coverage_estimated_first_order": [1.6083268881469075, 1.5751695673255346, 1.5581364858279203, 1.5304514479654565, 1.2993073667682353, 1.4646829695684966, 1.4941965214670978, 1.3085567880560485, 1.1895315237177368, 0.9882153117463154, 0.891384138151968], "coverage_estimated_second_order": [0.6062627259134, 0.6018025686006, 0.6769092864323, 0.5983532024216001, 0.9078230752726, 0.8691023614262001, 0.8597204266570001, 0.8795178452090999, 0.5724935096466, 0.9605779998932, 0.96681171474215], "sol": [0.0, 0.0, 0.0, 0.0, 1.0, 1.0, 1.0, 1.0, 0.0, 1.0, 1.0], "coverage": [0.6289149305555556, 0.624140625, 0.6908376736111111, 0.6153385416666667, 1.0, 1.0, 1.0, 1.0, 0.5729383680555555, 1.0, 1.0], "coverage_estimated_first_order_diff": [0.9794119575913519, 0.9510289423255346, 0.8672988122168092, 0.9151129062987898, 0.29930736676823533, 0.46468296956849664, 0.4941965214670978, 0.30855678805604847, 0.6165931556621813, -0.011784688253684616, -0.10861586184803196], "coverage_estimated_second_order_diff": [-0.02265220464215556, -0.022338056399400008, -0.013928387178811175, -0.016985339245066622, -0.09217692472740002, -0.13089763857379988, -0.1402795733429999, -0.12048215479090008, -0.00044485840895558404, -0.03942200010679997, -0.03318828525785]}