{"coverage_estimated_first_order": [1.6910619527237505, 2.0351295418474464, 1.4962479714739043, 1.5947430598716101, 1.5619858446812025, 1.710280672294719, 1.6705552143627591, 1.789112006144945, 1.2596179737665163, 1.5571124887391041, 0.9521870338152011], "coverage_estimated_second_order": [0.7844506419260002, 0.7523929670153999, 0.8913285185824, 0.7465201405647001, 0.7416429221278001, 0.7590564088870001, 0.8507436743862001, 0.7296122373668, 0.5056874848566, 0.6359407704811999, 0.9877286137460001], "sol": [1.0, 0.0, 1.0, 1.0, 1.0, 1.0, 1.0, 0.0, 0.0, 0.0, 1.0], "coverage": [1.0, 0.8949175347222222, 1.0, 1.0, 1.0, 1.0, 1.0, 0.7974565972222222, 0.5191015625, 0.6873958333333333, 1.0], "coverage_estimated_first_order_diff": [0.6910619527237505, 1.1402120071252242, 0.4962479714739043, 0.5947430598716101, 0.5619858446812025, 0.710280672294719, 0.6705552143627591, 0.9916554089227229, 0.7405164112665164, 0.8697166554057708, -0.04781296618479891], "coverage_estimated_second_order_diff": [-0.21554935807399977, -0.1425245677068223, -0.10867148141759997, -0.25347985943529994, -0.25835707787219986, -0.2409435911129999, -0.14925632561379987, -0.06784435985542214, -0.013414077643399969, -0.051455062852133415, -0.012271386253999927]}