{"coverage_estimated_first_order": [2.0760779489331602, 1.6919847600555005, 1.5735135153472164, 1.5929667268249244, 1.5808337544521005, 1.7182942447895266, 1.7508343341111574, 1.4667735798032049, 1.1899499610728936, 1.5978579213066013, 1.1813805652953266], "coverage_estimated_second_order": [0.707243473516, 0.836171736908, 0.8847012867171001, 0.7312565107079998, 0.691779295168, 0.6813337861100001, 0.7477596737580002, 0.8144655621947, 0.3689008715469, 0.64431599622, 0.3826954437968], "sol": [0.0, 1.0, 1.0, 1.0, 1.0, 1.0, 1.0, 1.0, 0.0, 0.0, 0.0], "coverage": [0.8819357638888888, 1.0, 1.0, 1.0, 1.0, 1.0, 1.0, 1.0, 0.38523871527777775, 0.6900998263888889, 0.3937326388888889], "coverage_estimated_first_order_diff": [1.1941421850442713, 0.6919847600555005, 0.5735135153472164, 0.5929667268249244, 0.5808337544521005, 0.7182942447895266, 0.7508343341111574, 0.4667735798032049, 0.8047112457951159, 0.9077580949177124, 0.7876479264064378], "coverage_estimated_second_order_diff": [-0.1746922903728888, -0.16382826309200005, -0.11529871328289987, -0.2687434892920002, -0.30822070483200004, -0.31866621388999994, -0.25224032624199977, -0.1855344378053, -0.016337843730877766, -0.04578383016888887, -0.011037195092088892]}