{"coverage_estimated_first_order": [1.6959943403903317, 1.3236358736588045, 1.6935387829300748, 1.221743599208118, 1.5443684611250417, 1.303648533317848, 1.683194160716385, 1.471752385456112, 0.9179271967273255, 1.0167901288056347, 0.9067563203516915], "coverage_estimated_second_order": [0.8018071584661999, 0.9999345573126, 0.8992456565484, 0.9899095047333, 0.7438817485370001, 0.9724017051145999, 0.8040798741768, 0.7054249393366001, 0.9997780725604999, 1.0066754322317, 1.0005364832116501], "sol": [0.0, 1.0, 0.0, 1.0, 0.0, 1.0, 0.0, 0.0, 1.0, 1.0, 1.0], "coverage": [0.8142013888888889, 1.0, 0.8943619791666667, 1.0, 0.7628081597222223, 1.0, 0.8298480902777777, 0.7190928819444444, 1.0, 1.0, 1.0], "coverage_estimated_first_order_diff": [0.8817929515014428, 0.32363587365880453, 0.799176803763408, 0.22174359920811804, 0.7815603014028194, 0.303648533317848, 0.8533460704386072, 0.7526595035116677, -0.08207280327267452, 0.016790128805634685, -0.09324367964830849], "coverage_estimated_second_order_diff": [-0.012394230422689057, -6.544268740005244e-05, 0.004883677381733342, -0.010090495266700028, -0.018926411185222203, -0.02759829488540011, -0.02576821610097768, -0.013667942607844319, -0.00022192743950011362, 0.006675432231699974, 0.0005364832116501184]}