{"coverage_estimated_first_order": [1.760034604917417, 1.3430682910718361, 1.7108388766313976, 1.3261057000648167, 1.3546721055943867, 1.4081614824892745, 1.7482022091598344, 1.1349181952795688, 0.9970990177414041, 1.0544383912072013, 0.9883303184184378], "coverage_estimated_second_order": [0.832744479874, 0.9644239415639999, 0.8843127463873, 0.907192134657, 0.8791450743439999, 0.8975873431399999, 0.8253542405510002, 0.9501677870905001, 0.3358408398015, 0.9815960311845999, 0.3357079245679], "sol": [0.0, 1.0, 0.0, 1.0, 1.0, 1.0, 0.0, 1.0, 0.0, 1.0, 0.0], "coverage": [0.8785416666666667, 1.0, 0.8985720486111111, 1.0, 1.0, 1.0, 0.8759592013888889, 1.0, 0.3554730902777778, 1.0, 0.35409722222222223], "coverage_estimated_first_order_diff": [0.8814929382507503, 0.3430682910718361, 0.8122668280202865, 0.32610570006481665, 0.35467210559438667, 0.40816148248927453, 0.8722430077709454, 0.13491819527956883, 0.6416259274636262, 0.05443839120720129, 0.6342330961962155], "coverage_estimated_second_order_diff": [-0.045797186792666644, -0.03557605843600009, -0.01425930222381111, -0.092807865343, -0.12085492565600009, -0.10241265686000012, -0.05060496083788879, -0.04983221290949991, -0.019632250476277813, -0.018403968815400074, -0.018389297654322234]}