{"coverage_estimated_first_order": [1.4750260047576769, 1.5662981304139527, 1.5223326190067143, 1.6145378262537935, 1.2122463060908826, 1.6643521705964672, 1.3372315553510117, 1.4150525988193006, 0.9307890786405044, 1.227647245779501, 0.9180413147352864], "coverage_estimated_second_order": [0.8044911468460002, 0.7341561736240001, 0.7558751553120001, 0.659827496491, 0.922261707576, 0.75487919739, 0.8948830888150002, 0.5932897772951999, 0.19086798415209996, 0.8074471985539999, 0.18088345285860002], "sol": [1.0, 1.0, 1.0, 0.0, 1.0, 0.0, 1.0, 0.0, 0.0, 1.0, 0.0], "coverage": [1.0, 1.0, 1.0, 0.7468402777777777, 1.0, 0.8135503472222222, 1.0, 0.6125217013888888, 0.20353732638888888, 1.0, 0.193515625], "coverage_estimated_first_order_diff": [0.47502600475767687, 0.5662981304139527, 0.5223326190067143, 0.8676975484760158, 0.21224630609088257, 0.850801823374245, 0.3372315553510117, 0.8025308974304117, 0.7272517522516155, 0.2276472457795009, 0.7245256897352864], "coverage_estimated_second_order_diff": [-0.1955088531539998, -0.2658438263759999, -0.2441248446879999, -0.0870127812867777, -0.07773829242399999, -0.058671149832222214, -0.10511691118499977, -0.0192319240936889, -0.012669342236788922, -0.19255280144600007, -0.012632172141399972]}