{"coverage_estimated_first_order": [1.7718187362669324, 1.400669810980325, 1.3132559657800376, 1.3021686523460998, 1.2133895298491029, 1.674617231765989, 1.7210636353129143, 1.1676569443601332, 1.1109862435332007, 1.3806710282362846, 0.8091863857668434], "coverage_estimated_second_order": [0.8431059509356, 0.9744840049913998, 0.9781828041791, 0.9549214169828, 0.965107018235, 0.8121985693031999, 0.8689613366554, 1.003217855495, 0.5277076693927, 0.6719448903836001, 1.0100221944731], "sol": [0.0, 1.0, 1.0, 1.0, 1.0, 0.0, 0.0, 1.0, 0.0, 0.0, 1.0], "coverage": [0.8760199652777778, 1.0, 1.0, 1.0, 1.0, 0.8356423611111111, 0.8856597222222222, 1.0, 0.5273828125, 0.6729947916666666, 1.0], "coverage_estimated_first_order_diff": [0.8957987709891546, 0.40066981098032506, 0.31325596578003756, 0.3021686523460998, 0.21338952984910287, 0.838974870654878, 0.8354039130906921, 0.16765694436013323, 0.5836034310332008, 0.707676236569618, -0.19081361423315657], "coverage_estimated_second_order_diff": [-0.03291401434217778, -0.025515995008600245, -0.021817195820900026, -0.045078583017200025, -0.034892981765, -0.02344379180791123, -0.016698385566822238, 0.003217855494999977, 0.0003248568927000095, -0.00104990128306659, 0.010022194473100043]}