{"coverage_estimated_first_order": [1.386158249370865, 1.361530717246551, 1.3496811960446196, 0.977944141519272, 1.338380531547354, 1.1006470874062684, 1.1229259152525988, 1.3176686198425662, 0.9634733686293677, 0.7831223086195339, 0.6621906066718422], "coverage_estimated_second_order": [0.7328376593038, 0.7075525007782, 0.7564201556892001, 1.0065239472188001, 0.7878787695778, 1.0350883070302002, 1.03175969201, 0.7758677223851, 0.5239317901189999, 0.9935789811904, 1.00400717875445], "sol": [0.0, 0.0, 0.0, 1.0, 0.0, 1.0, 1.0, 0.0, 0.0, 1.0, 1.0], "coverage": [0.7474956597222222, 0.7310980902777777, 0.7751085069444444, 1.0, 0.7680338541666667, 1.0, 1.0, 0.7575824652777777, 0.5189279513888889, 1.0, 1.0], "coverage_estimated_first_order_diff": [0.6386625896486429, 0.6304326269687732, 0.5745726891001751, -0.022055858480727997, 0.5703466773806873, 0.10064708740626838, 0.12292591525259877, 0.5600861545647885, 0.4445454172404788, -0.2168776913804661, -0.33780939332815785], "coverage_estimated_second_order_diff": [-0.014658000418422246, -0.023545589499577746, -0.018688351255244373, 0.006523947218800119, 0.019844915411133313, 0.03508830703020016, 0.03175969201000006, 0.018285257107322317, 0.00500383873011101, -0.006421018809599999, 0.004007178754450003]}