{"coverage_estimated_first_order": [1.976858451891581, 1.6008466675602608, 1.9390004202006117, 1.4711988647565168, 1.7908542212398948, 1.614441254459827, 1.683194160716385, 1.803614101241647, 1.1107604138776106, 1.2185211507375817, 1.0998065672285806], "coverage_estimated_second_order": [0.7738366848682, 0.9301732901399999, 0.8619634455886, 0.9225545042759999, 0.7006521252750002, 0.8855234536385999, 0.8903249400328, 0.7859852696432, 0.9450282861909, 0.9691779167647, 0.9494548900312502], "sol": [0.0, 1.0, 0.0, 1.0, 0.0, 1.0, 1.0, 0.0, 1.0, 1.0, 1.0], "coverage": [0.8470138888888888, 1.0, 0.9035069444444445, 1.0, 0.7707682291666667, 1.0, 1.0, 0.8125260416666666, 1.0, 1.0, 1.0], "coverage_estimated_first_order_diff": [1.1298445630026923, 0.6008466675602608, 1.0354934757561671, 0.47119886475651684, 1.0200859920732281, 0.614441254459827, 0.683194160716385, 0.9910880595749803, 0.1107604138776106, 0.21852115073758172, 0.09980656722858061], "coverage_estimated_second_order_diff": [-0.07317720402068884, -0.06982670986000006, -0.04154349885584441, -0.07744549572400006, -0.07011610389166645, -0.11447654636140014, -0.10967505996719995, -0.026540772023466608, -0.05497171380910004, -0.030822083235300002, -0.050545109968749835]}