{"coverage_estimated_first_order": [1.7056979879814078, 2.07382191147686, 1.6233238343914356, 1.54020017495252, 1.7250534095673873, 1.8888026202723234, 1.707674804564819, 1.5004069973730823, 1.0077178825356667, 1.3215043784710105, 1.2948543796287912], "coverage_estimated_second_order": [0.8387323001407999, 0.7917710799748, 0.8919213896848, 0.8452751184063999, 0.5880314982588, 0.6903834744064, 0.8751293938626001, 0.9168408890336999, 0.9723421812535, 0.9144596257804, 0.5531180312271], "sol": [1.0, 0.0, 1.0, 1.0, 0.0, 0.0, 1.0, 1.0, 1.0, 1.0, 0.0], "coverage": [1.0, 0.8969965277777778, 1.0, 1.0, 0.6727560763888889, 0.7624869791666666, 1.0, 1.0, 1.0, 1.0, 0.5539236111111111], "coverage_estimated_first_order_diff": [0.7056979879814078, 1.176825383699082, 0.6233238343914356, 0.54020017495252, 1.0522973331784984, 1.1263156411056567, 0.7076748045648189, 0.5004069973730823, 0.007717882535666742, 0.32150437847101054, 0.7409307685176801], "coverage_estimated_second_order_diff": [-0.1612676998592001, -0.10522544780297782, -0.10807861031520005, -0.1547248815936001, -0.08472457813008893, -0.07210350476026661, -0.12487060613739986, -0.08315911096630013, -0.027657818746499974, -0.08554037421960003, -0.0008055798840110873]}