{"coverage_estimated_first_order": [2.0177926223171174, 1.606370215257344, 1.9416926735484386, 1.5349513560218782, 1.4818537535326655, 1.985674226472566, 1.7161209344161947, 1.493374915824535, 1.0090904412984307, 1.2408838877627208, 1.2948543796287912], "coverage_estimated_second_order": [0.7923586139148, 0.9170926696327999, 0.8517035677819002, 0.8749937227474, 0.8722381806806, 0.7674854928142, 0.8733343491986001, 0.9127825465121998, 0.9695811660308999, 0.9569985887054, 0.5531180312271999], "sol": [0.0, 1.0, 0.0, 1.0, 1.0, 0.0, 1.0, 1.0, 1.0, 1.0, 0.0], "coverage": [0.8799869791666667, 1.0, 0.9016362847222222, 1.0, 1.0, 0.8630598958333333, 1.0, 1.0, 1.0, 1.0, 0.5539236111111111], "coverage_estimated_first_order_diff": [1.1378056431504509, 0.606370215257344, 1.0400563888262164, 0.5349513560218782, 0.48185375353266546, 1.1226143306392327, 0.7161209344161947, 0.4933749158245351, 0.00909044129843073, 0.24088388776272085, 0.7409307685176801], "coverage_estimated_second_order_diff": [-0.08762836525186668, -0.0829073303672001, -0.049932716940322086, -0.12500627725260005, -0.1277618193194, -0.09557440301913334, -0.1266656508013999, -0.08721745348780019, -0.030418833969100056, -0.0430014112946, -0.0008055798839111672]}