{"coverage_estimated_first_order": [1.4470948434561883, 1.4147739661540442, 0.9633216688792225, 1.0746959405035668, 1.1000258119904363, 1.1604273794353015, 1.474525875536412, 0.9300604067017622, 0.8498296986743655, 1.1442008556466703, 0.8433321048467584], "coverage_estimated_second_order": [0.80123264431, 0.788726532646, 0.9800478030853002, 0.9756696201699999, 0.9599329612680001, 0.9671309883720001, 0.8097884812180001, 0.9730922177617, 0.33950162297680003, 0.6531427357068, 0.33818184960305003], "sol": [0.0, 0.0, 1.0, 1.0, 1.0, 1.0, 0.0, 1.0, 0.0, 0.0, 0.0], "coverage": [0.8088975694444445, 0.8033637152777777, 1.0, 1.0, 1.0, 1.0, 0.8245703125, 1.0, 0.3553559027777778, 0.6700043402777778, 0.35409722222222223], "coverage_estimated_first_order_diff": [0.6381972740117439, 0.6114102508762664, -0.03667833112077745, 0.07469594050356676, 0.10002581199043625, 0.1604273794353015, 0.6499555630364119, -0.06993959329823785, 0.49447379589658774, 0.4741965153688925, 0.4892348826245361], "coverage_estimated_second_order_diff": [-0.0076649251344445, -0.014637182631777712, -0.01995219691469985, -0.024330379830000082, -0.040067038731999904, -0.03286901162799993, -0.014781831281999946, -0.026907782238300038, -0.015854279800977755, -0.01686160457097774, -0.015915372619172197]}