{"coverage_estimated_first_order": [1.3885205097767157, 1.3289641358981172, 1.3313127551372985, 1.0159473703614332, 0.9993914587594308, 1.4282030463954698, 1.4421230517868457, 0.9628118183061231, 0.963681472103753, 0.7870564763408482, 0.6641881721951639], "coverage_estimated_second_order": [0.7338095425694, 0.6381789579013999, 0.7260213980071, 1.0090291244418998, 1.0217450292126, 0.8358738714162, 0.8219406530009999, 1.0213518802054, 0.5328658005312, 0.9813181802056, 1.0152689213049502], "sol": [0.0, 0.0, 0.0, 1.0, 1.0, 0.0, 0.0, 1.0, 0.0, 1.0, 1.0], "coverage": [0.7434201388888889, 0.6628081597222222, 0.7482725694444444, 1.0, 1.0, 0.8219618055555555, 0.8154210069444444, 1.0, 0.5273177083333334, 1.0, 1.0], "coverage_estimated_first_order_diff": [0.6451003708878268, 0.6661559761758951, 0.5830401856928541, 0.015947370361433233, -0.0006085412405691937, 0.6062412408399143, 0.6267020448424013, -0.03718818169387694, 0.43636376377041963, -0.2129435236591518, -0.3358118278048361], "coverage_estimated_second_order_diff": [-0.009610596319488907, -0.02462920182082229, -0.022251171437344452, 0.00902912444189985, 0.02174502921260002, 0.013912065860644418, 0.006519646056555528, 0.02135188020540002, 0.005548092197866672, -0.01868181979439998, 0.015268921304950167]}