{"coverage_estimated_first_order": [1.4253746500772084, 1.4369572644676907, 0.9691935441496451, 1.021535410394749, 0.9806008007679111, 1.4539155820912129, 1.0777239131811636, 1.2946672028297594, 0.9313954133193554, 1.1467743158621426, 0.6280448875919273], "coverage_estimated_second_order": [0.805726758898, 0.8469690435471999, 0.9965533866990001, 1.0337206496787, 1.0284078600518, 0.881791617795, 1.0261178425262, 0.7685243469191999, 0.49361506084799983, 0.6670140359843999, 1.0108125034452504], "sol": [0.0, 0.0, 1.0, 1.0, 1.0, 0.0, 1.0, 0.0, 0.0, 0.0, 1.0], "coverage": [0.8054470486111112, 0.8539149305555556, 1.0, 1.0, 1.0, 0.8611328125, 1.0, 0.7592795138888889, 0.49559895833333334, 0.6761241319444444, 1.0], "coverage_estimated_first_order_diff": [0.6199276014660973, 0.5830423339121351, -0.030806455850354908, 0.021535410394748933, -0.019399199232088882, 0.5927827695912129, 0.07772391318116356, 0.5353876889408705, 0.43579645498602204, 0.4706501839176982, -0.37195511240807266], "coverage_estimated_second_order_diff": [0.0002797102868888901, -0.0069458870083556334, -0.0034466133009999345, 0.03372064967869992, 0.02840786005180007, 0.020658805295000082, 0.026117842526200086, 0.009244833030310984, -0.001983897485333508, -0.009110095960044529, 0.010812503445250421]}