{"coverage_estimated_first_order": [1.0207716270321905, 1.5629387691916694, 1.22077871055223, 1.557638085067382, 1.5022517125849826, 0.8470461362575221, 1.0463589235754027, 0.8834304984957232, 1.0565147638386936, 1.073420317024683, 0.7323959961621898, 0.9432517614235614, 1.0829056221684827, 0.7647567026749499, 1.0164516819066123], "coverage_estimated_second_order": [1.0055815212924, 0.8659799105651999, 1.0095731751164, 0.8423724913628, 0.8526117500056, 1.0062416372377398, 0.4078298886642, 0.2839289491704, 0.5106731990469999, 0.482513049482, 0.9572492493058, 0.3439335794422, 0.9881215181296, 0.97839575242807, 0.5153369801836], "sol": [1.0, 0.0, 1.0, 0.0, 0.0, 1.0, 0.0, 0.0, 0.0, 0.0, 1.0, 0.0, 1.0, 1.0, 0.0], "coverage": [1.0, 0.8585112847222223, 1.0, 0.8352517361111111, 0.8456380208333333, 1.0, 0.41486545138888886, 0.2913541666666667, 0.5440104166666667, 0.5155121527777777, 1.0, 0.3667578125, 1.0, 1.0, 0.5422439236111111], "coverage_estimated_first_order_diff": [0.020771627032190487, 0.7044274844694471, 0.22077871055223008, 0.722386348956271, 0.6566136917516493, -0.15295386374247788, 0.6314934721865139, 0.5920763318290565, 0.5125043471720269, 0.5579081642469053, -0.26760400383781024, 0.5764939489235614, 0.08290562216848274, -0.23524329732505012, 0.4742077582955012], "coverage_estimated_second_order_diff": [0.005581521292399971, 0.007468625842977583, 0.009573175116400101, 0.007120755251688871, 0.006973729172266685, 0.00624163723773985, -0.00703556272468886, -0.007425217496266678, -0.03333721761966679, -0.03299910329577771, -0.04275075069419998, -0.022824233057800014, -0.01187848187039997, -0.021604247571930024, -0.0269069434275111]}