{"coverage_estimated_first_order": [1.1379335678066953, 1.2389017996486065, 1.4945036785697305, 1.3140349359283932, 1.1853013408852078, 0.8698436541708608, 1.109725294501988, 0.9884739233100165, 1.2069244833524762, 0.8746897725983005, 1.0223082259580356, 1.0976371694570701, 1.2802248465558663, 0.6987360238920695, 0.9318060806528752], "coverage_estimated_second_order": [0.9671712331308, 0.9488990448242, 0.6648989049573001, 0.47246654950380007, 0.39088644561049996, 0.24927092623984, 0.9605507998149001, 0.9862926540202002, 0.6654527809067999, 0.9884156083814, 0.3917347954888, 0.5503710648983999, 0.5699974475176, 1.0027196083266299, 0.3326455627792], "sol": [1.0, 1.0, 0.0, 0.0, 0.0, 0.0, 1.0, 1.0, 0.0, 1.0, 0.0, 0.0, 0.0, 1.0, 0.0], "coverage": [1.0, 1.0, 0.6645789930555556, 0.45394965277777777, 0.37180989583333335, 0.23325520833333332, 1.0, 1.0, 0.6679036458333333, 1.0, 0.4125, 0.5563671875, 0.549375, 1.0, 0.35494791666666664], "coverage_estimated_first_order_diff": [0.1379335678066953, 0.23890179964860647, 0.829924685514175, 0.8600852831506154, 0.8134914450518744, 0.6365884458375275, 0.10972529450198798, -0.011526076689983511, 0.5390208375191429, -0.1253102274016995, 0.6098082259580356, 0.5412699819570701, 0.7308498465558664, -0.30126397610793054, 0.5768581639862085], "coverage_estimated_second_order_diff": [-0.0328287668692, -0.051100955175800045, 0.00031991190174451845, 0.018516896726022303, 0.019076549777166607, 0.016015717906506688, -0.0394492001850999, -0.013707345979799834, -0.002450864926533347, -0.011584391618600032, -0.020765204511199953, -0.005996122601600096, 0.020622447517600007, 0.0027196083266298743, -0.022302353887466653]}