{"coverage_estimated_first_order": [1.1910110981344713, 1.2687966333976852, 1.5907704522875543, 1.104246300418179, 1.3556981318219492, 0.8696233495253465, 0.888680324382871, 1.157724277408337, 1.200258062984722, 0.8127109165560393, 0.8525398321890666, 1.140553684620281, 1.2627817983131038, 0.812364555251672, 1.1159361706611615], "coverage_estimated_second_order": [0.9633032116644, 0.9703802089476, 0.7867066381347999, 0.9518530533348002, 0.674152915947, 0.31786986031254, 0.9592705232232, 0.6788805051312, 0.717521985467, 1.0055839750202, 1.0133506574758, 0.657802268254, 0.5976980353072, 0.3071979435104, 0.6322524678797], "sol": [1.0, 1.0, 0.0, 1.0, 0.0, 0.0, 1.0, 0.0, 0.0, 1.0, 1.0, 0.0, 0.0, 0.0, 0.0], "coverage": [1.0, 1.0, 0.8192013888888889, 1.0, 0.69875, 0.34283854166666666, 1.0, 0.6896050347222222, 0.7113498263888889, 1.0, 1.0, 0.6540538194444444, 0.6204730902777778, 0.31398003472222225, 0.6269791666666666], "coverage_estimated_first_order_diff": [0.19101109813447126, 0.2687966333976852, 0.7715690633986654, 0.10424630041817906, 0.6569481318219492, 0.5267848078586799, -0.11131967561712897, 0.4681192426861147, 0.48890823659583305, -0.18728908344396067, -0.1474601678109334, 0.48649986517583665, 0.642308708035326, 0.4983845205294497, 0.4889570039944948], "coverage_estimated_second_order_diff": [-0.03669678833559997, -0.02961979105239998, -0.03249475075408903, -0.04814694666519981, -0.024597084052999985, -0.024968681354126665, -0.040729476776800055, -0.010724529591022214, 0.0061721590781110836, 0.005583975020200027, 0.013350657475799999, 0.0037484488095556046, -0.022775054970577746, -0.006782091211822272, 0.005273301213033377]}