{"coverage_estimated_first_order": [1.0889392418991992, 1.1851806538713048, 1.157285514045169, 1.0140262770144282, 1.2649274239227488, 0.8091296693384354, 0.926979502573957, 0.750832092376361, 0.8034967395056168, 0.8059285875805875, 0.5952666165475362, 0.7993132847049822, 1.120640982364141, 0.5868571999109855, 0.8964942289299749], "coverage_estimated_second_order": [0.8524199117863999, 0.8473449960805999, 0.8532214073376001, 0.8812698451600002, 0.6464844455432001, 0.39473376500533996, 0.3665257008572, 0.24589904856990003, 0.29071033443589994, 0.2484074900636, 0.9556057047647999, 0.3274968131314, 0.5136778683642, 0.07505674179759, 0.5245511373360999], "sol": [1.0, 1.0, 1.0, 1.0, 0.0, 0.0, 0.0, 0.0, 0.0, 0.0, 1.0, 0.0, 0.0, 0.0, 0.0], "coverage": [1.0, 1.0, 1.0, 1.0, 0.6994401041666667, 0.3917404513888889, 0.38351996527777776, 0.25588975694444444, 0.30842447916666665, 0.2655295138888889, 1.0, 0.34813368055555555, 0.5549348958333333, 0.07063802083333333, 0.5504904513888889], "coverage_estimated_first_order_diff": [0.08893924189919922, 0.18518065387130478, 0.157285514045169, 0.014026277014428157, 0.5654873197560821, 0.41738921794954653, 0.5434595372961792, 0.4949423354319165, 0.4950722603389502, 0.5403990736916986, -0.4047333834524638, 0.45117960414942665, 0.5657060865308077, 0.5162191790776521, 0.346003777541086], "coverage_estimated_second_order_diff": [-0.14758008821360014, -0.15265500391940012, -0.1467785926623999, -0.11873015483999982, -0.05295565862346663, 0.0029933136164510543, -0.016994264420577776, -0.00999070837454441, -0.017714144730766712, -0.017122023825288907, -0.04439429523520011, -0.020636867424155547, -0.04125702746913329, 0.0044187209642566755, -0.02593931405278893]}