{"coverage_estimated_first_order": [1.208780461892441, 1.3199753734423005, 1.0331652209214985, 1.3028105180063665, 1.1701904344307257, 0.926890391378895, 0.8691350133386613, 1.1471518025562188, 1.3836196123555526, 0.9845109841316602, 1.0317915710086207, 1.2324627398887418, 1.2031924048415326, 0.6799113199924556, 0.9584260935092478], "coverage_estimated_second_order": [0.5488581889863999, 0.6291953376268999, 0.9304413744880001, 0.5247542421532, 0.4055700619614001, 0.3758063731556399, 0.9919738084208, 0.6778652928694, 0.7990076415802001, 1.0009953890468002, 0.989873117615, 0.7076400001924, 0.5426386810704, 1.01581201765405, 0.9839540206406001], "sol": [0.0, 0.0, 1.0, 0.0, 0.0, 0.0, 1.0, 0.0, 0.0, 1.0, 1.0, 0.0, 0.0, 1.0, 1.0], "coverage": [0.5838454861111111, 0.6756901041666666, 1.0, 0.5811414930555555, 0.45359375, 0.389765625, 1.0, 0.6826302083333333, 0.7829427083333333, 1.0, 1.0, 0.7051953125, 0.5825303819444444, 1.0, 1.0], "coverage_estimated_first_order_diff": [0.6249349757813298, 0.6442852692756339, 0.03316522092149854, 0.721669024950811, 0.7165966844307257, 0.537124766378895, -0.13086498666133872, 0.4645215942228855, 0.6006769040222193, -0.01548901586833984, 0.031791571008620734, 0.5272674273887418, 0.6206620228970882, -0.3200886800075444, -0.04157390649075221], "coverage_estimated_second_order_diff": [-0.03498729712471116, -0.046494766539766696, -0.06955862551199987, -0.056387250902355524, -0.04802368803859991, -0.013959251844360088, -0.008026191579200037, -0.004764915463933317, 0.016064933246866753, 0.000995389046800188, -0.010126882385000036, 0.002444687692400027, -0.03989170087404437, 0.015812017654049937, -0.016045979359399887]}