{"coverage_estimated_first_order": [0.7381475043816939, 0.3670787585888054, 0.7313711873595692, 0.6424594928392015, 0.5814496949296235, 0.3833690800146138, 0.5646526339958391, 0.48516609086225415, 0.34931270193280495, 0.8232542064070689, 0.6566537963452594, 0.34057121303045895, 0.5639360476096242, 0.4646493741221961, 0.5561137037659979], "coverage_estimated_second_order": [0.6299001614864, 0.9172919838176999, 0.5246178162848, 0.32445812083080006, 0.24832720399779998, 0.050202881240339996, 0.34399508790309996, 0.2686210446172, 1.0146278464534, 0.7640869099426, 0.5329250435248, 1.0161446264260001, 0.2753147582656, 0.28228335477614, 0.4034782926652], "sol": [0.0, 1.0, 0.0, 0.0, 0.0, 0.0, 0.0, 0.0, 1.0, 0.0, 0.0, 1.0, 0.0, 0.0, 0.0], "coverage": [0.6853602430555555, 1.0, 0.5794227430555555, 0.35461805555555553, 0.2669314236111111, 0.03509548611111111, 0.3670920138888889, 0.2877647569444444, 1.0, 0.7497829861111112, 0.5310329861111112, 1.0, 0.3009939236111111, 0.29028211805555554, 0.4035112847222222], "coverage_estimated_first_order_diff": [0.05278726132613831, -0.6329212414111947, 0.15194844430401366, 0.2878414372836459, 0.3145182713185124, 0.34827359390350265, 0.1975606201069502, 0.19740133391780973, -0.650687298067195, 0.07347122029595776, 0.12562081023414828, -0.659428786969541, 0.26294212399851313, 0.17436725606664055, 0.1526024190437757], "coverage_estimated_second_order_diff": [-0.055460081569155495, -0.08270801618230006, -0.054804926770755547, -0.030159934724755477, -0.01860421961331113, 0.015107395129228887, -0.02309692598578894, -0.019143712327244433, 0.014627846453399984, 0.014303923831488818, 0.001892057413688808, 0.01614462642600012, -0.025679165345511124, -0.00799876327941551, -3.2992057022174226e-05]}