{"coverage_estimated_first_order": [0.725658837440829, 1.2335491706996984, 1.2109169824242496, 1.1607350334701045, 1.1132150666914817, 0.5009094974095528, 0.9134086309717793, 0.8289463788272038, 0.9561950956169445, 0.6093570689683647, 0.8757054808202202, 0.9519790345641435, 1.0146515446095485, 0.796488889084802, 0.7925877986493273], "coverage_estimated_second_order": [0.9648144640159, 0.7542845069956001, 0.6836847810567002, 0.6285495182384, 0.6351730438647, 0.9655739782608401, 1.0416262574973, 1.0332438103464003, 0.5817924334264001, 0.964369376578, 0.3960230544032, 0.5399987293588, 0.4993587689076, 0.47405585127220007, 0.3424623436844], "sol": [1.0, 0.0, 0.0, 0.0, 0.0, 1.0, 1.0, 1.0, 0.0, 1.0, 0.0, 0.0, 0.0, 0.0, 0.0], "coverage": [1.0, 0.7765017361111111, 0.7230295138888889, 0.6833333333333333, 0.6914930555555555, 1.0, 1.0, 1.0, 0.6091623263888889, 1.0, 0.4104861111111111, 0.5425390625, 0.5358550347222222, 0.48846354166666667, 0.35430555555555554], "coverage_estimated_first_order_diff": [-0.27434116255917096, 0.4570474345885873, 0.4878874685353607, 0.4774017001367712, 0.4217220111359262, -0.4990905025904472, -0.08659136902822073, -0.1710536211727962, 0.3470327692280556, -0.3906429310316353, 0.46521936970910904, 0.4094399720641435, 0.47879650988732636, 0.3080253474181353, 0.43828224309377173], "coverage_estimated_second_order_diff": [-0.035185535984100014, -0.02221722911551094, -0.039344732832188756, -0.05478381509493335, -0.05632001169085554, -0.03442602173915987, 0.04162625749730009, 0.03324381034640034, -0.027369892962488818, -0.03563062342199996, -0.014463056707911093, -0.0025403331411999464, -0.036496265814622175, -0.014407690394466599, -0.011843211871155557]}