{"coverage_estimated_first_order": [0.1908725244078358, 0.6084252104286488, 0.5044448700641369, 0.44475849708457715, 0.40339640126084764, 0.2504547487047748, 0.37894698221078893, 0.2895662514694174, 0.3522107133610751, 0.34361699758911163, 0.5020458015703761, 0.35360531942075635, 0.38171806815745646, 0.2312618297458222, 0.15394159521993073], "coverage_estimated_second_order": [0.9291597074869999, 0.6375230688010001, 0.42570030558800004, 0.2795198075272, 0.2139003702126, 0.018894700748339998, 0.24519844731260002, 0.11268670187600001, 0.218905351294, 0.1781829699824, 0.48472769472240007, 0.2305163177748, 0.21723449239659998, 0.04005345964282, 0.9676353352660001], "sol": [1.0, 0.0, 0.0, 0.0, 0.0, 0.0, 0.0, 0.0, 0.0, 0.0, 0.0, 0.0, 0.0, 0.0, 1.0], "coverage": [1.0, 0.6889800347222222, 0.46913194444444445, 0.31007378472222225, 0.23151475694444446, 0.0, 0.25614583333333335, 0.11538628472222222, 0.24014322916666667, 0.19533420138888888, 0.5102387152777778, 0.24711371527777778, 0.24116319444444445, 0.039991319444444444, 1.0], "coverage_estimated_first_order_diff": [-0.8091274755921642, -0.08055482429357341, 0.035312925619692404, 0.1346847123623549, 0.17188164431640318, 0.2504547487047748, 0.12280114887745558, 0.17417996674719516, 0.11206748419440846, 0.14828279620022275, -0.008192913707401606, 0.10649160414297856, 0.140554873713012, 0.19127051030137776, -0.8460584047800692], "coverage_estimated_second_order_diff": [-0.07084029251300006, -0.051456965921222175, -0.04343163885644441, -0.03055397719502223, -0.017614386731844456, 0.018894700748339998, -0.010947386020733335, -0.0026995828462222093, -0.021237877872666677, -0.017151231406488887, -0.025511020555377684, -0.016597397502977784, -0.023928702047844475, 6.214019837555429e-05, -0.032364664733999904]}