{"coverage_estimated_first_order": [0.8462475833327694, 0.5146313802249205, 0.5371635606476975, 0.7644197334233048, 0.6676592976757156, 0.4481027741800917, 0.6076273002481145, 0.5067799877749033, 0.4890807714630014, 0.5683559710245285, 0.554839470517018, 0.2719903357458885, 0.6291520068990373, 0.36024819787983337, 0.49136866715463745], "coverage_estimated_second_order": [0.7679778891219999, 1.0627073507476998, 1.0512451798578, 0.5730439451654, 0.4399659145358001, 0.1928717144876, 0.4177871005324, 0.31141632665600005, 0.21655054029080004, 0.32940157340180004, 0.3458046989958001, 0.9615468157591001, 0.414608679089, 0.07556434671986001, 0.2792073969322], "sol": [0.0, 1.0, 1.0, 0.0, 0.0, 0.0, 0.0, 0.0, 0.0, 0.0, 0.0, 1.0, 0.0, 0.0, 0.0], "coverage": [0.7210112847222222, 1.0, 1.0, 0.5431597222222222, 0.41987413194444445, 0.1932595486111111, 0.4178342013888889, 0.31637586805555556, 0.23, 0.34518663194444443, 0.3652560763888889, 1.0, 0.3928081597222222, 0.06862413194444444, 0.29375], "coverage_estimated_first_order_diff": [0.1252362986105472, -0.4853686197750795, -0.46283643935230245, 0.22126001120108263, 0.24778516573127118, 0.2548432255689806, 0.18979309885922563, 0.19040411971934773, 0.25908077146300135, 0.22316933908008407, 0.18958339412812908, -0.7280096642541115, 0.23634384717681506, 0.2916240659353889, 0.19761866715463744], "coverage_estimated_second_order_diff": [0.046966604399777734, 0.06270735074769984, 0.05124517985779997, 0.02988422294317783, 0.020091782591355634, -0.00038783412351112156, -4.710085648890194e-05, -0.0049595413995555115, -0.013449459709199973, -0.015785058542644392, -0.01945137739308883, -0.03845318424089994, 0.021800519366777793, 0.006940214775415565, -0.01454260306780003]}