{"coverage_estimated_first_order": [0.5771773236473763, 0.6242069191623218, 0.6597654403171895, 0.6924620980215351, 0.6570169848087244, 0.5318576933872693, 0.5204423935810154, 0.4613763047004955, 0.637446311553356, 0.6367383762426145, 0.28475304137038354, 0.5363139647195159, 0.4211136226905763, 0.30626884968807966, 0.5930203256688916], "coverage_estimated_second_order": [0.2865872713678, 0.3165314139432, 0.3481767194338, 0.4178346911104, 0.40559478088740003, 0.34046953711899997, 0.2383962150552, 0.2135934721032, 0.5107835844648, 0.482270604962, 0.9545967641704, 0.3400844302842, 0.9442467403522001, 0.9998867710533399, 0.4574734420416], "sol": [0.0, 0.0, 0.0, 0.0, 0.0, 0.0, 0.0, 0.0, 0.0, 0.0, 1.0, 0.0, 1.0, 1.0, 0.0], "coverage": [0.2967361111111111, 0.329921875, 0.36918836805555555, 0.4477777777777778, 0.43559895833333334, 0.3489713541666667, 0.24338975694444445, 0.2220703125, 0.5435112847222222, 0.5149739583333334, 1.0, 0.36473958333333334, 1.0, 1.0, 0.4818532986111111], "coverage_estimated_first_order_diff": [0.2804412125362652, 0.2942850441623219, 0.290577072261634, 0.24468432024375736, 0.22141802647539105, 0.1828863392206026, 0.277052636636571, 0.2393059922004955, 0.09393502683113375, 0.12176441790928116, -0.7152469586296164, 0.17157438138618253, -0.5788863773094237, -0.6937311503119203, 0.11116702705778053], "coverage_estimated_second_order_diff": [-0.0101488397433111, -0.013390461056799974, -0.02101164862175553, -0.029943086667377772, -0.03000417744593331, -0.008501817047666727, -0.004993541889244446, -0.008476840396799995, -0.03272770025742222, -0.032703353371333344, -0.04540323582960004, -0.02465515304913335, -0.05575325964779987, -0.00011322894666010441, -0.024379856569511082]}