{"coverage_estimated_first_order": [0.595188448910098, 0.6559397208962668, 0.7780981176998047, 0.8997884048107849, 0.5326090344146114, 0.42929426947311056, 0.2921765348303935, 0.6673906973595356, 0.4208614829909409, 0.44316856378865865, 0.4665610694591007, 0.480761667757846, 0.691445122581999, 0.46667436508277066, 0.4363572900068412], "coverage_estimated_second_order": [0.35245525988720006, 0.4122277939722, 0.5954842851032001, 0.7554932954906, 1.008617303362, 1.0517240676858, 0.9554174169446, 0.5840214535874, 0.0389002279908, 0.054794886637799994, 0.1396012002304, 0.197382769745, 0.5132958032738, 0.23417855763168, 0.138897420712], "sol": [0.0, 0.0, 0.0, 0.0, 1.0, 1.0, 1.0, 0.0, 0.0, 0.0, 0.0, 0.0, 0.0, 0.0, 0.0], "coverage": [0.39421875, 0.4530295138888889, 0.6233637152777778, 0.7541796875, 1.0, 1.0, 1.0, 0.6098828125, 0.01515625, 0.03349392361111111, 0.1301171875, 0.18940972222222222, 0.52, 0.22225694444444444, 0.12955729166666666], "coverage_estimated_first_order_diff": [0.20096969891009803, 0.20291020700737794, 0.15473440242202696, 0.14560871731078495, -0.4673909655853886, -0.5707057305268894, -0.7078234651696065, 0.05750788485953562, 0.4057052329909409, 0.40967464017754757, 0.3364438819591007, 0.2913519455356238, 0.17144512258199895, 0.24441742063832622, 0.3067999983401746], "coverage_estimated_second_order_diff": [-0.04176349011279995, -0.040801719916688906, -0.027879430174577724, 0.0013136079905999853, 0.008617303362000062, 0.05172406768579996, -0.04458258305539997, -0.025861358912599997, 0.0237439779908, 0.021300963026688886, 0.009484012730400004, 0.007973047522777776, -0.00670419672620004, 0.011921613187235558, 0.00934012904533335]}