{"coverage_estimated_first_order": [0.5707703127445483, 0.6121622039752772, 0.7359278738588022, 0.880282513442318, 0.5324179267703055, 0.42929426947311067, 0.4784373722994343, 0.41628379364328216, 0.5234802312304541, 0.5142049413765755, 0.2841952970554026, 0.5256067939847703, 0.6518480743771544, 0.4646330286767105, 0.5916643756626623], "coverage_estimated_second_order": [0.2693426973526, 0.2902176850374, 0.48348147447, 0.7062843198673, 1.0083287396979999, 1.0517240676858, 0.14108089175820002, 0.11037088459480002, 0.2853398711692, 0.24278134392560002, 0.9538997230204, 0.32070350304539996, 0.42226569684000004, 0.22831287942039, 0.45419785979599997], "sol": [0.0, 0.0, 0.0, 0.0, 1.0, 1.0, 0.0, 0.0, 0.0, 0.0, 1.0, 0.0, 0.0, 0.0, 0.0], "coverage": [0.27958333333333335, 0.2955772569444444, 0.4783072916666667, 0.6904600694444445, 1.0, 1.0, 0.13106770833333334, 0.1034592013888889, 0.3062152777777778, 0.2633463541666667, 1.0, 0.3444921875, 0.41509548611111113, 0.21458333333333332, 0.47792100694444445], "coverage_estimated_first_order_diff": [0.2911869794112149, 0.3165849470308328, 0.2576205821921355, 0.1898224439978735, -0.4675820732296945, -0.5707057305268893, 0.3473696639661009, 0.3128245922543933, 0.21726495345267627, 0.2508585872099088, -0.7158047029445974, 0.1811146064847703, 0.23675258826604328, 0.2500496953433772, 0.11374336871821783], "coverage_estimated_second_order_diff": [-0.010240635980733326, -0.005359571907044447, 0.005174182803333316, 0.015824250422855513, 0.008328739697999854, 0.05172406768579996, 0.010013183424866678, 0.006911683205911123, -0.020875406608577785, -0.02056501024106666, -0.04610027697959995, -0.02378868445460003, 0.007170210728888904, 0.013729546087056677, -0.02372314714844448]}