{"coverage_estimated_first_order": [0.9793166767117827, 1.0617425012975064, 1.2574209783913803, 1.0801377622290427, 1.1029225637928726, 0.9011136157305409, 0.7972848624446041, 0.6807874572576215, 0.8814658678410634, 0.8992386689421785, 0.9113782873548788, 0.7682497592212547, 1.184123857226012, 0.5806606274182787, 0.5268075253249785], "coverage_estimated_second_order": [0.4425526326756, 0.4736611976741, 0.6575516114566, 0.9413766453290002, 0.9410399622618, 0.9128882346531, 0.2046902450476, 0.12787504149940002, 0.44494674514279997, 0.4201043374296, 0.46676269593560005, 0.2584368017218, 0.6491697330622002, 0.968179043363, 0.964264822298], "sol": [0.0, 0.0, 0.0, 1.0, 1.0, 1.0, 0.0, 0.0, 0.0, 0.0, 0.0, 0.0, 0.0, 1.0, 1.0], "coverage": [0.4344878472222222, 0.46069010416666667, 0.6455902777777778, 1.0, 1.0, 1.0, 0.19690538194444446, 0.11919270833333333, 0.47052951388888886, 0.44012586805555554, 0.4844878472222222, 0.26631944444444444, 0.6517144097222223, 1.0, 1.0], "coverage_estimated_first_order_diff": [0.5448288294895605, 0.6010523971308397, 0.6118307006136026, 0.08013776222904267, 0.10292256379287257, -0.09888638426945906, 0.6003794805001597, 0.5615947489242882, 0.41093635395217454, 0.459112800886623, 0.4268904401326566, 0.5019303147768103, 0.5324094475037897, -0.41933937258172127, -0.47319247467502146], "coverage_estimated_second_order_diff": [0.008064785453377799, 0.012971093507433307, 0.011961333678822239, -0.05862335467099977, -0.05896003773820002, -0.08711176534690002, 0.007784863103155543, 0.008682333166066689, -0.02558276874608889, -0.02002153062595552, -0.017725151286622165, -0.00788264272264444, -0.002544676660022116, -0.03182095663700002, -0.035735177701999965]}