{"coverage_estimated_first_order": [0.9231578707892303, 0.9768750177309775, 1.0280725922163496, 0.9844302425414884, 0.8841371226492388, 0.6261368717619449, 0.7517726619522924, 1.0622665922693781, 1.202938615162415, 0.8508821002170128, 1.007380991161583, 0.9512725556801653, 0.8824790197528268, 0.6833687634334223, 0.9022591901363657], "coverage_estimated_second_order": [0.2787039437508, 0.26463724894740004, 0.25937613468860005, 0.1728687853334, 0.0943648649045, 0.0345915699084, 0.9621960779368002, 0.6723407076217999, 0.6766030615845999, 0.9127467857248001, 0.8760289832814, 0.8940079152525999, 0.19367307185619997, 0.26811121436901, 0.893584963606], "sol": [0.0, 0.0, 0.0, 0.0, 0.0, 0.0, 1.0, 0.0, 0.0, 1.0, 1.0, 1.0, 0.0, 0.0, 1.0], "coverage": [0.2209157986111111, 0.19707465277777778, 0.17608940972222223, 0.077578125, 0.0009505208333333334, 0.0, 1.0, 0.6791623263888888, 0.7319314236111111, 1.0, 1.0, 1.0, 0.11848958333333333, 0.26753472222222224, 1.0], "coverage_estimated_first_order_diff": [0.7022420721781192, 0.7798003649531997, 0.8519831824941274, 0.9068521175414883, 0.8831866018159055, 0.6261368717619449, -0.24822733804770758, 0.3831042658804893, 0.471007191551304, -0.14911789978298717, 0.007380991161582973, -0.04872744431983467, 0.7639894364194935, 0.4158340412112001, -0.09774080986363431], "coverage_estimated_second_order_diff": [0.057788145139688885, 0.06756259616962226, 0.08328672496637782, 0.0952906603334, 0.09341434407116667, 0.0345915699084, -0.037803922063199824, -0.006821618767088977, -0.055328362026511146, -0.08725321427519994, -0.1239710167186, -0.10599208474740007, 0.07518348852286665, 0.0005764921467877326, -0.10641503639399996]}