{"coverage_estimated_first_order": [0.6751106565405898, 0.7590215127877342, 0.4592992295379966, 0.808998822967097, 0.7201720815204083, 0.485798936453664, 0.5636527543522164, 0.48159571386748756, 0.5267865512436709, 0.5173337035713319, 0.28783449470664246, 0.5277638925734012, 0.4036511811590605, 0.4230293764446853, 0.6008586650488223], "coverage_estimated_second_order": [0.5342501895594, 0.6316314627922, 1.0038365017418, 0.6915298692586, 0.5712089334848001, 0.2856786894968, 0.342415827694, 0.261672346968, 0.29355726104019997, 0.2506677436988, 0.9598381900396, 0.32559284709040004, 1.0218239174234, 0.18326785118891, 0.47881446742019995], "sol": [0.0, 0.0, 1.0, 0.0, 0.0, 0.0, 0.0, 0.0, 0.0, 0.0, 1.0, 0.0, 1.0, 0.0, 0.0], "coverage": [0.5403689236111111, 0.6337109375, 1.0, 0.6958723958333334, 0.5746831597222222, 0.2905034722222222, 0.3600607638888889, 0.273046875, 0.31518229166666667, 0.2720225694444444, 1.0, 0.3480251736111111, 1.0, 0.18217447916666665, 0.506328125], "coverage_estimated_first_order_diff": [0.13474173292947866, 0.12531057528773426, -0.5407007704620034, 0.11312642713376364, 0.14548892179818618, 0.19529546423144178, 0.2035919904633275, 0.20854883886748754, 0.21160425957700424, 0.2453111341268875, -0.7121655052933575, 0.17973871896229004, -0.5963488188409395, 0.24085489727801865, 0.09453054004882233], "coverage_estimated_second_order_diff": [-0.00611873405171115, -0.002079474707800011, 0.003836501741800058, -0.00434252657473333, -0.0034742262374221067, -0.00482478272542225, -0.01764493619488894, -0.011374528032000009, -0.0216250306264667, -0.0213548257456444, -0.040161809960399975, -0.022432326520711088, 0.021823917423400063, 0.0010933720222433552, -0.027513657579800066]}