{"coverage_estimated_first_order": [1.0157114132955174, 1.5540204649334595, 1.219508240657912, 1.5549295629895197, 1.4791972065505752, 0.7362536851584388, 1.0506970836903486, 0.8723966160596953, 0.7740057589549358, 1.183403669418673, 1.1790670989822307, 0.965310170322418, 1.0007941989094689, 0.9861496338032513, 0.7586951492584569], "coverage_estimated_second_order": [1.0189159802146, 0.875338359643, 1.021093328669, 0.8468088488327998, 0.843171455842, 1.00759783371102, 0.39461151522539994, 0.2474799790266, 1.0066771377748, 0.6405761182547999, 0.6329744287351999, 0.3679045340207, 1.0054834797517, 0.5868073559249799, 1.0166812049244], "sol": [1.0, 0.0, 1.0, 0.0, 0.0, 1.0, 0.0, 0.0, 1.0, 0.0, 0.0, 0.0, 1.0, 0.0, 1.0], "coverage": [1.0, 0.8546484375, 1.0, 0.8393055555555555, 0.836015625, 1.0, 0.389375, 0.24232638888888888, 1.0, 0.6336067708333334, 0.6162890625, 0.3617751736111111, 1.0, 0.5925954861111111, 1.0], "coverage_estimated_first_order_diff": [0.015711413295517396, 0.6993720274334595, 0.21950824065791208, 0.7156240074339641, 0.6431815815505751, -0.2637463148415612, 0.6613220836903486, 0.6300702271708064, -0.22599424104506416, 0.5497968985853395, 0.5627780364822307, 0.6035349967113068, 0.0007941989094688573, 0.39355414769214014, -0.24130485074154306], "coverage_estimated_second_order_diff": [0.018915980214599948, 0.020689922143000028, 0.021093328669000044, 0.007503293277244305, 0.007155830841999999, 0.007597833711020074, 0.005236515225399918, 0.005153590137711106, 0.006677137774800057, 0.0069693474214664874, 0.016685366235199894, 0.006129360409588891, 0.005483479751700049, -0.005788130186131224, 0.01668120492440006]}