{"coverage_estimated_first_order": [0.5899820402631255, 0.6193964271332668, 0.6614003225744584, 0.6907274790925069, 0.6339624787743163, 0.421065242288186, 0.5626759201616622, 0.4781650061313648, 0.5994250541796231, 0.5696421998174326, 0.4843349900129137, 0.6093136882891884, 0.33642972491799916, 0.41682591932202506, 0.46203113754264047], "coverage_estimated_second_order": [0.3164098802034, 0.318839788498, 0.3596548674266, 0.42058859872480003, 0.3679395740378, 0.15886771121794, 0.319605352909, 0.2498555254416, 0.37783345258839995, 0.3243180074678, 1.031055907347, 0.4275667191714, 0.9269591851634, 0.17340497380337, 1.0366127210204001], "sol": [0.0, 0.0, 0.0, 0.0, 0.0, 0.0, 0.0, 0.0, 0.0, 0.0, 1.0, 0.0, 1.0, 0.0, 1.0], "coverage": [0.33703993055555553, 0.3435503472222222, 0.38720920138888887, 0.4559635416666667, 0.4040234375, 0.17210503472222222, 0.3249696180555556, 0.26016493055555556, 0.3509765625, 0.3048263888888889, 1.0, 0.4100651041666667, 1.0, 0.1757204861111111, 1.0], "coverage_estimated_first_order_diff": [0.25294210970757, 0.2758460799110446, 0.2741911211855695, 0.23476393742584017, 0.2299390412743163, 0.24896020756596376, 0.23770630210610666, 0.21800007557580925, 0.24844849167962313, 0.26481581092854367, -0.5156650099870863, 0.19924858412252172, -0.6635702750820008, 0.24110543321091396, -0.5379688624573595], "coverage_estimated_second_order_diff": [-0.020630050352155538, -0.02471055872422223, -0.027554333962288846, -0.03537494294186666, -0.03608386346220005, -0.013237323504282222, -0.00536426514655558, -0.010309405113955561, 0.026856890088399976, 0.019491618578911074, 0.031055907347000034, 0.017501615004733295, -0.07304081483659997, -0.002315512307741102, 0.03661272102040014]}