{"coverage_estimated_first_order": [1.4643983200703141, 1.2158285495050603, 1.3306354983133215, 1.2716534660407413, 1.4959139294512536, 0.9797401629218468, 1.3170190038197562, 0.773509648502043, 1.096761298895407, 0.7509304640228329, 0.968527386964059, 1.0137013297318154, 1.120540822498373, 0.8941639914218282, 0.8768551009079553], "coverage_estimated_second_order": [0.683560708948, 0.8810623606111, 0.8812230026298999, 0.8954733679718001, 0.6831404632824001, 0.41402776956834, 0.7528207850552, 0.974092776636, 0.5786904504651, 0.964682492506, 0.331485727874, 0.4642532624565999, 0.9017010971176, 0.43240413705941005, 0.27089416460939997], "sol": [0.0, 1.0, 1.0, 1.0, 0.0, 0.0, 0.0, 1.0, 0.0, 1.0, 0.0, 0.0, 1.0, 0.0, 0.0], "coverage": [0.7455338541666666, 1.0, 1.0, 1.0, 0.7415798611111111, 0.4150390625, 0.7598263888888889, 1.0, 0.6093012152777778, 1.0, 0.35581163194444443, 0.48725694444444445, 1.0, 0.4372699652777778, 0.29055555555555557], "coverage_estimated_first_order_diff": [0.7188644659036475, 0.21582854950506025, 0.3306354983133215, 0.27165346604074125, 0.7543340683401425, 0.5647011004218468, 0.5571926149308674, -0.22649035149795704, 0.48746008361762916, -0.24906953597716708, 0.6127157550196146, 0.5264443852873709, 0.12054082249837306, 0.45689402614405045, 0.5862995453523997], "coverage_estimated_second_order_diff": [-0.06197314521866659, -0.11893763938890001, -0.11877699737010006, -0.1045266320281999, -0.05843939782871099, -0.0010112929316600239, -0.007005603833688867, -0.025907223363999976, -0.03061076481267777, -0.03531750749399998, -0.024325904070444437, -0.023003681987844526, -0.09829890288239995, -0.004865828218367729, -0.0196613909461556]}