{"coverage_estimated_first_order": [1.8292650852053525, 1.8044730447925437, 1.7383489594293633, 1.8775157274787804, 1.623374328133768, 1.420647186930065, 1.5006004911309272], "coverage_estimated_second_order": [0.7981104802541, 0.8156623376602, 0.7831027203308999, 0.7932001917947002, 0.8532185868247, 0.9698648503105503, 0.9612423160913002], "sol": [1.0, 1.0, 1.0, 1.0, 1.0, 1.0, 1.0], "coverage": [1.0, 1.0, 1.0, 1.0, 1.0, 1.0, 1.0], "coverage_estimated_first_order_diff": [0.8292650852053525, 0.8044730447925437, 0.7383489594293633, 0.8775157274787804, 0.623374328133768, 0.420647186930065, 0.5006004911309272], "coverage_estimated_second_order_diff": [-0.20188951974589997, -0.18433766233979998, -0.2168972796691001, -0.20679980820529975, -0.14678141317530002, -0.030135149689449747, -0.038757683908699825]}