{"coverage_estimated_first_order": [0.9918883649866723, 0.5403468749634655, 0.938917786809063, 0.6993819851802163, 0.6194297660487981, 0.6137644473160426, 0.6550890392641692], "coverage_estimated_second_order": [0.7878594648099999, 0.992889809444, 0.707572010594, 1.0512987406779999, 1.04307324447, 0.07638364426840001, 0.12379310198099999], "sol": [0.0, 1.0, 0.0, 1.0, 1.0, 0.0, 0.0], "coverage": [0.7804861111111111, 1.0, 0.678671875, 1.0, 1.0, 0.0837109375, 0.13394097222222223], "coverage_estimated_first_order_diff": [0.21140225387556122, -0.45965312503653455, 0.260245911809063, -0.3006180148197837, -0.38057023395120193, 0.5300535098160426, 0.5211480670419469], "coverage_estimated_second_order_diff": [0.007373353698888807, -0.00711019055600004, 0.028900135593999954, 0.05129874067799989, 0.04307324446999994, -0.007327293231599988, -0.01014787024122224]}