Frame,integer_adm2,integer_adm_scale0,integer_adm_scale1,integer_adm_scale2,integer_adm_scale3,integer_motion2,integer_motion,integer_vif_scale0,integer_vif_scale1,integer_vif_scale2,integer_vif_scale3,psnr_y,psnr_cb,psnr_cr,float_ssim,vmaf,
0,0.408063,0.671507,0.441607,0.363810,0.339445,0.000000,0.000000,0.103491,0.158331,0.170149,0.183947,13.934941,32.176474,30.532081,0.543088,0.000000,
1,0.375000,0.643125,0.413307,0.252299,0.355229,21.994516,21.994516,0.082547,0.134884,0.148052,0.182154,12.706429,32.703198,31.044187,0.517387,5.166585,
2,0.406237,0.705107,0.457564,0.293869,0.357873,23.932884,23.932884,0.126001,0.209586,0.229884,0.247225,13.322679,32.218551,30.235704,0.559923,2.617862,
3,0.402699,0.745158,0.500797,0.353216,0.269151,21.735119,35.538799,0.105460,0.214100,0.261455,0.286826,10.729461,30.817490,29.163214,0.539480,0.000000,
4,0.421784,0.827656,0.552631,0.353936,0.281804,21.735119,21.735119,0.080070,0.191804,0.247216,0.282191,10.567459,29.096786,27.945231,0.545952,2.876526,
5,0.364603,0.665565,0.440165,0.286156,0.291331,26.486784,47.016842,0.116510,0.177401,0.195126,0.204281,13.769373,30.953449,29.186557,0.542770,4.341871,
6,0.399111,0.740736,0.501204,0.337962,0.287763,26.486784,26.486784,0.132254,0.204869,0.221153,0.231133,13.139336,31.889283,29.960029,0.559225,4.559346,
