Frame,integer_adm2,integer_adm_scale0,integer_adm_scale1,integer_adm_scale2,integer_adm_scale3,integer_motion2,integer_motion,integer_vif_scale0,integer_vif_scale1,integer_vif_scale2,integer_vif_scale3,psnr_y,psnr_cb,psnr_cr,float_ssim,vmaf,
0,0.997239,0.986516,0.989848,0.996484,1.003897,0.000000,0.000000,0.942837,0.987877,0.992602,0.995296,42.583471,66.776714,64.350354,0.998448,96.033151,
1,0.992232,0.984046,0.988099,0.993946,0.995030,21.994516,21.994516,0.949544,0.991842,0.995561,0.996974,44.943107,66.085058,63.887446,0.999280,100.000000,
2,0.854541,0.822141,0.798630,0.863735,0.881698,23.932884,23.932884,0.487594,0.702526,0.734123,0.748620,21.508565,47.764953,46.907194,0.894053,64.774197,
3,0.983507,0.977709,0.970936,0.984114,0.990556,21.735119,35.538799,0.963828,0.990706,0.994445,0.996647,48.385680,68.888594,66.978912,0.999488,100.000000,
4,0.743676,0.820561,0.724806,0.672939,0.763284,21.735119,21.735119,0.468771,0.662917,0.707565,0.735824,23.478546,41.902598,40.856921,0.916282,41.536953,
5,0.833115,0.809289,0.831680,0.819435,0.850580,26.486784,47.016842,0.395452,0.619536,0.660844,0.685505,19.343140,43.725786,42.212770,0.860432,58.138856,
6,0.985215,0.983776,0.980288,0.979008,0.991368,26.486784,26.486784,0.948903,0.985273,0.990416,0.993760,45.036231,63.951398,62.042934,0.999156,100.000000,
