Frame,integer_adm2,integer_adm_scale0,integer_adm_scale1,integer_adm_scale2,integer_adm_scale3,integer_motion2,integer_motion,integer_vif_scale0,integer_vif_scale1,integer_vif_scale2,integer_vif_scale3,psnr_y,psnr_cb,psnr_cr,float_ssim,vmaf,
0,0.416323,0.700186,0.451720,0.451515,0.294117,0.000000,0.000000,0.123242,0.193755,0.212001,0.219197,14.163571,30.098463,27.705711,0.543683,0.000000,
1,0.292359,0.648322,0.423931,0.315629,0.131537,21.994516,21.994516,0.104834,0.177632,0.196049,0.213847,14.120138,30.500253,27.791486,0.527068,0.000000,
2,0.399180,0.709581,0.465767,0.375178,0.287035,23.932884,23.932884,0.155275,0.253307,0.277957,0.279003,13.721654,33.812281,31.481114,0.590074,0.000000,
3,0.392251,0.772605,0.522999,0.348269,0.227666,21.735119,35.538799,0.116721,0.238027,0.271952,0.259309,10.886442,30.805546,29.243368,0.539244,0.000000,
4,0.344163,0.815866,0.541546,0.293628,0.150381,21.735119,21.735119,0.086140,0.201105,0.240291,0.235107,10.913692,29.079262,28.023200,0.549706,0.000000,
5,0.397034,0.675116,0.454304,0.363409,0.308015,26.486784,47.016842,0.137088,0.206653,0.227606,0.232570,13.261433,31.348792,29.241488,0.551495,4.165970,
6,0.388864,0.751417,0.495070,0.386347,0.233254,26.486784,26.486784,0.158067,0.251662,0.282505,0.285731,13.362735,31.585803,29.541156,0.563080,0.395768,
