Frame,integer_adm2,integer_adm_scale0,integer_adm_scale1,integer_adm_scale2,integer_adm_scale3,integer_motion2,integer_motion,integer_vif_scale0,integer_vif_scale1,integer_vif_scale2,integer_vif_scale3,psnr_y,psnr_cb,psnr_cr,float_ssim,vmaf,
0,0.301211,0.663011,0.405410,0.259200,0.173145,0.000000,0.000000,0.073521,0.115389,0.115410,0.101779,10.262262,31.412686,29.371040,0.522772,0.000000,
1,0.258198,0.641369,0.372334,0.204990,0.139408,21.994516,21.994516,0.060081,0.102871,0.105438,0.095267,11.144328,32.150308,30.163217,0.541216,3.682515,
2,0.299050,0.674004,0.417398,0.209525,0.185422,23.932884,23.932884,0.085928,0.144205,0.145512,0.126966,11.023595,32.633436,31.004948,0.558897,2.764505,
3,0.297750,0.734529,0.417351,0.234728,0.129709,21.735119,35.538799,0.082846,0.163477,0.183367,0.175707,13.725925,32.703875,30.761761,0.619922,0.000000,
4,0.296833,0.767614,0.505299,0.238768,0.103373,21.735119,21.735119,0.065110,0.152405,0.182791,0.184833,14.141708,31.317352,29.765263,0.619044,0.000000,
5,0.303073,0.651310,0.394316,0.230839,0.204189,26.486784,47.016842,0.096938,0.142784,0.146681,0.131706,9.485489,31.283261,29.701705,0.506321,4.735536,
6,0.377743,0.743128,0.484072,0.314380,0.258494,26.486784,26.486784,0.104809,0.158697,0.159023,0.144051,11.088262,32.456155,30.728685,0.569762,7.472407,
