Frame,integer_adm2,integer_adm_scale0,integer_adm_scale1,integer_adm_scale2,integer_adm_scale3,integer_motion2,integer_motion,integer_vif_scale0,integer_vif_scale1,integer_vif_scale2,integer_vif_scale3,psnr_y,psnr_cb,psnr_cr,float_ssim,vmaf,
0,0.895744,0.846762,0.849426,0.903014,0.924809,0.000000,0.000000,0.451093,0.714650,0.760974,0.787363,22.107934,44.638402,43.555276,0.909365,52.098248,
1,0.990373,0.988024,0.978535,0.992535,0.993934,21.994516,21.994516,0.945726,0.985255,0.991085,0.994256,43.658449,62.508204,59.618885,0.998700,100.000000,
2,0.692000,0.795128,0.705091,0.592696,0.714122,23.932884,23.932884,0.280963,0.450314,0.491625,0.502065,16.951921,32.141277,30.216149,0.732277,25.992067,
3,0.664253,0.815642,0.684237,0.582222,0.653470,21.735119,35.538799,0.269071,0.440485,0.507506,0.547312,19.231309,35.173675,33.722876,0.814404,21.980625,
4,0.516122,0.797977,0.575542,0.431475,0.449938,21.735119,21.735119,0.164832,0.313691,0.375282,0.413749,16.679827,34.067564,32.786049,0.770435,4.943305,
5,0.825640,0.807402,0.824847,0.804738,0.845962,26.486784,47.016842,0.391592,0.608925,0.649102,0.673862,19.376122,42.836678,41.949255,0.858839,56.077175,
6,0.984378,0.984277,0.980613,0.975708,0.991167,26.486784,26.486784,0.946681,0.983700,0.988856,0.992269,44.515028,64.016123,61.749010,0.998979,100.000000,
