Frame,integer_adm2,integer_adm_scale0,integer_adm_scale1,integer_adm_scale2,integer_adm_scale3,integer_motion2,integer_motion,integer_vif_scale0,integer_vif_scale1,integer_vif_scale2,integer_vif_scale3,psnr_y,psnr_cb,psnr_cr,float_ssim,vmaf,
0,0.435531,0.710968,0.502181,0.386553,0.352974,0.000000,0.000000,0.115342,0.190973,0.219536,0.241220,14.936171,29.023544,26.913448,0.546538,0.000000,
1,0.460379,0.660284,0.503551,0.335999,0.459354,21.994516,21.994516,0.108510,0.195821,0.230031,0.264651,15.016227,29.215666,26.977595,0.540592,6.006789,
2,0.401240,0.709945,0.508327,0.431685,0.240231,23.932884,23.932884,0.154388,0.253076,0.283904,0.302503,15.292592,31.497224,29.632121,0.595870,0.000000,
3,0.433831,0.759815,0.525925,0.349772,0.330788,21.735119,35.538799,0.129709,0.245494,0.279783,0.292985,12.270302,31.221422,29.499034,0.555691,0.441559,
4,0.431484,0.806383,0.598798,0.310339,0.316529,21.735119,21.735119,0.096367,0.208628,0.253982,0.278864,11.911087,29.666300,28.338516,0.556283,2.593577,
5,0.363850,0.676054,0.491556,0.291797,0.261709,26.486784,47.016842,0.132286,0.206092,0.236285,0.252630,14.634884,30.399100,28.389895,0.562023,1.751297,
6,0.410450,0.739236,0.510164,0.314238,0.325643,26.486784,26.486784,0.159490,0.254845,0.287607,0.310280,15.320983,30.641729,28.871821,0.585207,1.826787,
