Frame,integer_adm2,integer_adm_scale0,integer_adm_scale1,integer_adm_scale2,integer_adm_scale3,integer_motion2,integer_motion,integer_vif_scale0,integer_vif_scale1,integer_vif_scale2,integer_vif_scale3,psnr_y,psnr_cb,psnr_cr,float_ssim,vmaf,
0,0.408428,0.672080,0.442382,0.356048,0.344348,0.000000,0.000000,0.103671,0.158361,0.170117,0.183493,13.918564,32.178316,30.533863,0.542333,0.000000,
1,0.359947,0.646050,0.422033,0.242120,0.323966,21.994516,21.994516,0.082685,0.134955,0.147872,0.180528,12.700537,32.684040,31.057870,0.516889,4.286859,
2,0.405567,0.705748,0.473677,0.331585,0.326640,23.932884,23.932884,0.127004,0.210566,0.230163,0.246265,13.312032,32.245167,30.281822,0.560411,2.515085,
3,0.420727,0.741680,0.503131,0.349173,0.315655,21.735119,35.538799,0.105835,0.214697,0.261705,0.286718,10.719762,30.819821,29.187358,0.539261,1.269686,
4,0.404770,0.829785,0.535953,0.354358,0.249364,21.735119,21.735119,0.080386,0.191938,0.247148,0.281831,10.548766,29.096288,27.962973,0.545706,1.602395,
5,0.360552,0.659194,0.420770,0.285692,0.291752,26.486784,47.016842,0.116982,0.178373,0.195850,0.204398,13.708711,30.983224,29.230164,0.541651,4.029338,
6,0.404506,0.740164,0.502779,0.347605,0.293932,26.486784,26.486784,0.132192,0.204301,0.220415,0.230746,13.102912,31.900213,30.004746,0.558893,4.978767,
