Frame,integer_adm2,integer_adm_scale0,integer_adm_scale1,integer_adm_scale2,integer_adm_scale3,integer_motion2,integer_motion,integer_vif_scale0,integer_vif_scale1,integer_vif_scale2,integer_vif_scale3,psnr_y,psnr_cb,psnr_cr,float_ssim,vmaf,
0,0.454676,0.711255,0.514313,0.473793,0.340796,0.000000,0.000000,0.111319,0.169451,0.181501,0.179893,14.149216,29.748761,27.384841,0.544708,0.000000,
1,0.585769,0.668377,0.584661,0.662633,0.518621,21.994516,21.994516,0.097338,0.162552,0.174175,0.170145,13.643033,30.183258,27.493113,0.539071,19.793630,
2,0.430479,0.723372,0.480022,0.354754,0.362379,23.932884,23.932884,0.146030,0.231729,0.246611,0.247037,14.112816,33.289657,30.810780,0.593841,2.979192,
3,0.448065,0.775695,0.510008,0.367459,0.355056,21.735119,35.538799,0.118807,0.228252,0.264261,0.289159,11.540708,30.637552,28.895001,0.566115,2.699032,
4,0.450731,0.812033,0.589267,0.355121,0.336865,21.735119,21.735119,0.089142,0.200155,0.240892,0.269232,11.329213,28.972353,27.749161,0.573669,4.798062,
5,0.381595,0.689381,0.481883,0.284042,0.309172,26.486784,47.016842,0.131242,0.194968,0.214122,0.218394,13.970979,31.081057,28.838623,0.564178,4.021172,
6,0.415156,0.746613,0.490632,0.400108,0.288973,26.486784,26.486784,0.151302,0.233446,0.253917,0.253611,13.912354,31.273326,29.118017,0.571895,3.664818,
