Frame,integer_adm2,integer_adm_scale0,integer_adm_scale1,integer_adm_scale2,integer_adm_scale3,integer_motion2,integer_motion,integer_vif_scale0,integer_vif_scale1,integer_vif_scale2,integer_vif_scale3,psnr_y,psnr_cb,psnr_cr,float_ssim,vmaf,
0,0.476042,0.706512,0.492307,0.449802,0.413844,0.000000,0.000000,0.127572,0.196491,0.220839,0.239531,15.462777,31.001949,29.004323,0.600398,0.000000,
1,0.479899,0.672556,0.478783,0.548528,0.386036,21.994516,21.994516,0.110659,0.179786,0.199430,0.205647,14.881876,31.089881,28.928348,0.588331,8.974035,
2,0.466909,0.733093,0.537973,0.480252,0.344450,23.932884,23.932884,0.160996,0.251507,0.275319,0.279922,15.318273,33.993601,32.464180,0.633876,4.536714,
3,0.396932,0.769507,0.500178,0.353583,0.246442,21.735119,35.538799,0.130153,0.247764,0.286058,0.288659,12.407348,31.322393,30.137779,0.581141,0.000000,
4,0.377878,0.801160,0.573709,0.378564,0.173009,21.735119,21.735119,0.095174,0.209282,0.252147,0.252125,11.875741,29.451357,28.641170,0.573775,0.000000,
5,0.424809,0.696336,0.540939,0.328389,0.356838,26.486784,47.016842,0.140033,0.206985,0.233187,0.247164,14.602637,32.271979,30.834775,0.603764,5.990299,
6,0.372856,0.748519,0.494737,0.304837,0.247216,26.486784,26.486784,0.166690,0.249723,0.275356,0.283758,15.395294,32.881858,31.794342,0.617845,0.000000,
