Frame,integer_adm2,integer_adm_scale0,integer_adm_scale1,integer_adm_scale2,integer_adm_scale3,integer_motion2,integer_motion,integer_vif_scale0,integer_vif_scale1,integer_vif_scale2,integer_vif_scale3,psnr_y,psnr_cb,psnr_cr,float_ssim,vmaf,
0,0.308514,0.664484,0.403879,0.270477,0.183390,0.000000,0.000000,0.124450,0.181955,0.201396,0.210468,16.035875,31.581692,29.560844,0.663526,0.000000,
1,0.282858,0.630152,0.393003,0.230108,0.175442,21.994516,21.994516,0.112679,0.170095,0.183560,0.181280,16.177925,32.243061,30.546464,0.662904,0.000000,
2,0.318265,0.672783,0.406294,0.267588,0.199609,23.932884,23.932884,0.153939,0.241137,0.260648,0.247386,16.157378,33.439648,30.247911,0.694203,0.000000,
3,0.372981,0.729153,0.500431,0.250253,0.268652,21.735119,35.538799,0.126209,0.228079,0.257652,0.263099,13.185179,31.630505,29.506271,0.685128,0.000000,
4,0.317565,0.754605,0.483645,0.248109,0.155963,21.735119,21.735119,0.087078,0.186479,0.220308,0.225923,12.171589,29.702304,28.307695,0.653230,0.000000,
5,0.322895,0.653073,0.394671,0.228610,0.252556,26.486784,47.016842,0.130799,0.191898,0.220081,0.227528,14.496626,31.661672,29.306823,0.650820,0.400439,
6,0.355038,0.734741,0.499037,0.307990,0.206784,26.486784,26.486784,0.159697,0.238541,0.262907,0.250591,15.975594,32.759626,30.279035,0.700273,0.000000,
