Frame,integer_adm2,integer_adm_scale0,integer_adm_scale1,integer_adm_scale2,integer_adm_scale3,integer_motion2,integer_motion,integer_vif_scale0,integer_vif_scale1,integer_vif_scale2,integer_vif_scale3,psnr_y,psnr_cb,psnr_cr,float_ssim,vmaf,
0,0.409535,0.670219,0.449805,0.369887,0.336430,0.000000,0.000000,0.103748,0.157819,0.169546,0.182143,13.943256,32.209865,30.559928,0.545879,0.000000,
1,0.359582,0.643446,0.408342,0.244677,0.327215,21.994516,21.994516,0.082932,0.134554,0.147380,0.179248,12.714634,32.714879,31.080825,0.520800,4.307911,
2,0.416733,0.703625,0.457579,0.344503,0.351907,23.932884,23.932884,0.127089,0.210050,0.229841,0.245404,13.330987,32.293032,30.319026,0.564094,3.359245,
3,0.405738,0.741893,0.501962,0.364319,0.270123,21.735119,35.538799,0.105907,0.214528,0.261484,0.286682,10.734128,30.833254,29.203808,0.543417,0.146608,
4,0.404765,0.829001,0.537015,0.354201,0.249308,21.735119,21.735119,0.080578,0.192212,0.247434,0.282305,10.570952,29.102442,27.974901,0.549941,1.582084,
5,0.358767,0.667055,0.424169,0.277417,0.289205,26.486784,47.016842,0.117304,0.177908,0.195298,0.202760,13.764748,30.992791,29.235646,0.546057,3.964074,
6,0.396759,0.740698,0.506379,0.316507,0.293507,26.486784,26.486784,0.132657,0.204067,0.220658,0.230137,13.141712,31.922380,30.022539,0.563087,4.442356,
