Frame,integer_adm2,integer_adm_scale0,integer_adm_scale1,integer_adm_scale2,integer_adm_scale3,integer_motion2,integer_motion,integer_vif_scale0,integer_vif_scale1,integer_vif_scale2,integer_vif_scale3,psnr_y,psnr_cb,psnr_cr,float_ssim,vmaf,
0,0.434317,0.698626,0.478481,0.393605,0.359187,0.000000,0.000000,0.123106,0.188801,0.211065,0.226138,15.820042,31.049481,29.079755,0.617904,0.000000,
1,0.415761,0.669608,0.486760,0.374084,0.342347,21.994516,21.994516,0.104589,0.166003,0.184319,0.193142,14.873959,31.015610,28.827230,0.601578,5.189027,
2,0.374771,0.714866,0.511477,0.341047,0.230997,23.932884,23.932884,0.154090,0.236568,0.256287,0.257496,15.291477,33.833234,32.096196,0.645813,0.000000,
3,0.404757,0.758617,0.504174,0.371399,0.256275,21.735119,35.538799,0.130363,0.241706,0.280082,0.292403,12.500298,31.177912,29.860293,0.605651,0.000000,
4,0.395832,0.785093,0.589484,0.388994,0.206544,21.735119,21.735119,0.096594,0.204992,0.249125,0.261129,11.902702,29.375290,28.446660,0.600721,0.198620,
5,0.386114,0.676957,0.477121,0.314555,0.305200,26.486784,47.016842,0.136669,0.199374,0.220406,0.229171,14.725116,32.096348,30.810035,0.621805,3.903008,
6,0.377358,0.732473,0.515859,0.305515,0.254320,26.486784,26.486784,0.161975,0.238998,0.260579,0.264473,15.483985,32.683241,31.678659,0.641309,0.503323,
