Frame,integer_adm2,integer_adm_scale0,integer_adm_scale1,integer_adm_scale2,integer_adm_scale3,integer_motion2,integer_motion,integer_vif_scale0,integer_vif_scale1,integer_vif_scale2,integer_vif_scale3,psnr_y,psnr_cb,psnr_cr,float_ssim,vmaf,
0,0.358550,0.704440,0.469722,0.387160,0.191276,0.000000,0.000000,0.111243,0.165921,0.181254,0.189100,13.629223,32.121536,30.468772,0.627126,0.000000,
1,0.295140,0.644833,0.412802,0.273351,0.166718,21.994516,21.994516,0.092284,0.146301,0.158562,0.157726,13.688286,32.635997,30.983563,0.607673,0.221022,
2,0.329114,0.723146,0.492274,0.348351,0.125023,23.932884,23.932884,0.137873,0.222437,0.240800,0.243907,12.948438,32.386171,30.423243,0.643207,0.000000,
3,0.348945,0.750736,0.477863,0.300766,0.180091,21.735119,35.538799,0.102175,0.190983,0.217409,0.218429,10.910286,30.875843,29.271217,0.605069,0.000000,
4,0.325766,0.781809,0.463241,0.330988,0.128855,21.735119,21.735119,0.071683,0.161134,0.194306,0.198158,11.337064,29.090213,28.022860,0.604586,0.000000,
5,0.335447,0.663186,0.430295,0.267276,0.238908,26.486784,47.016842,0.120870,0.177351,0.197350,0.202083,12.435222,31.032957,29.317709,0.608680,2.554951,
6,0.402205,0.754085,0.499748,0.348022,0.285027,26.486784,26.486784,0.140536,0.210951,0.227409,0.223508,12.538892,31.960038,30.112453,0.635085,4.354671,
