Frame,integer_adm2,integer_adm_scale0,integer_adm_scale1,integer_adm_scale2,integer_adm_scale3,integer_motion2,integer_motion,integer_vif_scale0,integer_vif_scale1,integer_vif_scale2,integer_vif_scale3,psnr_y,psnr_cb,psnr_cr,float_ssim,vmaf,
0,0.409665,0.669342,0.445067,0.370497,0.338503,0.000000,0.000000,0.103674,0.157922,0.169846,0.182942,13.941760,32.202252,30.571322,0.545000,0.000000,
1,0.364875,0.642057,0.409473,0.265563,0.326953,21.994516,21.994516,0.082943,0.134633,0.147542,0.180789,12.713971,32.730990,31.088850,0.519738,4.594535,
2,0.418218,0.701482,0.456976,0.343023,0.357206,23.932884,23.932884,0.126218,0.209337,0.229759,0.246640,13.327774,32.260091,30.285738,0.561964,3.506260,
3,0.406798,0.745454,0.504075,0.364462,0.270417,21.735119,35.538799,0.105544,0.214077,0.261456,0.286814,10.732741,30.824532,29.185709,0.541818,0.249446,
4,0.419659,0.828271,0.537565,0.353999,0.282259,21.735119,21.735119,0.080389,0.192047,0.247397,0.282370,10.569215,29.097761,27.961715,0.548460,2.698217,
5,0.365395,0.667081,0.442884,0.285704,0.291961,26.486784,47.016842,0.116629,0.176813,0.194806,0.203613,13.768522,30.967161,29.211970,0.545102,4.428239,
6,0.394588,0.741098,0.502955,0.315449,0.290306,26.486784,26.486784,0.132587,0.204410,0.221168,0.230536,13.143022,31.914799,29.997335,0.561597,4.266093,
