Frame,integer_adm2,integer_adm_scale0,integer_adm_scale1,integer_adm_scale2,integer_adm_scale3,integer_motion2,integer_motion,integer_vif_scale0,integer_vif_scale1,integer_vif_scale2,integer_vif_scale3,psnr_y,psnr_cb,psnr_cr,float_ssim,vmaf,
0,0.438280,0.710431,0.492574,0.384180,0.364592,0.000000,0.000000,0.117600,0.189768,0.215679,0.232529,14.990481,28.815122,26.726557,0.561707,0.000000,
1,0.430289,0.660307,0.494003,0.333417,0.397775,21.994516,21.994516,0.110164,0.194298,0.226689,0.259015,15.110585,29.010022,26.795548,0.556041,3.747792,
2,0.391002,0.712175,0.508717,0.373139,0.251228,23.932884,23.932884,0.156739,0.250285,0.276000,0.292146,15.354521,31.132807,29.270523,0.611135,0.000000,
3,0.446997,0.759740,0.525013,0.394635,0.334527,21.735119,35.538799,0.130076,0.245212,0.279713,0.292576,12.308773,30.982282,29.230726,0.570120,1.530772,
4,0.444085,0.803754,0.596245,0.323957,0.338837,21.735119,21.735119,0.096861,0.208591,0.253999,0.279176,11.918775,29.501003,28.142800,0.571850,3.589643,
5,0.366974,0.674542,0.486524,0.300969,0.265487,26.486784,47.016842,0.134499,0.204470,0.230991,0.243545,14.586759,30.092955,28.095437,0.576056,2.151136,
6,0.423402,0.742384,0.502994,0.355661,0.331976,26.486784,26.486784,0.161615,0.252526,0.281463,0.299447,15.357428,30.297104,28.514325,0.598188,2.990575,
