Frame,integer_adm2,integer_adm_scale0,integer_adm_scale1,integer_adm_scale2,integer_adm_scale3,integer_motion2,integer_motion,integer_vif_scale0,integer_vif_scale1,integer_vif_scale2,integer_vif_scale3,psnr_y,psnr_cb,psnr_cr,float_ssim,vmaf,
0,0.921377,0.847265,0.853251,0.915275,0.974606,0.000000,0.000000,0.480267,0.786135,0.841137,0.870268,27.229986,48.247804,46.073631,0.942086,64.891178,
1,0.986438,0.984151,0.972521,0.985263,0.992614,21.994516,21.994516,0.922054,0.973277,0.982611,0.988326,41.174646,59.089862,56.440051,0.997050,100.000000,
2,0.979643,0.978303,0.968560,0.973303,0.988371,23.932884,23.932884,0.938800,0.976525,0.983213,0.987667,41.288612,63.619553,61.262862,0.997930,100.000000,
3,0.982120,0.971584,0.969580,0.984707,0.989600,21.735119,35.538799,0.944150,0.987708,0.991735,0.994811,45.639791,69.956991,66.714735,0.999007,100.000000,
4,0.976113,0.979584,0.975762,0.980813,0.972651,21.735119,21.735119,0.921765,0.971010,0.978550,0.982586,40.672142,64.930666,61.789832,0.997948,100.000000,
5,0.985060,0.974520,0.977477,0.984872,0.991599,26.486784,47.016842,0.931641,0.983494,0.989330,0.992558,42.939594,65.692402,63.962866,0.998252,100.000000,
6,0.985671,0.979861,0.980803,0.981883,0.991723,26.486784,26.486784,0.936915,0.985780,0.990941,0.993579,44.608436,65.091458,62.744135,0.998706,100.000000,
