Frame,integer_adm2,integer_adm_scale0,integer_adm_scale1,integer_adm_scale2,integer_adm_scale3,integer_motion2,integer_motion,integer_vif_scale0,integer_vif_scale1,integer_vif_scale2,integer_vif_scale3,psnr_y,psnr_cb,psnr_cr,float_ssim,vmaf,
0,0.505205,0.709110,0.448918,0.565857,0.428794,0.000000,0.000000,0.117902,0.181292,0.201714,0.214590,15.354811,31.084474,29.084393,0.595333,0.000000,
1,0.414677,0.665120,0.503206,0.367210,0.339434,21.994516,21.994516,0.099634,0.156323,0.169663,0.171506,14.101647,31.066457,28.846163,0.576886,6.109727,
2,0.405379,0.730328,0.505144,0.408900,0.258489,23.932884,23.932884,0.151134,0.234396,0.252579,0.255636,15.042702,33.914678,32.125810,0.639010,0.808101,
3,0.363570,0.752223,0.507477,0.342880,0.175565,21.735119,35.538799,0.129716,0.246428,0.291101,0.303637,12.163151,31.229454,29.898489,0.602429,0.000000,
4,0.357152,0.783269,0.546017,0.274686,0.197783,21.735119,21.735119,0.096165,0.209893,0.261240,0.276438,11.436495,29.409202,28.482438,0.595670,0.000000,
5,0.409330,0.718179,0.475065,0.441464,0.262483,26.486784,47.016842,0.133822,0.195467,0.214339,0.219396,14.685675,32.153084,30.821678,0.611250,5.862430,
6,0.366985,0.743855,0.504872,0.289873,0.240418,26.486784,26.486784,0.159491,0.237024,0.255369,0.261788,15.231341,32.765101,31.717041,0.631412,0.007281,
