Frame,integer_adm2,integer_adm_scale0,integer_adm_scale1,integer_adm_scale2,integer_adm_scale3,integer_motion2,integer_motion,integer_vif_scale0,integer_vif_scale1,integer_vif_scale2,integer_vif_scale3,psnr_y,psnr_cb,psnr_cr,float_ssim,vmaf,
0,0.455662,0.699689,0.479165,0.388237,0.410565,0.000000,0.000000,0.122876,0.188862,0.210003,0.223071,15.809952,31.008311,28.990057,0.616413,0.000000,
1,0.410404,0.665516,0.489863,0.372591,0.331471,21.994516,21.994516,0.104919,0.168084,0.187729,0.203673,15.011198,30.989725,28.788770,0.600549,4.573589,
2,0.368779,0.713406,0.516253,0.338357,0.217227,23.932884,23.932884,0.152267,0.234255,0.253916,0.254228,15.338205,33.783783,32.089797,0.644964,0.000000,
3,0.397714,0.755616,0.511417,0.362556,0.242845,21.735119,35.538799,0.129749,0.240320,0.278224,0.286796,12.436827,31.158824,29.864691,0.604751,0.000000,
4,0.390676,0.785716,0.604651,0.370386,0.199413,21.735119,21.735119,0.097373,0.206528,0.250040,0.260613,11.955185,29.371475,28.452772,0.601643,0.000000,
5,0.389415,0.676729,0.476265,0.327396,0.304828,26.486784,47.016842,0.136541,0.199766,0.221067,0.228805,14.813712,32.057528,30.698848,0.622739,4.097286,
6,0.374918,0.748365,0.497574,0.304727,0.251028,26.486784,26.486784,0.162638,0.241520,0.262210,0.265072,15.541782,32.651624,31.601674,0.642003,0.191676,
