Frame,integer_adm2,integer_adm_scale0,integer_adm_scale1,integer_adm_scale2,integer_adm_scale3,integer_motion2,integer_motion,integer_vif_scale0,integer_vif_scale1,integer_vif_scale2,integer_vif_scale3,psnr_y,psnr_cb,psnr_cr,float_ssim,vmaf,
0,0.997446,0.986432,0.989716,0.996575,1.004395,0.000000,0.000000,0.941638,0.986790,0.991544,0.994302,41.634062,66.024065,63.370203,0.998103,95.946111,
1,0.991494,0.982545,0.987041,0.992387,0.995091,21.994516,21.994516,0.945957,0.990611,0.994930,0.996716,44.417269,65.696412,63.202839,0.999115,100.000000,
2,0.854206,0.822635,0.796720,0.862230,0.882439,23.932884,23.932884,0.487295,0.703206,0.735278,0.750730,21.540350,48.169967,47.152312,0.894462,64.862879,
3,0.979398,0.972210,0.964104,0.980346,0.987888,21.735119,35.538799,0.957527,0.988300,0.992680,0.995456,47.392549,67.621810,65.525184,0.999367,100.000000,
4,0.742170,0.823130,0.728965,0.670863,0.758764,21.735119,21.735119,0.467620,0.662984,0.708247,0.737303,23.525778,41.712526,40.628253,0.915703,41.368759,
5,0.983211,0.973939,0.973975,0.982461,0.990391,26.486784,47.016842,0.929383,0.981524,0.987470,0.990930,42.083726,64.899610,62.587610,0.997950,100.000000,
6,0.985721,0.979978,0.981069,0.981974,0.991643,26.486784,26.486784,0.938093,0.986055,0.991243,0.993911,44.740591,64.992541,62.520415,0.998779,100.000000,
