Frame,integer_adm2,integer_adm_scale0,integer_adm_scale1,integer_adm_scale2,integer_adm_scale3,integer_motion2,integer_motion,integer_vif_scale0,integer_vif_scale1,integer_vif_scale2,integer_vif_scale3,psnr_y,psnr_cb,psnr_cr,float_ssim,vmaf,
0,0.509824,0.706919,0.489232,0.408902,0.516175,0.000000,0.000000,0.110637,0.171996,0.187092,0.190750,13.968729,29.599331,27.646032,0.549899,0.000000,
1,0.285072,0.657432,0.403533,0.333822,0.109571,21.994516,21.994516,0.094068,0.153492,0.170160,0.177465,13.121346,29.941879,27.766132,0.542182,0.000000,
2,0.456606,0.708141,0.497799,0.353543,0.421887,23.932884,23.932884,0.144142,0.237829,0.265943,0.280035,14.072197,32.791720,31.506053,0.613537,4.506840,
3,0.388772,0.766444,0.585950,0.357443,0.188837,21.735119,35.538799,0.111507,0.228065,0.271284,0.286694,11.262078,30.897532,29.826810,0.593685,0.000000,
4,0.351749,0.807549,0.617833,0.299239,0.139604,21.735119,21.735119,0.081541,0.193085,0.239743,0.259665,10.697699,29.169889,28.446623,0.585645,0.000000,
5,0.431924,0.705857,0.535373,0.395433,0.327629,26.486784,47.016842,0.133194,0.204848,0.228571,0.235472,13.857946,30.843852,29.312986,0.586356,6.774244,
6,0.391892,0.760770,0.548224,0.330243,0.251361,26.486784,26.486784,0.153897,0.249342,0.281483,0.289783,13.955277,31.092078,29.690938,0.601763,0.762124,
