Frame,integer_adm2,integer_adm_scale0,integer_adm_scale1,integer_adm_scale2,integer_adm_scale3,integer_motion2,integer_motion,integer_vif_scale0,integer_vif_scale1,integer_vif_scale2,integer_vif_scale3,psnr_y,psnr_cb,psnr_cr,float_ssim,vmaf,
0,0.426743,0.699638,0.480220,0.392963,0.341239,0.000000,0.000000,0.128907,0.195418,0.218026,0.233889,15.745003,31.065090,28.946643,0.618899,0.000000,
1,0.421052,0.667392,0.487901,0.371752,0.355587,21.994516,21.994516,0.111000,0.175939,0.196915,0.214855,14.977887,31.121828,28.804877,0.604426,4.643812,
2,0.403335,0.706421,0.515514,0.354420,0.290575,23.932884,23.932884,0.158328,0.240651,0.260860,0.263161,15.328659,34.010878,32.452519,0.647986,0.165967,
3,0.393737,0.762352,0.503767,0.346874,0.244026,21.735119,35.538799,0.130788,0.242694,0.280970,0.290719,12.484936,31.179045,30.020760,0.609690,0.000000,
4,0.382222,0.781360,0.615864,0.363860,0.181633,21.735119,21.735119,0.097357,0.206949,0.251065,0.262477,11.984762,29.357901,28.556530,0.605231,0.000000,
5,0.388809,0.676377,0.479239,0.323101,0.305205,26.486784,47.016842,0.139388,0.203015,0.225949,0.235577,14.793374,32.188711,30.830683,0.624611,3.765222,
6,0.384315,0.737212,0.496424,0.340133,0.255109,26.486784,26.486784,0.166641,0.246016,0.268641,0.274440,15.577205,32.725703,31.738561,0.645456,0.497211,
