Frame,integer_adm2,integer_adm_scale0,integer_adm_scale1,integer_adm_scale2,integer_adm_scale3,integer_motion2,integer_motion,integer_vif_scale0,integer_vif_scale1,integer_vif_scale2,integer_vif_scale3,psnr_y,psnr_cb,psnr_cr,float_ssim,vmaf,
0,0.250689,0.657153,0.367964,0.178618,0.121306,0.000000,0.000000,0.092053,0.135329,0.135431,0.118024,15.724526,29.920833,27.455908,0.653045,0.000000,
1,0.250343,0.628150,0.357761,0.183831,0.143033,21.994516,21.994516,0.071131,0.112437,0.112808,0.097357,14.802870,30.322364,27.554290,0.641758,2.539539,
2,0.349130,0.708653,0.421738,0.339779,0.209774,23.932884,23.932884,0.119553,0.188451,0.193245,0.177392,15.496953,33.578554,30.855703,0.721346,1.144045,
3,0.324883,0.731587,0.425936,0.308056,0.146148,21.735119,35.538799,0.087555,0.170236,0.189353,0.181765,12.403861,30.903150,29.027324,0.701268,0.000000,
4,0.321176,0.752594,0.481013,0.227257,0.176507,21.735119,21.735119,0.069870,0.159773,0.190156,0.191306,12.416333,29.177739,27.864011,0.691572,0.000000,
5,0.321869,0.648297,0.413896,0.255340,0.225766,26.486784,47.016842,0.123785,0.178180,0.185558,0.167600,15.368484,31.346831,28.914816,0.687179,2.365734,
6,0.415195,0.719589,0.525914,0.412148,0.276885,26.486784,26.486784,0.132419,0.199696,0.203992,0.184943,15.342133,31.542624,29.218152,0.725025,6.498593,
