Frame,integer_adm2,integer_adm_scale0,integer_adm_scale1,integer_adm_scale2,integer_adm_scale3,integer_motion2,integer_motion,integer_vif_scale0,integer_vif_scale1,integer_vif_scale2,integer_vif_scale3,psnr_y,psnr_cb,psnr_cr,float_ssim,vmaf,
0,0.997160,0.986519,0.989588,0.996378,1.003879,0.000000,0.000000,0.936520,0.985388,0.990755,0.993670,41.995946,65.311712,63.682680,0.998106,95.790105,
1,0.991994,0.983565,0.987535,0.992182,0.995848,21.994516,21.994516,0.944870,0.989476,0.993986,0.995438,44.059270,64.565092,62.210814,0.998987,100.000000,
2,0.833874,0.818390,0.780821,0.824381,0.865840,23.932884,23.932884,0.454931,0.670304,0.699228,0.707885,20.351417,45.708263,44.261030,0.881012,57.854237,
3,0.880665,0.844296,0.822816,0.877396,0.920452,21.735119,35.538799,0.601940,0.821425,0.849455,0.861537,26.098494,45.224949,44.440313,0.945868,78.706430,
4,0.985890,0.990709,0.987808,0.989653,0.981685,21.735119,21.735119,0.949668,0.979200,0.984608,0.988571,42.587560,63.190956,60.515035,0.998856,100.000000,
5,0.831089,0.809299,0.832476,0.811472,0.850797,26.486784,47.016842,0.395755,0.621630,0.663756,0.688026,19.357561,43.712317,42.168929,0.860085,57.950897,
6,0.985560,0.984139,0.980676,0.979997,0.991296,26.486784,26.486784,0.950030,0.985621,0.990684,0.993873,45.139751,64.221818,62.122421,0.999195,100.000000,
