Frame,integer_adm2,integer_adm_scale0,integer_adm_scale1,integer_adm_scale2,integer_adm_scale3,integer_motion2,integer_motion,integer_vif_scale0,integer_vif_scale1,integer_vif_scale2,integer_vif_scale3,psnr_y,psnr_cb,psnr_cr,float_ssim,vmaf,
0,0.283375,0.665851,0.376361,0.259521,0.142689,0.000000,0.000000,0.077460,0.118696,0.114987,0.097881,10.450979,31.654248,30.215504,0.537460,0.000000,
1,0.256906,0.642610,0.405109,0.212883,0.120266,21.994516,21.994516,0.063785,0.106587,0.105783,0.089672,11.437946,32.039229,30.631879,0.560616,3.505122,
2,0.323266,0.682659,0.409405,0.245947,0.220062,23.932884,23.932884,0.088715,0.148919,0.152124,0.137524,11.212852,32.425839,30.833989,0.583995,3.358781,
3,0.295485,0.740348,0.394107,0.232078,0.133702,21.735119,35.538799,0.081899,0.164774,0.186782,0.182887,13.608954,33.033482,30.837738,0.627656,0.000000,
4,0.299256,0.750757,0.439735,0.217227,0.148808,21.735119,21.735119,0.064582,0.152554,0.182822,0.186212,13.629697,31.921555,29.984153,0.618897,0.000000,
5,0.309032,0.655875,0.405214,0.249537,0.199970,26.486784,47.016842,0.103028,0.152399,0.152139,0.128529,9.520184,31.549673,30.116125,0.517681,4.418683,
6,0.416652,0.751433,0.459494,0.375893,0.317643,26.486784,26.486784,0.108608,0.167436,0.167847,0.153141,11.232240,32.370565,30.868848,0.585859,9.236705,
