Frame,integer_adm2,integer_adm_scale0,integer_adm_scale1,integer_adm_scale2,integer_adm_scale3,integer_motion2,integer_motion,integer_vif_scale0,integer_vif_scale1,integer_vif_scale2,integer_vif_scale3,psnr_y,psnr_cb,psnr_cr,float_ssim,vmaf,
0,0.353153,0.666680,0.416092,0.307995,0.258050,0.000000,0.000000,0.220221,0.294312,0.315067,0.331573,17.146456,33.281197,30.772922,0.753785,0.000000,
1,0.353381,0.653267,0.451167,0.315001,0.255597,21.994516,21.994516,0.194920,0.270725,0.294116,0.313044,17.516681,34.689909,31.989715,0.746981,0.000000,
2,0.652660,0.754063,0.638159,0.693633,0.600679,23.932884,23.932884,0.384596,0.493199,0.512161,0.519358,21.057450,42.055727,41.033121,0.876872,19.769510,
3,0.994832,0.995804,0.990910,0.995652,0.995627,21.735119,35.538799,0.985237,0.996512,0.997882,0.998953,51.669963,72.000000,72.000000,0.999784,100.000000,
4,0.723469,0.819585,0.719001,0.674852,0.720142,21.735119,21.735119,0.459458,0.636263,0.672926,0.695658,22.872966,40.414923,38.994658,0.912318,35.498928,
5,0.442217,0.695848,0.540553,0.415755,0.339658,26.486784,47.016842,0.105569,0.171342,0.193022,0.201455,12.666182,28.589508,27.927378,0.602419,10.021371,
6,0.506076,0.787544,0.571894,0.472943,0.410749,26.486784,26.486784,0.115685,0.190165,0.197483,0.195362,10.107239,28.570510,25.569777,0.522429,14.147565,
