Frame,integer_adm2,integer_adm_scale0,integer_adm_scale1,integer_adm_scale2,integer_adm_scale3,integer_motion2,integer_motion,integer_vif_scale0,integer_vif_scale1,integer_vif_scale2,integer_vif_scale3,psnr_y,psnr_cb,psnr_cr,float_ssim,vmaf,
0,0.327718,0.657970,0.385393,0.248796,0.249303,0.000000,0.000000,0.104170,0.162323,0.172263,0.165057,15.351159,31.256250,28.924838,0.615649,0.000000,
1,0.275682,0.651282,0.417862,0.241943,0.138146,21.994516,21.994516,0.083465,0.133117,0.137780,0.127537,15.562883,31.779264,29.763305,0.616950,1.114867,
2,0.331689,0.689700,0.451259,0.268787,0.206787,23.932884,23.932884,0.122461,0.203335,0.214251,0.198922,15.464682,32.475901,28.897764,0.647165,0.000000,
3,0.369976,0.754152,0.481746,0.330672,0.209108,21.735119,35.538799,0.096900,0.194078,0.221343,0.221886,12.991546,31.784097,28.923877,0.641007,0.000000,
4,0.335760,0.770905,0.516283,0.234075,0.186639,21.735119,21.735119,0.069270,0.157457,0.187557,0.190523,12.125112,30.016083,27.903068,0.605030,0.673766,
5,0.352206,0.651016,0.444609,0.258646,0.283110,26.486784,47.016842,0.119453,0.177067,0.194381,0.189833,14.190285,31.223538,28.426297,0.620148,3.717313,
6,0.370962,0.758528,0.487723,0.316007,0.235438,26.486784,26.486784,0.136735,0.215962,0.225924,0.209851,15.505454,32.481929,29.398348,0.667515,2.162800,
