Frame,integer_adm2,integer_adm_scale0,integer_adm_scale1,integer_adm_scale2,integer_adm_scale3,integer_motion2,integer_motion,integer_vif_scale0,integer_vif_scale1,integer_vif_scale2,integer_vif_scale3,psnr_y,psnr_cb,psnr_cr,float_ssim,vmaf,
0,0.896615,0.846824,0.849220,0.903095,0.926815,0.000000,0.000000,0.461131,0.726523,0.769716,0.792459,22.233351,47.473472,46.136652,0.911908,52.708339,
1,0.987205,0.985554,0.974226,0.986527,0.992589,21.994516,21.994516,0.933363,0.979921,0.987448,0.991731,42.605405,60.666496,57.859710,0.998107,100.000000,
2,0.788479,0.805983,0.753090,0.773526,0.806080,23.932884,23.932884,0.430702,0.609025,0.632513,0.639757,18.819258,45.715763,44.337889,0.851748,45.441436,
3,0.885167,0.843297,0.821444,0.869217,0.937508,21.735119,35.538799,0.600516,0.816179,0.839367,0.845694,26.063855,45.191958,44.551762,0.943956,78.175181,
4,0.982461,0.987486,0.982156,0.987994,0.978048,21.735119,21.735119,0.944235,0.977701,0.983850,0.987822,42.235066,63.684867,60.739768,0.998854,100.000000,
5,0.986189,0.976007,0.979023,0.986066,0.992402,26.486784,47.016842,0.933756,0.984487,0.990033,0.993075,43.241590,65.725394,63.999444,0.998336,100.000000,
6,0.986154,0.980636,0.981584,0.982251,0.992069,26.486784,26.486784,0.938869,0.986170,0.991258,0.993920,44.746459,65.140126,62.524150,0.998788,100.000000,
