Frame,integer_adm2,integer_adm_scale0,integer_adm_scale1,integer_adm_scale2,integer_adm_scale3,integer_motion2,integer_motion,integer_vif_scale0,integer_vif_scale1,integer_vif_scale2,integer_vif_scale3,psnr_y,psnr_cb,psnr_cr,float_ssim,vmaf,
0,0.510551,0.708223,0.459782,0.580373,0.428524,0.000000,0.000000,0.118073,0.181682,0.202048,0.214950,15.345927,31.086968,29.073904,0.593896,0.000000,
1,0.414821,0.665320,0.503555,0.367322,0.339509,21.994516,21.994516,0.099816,0.156865,0.170363,0.172364,14.094579,31.066801,28.833416,0.575598,6.069070,
2,0.415051,0.729994,0.506447,0.413994,0.277528,23.932884,23.932884,0.151205,0.234657,0.252905,0.255884,15.033233,33.931872,32.111974,0.637467,1.508591,
3,0.355422,0.758405,0.504552,0.308971,0.176439,21.735119,35.538799,0.129703,0.246499,0.291137,0.303778,12.158428,31.247533,29.896545,0.600952,0.000000,
4,0.357550,0.788210,0.545424,0.305714,0.180908,21.735119,21.735119,0.095970,0.209761,0.261133,0.276397,11.433828,29.425162,28.483726,0.593902,0.000000,
5,0.409062,0.718865,0.474149,0.439291,0.263462,26.486784,47.016842,0.133917,0.195715,0.214368,0.219036,14.681390,32.171251,30.818417,0.610003,5.832897,
6,0.368947,0.743632,0.503212,0.277773,0.253090,26.486784,26.486784,0.159631,0.237112,0.255337,0.261769,15.224665,32.790868,31.727510,0.630693,0.134377,
