Frame,integer_adm2,integer_adm_scale0,integer_adm_scale1,integer_adm_scale2,integer_adm_scale3,integer_motion2,integer_motion,integer_vif_scale0,integer_vif_scale1,integer_vif_scale2,integer_vif_scale3,psnr_y,psnr_cb,psnr_cr,float_ssim,vmaf,
0,0.290128,0.666104,0.386946,0.282065,0.140689,0.000000,0.000000,0.073686,0.111248,0.109428,0.096881,10.429309,31.369450,29.721155,0.524909,0.000000,
1,0.283993,0.646696,0.400750,0.294820,0.133525,21.994516,21.994516,0.061292,0.101670,0.102083,0.088775,11.394793,31.894626,30.173037,0.544854,4.954917,
2,0.302342,0.683456,0.410548,0.256299,0.164219,23.932884,23.932884,0.087882,0.149668,0.154717,0.143600,11.236839,32.350627,30.692015,0.566423,2.150650,
3,0.297041,0.732256,0.409809,0.229706,0.135217,21.735119,35.538799,0.083188,0.166832,0.187782,0.184093,13.663941,32.927361,30.675254,0.611474,0.000000,
4,0.285466,0.755779,0.467467,0.212558,0.109423,21.735119,21.735119,0.064102,0.152235,0.183555,0.186977,13.762942,31.823096,29.840372,0.603763,0.000000,
5,0.315715,0.657580,0.429236,0.246690,0.207743,26.486784,47.016842,0.099242,0.148937,0.154531,0.143368,9.613602,31.345307,29.855189,0.509174,4.674309,
6,0.374197,0.736675,0.469288,0.352701,0.234500,26.486784,26.486784,0.105506,0.159954,0.159383,0.146452,11.280815,32.292730,30.670708,0.569836,7.162074,
