Frame,integer_adm2,integer_adm_scale0,integer_adm_scale1,integer_adm_scale2,integer_adm_scale3,integer_motion2,integer_motion,integer_vif_scale0,integer_vif_scale1,integer_vif_scale2,integer_vif_scale3,psnr_y,psnr_cb,psnr_cr,float_ssim,vmaf,
0,0.414682,0.705259,0.452658,0.439299,0.295586,0.000000,0.000000,0.115565,0.185989,0.203407,0.215380,13.853588,29.519996,27.589929,0.510993,0.000000,
1,0.290912,0.648773,0.411596,0.316805,0.131844,21.994516,21.994516,0.099511,0.172470,0.189273,0.208344,13.817880,29.860771,27.709689,0.496544,0.000000,
2,0.407029,0.714220,0.458564,0.408196,0.286557,23.932884,23.932884,0.148826,0.248844,0.273211,0.274407,13.530334,32.685062,31.386027,0.561936,0.000000,
3,0.412705,0.774788,0.545053,0.395896,0.236714,21.735119,35.538799,0.114203,0.234728,0.268322,0.255474,10.807084,30.863519,29.753815,0.516279,0.000000,
4,0.363425,0.813332,0.544285,0.373489,0.150456,21.735119,21.735119,0.084889,0.198782,0.238104,0.232488,10.887513,29.170355,28.417226,0.525101,0.000000,
5,0.406990,0.682536,0.442069,0.404022,0.306901,26.486784,47.016842,0.134663,0.207560,0.228972,0.232864,13.253506,30.829792,29.277801,0.528178,4.815933,
6,0.387803,0.767026,0.511549,0.329343,0.254443,26.486784,26.486784,0.156027,0.250643,0.281490,0.286761,13.267780,31.069974,29.652667,0.539972,0.393983,
