Frame,integer_adm2,integer_adm_scale0,integer_adm_scale1,integer_adm_scale2,integer_adm_scale3,integer_motion2,integer_motion,integer_vif_scale0,integer_vif_scale1,integer_vif_scale2,integer_vif_scale3,psnr_y,psnr_cb,psnr_cr,float_ssim,vmaf,
0,0.358329,0.703039,0.467215,0.379508,0.196672,0.000000,0.000000,0.112091,0.166228,0.181462,0.189603,13.627896,32.140032,30.512550,0.628624,0.000000,
1,0.293849,0.638846,0.399393,0.274798,0.169427,21.994516,21.994516,0.093261,0.147105,0.159176,0.158150,13.687387,32.666440,31.055989,0.609797,0.089571,
2,0.357837,0.717180,0.480287,0.350052,0.197694,23.932884,23.932884,0.138703,0.223372,0.242061,0.243795,12.947621,32.446749,30.516887,0.644743,0.000000,
3,0.346172,0.747941,0.470999,0.302938,0.175916,21.735119,35.538799,0.102371,0.191211,0.217691,0.218752,10.906933,30.888456,29.321675,0.606751,0.000000,
4,0.327871,0.778849,0.481124,0.332620,0.127203,21.735119,21.735119,0.072023,0.161624,0.194696,0.198617,11.330879,29.092383,28.058694,0.606332,0.000000,
5,0.331780,0.665188,0.426934,0.264251,0.232870,26.486784,47.016842,0.121264,0.177950,0.197995,0.202233,12.423095,31.046718,29.360148,0.610410,2.302064,
6,0.400324,0.745594,0.494611,0.345171,0.287110,26.486784,26.486784,0.141569,0.211666,0.228084,0.223489,12.530254,31.993600,30.175202,0.636650,4.171156,
