Frame,integer_adm2,integer_adm_scale0,integer_adm_scale1,integer_adm_scale2,integer_adm_scale3,integer_motion2,integer_motion,integer_vif_scale0,integer_vif_scale1,integer_vif_scale2,integer_vif_scale3,psnr_y,psnr_cb,psnr_cr,float_ssim,vmaf,
0,0.287147,0.662412,0.393954,0.264860,0.142339,0.000000,0.000000,0.073789,0.111696,0.109587,0.094535,10.237451,31.774468,29.643705,0.517928,0.000000,
1,0.255162,0.642611,0.376586,0.229912,0.116625,21.994516,21.994516,0.060563,0.100504,0.101074,0.085495,11.151933,32.418145,30.182211,0.535769,4.003416,
2,0.291192,0.681875,0.410758,0.258478,0.137306,23.932884,23.932884,0.085502,0.141709,0.144603,0.129857,11.013563,33.077043,30.807923,0.550664,2.512315,
3,0.307098,0.720019,0.436641,0.261078,0.132594,21.735119,35.538799,0.082967,0.164661,0.184263,0.178635,13.649584,32.976099,30.502085,0.611029,0.000000,
4,0.289286,0.757177,0.460104,0.236376,0.107433,21.735119,21.735119,0.064669,0.152375,0.183126,0.186013,13.986709,31.542474,29.578121,0.607664,0.000000,
5,0.314480,0.653298,0.428964,0.255172,0.200505,26.486784,47.016842,0.098479,0.145056,0.149307,0.133721,9.452720,31.806633,29.838728,0.500392,5.066228,
6,0.369683,0.734805,0.462643,0.357060,0.224510,26.486784,26.486784,0.104463,0.157021,0.156090,0.139124,11.053233,32.849203,30.652047,0.561648,7.198758,
