Frame,integer_adm2,integer_adm_scale0,integer_adm_scale1,integer_adm_scale2,integer_adm_scale3,integer_motion2,integer_motion,integer_vif_scale0,integer_vif_scale1,integer_vif_scale2,integer_vif_scale3,psnr_y,psnr_cb,psnr_cr,float_ssim,vmaf,
0,0.500035,0.687093,0.491084,0.396279,0.506574,0.000000,0.000000,0.108172,0.163761,0.174985,0.173829,14.046462,29.956063,27.497644,0.570223,0.000000,
1,0.287866,0.662166,0.407888,0.329644,0.115252,21.994516,21.994516,0.089934,0.144389,0.157618,0.162601,13.026690,30.378854,27.591283,0.558185,0.000000,
2,0.459682,0.703512,0.490393,0.354447,0.432961,23.932884,23.932884,0.142590,0.228924,0.253160,0.265531,13.924471,33.672128,31.074990,0.631572,5.346736,
3,0.377397,0.772887,0.553622,0.327006,0.192098,21.735119,35.538799,0.110586,0.224453,0.267786,0.285990,11.078360,30.798134,29.041472,0.604512,0.000000,
4,0.355523,0.802852,0.591630,0.334246,0.140254,21.735119,21.735119,0.083812,0.195502,0.241566,0.264501,10.650803,29.090775,27.863029,0.601431,0.000000,
5,0.390877,0.687754,0.571924,0.367421,0.239247,26.486784,47.016842,0.131615,0.196999,0.217226,0.224113,13.960143,31.316878,28.999763,0.605379,4.454215,
6,0.383775,0.740439,0.529676,0.419511,0.191430,26.486784,26.486784,0.150172,0.238043,0.267488,0.271438,13.774612,31.537181,29.293391,0.616373,0.934652,
