Frame,integer_adm2,integer_adm_scale0,integer_adm_scale1,integer_adm_scale2,integer_adm_scale3,integer_motion2,integer_motion,integer_vif_scale0,integer_vif_scale1,integer_vif_scale2,integer_vif_scale3,psnr_y,psnr_cb,psnr_cr,float_ssim,vmaf,
0,0.898619,0.848426,0.851965,0.910276,0.925619,0.000000,0.000000,0.460625,0.730009,0.774710,0.799252,22.389597,48.009792,46.061771,0.912860,53.676122,
1,0.990267,0.987873,0.980022,0.990607,0.994327,21.994516,21.994516,0.942618,0.984627,0.990766,0.993935,43.467450,61.843910,59.239344,0.998617,100.000000,
2,0.804298,0.810791,0.761647,0.807783,0.817092,23.932884,23.932884,0.446097,0.623854,0.646788,0.652492,19.715356,47.563199,46.468124,0.865739,48.933876,
3,0.985533,0.976979,0.974812,0.987015,0.992231,21.735119,35.538799,0.951440,0.990112,0.993511,0.996054,46.493086,70.857441,67.499790,0.999151,100.000000,
4,0.980066,0.982783,0.980330,0.982108,0.978028,21.735119,21.735119,0.930607,0.974960,0.981701,0.986055,41.542115,66.535229,63.772764,0.998335,100.000000,
5,0.839206,0.809081,0.841566,0.821913,0.859609,26.486784,47.016842,0.397684,0.625239,0.668024,0.692914,19.365756,43.693945,42.020721,0.861024,59.720196,
6,0.986963,0.985496,0.982664,0.980718,0.992908,26.486784,26.486784,0.953652,0.987207,0.991599,0.994822,45.265832,65.908519,63.804481,0.999266,100.000000,
