Frame,integer_adm2,integer_adm_scale0,integer_adm_scale1,integer_adm_scale2,integer_adm_scale3,integer_motion2,integer_motion,integer_vif_scale0,integer_vif_scale1,integer_vif_scale2,integer_vif_scale3,psnr_y,psnr_cb,psnr_cr,float_ssim,vmaf,
0,0.455941,0.709607,0.511512,0.467533,0.348967,0.000000,0.000000,0.113560,0.176874,0.190725,0.191458,13.778535,29.759087,27.397203,0.534006,0.000000,
1,0.617450,0.666465,0.583303,0.667222,0.586902,21.994516,21.994516,0.103446,0.184668,0.203717,0.218452,14.218764,30.200128,27.509965,0.536690,21.518062,
2,0.423132,0.721479,0.484496,0.369503,0.335058,23.932884,23.932884,0.147305,0.235784,0.252113,0.252257,13.536298,33.308635,30.841235,0.577886,2.120765,
3,0.460821,0.771532,0.510056,0.347936,0.399866,21.735119,35.538799,0.117265,0.225817,0.256246,0.247148,11.136222,30.646033,28.908317,0.531203,3.966174,
4,0.469602,0.812780,0.584940,0.362718,0.375725,21.735119,21.735119,0.088708,0.199620,0.238664,0.243141,11.336519,28.996406,27.775683,0.548886,6.403398,
5,0.384705,0.690405,0.477973,0.286361,0.316304,26.486784,47.016842,0.131460,0.196026,0.215723,0.219396,13.127378,31.081897,28.851332,0.545119,4.139021,
6,0.399764,0.743697,0.500153,0.376081,0.265347,26.486784,26.486784,0.151984,0.236694,0.260882,0.267031,13.274212,31.289439,29.141432,0.552159,2.247539,
