Frame,integer_adm2,integer_adm_scale0,integer_adm_scale1,integer_adm_scale2,integer_adm_scale3,integer_motion2,integer_motion,integer_vif_scale0,integer_vif_scale1,integer_vif_scale2,integer_vif_scale3,psnr_y,psnr_cb,psnr_cr,float_ssim,vmaf,
0,0.453678,0.710557,0.509311,0.482742,0.335449,0.000000,0.000000,0.116421,0.173176,0.186161,0.188432,14.672895,30.667421,28.899577,0.586842,0.000000,
1,0.578409,0.669229,0.579043,0.653743,0.509184,21.994516,21.994516,0.104015,0.169514,0.182328,0.180627,13.990146,30.948329,28.931476,0.581317,18.582988,
2,0.419312,0.722891,0.468739,0.330696,0.355680,23.932884,23.932884,0.149466,0.233603,0.250693,0.253939,14.442826,33.819002,33.298210,0.625306,1.932791,
3,0.437681,0.768721,0.512925,0.325219,0.358071,21.735119,35.538799,0.118154,0.227609,0.263787,0.289035,11.717465,30.607986,29.976274,0.603205,1.895016,
4,0.458246,0.810260,0.587982,0.368663,0.347288,21.735119,21.735119,0.087506,0.196459,0.237942,0.267234,11.578361,28.821894,28.463589,0.613197,5.639268,
5,0.359870,0.685520,0.473861,0.255581,0.280808,26.486784,47.016842,0.133438,0.195283,0.215149,0.221458,14.589950,31.265563,30.184133,0.597816,2.561643,
6,0.371244,0.747439,0.461125,0.309494,0.253818,26.486784,26.486784,0.151058,0.227622,0.246550,0.248520,14.288159,31.589948,30.625595,0.602490,0.966471,
