Frame,integer_adm2,integer_adm_scale0,integer_adm_scale1,integer_adm_scale2,integer_adm_scale3,integer_motion2,integer_motion,integer_vif_scale0,integer_vif_scale1,integer_vif_scale2,integer_vif_scale3,psnr_y,psnr_cb,psnr_cr,float_ssim,vmaf,
0,0.414052,0.680555,0.442929,0.376718,0.342270,0.000000,0.000000,0.103955,0.157483,0.169118,0.183308,13.942017,32.161574,30.542330,0.546666,0.000000,
1,0.359517,0.642984,0.410444,0.247413,0.324906,21.994516,21.994516,0.083231,0.134367,0.147026,0.180902,12.717922,32.650637,31.059416,0.521231,4.303261,
2,0.411867,0.700264,0.461126,0.294537,0.370742,23.932884,23.932884,0.126965,0.208516,0.227933,0.246136,13.328791,32.236005,30.285647,0.564206,3.107639,
3,0.430414,0.741259,0.526474,0.350437,0.328537,21.735119,35.538799,0.105937,0.214728,0.261745,0.286579,10.734396,30.816468,29.191401,0.543836,2.020618,
4,0.413823,0.837610,0.531595,0.390286,0.249390,21.735119,21.735119,0.080489,0.191782,0.247019,0.282165,10.571069,29.093368,27.968593,0.550387,2.278477,
5,0.361829,0.657851,0.419333,0.286814,0.295060,26.486784,47.016842,0.117135,0.177403,0.195032,0.203913,13.758433,30.955629,29.219311,0.545616,4.171864,
6,0.406632,0.740292,0.540712,0.333179,0.293169,26.486784,26.486784,0.132212,0.202839,0.219102,0.228621,13.131589,31.873649,30.001628,0.562187,5.226867,
