Frame,integer_adm2,integer_adm_scale0,integer_adm_scale1,integer_adm_scale2,integer_adm_scale3,integer_motion2,integer_motion,integer_vif_scale0,integer_vif_scale1,integer_vif_scale2,integer_vif_scale3,psnr_y,psnr_cb,psnr_cr,float_ssim,vmaf,
0,0.479510,0.707470,0.451849,0.550721,0.378235,0.000000,0.000000,0.117936,0.189491,0.215916,0.230910,14.557891,28.706095,26.538693,0.537116,0.000000,
1,0.401668,0.662280,0.461091,0.330201,0.347389,21.994516,21.994516,0.104992,0.170470,0.188993,0.195579,13.858942,28.901837,26.596848,0.528647,3.887447,
2,0.388451,0.731068,0.506998,0.413054,0.215487,23.932884,23.932884,0.159026,0.250403,0.274536,0.294642,15.048005,31.128832,29.171742,0.603578,0.000000,
3,0.345231,0.762037,0.506130,0.291415,0.160954,21.735119,35.538799,0.133556,0.251992,0.297601,0.313253,12.467956,31.020390,29.163775,0.575231,0.000000,
4,0.366694,0.788480,0.543973,0.364600,0.170376,21.735119,21.735119,0.094535,0.207983,0.259466,0.276901,11.551718,29.541291,28.093339,0.561248,0.000000,
5,0.406960,0.712958,0.474610,0.447223,0.254741,26.486784,47.016842,0.135034,0.204171,0.230578,0.244537,14.335218,30.119493,28.129645,0.569164,4.893345,
6,0.382238,0.748810,0.502820,0.344421,0.241495,26.486784,26.486784,0.163160,0.250698,0.275584,0.290132,15.208520,30.333102,28.547911,0.591869,0.048771,
