Frame,integer_adm2,integer_adm_scale0,integer_adm_scale1,integer_adm_scale2,integer_adm_scale3,integer_motion2,integer_motion,integer_vif_scale0,integer_vif_scale1,integer_vif_scale2,integer_vif_scale3,psnr_y,psnr_cb,psnr_cr,float_ssim,vmaf,
0,0.411734,0.676742,0.447456,0.361353,0.345369,0.000000,0.000000,0.103562,0.157917,0.170091,0.184679,13.977205,32.080749,30.463059,0.549470,0.000000,
1,0.367460,0.646624,0.462317,0.248141,0.322889,21.994516,21.994516,0.081953,0.134043,0.147713,0.182598,12.729316,32.528671,30.930756,0.523709,4.763874,
2,0.397025,0.709052,0.492974,0.300205,0.317112,23.932884,23.932884,0.125362,0.207099,0.226585,0.244602,13.351978,32.097964,30.175242,0.567557,2.153078,
3,0.402260,0.743304,0.496820,0.352861,0.270673,21.735119,35.538799,0.104991,0.214187,0.261335,0.288514,10.756620,30.740789,29.116181,0.546815,0.000000,
4,0.415258,0.832698,0.528601,0.399402,0.250366,21.735119,21.735119,0.079694,0.191223,0.246365,0.283663,10.620762,29.044019,27.904615,0.554224,2.431299,
5,0.360791,0.663849,0.426555,0.285960,0.288334,26.486784,47.016842,0.115832,0.175837,0.193052,0.199673,13.875432,30.893103,29.143860,0.549664,4.266062,
6,0.414604,0.742485,0.543049,0.337037,0.307673,26.486784,26.486784,0.131726,0.203453,0.219754,0.229282,13.186630,31.779218,29.893212,0.567320,5.757016,
