Frame,integer_adm2,integer_adm_scale0,integer_adm_scale1,integer_adm_scale2,integer_adm_scale3,integer_motion2,integer_motion,integer_vif_scale0,integer_vif_scale1,integer_vif_scale2,integer_vif_scale3,psnr_y,psnr_cb,psnr_cr,float_ssim,vmaf,
0,0.436629,0.708820,0.499358,0.395318,0.352121,0.000000,0.000000,0.127225,0.194938,0.218276,0.238653,15.559488,31.074900,29.060772,0.602522,0.000000,
1,0.442058,0.662332,0.492369,0.375003,0.399952,21.994516,21.994516,0.115495,0.193822,0.224800,0.256981,15.359523,31.067565,28.837239,0.589428,4.672860,
2,0.378090,0.709131,0.508016,0.349227,0.236977,23.932884,23.932884,0.161292,0.250030,0.273990,0.278892,15.312973,33.955952,32.199421,0.631576,0.000000,
3,0.425160,0.757494,0.522204,0.342439,0.316874,21.735119,35.538799,0.132371,0.248830,0.284823,0.299862,12.224791,31.285018,29.960379,0.582841,0.000000,
4,0.431961,0.802779,0.626668,0.325552,0.300763,21.735119,21.735119,0.100360,0.215076,0.263272,0.288591,11.841053,29.446780,28.534543,0.587704,2.151997,
5,0.377080,0.679434,0.498778,0.296034,0.286598,26.486784,47.016842,0.138533,0.202211,0.224569,0.234940,14.628940,32.183925,30.838265,0.602650,3.050937,
6,0.413386,0.735665,0.503100,0.306795,0.340859,26.486784,26.486784,0.169384,0.255126,0.281733,0.296816,15.377922,32.809133,31.772685,0.626459,2.039254,
