Frame,integer_adm2,integer_adm_scale0,integer_adm_scale1,integer_adm_scale2,integer_adm_scale3,integer_motion2,integer_motion,integer_vif_scale0,integer_vif_scale1,integer_vif_scale2,integer_vif_scale3,psnr_y,psnr_cb,psnr_cr,float_ssim,vmaf,
0,0.685065,0.761817,0.641720,0.652332,0.697568,0.000000,0.000000,0.247001,0.398342,0.433031,0.468467,16.993914,32.977760,30.419936,0.714252,5.329094,
1,0.683392,0.863396,0.663048,0.656122,0.654673,21.994516,21.994516,0.249071,0.408622,0.454433,0.479104,17.622728,34.120079,31.299261,0.754494,23.449655,
2,0.994971,0.996042,0.989519,0.994063,0.997356,23.932884,23.932884,0.970358,0.990823,0.993873,0.995513,44.905500,72.000000,71.683443,0.999414,100.000000,
3,0.730537,0.791546,0.707083,0.733148,0.716879,21.735119,35.538799,0.440366,0.645088,0.696594,0.727008,25.109359,40.372556,37.919668,0.922717,38.735837,
4,0.641210,0.789905,0.633608,0.566013,0.636298,21.735119,21.735119,0.292426,0.465329,0.517980,0.543056,19.771834,34.651197,33.744339,0.840628,17.863309,
5,0.436155,0.690007,0.471874,0.376357,0.381285,26.486784,47.016842,0.112432,0.180135,0.198124,0.199828,11.934482,28.330251,27.600765,0.555658,9.040218,
6,0.442539,0.768350,0.542379,0.431387,0.306473,26.486784,26.486784,0.123731,0.216566,0.223914,0.209241,10.366797,29.808077,27.080783,0.537182,7.304616,
