Frame,integer_adm2,integer_adm_scale0,integer_adm_scale1,integer_adm_scale2,integer_adm_scale3,integer_motion2,integer_motion,integer_vif_scale0,integer_vif_scale1,integer_vif_scale2,integer_vif_scale3,psnr_y,psnr_cb,psnr_cr,float_ssim,vmaf,
0,0.414508,0.701997,0.450045,0.443878,0.294540,0.000000,0.000000,0.122767,0.193377,0.212060,0.219941,14.158970,30.086708,27.685642,0.538138,0.000000,
1,0.297361,0.650486,0.426438,0.319408,0.138919,21.994516,21.994516,0.104638,0.177639,0.196240,0.213114,14.112296,30.486983,27.771157,0.521475,0.000000,
2,0.391820,0.719641,0.466922,0.357977,0.276663,23.932884,23.932884,0.155184,0.253596,0.278394,0.279159,13.718932,33.805381,31.448875,0.584531,0.000000,
3,0.408838,0.767623,0.530825,0.409166,0.227529,21.735119,35.538799,0.116436,0.238220,0.272053,0.259566,10.889813,30.812532,29.233798,0.533982,0.000000,
4,0.345369,0.826652,0.540137,0.293213,0.150325,21.735119,21.735119,0.086084,0.201624,0.241480,0.236076,10.921865,29.089552,28.018266,0.544642,0.000000,
5,0.397887,0.680415,0.457677,0.363701,0.306819,26.486784,47.016842,0.136764,0.206223,0.227376,0.232335,13.273992,31.357177,29.223753,0.546473,4.251903,
6,0.384454,0.751259,0.514813,0.353460,0.235713,26.486784,26.486784,0.158469,0.253052,0.284319,0.287868,13.377257,31.595412,29.530089,0.558640,0.000000,
