Frame,integer_adm2,integer_adm_scale0,integer_adm_scale1,integer_adm_scale2,integer_adm_scale3,integer_motion2,integer_motion,integer_vif_scale0,integer_vif_scale1,integer_vif_scale2,integer_vif_scale3,psnr_y,psnr_cb,psnr_cr,float_ssim,vmaf,
0,0.883732,0.848138,0.851616,0.903636,0.895678,0.000000,0.000000,0.456701,0.714684,0.754304,0.773495,21.581923,45.369040,42.846647,0.902992,48.627751,
1,0.990263,0.988631,0.981065,0.989046,0.994630,21.994516,21.994516,0.944357,0.984342,0.990352,0.993434,43.617190,61.340446,58.804791,0.998670,100.000000,
2,0.782588,0.804631,0.743948,0.775392,0.795284,23.932884,23.932884,0.429396,0.605482,0.627515,0.633183,18.757014,45.219032,43.780615,0.850990,44.062664,
3,0.872318,0.838429,0.822713,0.850931,0.919241,21.735119,35.538799,0.597121,0.806818,0.828216,0.833640,25.681176,44.808099,44.239903,0.942521,74.418593,
4,0.985568,0.990103,0.986831,0.990203,0.981227,21.735119,21.735119,0.951970,0.980807,0.985892,0.989166,42.836025,63.431529,60.585692,0.999098,100.000000,
5,0.984520,0.983653,0.978976,0.982459,0.988422,26.486784,47.016842,0.948979,0.981775,0.987403,0.990966,42.841359,64.337230,61.879415,0.998297,100.000000,
6,0.788569,0.833066,0.781487,0.785393,0.778916,26.486784,26.486784,0.428487,0.661927,0.700709,0.719261,22.293366,41.031419,40.182181,0.900449,52.530076,
