Frame,integer_adm2,integer_adm_scale0,integer_adm_scale1,integer_adm_scale2,integer_adm_scale3,integer_motion2,integer_motion,integer_vif_scale0,integer_vif_scale1,integer_vif_scale2,integer_vif_scale3,psnr_y,psnr_cb,psnr_cr,float_ssim,vmaf,
0,0.416696,0.703051,0.456585,0.442232,0.297615,0.000000,0.000000,0.114057,0.179940,0.195256,0.201822,14.001269,29.639883,27.240880,0.531786,0.000000,
1,0.289921,0.651669,0.418448,0.311355,0.129557,21.994516,21.994516,0.096163,0.164802,0.180957,0.197815,13.902278,30.031270,27.321676,0.514903,0.000000,
2,0.420290,0.714850,0.491071,0.412774,0.301519,23.932884,23.932884,0.150199,0.247063,0.270301,0.273323,13.540660,33.278061,30.645241,0.582352,1.059228,
3,0.408886,0.765081,0.517207,0.401760,0.239072,21.735119,35.538799,0.115171,0.233611,0.266217,0.254315,10.740569,30.826821,28.931018,0.530240,0.000000,
4,0.348093,0.817258,0.532735,0.300405,0.158152,21.735119,21.735119,0.086070,0.199799,0.239241,0.233550,10.838750,29.148929,27.806297,0.540967,0.000000,
5,0.410417,0.675373,0.466694,0.389949,0.317067,26.486784,47.016842,0.133233,0.202555,0.222441,0.224014,13.192636,31.084061,28.737009,0.546447,5.449812,
6,0.421319,0.753447,0.529901,0.399128,0.286652,26.486784,26.486784,0.153946,0.245557,0.274795,0.277799,13.186445,31.295534,29.037992,0.555069,3.237377,
