Frame,integer_adm2,integer_adm_scale0,integer_adm_scale1,integer_adm_scale2,integer_adm_scale3,integer_motion2,integer_motion,integer_vif_scale0,integer_vif_scale1,integer_vif_scale2,integer_vif_scale3,psnr_y,psnr_cb,psnr_cr,float_ssim,vmaf,
0,0.690195,0.763338,0.658606,0.646135,0.705831,0.000000,0.000000,0.253063,0.420624,0.459372,0.497684,16.796363,33.994812,31.293137,0.699866,6.050026,
1,0.727924,0.792024,0.661058,0.775269,0.705862,21.994516,21.994516,0.260883,0.436604,0.483019,0.506722,17.153657,35.361785,32.719695,0.760907,30.135761,
2,0.987494,0.985740,0.979489,0.985340,0.992569,23.932884,23.932884,0.953001,0.986225,0.991340,0.994020,44.534551,68.985609,66.621406,0.999243,100.000000,
3,0.790350,0.804453,0.736555,0.775686,0.817492,21.735119,35.538799,0.444465,0.661430,0.718463,0.753827,26.770236,42.906675,40.068127,0.923899,51.172767,
4,0.662434,0.802509,0.664863,0.601569,0.649125,21.735119,21.735119,0.298232,0.483899,0.543007,0.577665,20.418823,35.399679,34.934486,0.842795,21.856660,
5,0.936125,0.945530,0.908916,0.930336,0.947975,26.486784,47.016842,0.868524,0.933384,0.949754,0.961818,36.396829,57.480911,55.250798,0.990785,100.000000,
6,0.797735,0.826101,0.762587,0.793849,0.804430,26.486784,26.486784,0.437679,0.677641,0.721443,0.746296,22.444840,41.120845,40.106658,0.903983,56.035089,
