Frame,integer_adm2,integer_adm_scale0,integer_adm_scale1,integer_adm_scale2,integer_adm_scale3,integer_motion2,integer_motion,integer_vif_scale0,integer_vif_scale1,integer_vif_scale2,integer_vif_scale3,psnr_y,psnr_cb,psnr_cr,float_ssim,vmaf,
0,0.453646,0.711762,0.508538,0.464347,0.346086,0.000000,0.000000,0.117149,0.180629,0.196424,0.200022,13.859134,30.153407,28.195856,0.531022,0.000000,
1,0.611530,0.667827,0.581248,0.653017,0.582291,21.994516,21.994516,0.109065,0.191352,0.212049,0.228506,14.389759,30.547780,28.318763,0.536577,20.498879,
2,0.444313,0.720796,0.495180,0.345873,0.394856,23.932884,23.932884,0.152530,0.241904,0.260418,0.262215,13.654701,33.723135,32.616225,0.574641,3.332742,
3,0.525410,0.770803,0.511215,0.354150,0.552132,21.735119,35.538799,0.117353,0.225574,0.256661,0.247146,11.207917,30.781736,29.928561,0.528205,9.659882,
4,0.469829,0.811268,0.585907,0.354251,0.380835,21.735119,21.735119,0.087624,0.197496,0.237056,0.242216,11.368839,29.016215,28.489154,0.545279,6.555751,
5,0.385283,0.685876,0.475438,0.300043,0.310875,26.486784,47.016842,0.134905,0.198837,0.218799,0.223697,13.165692,31.258460,29.853589,0.537711,3.942329,
6,0.357670,0.742766,0.496840,0.336415,0.193708,26.486784,26.486784,0.154407,0.237075,0.260564,0.267675,13.368359,31.533017,30.242250,0.545917,0.000000,
