Frame,integer_adm2,integer_adm_scale0,integer_adm_scale1,integer_adm_scale2,integer_adm_scale3,integer_motion2,integer_motion,integer_vif_scale0,integer_vif_scale1,integer_vif_scale2,integer_vif_scale3,psnr_y,psnr_cb,psnr_cr,float_ssim,vmaf,
0,0.433557,0.698571,0.477750,0.392157,0.358600,0.000000,0.000000,0.122423,0.188110,0.209932,0.223554,15.846934,31.015316,29.000503,0.615993,0.000000,
1,0.406123,0.670058,0.485694,0.360849,0.328898,21.994516,21.994516,0.103842,0.164579,0.182266,0.189741,14.876781,30.998618,28.799947,0.599082,4.670003,
2,0.366911,0.717000,0.515251,0.337679,0.212524,23.932884,23.932884,0.152885,0.234822,0.254309,0.255075,15.324175,33.816278,32.123971,0.644850,0.000000,
3,0.399571,0.759728,0.506829,0.354013,0.253254,21.735119,35.538799,0.130743,0.242100,0.280219,0.291059,12.498130,31.165739,29.875838,0.605412,0.000000,
4,0.415617,0.790376,0.605194,0.370099,0.252827,21.735119,21.735119,0.097761,0.206307,0.250054,0.261954,11.935835,29.371112,28.457298,0.601141,1.549612,
5,0.384209,0.674960,0.479563,0.314603,0.300255,26.486784,47.016842,0.136848,0.199788,0.221157,0.229742,14.808296,32.076413,30.729865,0.622164,3.737478,
6,0.387432,0.743719,0.518656,0.339537,0.252109,26.486784,26.486784,0.162631,0.240271,0.261726,0.265056,15.535386,32.673122,31.629886,0.640936,1.125091,
