Frame,integer_adm2,integer_adm_scale0,integer_adm_scale1,integer_adm_scale2,integer_adm_scale3,integer_motion2,integer_motion,integer_vif_scale0,integer_vif_scale1,integer_vif_scale2,integer_vif_scale3,psnr_y,psnr_cb,psnr_cr,float_ssim,vmaf,
0,0.457222,0.698597,0.480252,0.390857,0.412510,0.000000,0.000000,0.123566,0.189429,0.211084,0.225134,15.768570,31.051866,29.068252,0.616274,0.000000,
1,0.419440,0.665112,0.491148,0.384661,0.344169,21.994516,21.994516,0.105658,0.169618,0.190159,0.207217,14.995394,31.013433,28.811707,0.601174,5.054838,
2,0.380850,0.707845,0.513512,0.341427,0.246400,23.932884,23.932884,0.153331,0.235778,0.255658,0.256117,15.293522,33.825952,32.060253,0.643800,0.000000,
3,0.405502,0.755715,0.507191,0.379466,0.252704,21.735119,35.538799,0.129403,0.239990,0.278182,0.288139,12.430368,31.188667,29.851277,0.602989,0.000000,
4,0.382446,0.780761,0.597973,0.359650,0.190912,21.735119,21.735119,0.096389,0.205386,0.249368,0.260638,11.917169,29.390560,28.445697,0.599096,0.000000,
5,0.382356,0.678208,0.465678,0.302200,0.308760,26.486784,47.016842,0.136321,0.199233,0.220059,0.228163,14.719163,32.097285,30.783166,0.620583,3.672196,
6,0.372252,0.735309,0.506951,0.294030,0.252024,26.486784,26.486784,0.162361,0.240599,0.261623,0.264891,15.481387,32.691594,31.669431,0.641091,0.062320,
