Frame,integer_adm2,integer_adm_scale0,integer_adm_scale1,integer_adm_scale2,integer_adm_scale3,integer_motion2,integer_motion,integer_vif_scale0,integer_vif_scale1,integer_vif_scale2,integer_vif_scale3,psnr_y,psnr_cb,psnr_cr,float_ssim,vmaf,
0,0.360713,0.705300,0.459721,0.382013,0.202902,0.000000,0.000000,0.111730,0.166996,0.182149,0.190441,13.656784,31.958012,30.464844,0.635376,0.000000,
1,0.300100,0.646880,0.448606,0.277830,0.162033,21.994516,21.994516,0.093398,0.148143,0.159841,0.158399,13.693363,32.463240,30.981213,0.616433,0.311345,
2,0.336395,0.721534,0.512551,0.351864,0.132289,23.932884,23.932884,0.137370,0.221062,0.238165,0.241610,12.959907,32.176466,30.418940,0.651267,0.000000,
3,0.350322,0.747874,0.483297,0.304251,0.179925,21.735119,35.538799,0.101705,0.190957,0.217520,0.218057,10.921756,30.732157,29.248611,0.613601,0.000000,
4,0.336957,0.785440,0.489392,0.339891,0.138332,21.735119,21.735119,0.071788,0.161311,0.194448,0.198513,11.378084,28.983886,27.995274,0.613837,0.287113,
5,0.345552,0.659314,0.421456,0.306963,0.241022,26.486784,47.016842,0.120687,0.176552,0.194362,0.197869,12.487576,30.894776,29.313007,0.616719,3.275809,
6,0.418141,0.760164,0.493435,0.354616,0.318364,26.486784,26.486784,0.140526,0.210566,0.225222,0.219012,12.550742,31.784490,30.093567,0.643658,5.570837,
