Frame,integer_adm2,integer_adm_scale0,integer_adm_scale1,integer_adm_scale2,integer_adm_scale3,integer_motion2,integer_motion,integer_vif_scale0,integer_vif_scale1,integer_vif_scale2,integer_vif_scale3,psnr_y,psnr_cb,psnr_cr,float_ssim,vmaf,
0,0.995742,0.985793,0.988110,0.996532,1.001350,0.000000,0.000000,0.941198,0.988176,0.992628,0.994750,43.670675,64.671929,63.117378,0.998733,95.666091,
1,0.993368,0.985356,0.989818,0.992840,0.997195,21.994516,21.994516,0.939233,0.986148,0.991420,0.993770,42.832781,62.042704,59.590665,0.998413,100.000000,
2,0.980472,0.976335,0.966039,0.977189,0.989571,23.932884,23.932884,0.937704,0.978545,0.985282,0.989581,41.549212,62.861862,60.786317,0.998131,100.000000,
3,0.892159,0.830668,0.829736,0.883072,0.946644,21.735119,35.538799,0.625522,0.852216,0.872720,0.876979,27.505601,47.385454,46.628212,0.962354,82.986281,
4,0.972863,0.976220,0.968998,0.978307,0.970296,21.735119,21.735119,0.917859,0.967866,0.976471,0.981976,41.047081,63.244308,60.520717,0.997906,100.000000,
5,0.488112,0.710755,0.563051,0.421815,0.431866,26.486784,47.016842,0.135651,0.221643,0.247220,0.266109,14.166710,29.980805,27.869108,0.580073,10.284322,
6,0.479487,0.798465,0.614618,0.468009,0.332331,26.486784,26.486784,0.181650,0.291627,0.329059,0.352242,16.355517,31.736592,30.171425,0.676541,5.791381,
