Frame,integer_adm2,integer_adm_scale0,integer_adm_scale1,integer_adm_scale2,integer_adm_scale3,integer_motion2,integer_motion,integer_vif_scale0,integer_vif_scale1,integer_vif_scale2,integer_vif_scale3,psnr_y,psnr_cb,psnr_cr,float_ssim,vmaf,
0,0.299533,0.665702,0.407488,0.245582,0.175639,0.000000,0.000000,0.120472,0.177635,0.196036,0.204862,15.765486,31.147589,29.083759,0.630941,0.000000,
1,0.281667,0.636886,0.388706,0.229396,0.172797,21.994516,21.994516,0.108192,0.165310,0.178359,0.175649,15.923231,31.719961,29.947696,0.630717,0.000000,
2,0.320769,0.679066,0.439852,0.258251,0.195735,23.932884,23.932884,0.152061,0.239562,0.258320,0.244154,15.966800,32.918256,29.792609,0.662709,0.000000,
3,0.378057,0.744649,0.471953,0.256109,0.283750,21.735119,35.538799,0.127461,0.231414,0.261727,0.267088,13.170581,31.652033,29.401714,0.656520,0.000000,
4,0.297642,0.760670,0.472417,0.267137,0.104093,21.735119,21.735119,0.086815,0.185636,0.220200,0.225756,12.083881,29.782227,28.258856,0.620893,0.000000,
5,0.322198,0.655706,0.415382,0.237218,0.235884,26.486784,47.016842,0.129615,0.191710,0.218143,0.225757,14.283197,31.396396,29.031789,0.626223,0.434958,
6,0.379135,0.738879,0.494935,0.317428,0.257066,26.486784,26.486784,0.159925,0.240796,0.264374,0.252437,15.912814,32.500315,30.041743,0.677919,0.516646,
