Frame,integer_adm2,integer_adm_scale0,integer_adm_scale1,integer_adm_scale2,integer_adm_scale3,integer_motion2,integer_motion,integer_vif_scale0,integer_vif_scale1,integer_vif_scale2,integer_vif_scale3,psnr_y,psnr_cb,psnr_cr,float_ssim,vmaf,
0,0.456707,0.709315,0.510881,0.465045,0.352514,0.000000,0.000000,0.114226,0.177137,0.191162,0.193470,13.799381,29.878617,27.499499,0.539815,0.000000,
1,0.613198,0.666050,0.580062,0.662618,0.581403,21.994516,21.994516,0.103626,0.184552,0.203577,0.219458,14.275688,30.320273,27.610793,0.543105,21.087622,
2,0.423243,0.722044,0.474913,0.361811,0.343657,23.932884,23.932884,0.147566,0.236214,0.253322,0.254523,13.584607,33.466916,31.060975,0.583382,2.083842,
3,0.516724,0.772149,0.510261,0.351044,0.532990,21.735119,35.538799,0.116361,0.224086,0.254570,0.245445,11.167116,30.671391,29.011155,0.537190,8.955182,
4,0.491728,0.811650,0.593681,0.449225,0.376015,21.735119,21.735119,0.088162,0.198661,0.237920,0.242843,11.327819,29.007459,27.853545,0.553616,8.332822,
5,0.386346,0.691164,0.482586,0.291770,0.314478,26.486784,47.016842,0.132082,0.195864,0.214499,0.217710,13.118585,31.183961,28.993798,0.549279,4.285489,
6,0.373721,0.744714,0.490075,0.396637,0.195922,26.486784,26.486784,0.151540,0.235300,0.258702,0.262237,13.307829,31.378191,29.260695,0.556865,0.525791,
