Frame,integer_adm2,integer_adm_scale0,integer_adm_scale1,integer_adm_scale2,integer_adm_scale3,integer_motion2,integer_motion,integer_vif_scale0,integer_vif_scale1,integer_vif_scale2,integer_vif_scale3,psnr_y,psnr_cb,psnr_cr,float_ssim,vmaf,
0,0.995798,0.986224,0.988749,0.996325,1.001214,0.000000,0.000000,0.947885,0.990521,0.994304,0.996511,44.676238,63.667566,61.522449,0.999122,95.906938,
1,0.993335,0.984783,0.989585,0.994641,0.996337,21.994516,21.994516,0.951560,0.991961,0.995474,0.996591,45.308580,65.516964,63.561256,0.999331,100.000000,
2,0.843841,0.819966,0.783715,0.857138,0.867421,23.932884,23.932884,0.484587,0.694253,0.724685,0.739008,21.342321,45.526832,44.601486,0.891329,61.999066,
3,0.988485,0.984519,0.978610,0.988741,0.993950,21.735119,35.538799,0.968386,0.992218,0.995204,0.997762,49.558424,69.291601,66.855280,0.999572,100.000000,
4,0.727622,0.820865,0.734091,0.663129,0.729699,21.735119,21.735119,0.463301,0.646504,0.685987,0.709791,23.128390,41.372538,40.099398,0.914128,37.071082,
5,0.501222,0.695447,0.568952,0.415634,0.470035,26.486784,47.016842,0.143596,0.231111,0.258212,0.273820,14.133431,30.053822,27.853368,0.594148,10.855799,
6,0.520108,0.793742,0.638847,0.459068,0.424192,26.486784,26.486784,0.182211,0.293758,0.327583,0.368724,16.697128,32.196360,30.760066,0.689945,9.842536,
