Frame,integer_adm2,integer_adm_scale0,integer_adm_scale1,integer_adm_scale2,integer_adm_scale3,integer_motion2,integer_motion,integer_vif_scale0,integer_vif_scale1,integer_vif_scale2,integer_vif_scale3,psnr_y,psnr_cb,psnr_cr,float_ssim,vmaf,
0,0.449551,0.709551,0.511910,0.466403,0.334872,0.000000,0.000000,0.111712,0.169591,0.181512,0.181095,14.194603,29.883019,27.499817,0.552010,0.000000,
1,0.581227,0.667637,0.579885,0.661745,0.510986,21.994516,21.994516,0.097014,0.161467,0.172582,0.169629,13.701050,30.324654,27.611052,0.546969,19.441690,
2,0.427573,0.723261,0.470358,0.343569,0.366322,23.932884,23.932884,0.145434,0.230966,0.246560,0.248484,14.178515,33.476366,31.061213,0.600770,2.791776,
3,0.500053,0.775793,0.510652,0.353023,0.489869,21.735119,35.538799,0.117150,0.225637,0.261703,0.286571,11.571933,30.678774,29.012143,0.573554,7.368855,
4,0.459117,0.811030,0.596690,0.376602,0.341666,21.735119,21.735119,0.088526,0.199012,0.239890,0.268731,11.317239,28.989870,27.836833,0.579739,5.553412,
5,0.381280,0.691098,0.482308,0.289291,0.304137,26.486784,47.016842,0.131654,0.194377,0.212597,0.216598,13.974872,31.189639,28.993824,0.569782,4.066062,
6,0.394609,0.747069,0.478244,0.408869,0.240580,26.486784,26.486784,0.150207,0.230985,0.250548,0.248321,13.963332,31.386424,29.261871,0.578160,2.354751,
