Frame,integer_adm2,integer_adm_scale0,integer_adm_scale1,integer_adm_scale2,integer_adm_scale3,integer_motion2,integer_motion,integer_vif_scale0,integer_vif_scale1,integer_vif_scale2,integer_vif_scale3,psnr_y,psnr_cb,psnr_cr,float_ssim,vmaf,
0,0.997386,0.985848,0.988891,0.997005,1.004510,0.000000,0.000000,0.940739,0.986941,0.991796,0.994369,41.653990,66.161482,63.489709,0.998078,95.950262,
1,0.991729,0.982633,0.986937,0.992336,0.995650,21.994516,21.994516,0.937113,0.986906,0.992389,0.995000,42.943997,63.545743,60.835990,0.998472,100.000000,
2,0.985273,0.977076,0.971874,0.983902,0.994105,23.932884,23.932884,0.936264,0.985302,0.990539,0.993551,43.435934,66.791144,64.290928,0.999072,100.000000,
3,0.804233,0.796439,0.735886,0.785865,0.847808,21.735119,35.538799,0.462413,0.681532,0.737737,0.772375,27.539425,43.350879,40.522423,0.928153,55.125902,
4,0.687310,0.802980,0.669213,0.615110,0.695067,21.735119,21.735119,0.311109,0.501708,0.562247,0.597154,20.854236,35.694803,35.433395,0.848268,26.082552,
5,0.982578,0.972661,0.972854,0.981709,0.990242,26.486784,47.016842,0.927824,0.980678,0.986813,0.990192,41.810384,64.883611,62.538215,0.997862,100.000000,
6,0.985311,0.979384,0.980329,0.981738,0.991311,26.486784,26.486784,0.936332,0.985680,0.990922,0.993604,44.618167,64.746934,62.317720,0.998717,100.000000,
