Frame,integer_adm2,integer_adm_scale0,integer_adm_scale1,integer_adm_scale2,integer_adm_scale3,integer_motion2,integer_motion,integer_vif_scale0,integer_vif_scale1,integer_vif_scale2,integer_vif_scale3,psnr_y,psnr_cb,psnr_cr,float_ssim,vmaf,
0,0.421284,0.705517,0.461516,0.457956,0.296197,0.000000,0.000000,0.118434,0.187663,0.205551,0.213151,14.107991,29.954645,27.507917,0.545106,0.000000,
1,0.288741,0.644089,0.418767,0.317577,0.125451,21.994516,21.994516,0.101028,0.172705,0.190196,0.206673,14.025660,30.373104,27.600789,0.528623,0.000000,
2,0.398649,0.712538,0.462201,0.361910,0.294368,23.932884,23.932884,0.152995,0.250482,0.274567,0.274818,13.663061,33.637533,31.081127,0.592357,0.000000,
3,0.408404,0.763578,0.530389,0.353084,0.263833,21.735119,35.538799,0.116853,0.238025,0.272453,0.259441,10.843514,30.769478,29.033202,0.541159,0.000000,
4,0.348880,0.823655,0.554478,0.296688,0.152069,21.735119,21.735119,0.086695,0.201309,0.240781,0.235242,10.910170,29.079483,27.874748,0.552105,0.000000,
5,0.403400,0.678004,0.468158,0.389092,0.299383,26.486784,47.016842,0.134741,0.202887,0.223621,0.228141,13.299085,31.293466,29.006127,0.555652,4.888864,
6,0.401212,0.752583,0.517411,0.409361,0.238837,26.486784,26.486784,0.156571,0.250368,0.281601,0.283847,13.321967,31.515231,29.298951,0.566832,1.381138,
