Frame,integer_adm2,integer_adm_scale0,integer_adm_scale1,integer_adm_scale2,integer_adm_scale3,integer_motion2,integer_motion,integer_vif_scale0,integer_vif_scale1,integer_vif_scale2,integer_vif_scale3,psnr_y,psnr_cb,psnr_cr,float_ssim,vmaf,
0,0.420450,0.702404,0.447921,0.468498,0.294414,0.000000,0.000000,0.122356,0.192437,0.211246,0.218608,14.133444,30.089707,27.692323,0.540962,0.000000,
1,0.291096,0.641664,0.418533,0.307418,0.137228,21.994516,21.994516,0.104656,0.177709,0.196086,0.212701,14.112950,30.500410,27.783404,0.525189,0.000000,
2,0.391806,0.709883,0.467629,0.359383,0.278641,23.932884,23.932884,0.155177,0.253490,0.278144,0.278729,13.710969,33.832512,31.473979,0.587689,0.000000,
3,0.395947,0.769764,0.534456,0.351773,0.230537,21.735119,35.538799,0.116394,0.238143,0.272133,0.259417,10.884558,30.835707,29.255873,0.537092,0.000000,
4,0.346963,0.816900,0.553390,0.296799,0.150325,21.735119,21.735119,0.086236,0.201667,0.241317,0.235583,10.904348,29.104844,28.034827,0.547193,0.000000,
5,0.395044,0.676821,0.454982,0.365186,0.301218,26.486784,47.016842,0.137146,0.206603,0.227758,0.232163,13.234554,31.380284,29.246596,0.549404,4.028159,
6,0.400897,0.766064,0.492797,0.427279,0.232191,26.486784,26.486784,0.158302,0.252474,0.283758,0.287362,13.358039,31.609422,29.546217,0.561425,1.224602,
