Frame,integer_adm2,integer_adm_scale0,integer_adm_scale1,integer_adm_scale2,integer_adm_scale3,integer_motion2,integer_motion,integer_vif_scale0,integer_vif_scale1,integer_vif_scale2,integer_vif_scale3,psnr_y,psnr_cb,psnr_cr,float_ssim,vmaf,
0,0.410903,0.677860,0.443579,0.364251,0.342947,0.000000,0.000000,0.105079,0.160435,0.172591,0.185600,13.726897,32.269175,30.444199,0.542463,0.000000,
1,0.356749,0.642200,0.427485,0.229242,0.323473,21.994516,21.994516,0.081851,0.130639,0.143363,0.177876,12.451615,32.678304,30.812496,0.515296,4.462145,
2,0.415639,0.706575,0.521741,0.322237,0.336398,23.932884,23.932884,0.124668,0.209383,0.230894,0.248658,13.087759,32.299172,30.004768,0.556854,3.299111,
3,0.400927,0.743045,0.501214,0.371598,0.253737,21.735119,35.538799,0.104966,0.213243,0.259854,0.287234,10.577765,30.656150,28.897070,0.536993,0.000000,
4,0.423165,0.827342,0.563878,0.360581,0.277430,21.735119,21.735119,0.079489,0.190683,0.245885,0.283582,10.489717,29.002290,27.751139,0.546023,3.063568,
5,0.389828,0.659481,0.437143,0.339777,0.318641,26.486784,47.016842,0.116657,0.178655,0.198278,0.208717,13.742512,30.984130,28.986223,0.542222,5.793863,
6,0.399891,0.761172,0.526842,0.331538,0.277142,26.486784,26.486784,0.132469,0.205243,0.223824,0.238919,12.954906,31.875460,29.695776,0.557499,4.514679,
