Frame,integer_adm2,integer_adm_scale0,integer_adm_scale1,integer_adm_scale2,integer_adm_scale3,integer_motion2,integer_motion,integer_vif_scale0,integer_vif_scale1,integer_vif_scale2,integer_vif_scale3,psnr_y,psnr_cb,psnr_cr,float_ssim,vmaf,
0,0.410138,0.683548,0.443869,0.363466,0.339788,0.000000,0.000000,0.105004,0.159716,0.170975,0.183847,13.751033,32.144631,30.361369,0.542816,0.000000,
1,0.362859,0.642355,0.432943,0.256919,0.319181,21.994516,21.994516,0.081970,0.132035,0.144802,0.179586,12.451960,32.609260,30.810496,0.514187,4.693089,
2,0.430585,0.704664,0.527626,0.330488,0.364491,23.932884,23.932884,0.124883,0.207927,0.228391,0.247777,13.104581,32.108756,29.910292,0.557234,4.532842,
3,0.402078,0.741384,0.505259,0.374162,0.253771,21.735119,35.538799,0.105034,0.213284,0.259943,0.287241,10.585752,30.604481,28.862038,0.537805,0.000000,
4,0.426994,0.829131,0.537023,0.359379,0.295494,21.735119,21.735119,0.079652,0.190719,0.245760,0.282875,10.503660,28.970161,27.724863,0.547109,3.355195,
5,0.365695,0.663211,0.443586,0.293196,0.288556,26.486784,47.016842,0.116788,0.175754,0.192859,0.208211,13.793597,30.827702,28.899756,0.543844,4.505741,
6,0.405425,0.751740,0.516775,0.358459,0.280332,26.486784,26.486784,0.132055,0.201374,0.217230,0.233688,12.969284,31.759615,29.648185,0.557721,5.227013,
