Frame,integer_adm2,integer_adm_scale0,integer_adm_scale1,integer_adm_scale2,integer_adm_scale3,integer_motion2,integer_motion,integer_vif_scale0,integer_vif_scale1,integer_vif_scale2,integer_vif_scale3,psnr_y,psnr_cb,psnr_cr,float_ssim,vmaf,
0,0.250639,0.661637,0.356153,0.188702,0.118537,0.000000,0.000000,0.109055,0.157359,0.162048,0.145050,16.074439,30.172134,27.745765,0.655796,0.000000,
1,0.251654,0.630128,0.395648,0.204054,0.120589,21.994516,21.994516,0.088568,0.135786,0.138611,0.123921,15.417518,30.561458,27.819556,0.648250,0.009570,
2,0.270720,0.678358,0.400312,0.250257,0.099874,23.932884,23.932884,0.136312,0.206864,0.212329,0.195889,15.841670,33.921705,31.538900,0.722274,0.000000,
3,0.341617,0.747035,0.443502,0.379355,0.128243,21.735119,35.538799,0.092951,0.178716,0.200431,0.192505,12.576521,30.835937,29.250247,0.703265,0.000000,
4,0.279147,0.756785,0.451273,0.216883,0.098667,21.735119,21.735119,0.070374,0.160873,0.191700,0.192632,12.345944,29.072201,27.990998,0.689673,0.000000,
5,0.308950,0.659305,0.396497,0.214971,0.225623,26.486784,47.016842,0.132644,0.187999,0.199896,0.186409,15.188884,31.424945,29.284614,0.683410,0.626724,
6,0.366926,0.742971,0.480764,0.348058,0.214090,26.486784,26.486784,0.149437,0.221488,0.229480,0.212836,15.596447,31.650180,29.583545,0.726636,1.477180,
