Frame,integer_adm2,integer_adm_scale0,integer_adm_scale1,integer_adm_scale2,integer_adm_scale3,integer_motion2,integer_motion,integer_vif_scale0,integer_vif_scale1,integer_vif_scale2,integer_vif_scale3,psnr_y,psnr_cb,psnr_cr,float_ssim,vmaf,
0,0.997169,0.995252,0.992975,0.992827,1.001954,0.000000,0.000000,0.944582,0.980140,0.986122,0.990207,41.132721,60.918518,57.294461,0.997361,95.287599,
1,0.885581,0.815694,0.812114,0.894885,0.925831,21.994516,21.994516,0.446198,0.720908,0.773696,0.805784,23.170919,41.684228,38.567474,0.919312,73.592675,
2,0.753789,0.807615,0.730182,0.664720,0.800225,23.932884,23.932884,0.316197,0.524568,0.568789,0.572354,17.860865,32.155285,30.510801,0.771810,37.000653,
3,0.671417,0.803758,0.689898,0.604463,0.658532,21.735119,35.538799,0.285138,0.448711,0.510818,0.550037,19.244189,34.990053,33.538367,0.810745,22.862695,
4,0.570081,0.803605,0.644322,0.421940,0.547543,21.735119,21.735119,0.194710,0.354341,0.424270,0.473026,18.400090,35.069529,33.636619,0.806753,10.252533,
5,0.983384,0.973143,0.974162,0.982869,0.990709,26.486784,47.016842,0.927286,0.981499,0.987786,0.991164,42.308692,64.999142,62.665434,0.998004,100.000000,
6,0.986301,0.980460,0.981542,0.983586,0.991663,26.486784,26.486784,0.938758,0.986740,0.991784,0.994342,45.162139,64.454185,62.035790,0.998820,100.000000,
