Frame,integer_adm2,integer_adm_scale0,integer_adm_scale1,integer_adm_scale2,integer_adm_scale3,integer_motion2,integer_motion,integer_vif_scale0,integer_vif_scale1,integer_vif_scale2,integer_vif_scale3,psnr_y,psnr_cb,psnr_cr,float_ssim,vmaf,
0,0.293111,0.674694,0.408739,0.254113,0.152679,0.000000,0.000000,0.074397,0.113223,0.110718,0.098145,10.439637,31.645404,30.046582,0.533833,0.000000,
1,0.265532,0.635503,0.423731,0.259367,0.108256,21.994516,21.994516,0.062175,0.102383,0.102233,0.089069,11.405039,32.095493,30.470492,0.556044,4.172659,
2,0.301216,0.683364,0.408309,0.233307,0.176557,23.932884,23.932884,0.087021,0.147304,0.150988,0.140737,11.201818,32.564932,30.790775,0.580311,2.358735,
3,0.297001,0.736566,0.437769,0.212084,0.132897,21.735119,35.538799,0.082762,0.165340,0.186727,0.183115,13.603250,33.143621,30.755507,0.624691,0.000000,
4,0.288141,0.759568,0.438850,0.225939,0.117234,21.735119,21.735119,0.064398,0.152103,0.182978,0.186700,13.687002,31.995860,29.912490,0.616048,0.000000,
5,0.307393,0.656347,0.406869,0.241357,0.200770,26.486784,47.016842,0.098688,0.146758,0.149852,0.139558,9.577217,31.619824,30.077156,0.519401,4.547191,
6,0.397198,0.746465,0.486533,0.374827,0.264486,26.486784,26.486784,0.106288,0.161315,0.160550,0.146593,11.245199,32.531437,30.851135,0.584921,8.485942,
