Frame,integer_adm2,integer_adm_scale0,integer_adm_scale1,integer_adm_scale2,integer_adm_scale3,integer_motion2,integer_motion,integer_vif_scale0,integer_vif_scale1,integer_vif_scale2,integer_vif_scale3,psnr_y,psnr_cb,psnr_cr,float_ssim,vmaf,
0,0.434363,0.698777,0.482983,0.392154,0.358327,0.000000,0.000000,0.122668,0.188126,0.209936,0.223981,15.931224,31.080520,29.034500,0.626737,0.000000,
1,0.406737,0.670038,0.488647,0.361736,0.328720,21.994516,21.994516,0.104377,0.165233,0.183101,0.190554,14.957588,31.069558,28.836391,0.609931,4.651245,
2,0.368935,0.716688,0.511668,0.337765,0.218724,23.932884,23.932884,0.153210,0.235461,0.255215,0.256556,15.390930,33.952780,32.204432,0.656067,0.000000,
3,0.409796,0.758952,0.508546,0.388364,0.255696,21.735119,35.538799,0.131085,0.242581,0.280511,0.291539,12.508778,31.194437,29.889762,0.615284,0.000000,
4,0.381065,0.788642,0.594216,0.358659,0.187223,21.735119,21.735119,0.097661,0.206476,0.250198,0.262661,11.976839,29.373791,28.459339,0.611538,0.000000,
5,0.390096,0.675979,0.479236,0.325959,0.306483,26.486784,47.016842,0.136287,0.198477,0.219699,0.228936,14.906747,32.135744,30.750652,0.630617,4.229871,
6,0.380134,0.742199,0.519263,0.333531,0.239139,26.486784,26.486784,0.162696,0.240953,0.263284,0.267160,15.608016,32.774975,31.673600,0.650250,0.551992,
