Frame,integer_adm2,integer_adm_scale0,integer_adm_scale1,integer_adm_scale2,integer_adm_scale3,integer_motion2,integer_motion,integer_vif_scale0,integer_vif_scale1,integer_vif_scale2,integer_vif_scale3,psnr_y,psnr_cb,psnr_cr,float_ssim,vmaf,
0,0.995359,0.995869,0.992828,0.994204,0.996873,0.000000,0.000000,0.950934,0.982109,0.987154,0.990186,42.391979,61.554483,59.678956,0.998232,94.949508,
1,0.850080,0.818597,0.805728,0.856407,0.870914,21.994516,21.994516,0.425119,0.671571,0.717615,0.747676,22.736679,39.188420,35.819983,0.897785,61.923670,
2,0.828644,0.819746,0.770071,0.827726,0.855449,23.932884,23.932884,0.463220,0.667499,0.695066,0.702550,20.972160,44.944747,43.605900,0.883844,56.547449,
3,0.985761,0.977477,0.975273,0.987223,0.992275,21.735119,35.538799,0.951554,0.990249,0.993572,0.995990,46.518126,70.527952,67.053208,0.999150,100.000000,
4,0.980768,0.982763,0.980405,0.982209,0.979502,21.735119,21.735119,0.931646,0.975568,0.982252,0.986306,41.801915,66.472100,63.900338,0.998360,100.000000,
5,0.463383,0.697595,0.530239,0.386079,0.414154,26.486784,47.016842,0.121693,0.195130,0.209932,0.209005,13.243657,27.761142,26.898698,0.610374,10.127166,
6,0.468129,0.796409,0.599227,0.434176,0.333306,26.486784,26.486784,0.166038,0.264581,0.294458,0.324698,15.639052,31.566519,30.946016,0.709671,6.136775,
