Frame,integer_adm2,integer_adm_scale0,integer_adm_scale1,integer_adm_scale2,integer_adm_scale3,integer_motion2,integer_motion,integer_vif_scale0,integer_vif_scale1,integer_vif_scale2,integer_vif_scale3,psnr_y,psnr_cb,psnr_cr,float_ssim,vmaf,
0,0.408741,0.671092,0.441442,0.368959,0.338174,0.000000,0.000000,0.105257,0.161150,0.172639,0.185810,13.796520,32.368789,30.701263,0.541936,0.000000,
1,0.363350,0.648078,0.406933,0.255018,0.328784,21.994516,21.994516,0.083382,0.133672,0.145895,0.178132,12.548265,32.800852,31.137183,0.516150,4.615346,
2,0.397815,0.696355,0.483350,0.288027,0.334333,23.932884,23.932884,0.124362,0.206706,0.225449,0.239104,13.152745,32.312534,30.212194,0.554440,2.275278,
3,0.406563,0.739909,0.498183,0.355980,0.279753,21.735119,35.538799,0.105676,0.214396,0.260777,0.287059,10.630535,30.804693,29.085363,0.534710,0.229395,
4,0.419894,0.834266,0.554936,0.359684,0.271678,21.735119,21.735119,0.080641,0.192242,0.247063,0.283857,10.510522,29.102722,27.892981,0.543389,2.711955,
5,0.382160,0.658368,0.417757,0.330841,0.314445,26.486784,47.016842,0.115777,0.176313,0.192637,0.198448,13.719189,31.078068,29.192326,0.538929,5.596683,
6,0.384880,0.741041,0.503934,0.299352,0.277329,26.486784,26.486784,0.131751,0.203325,0.218794,0.226437,12.991148,31.996481,29.952064,0.554324,3.728183,
