Frame,integer_adm2,integer_adm_scale0,integer_adm_scale1,integer_adm_scale2,integer_adm_scale3,integer_motion2,integer_motion,integer_vif_scale0,integer_vif_scale1,integer_vif_scale2,integer_vif_scale3,psnr_y,psnr_cb,psnr_cr,float_ssim,vmaf,
0,0.470288,0.705449,0.456423,0.578228,0.339846,0.000000,0.000000,0.121654,0.186645,0.207981,0.221192,15.332004,31.101435,29.003684,0.595426,0.000000,
1,0.396483,0.664767,0.466844,0.354387,0.319409,21.994516,21.994516,0.101287,0.157948,0.171111,0.173391,14.015614,31.050983,28.786178,0.575023,4.756223,
2,0.407716,0.730428,0.508969,0.410922,0.261148,23.932884,23.932884,0.154299,0.236738,0.254869,0.257984,14.991051,33.873443,32.013492,0.641456,0.808107,
3,0.351177,0.755520,0.505159,0.318943,0.160589,21.735119,35.538799,0.130502,0.246257,0.290303,0.300538,12.109395,31.227152,29.858587,0.605228,0.000000,
4,0.364178,0.789960,0.558129,0.288480,0.199528,21.735119,21.735119,0.098023,0.213394,0.265391,0.281705,11.477220,29.425177,28.452179,0.600703,0.000000,
5,0.412971,0.717224,0.488056,0.449918,0.260572,26.486784,47.016842,0.135314,0.196970,0.216822,0.223827,14.887661,32.184999,30.684697,0.617311,5.976137,
6,0.373572,0.743108,0.518217,0.284557,0.254080,26.486784,26.486784,0.162501,0.240594,0.259915,0.266911,15.263503,32.820867,31.645229,0.634867,0.180213,
