Frame,integer_adm2,integer_adm_scale0,integer_adm_scale1,integer_adm_scale2,integer_adm_scale3,integer_motion2,integer_motion,integer_vif_scale0,integer_vif_scale1,integer_vif_scale2,integer_vif_scale3,psnr_y,psnr_cb,psnr_cr,float_ssim,vmaf,
0,0.506635,0.707606,0.493789,0.420936,0.499826,0.000000,0.000000,0.106199,0.160844,0.171702,0.168781,13.971578,29.673573,27.272758,0.555147,0.000000,
1,0.320295,0.663029,0.424019,0.359018,0.164125,21.994516,21.994516,0.087600,0.141474,0.155232,0.159088,12.977925,30.067368,27.353093,0.543135,1.803625,
2,0.475488,0.715265,0.512822,0.380384,0.441246,23.932884,23.932884,0.143350,0.231520,0.256609,0.269522,13.892125,33.369860,30.716230,0.619989,6.516487,
3,0.390920,0.759278,0.578236,0.331264,0.216575,21.735119,35.538799,0.112743,0.227542,0.270209,0.286956,11.049564,30.855917,28.960945,0.592925,0.000000,
4,0.388275,0.807672,0.596069,0.331295,0.210841,21.735119,21.735119,0.083799,0.196089,0.241509,0.260824,10.642511,29.157640,27.808734,0.589365,0.348462,
5,0.397911,0.707198,0.553419,0.379861,0.248909,26.486784,47.016842,0.130031,0.196924,0.217657,0.222074,13.934008,31.135006,28.777400,0.594668,4.949114,
6,0.430233,0.737286,0.536648,0.459775,0.272727,26.486784,26.486784,0.149311,0.238158,0.267179,0.271207,13.732517,31.348612,29.082005,0.603742,4.395216,
