Frame,integer_adm2,integer_adm_scale0,integer_adm_scale1,integer_adm_scale2,integer_adm_scale3,integer_motion2,integer_motion,integer_vif_scale0,integer_vif_scale1,integer_vif_scale2,integer_vif_scale3,psnr_y,psnr_cb,psnr_cr,float_ssim,vmaf,
0,0.398193,0.696542,0.438935,0.314078,0.339327,0.000000,0.000000,0.184724,0.264793,0.285263,0.295368,17.396358,34.698897,32.061320,0.726653,0.000000,
1,0.600065,0.697795,0.547895,0.828603,0.459685,21.994516,21.994516,0.177758,0.309790,0.351876,0.364456,15.212576,36.032280,33.964651,0.731471,13.920504,
2,0.600681,0.770196,0.625663,0.637173,0.513686,23.932884,23.932884,0.300922,0.398849,0.396501,0.378908,17.123040,36.382821,32.653363,0.807885,12.061571,
3,0.867222,0.846287,0.816489,0.841219,0.912900,21.735119,35.538799,0.555697,0.760531,0.780923,0.775145,24.722087,43.334240,42.841407,0.934753,68.118788,
4,0.962671,0.969743,0.957303,0.975744,0.955426,21.735119,21.735119,0.905661,0.954617,0.965216,0.971942,39.621065,57.765624,54.796239,0.996763,100.000000,
5,0.981155,0.979035,0.973830,0.976149,0.988171,26.486784,47.016842,0.934586,0.975360,0.981837,0.986486,40.318883,63.398945,60.579184,0.997469,100.000000,
6,0.788584,0.833462,0.779958,0.813255,0.762320,26.486784,26.486784,0.438167,0.672963,0.712571,0.734477,22.200990,40.906452,40.011902,0.904812,53.562161,
