Frame,integer_adm2,integer_adm_scale0,integer_adm_scale1,integer_adm_scale2,integer_adm_scale3,integer_motion2,integer_motion,integer_vif_scale0,integer_vif_scale1,integer_vif_scale2,integer_vif_scale3,psnr_y,psnr_cb,psnr_cr,float_ssim,vmaf,
0,0.435972,0.707614,0.492439,0.397103,0.352662,0.000000,0.000000,0.124581,0.192188,0.214555,0.232166,15.582767,31.152892,29.039159,0.616533,0.000000,
1,0.435616,0.662013,0.491435,0.357750,0.396023,21.994516,21.994516,0.109665,0.185253,0.212141,0.241489,15.225121,31.095217,28.816354,0.599963,4.890100,
2,0.380761,0.708053,0.509068,0.377197,0.226054,23.932884,23.932884,0.154825,0.239442,0.260048,0.264587,15.214129,33.929222,32.047082,0.647597,0.000000,
3,0.439597,0.756977,0.532264,0.347100,0.344782,21.735119,35.538799,0.128893,0.241710,0.275370,0.287684,12.057038,31.211722,29.845575,0.597642,1.143132,
4,0.435563,0.803202,0.604216,0.357937,0.299454,21.735119,21.735119,0.099723,0.211671,0.257390,0.280584,11.840053,29.393271,28.438202,0.606375,2.688621,
5,0.386454,0.677483,0.507759,0.310708,0.296153,26.486784,47.016842,0.136150,0.197792,0.218465,0.228639,14.954159,32.181305,30.650550,0.621176,4.042149,
6,0.403287,0.742844,0.486019,0.287569,0.333472,26.486784,26.486784,0.163981,0.246959,0.271253,0.285649,15.371576,32.848379,31.621372,0.641026,1.809167,
