Frame,integer_adm2,integer_adm_scale0,integer_adm_scale1,integer_adm_scale2,integer_adm_scale3,integer_motion2,integer_motion,integer_vif_scale0,integer_vif_scale1,integer_vif_scale2,integer_vif_scale3,psnr_y,psnr_cb,psnr_cr,float_ssim,vmaf,
0,0.883604,0.847453,0.851545,0.905317,0.894642,0.000000,0.000000,0.456155,0.718552,0.758028,0.778189,21.619742,42.277621,39.248560,0.903174,48.975533,
1,0.992994,0.990893,0.987784,0.990722,0.996709,21.994516,21.994516,0.940618,0.981096,0.988080,0.991536,42.658805,59.967419,57.894532,0.998314,100.000000,
2,0.786745,0.805849,0.751718,0.787048,0.794367,23.932884,23.932884,0.442910,0.615664,0.638059,0.644007,19.589625,45.435597,44.348755,0.863041,45.377234,
3,0.985558,0.977140,0.974835,0.987064,0.992192,21.735119,35.538799,0.951128,0.990068,0.993485,0.996033,46.452265,70.932695,67.459866,0.999144,100.000000,
4,0.980440,0.982731,0.980135,0.981880,0.979058,21.735119,21.735119,0.930698,0.974769,0.981536,0.985931,41.549741,66.505161,63.778092,0.998313,100.000000,
5,0.462080,0.704081,0.536752,0.411139,0.389344,26.486784,47.016842,0.136486,0.220543,0.244638,0.259191,14.038867,30.092566,27.857049,0.589755,8.154553,
6,0.481322,0.796259,0.634472,0.416228,0.361464,26.486784,26.486784,0.182342,0.298170,0.335451,0.378502,16.587544,32.264612,30.890574,0.682472,5.910466,
