Frame,integer_adm2,integer_adm_scale0,integer_adm_scale1,integer_adm_scale2,integer_adm_scale3,integer_motion2,integer_motion,integer_vif_scale0,integer_vif_scale1,integer_vif_scale2,integer_vif_scale3,psnr_y,psnr_cb,psnr_cr,float_ssim,vmaf,
0,0.452938,0.709997,0.513057,0.471576,0.339000,0.000000,0.000000,0.111592,0.169995,0.181747,0.179767,14.160740,29.767287,27.401051,0.545763,0.000000,
1,0.587169,0.668064,0.584677,0.668181,0.518622,21.994516,21.994516,0.097446,0.162367,0.173434,0.169179,13.648886,30.208172,27.513560,0.540152,19.949684,
2,0.436985,0.723939,0.480230,0.349939,0.380230,23.932884,23.932884,0.146218,0.231829,0.246827,0.247313,14.120305,33.326710,30.847180,0.594886,3.475545,
3,0.437084,0.772774,0.516492,0.323071,0.355018,21.735119,35.538799,0.118809,0.228340,0.264388,0.289153,11.540634,30.655255,28.911684,0.567003,1.799112,
4,0.452875,0.812410,0.589575,0.363763,0.336794,21.735119,21.735119,0.089185,0.200144,0.240877,0.269321,11.328569,28.979453,27.760818,0.574413,4.971596,
5,0.381087,0.689903,0.479707,0.284664,0.308240,26.486784,47.016842,0.131343,0.194932,0.213971,0.218380,13.975758,31.091428,28.854208,0.564980,3.992034,
6,0.410166,0.746923,0.489636,0.382024,0.288784,26.486784,26.486784,0.151335,0.233225,0.253522,0.253673,13.919172,31.302694,29.146610,0.572911,3.310657,
