Frame,integer_adm2,integer_adm_scale0,integer_adm_scale1,integer_adm_scale2,integer_adm_scale3,integer_motion2,integer_motion,integer_vif_scale0,integer_vif_scale1,integer_vif_scale2,integer_vif_scale3,psnr_y,psnr_cb,psnr_cr,float_ssim,vmaf,
0,0.409752,0.677350,0.443932,0.364007,0.340477,0.000000,0.000000,0.103162,0.157886,0.169670,0.183252,13.943529,32.180510,30.495993,0.542445,0.000000,
1,0.365828,0.647248,0.433828,0.252698,0.326437,21.994516,21.994516,0.082322,0.134506,0.147706,0.182144,12.716447,32.703486,31.003642,0.516845,4.645763,
2,0.393760,0.711329,0.483170,0.293010,0.317067,23.932884,23.932884,0.125664,0.208927,0.229338,0.245880,13.332548,32.194222,30.168356,0.559307,1.780106,
3,0.413438,0.747224,0.511236,0.377821,0.274312,21.735119,35.538799,0.105354,0.214023,0.261300,0.286658,10.738936,30.820704,29.128409,0.538824,0.754968,
4,0.428012,0.828916,0.537539,0.373588,0.290115,21.735119,21.735119,0.079698,0.190990,0.246494,0.281561,10.581071,29.103910,27.921846,0.545492,3.406040,
5,0.367692,0.665585,0.441081,0.288623,0.296697,26.486784,47.016842,0.116121,0.176248,0.194087,0.202700,13.803543,30.954277,29.152786,0.542280,4.622321,
6,0.398916,0.745622,0.504979,0.332651,0.287555,26.486784,26.486784,0.131610,0.203552,0.220059,0.229045,13.158990,31.881808,29.912708,0.558324,4.638275,
