Frame,integer_adm2,integer_adm_scale0,integer_adm_scale1,integer_adm_scale2,integer_adm_scale3,integer_motion2,integer_motion,integer_vif_scale0,integer_vif_scale1,integer_vif_scale2,integer_vif_scale3,psnr_y,psnr_cb,psnr_cr,float_ssim,vmaf,
0,0.433901,0.698733,0.478149,0.394113,0.358034,0.000000,0.000000,0.123264,0.189176,0.211391,0.226442,15.813863,31.057920,29.076675,0.616499,0.000000,
1,0.415659,0.669510,0.487507,0.373443,0.342257,21.994516,21.994516,0.104755,0.166559,0.185026,0.194052,14.868096,31.022519,28.821915,0.600273,5.132610,
2,0.380822,0.715215,0.512305,0.346788,0.241163,23.932884,23.932884,0.154062,0.236658,0.256389,0.257542,15.282703,33.857896,32.094582,0.644219,0.000000,
3,0.408744,0.758556,0.510131,0.370659,0.263891,21.735119,35.538799,0.130244,0.241625,0.279977,0.292372,12.494767,31.193490,29.861336,0.604021,0.000000,
4,0.387398,0.786503,0.584092,0.358480,0.205554,21.735119,21.735119,0.096500,0.204959,0.249072,0.261079,11.899820,29.388554,28.449451,0.599027,0.000000,
5,0.388266,0.676889,0.475690,0.321853,0.306010,26.486784,47.016842,0.136696,0.199528,0.220493,0.228877,14.718679,32.115058,30.811863,0.620309,4.040480,
6,0.378410,0.732756,0.517646,0.306644,0.255289,26.486784,26.486784,0.162044,0.239026,0.260576,0.264429,15.475821,32.710608,31.694687,0.640252,0.574251,
