Frame,integer_adm2,integer_adm_scale0,integer_adm_scale1,integer_adm_scale2,integer_adm_scale3,integer_motion2,integer_motion,integer_vif_scale0,integer_vif_scale1,integer_vif_scale2,integer_vif_scale3,psnr_y,psnr_cb,psnr_cr,float_ssim,vmaf,
0,0.995510,0.986031,0.988382,0.995912,1.001002,0.000000,0.000000,0.941099,0.987462,0.991952,0.994322,43.510536,63.550310,62.030958,0.998719,95.547773,
1,0.992686,0.984356,0.989052,0.992530,0.996421,21.994516,21.994516,0.947052,0.989708,0.993891,0.995406,44.384831,63.439793,61.386699,0.999038,100.000000,
2,0.809427,0.811822,0.762310,0.809766,0.827247,23.932884,23.932884,0.451498,0.661015,0.688301,0.695579,20.146099,44.032371,42.593233,0.878473,52.553854,
3,0.851267,0.843301,0.813964,0.843426,0.874996,21.735119,35.538799,0.596306,0.804574,0.828707,0.838232,25.522381,43.824635,43.253252,0.942828,70.574165,
4,0.988067,0.992443,0.991064,0.992087,0.983482,21.735119,21.735119,0.954740,0.980768,0.985413,0.989022,42.963291,62.098527,59.629126,0.998996,100.000000,
5,0.479336,0.710391,0.572636,0.396514,0.424238,26.486784,47.016842,0.139202,0.227060,0.251710,0.263266,14.161565,29.850354,27.700585,0.580258,9.200617,
6,0.474684,0.797772,0.631812,0.432856,0.336415,26.486784,26.486784,0.182023,0.294847,0.327466,0.345502,16.444869,31.744148,30.046403,0.673653,5.177741,
