Frame,integer_adm2,integer_adm_scale0,integer_adm_scale1,integer_adm_scale2,integer_adm_scale3,integer_motion2,integer_motion,integer_vif_scale0,integer_vif_scale1,integer_vif_scale2,integer_vif_scale3,psnr_y,psnr_cb,psnr_cr,float_ssim,vmaf,
0,0.507171,0.704973,0.493594,0.420422,0.502244,0.000000,0.000000,0.107169,0.162784,0.174178,0.171680,13.998501,29.675084,27.271719,0.559536,0.000000,
1,0.303150,0.660346,0.411135,0.352099,0.135516,21.994516,21.994516,0.088116,0.141558,0.154988,0.158670,12.964379,30.070089,27.352755,0.546426,0.957649,
2,0.483793,0.723785,0.511002,0.378857,0.459525,23.932884,23.932884,0.145287,0.234477,0.260293,0.273485,13.881581,33.426241,30.741275,0.624236,7.050105,
3,0.383319,0.760587,0.553314,0.340962,0.202116,21.735119,35.538799,0.112665,0.227369,0.270141,0.286216,11.024852,30.829964,28.940401,0.595272,0.000000,
4,0.397573,0.803327,0.592922,0.336452,0.231102,21.735119,21.735119,0.083738,0.196084,0.241505,0.260905,10.637047,29.134743,27.788700,0.592536,1.000158,
5,0.395635,0.706845,0.551412,0.375552,0.247288,26.486784,47.016842,0.130560,0.197024,0.217894,0.222657,13.969376,31.172904,28.796742,0.598269,4.777195,
6,0.431557,0.736858,0.540475,0.462525,0.272782,26.486784,26.486784,0.150290,0.239070,0.267731,0.270903,13.731862,31.398602,29.111389,0.607584,4.444951,
