Frame,integer_adm2,integer_adm_scale0,integer_adm_scale1,integer_adm_scale2,integer_adm_scale3,integer_motion2,integer_motion,integer_vif_scale0,integer_vif_scale1,integer_vif_scale2,integer_vif_scale3,psnr_y,psnr_cb,psnr_cr,float_ssim,vmaf,
0,0.358019,0.701776,0.460497,0.382073,0.197489,0.000000,0.000000,0.112038,0.166710,0.182199,0.190383,13.622515,32.155418,30.586448,0.628471,0.000000,
1,0.301632,0.638063,0.390384,0.284874,0.184200,21.994516,21.994516,0.093345,0.147173,0.158985,0.157784,13.682091,32.716562,31.132979,0.609921,0.463313,
2,0.373643,0.712398,0.487574,0.379788,0.215041,23.932884,23.932884,0.138713,0.224515,0.243483,0.246931,12.940736,32.511295,30.629301,0.644554,0.000000,
3,0.358010,0.743103,0.494895,0.302123,0.196689,21.735119,35.538799,0.102279,0.191115,0.217585,0.218709,10.899968,30.910398,29.382371,0.606243,0.000000,
4,0.335937,0.772295,0.492610,0.333313,0.142599,21.735119,21.735119,0.072343,0.162508,0.195638,0.199414,11.320115,29.103627,28.101449,0.606005,0.130158,
5,0.335154,0.662401,0.449039,0.273353,0.226805,26.486784,47.016842,0.121800,0.178728,0.199164,0.205790,12.412965,31.084693,29.437842,0.610496,2.396136,
6,0.396450,0.743390,0.486314,0.330764,0.290849,26.486784,26.486784,0.141660,0.212675,0.229656,0.227960,12.522613,32.061410,30.274339,0.636871,3.807133,
