Frame,integer_adm2,integer_adm_scale0,integer_adm_scale1,integer_adm_scale2,integer_adm_scale3,integer_motion2,integer_motion,integer_vif_scale0,integer_vif_scale1,integer_vif_scale2,integer_vif_scale3,psnr_y,psnr_cb,psnr_cr,float_ssim,vmaf,
0,0.282665,0.662932,0.403264,0.254648,0.134252,0.000000,0.000000,0.070490,0.104879,0.101499,0.088642,8.362950,30.813224,27.215928,0.432572,0.000000,
1,0.266702,0.634355,0.385645,0.234037,0.138923,21.994516,21.994516,0.057439,0.094148,0.093441,0.078919,9.157031,31.317564,27.518369,0.455023,5.140964,
2,0.275995,0.683424,0.422012,0.220927,0.119798,23.932884,23.932884,0.082127,0.133453,0.133446,0.120188,9.037810,31.897530,27.827080,0.471218,2.748603,
3,0.271535,0.727629,0.436012,0.184349,0.092838,21.735119,35.538799,0.083014,0.165456,0.185677,0.180189,11.617601,32.767980,29.226409,0.554139,0.000000,
4,0.287103,0.768434,0.460292,0.211822,0.111943,21.735119,21.735119,0.064239,0.151983,0.183235,0.187146,11.893677,32.046848,29.720836,0.544285,0.000000,
5,0.309353,0.653811,0.403641,0.258680,0.195831,26.486784,47.016842,0.096419,0.139772,0.141077,0.129177,7.778926,30.964669,27.580191,0.416850,5.364989,
6,0.411500,0.734424,0.490938,0.365741,0.305384,26.486784,26.486784,0.103840,0.153161,0.150340,0.135142,9.129114,31.829568,28.035270,0.477083,10.155392,
