Frame,integer_adm2,integer_adm_scale0,integer_adm_scale1,integer_adm_scale2,integer_adm_scale3,integer_motion2,integer_motion,integer_vif_scale0,integer_vif_scale1,integer_vif_scale2,integer_vif_scale3,psnr_y,psnr_cb,psnr_cr,float_ssim,vmaf,
0,0.436843,0.708362,0.501468,0.395225,0.351977,0.000000,0.000000,0.127343,0.195314,0.218698,0.239014,15.534980,31.048717,29.075110,0.599142,0.000000,
1,0.442052,0.662113,0.492043,0.374598,0.400347,21.994516,21.994516,0.115202,0.193111,0.223806,0.256187,15.337936,31.041314,28.851926,0.585502,4.727011,
2,0.379943,0.709427,0.516577,0.351151,0.236613,23.932884,23.932884,0.161642,0.250377,0.274416,0.279740,15.293183,33.870378,32.199468,0.627977,0.000000,
3,0.434009,0.753389,0.527368,0.375094,0.316794,21.735119,35.538799,0.132720,0.249118,0.284848,0.299464,12.218144,31.245689,29.964594,0.579919,0.206530,
4,0.429554,0.803576,0.623272,0.318503,0.300140,21.735119,21.735119,0.100373,0.214597,0.262360,0.287488,11.819913,29.419577,28.536115,0.584327,1.998174,
5,0.377539,0.677933,0.498137,0.294688,0.289350,26.486784,47.016842,0.138875,0.202994,0.225484,0.235878,14.579545,32.133672,30.861995,0.599180,3.021367,
6,0.420182,0.741847,0.499543,0.341365,0.334776,26.486784,26.486784,0.169713,0.255422,0.281868,0.296782,15.345602,32.714274,31.748855,0.622783,2.552263,
