Frame,integer_adm2,integer_adm_scale0,integer_adm_scale1,integer_adm_scale2,integer_adm_scale3,integer_motion2,integer_motion,integer_vif_scale0,integer_vif_scale1,integer_vif_scale2,integer_vif_scale3,psnr_y,psnr_cb,psnr_cr,float_ssim,vmaf,
0,0.413143,0.701936,0.450221,0.440253,0.293490,0.000000,0.000000,0.116089,0.186812,0.204356,0.215356,13.912175,29.527232,27.612623,0.522871,0.000000,
1,0.303926,0.649871,0.410006,0.304707,0.167708,21.994516,21.994516,0.100188,0.172766,0.189781,0.209284,13.899979,29.871587,27.735079,0.508608,0.000000,
2,0.397437,0.709363,0.474379,0.376314,0.278911,23.932884,23.932884,0.149007,0.248180,0.271909,0.273778,13.569429,32.617963,31.361236,0.572518,0.000000,
3,0.400700,0.771971,0.547527,0.364425,0.227639,21.735119,35.538799,0.113864,0.233755,0.267401,0.255203,10.839511,30.834180,29.780078,0.527301,0.000000,
4,0.347443,0.816447,0.559004,0.295330,0.150304,21.735119,21.735119,0.084131,0.197644,0.237579,0.232259,10.864922,29.146445,28.435369,0.535179,0.000000,
5,0.420385,0.671708,0.445285,0.383542,0.355097,26.486784,47.016842,0.134402,0.206412,0.227498,0.230543,13.150402,30.773211,29.251371,0.537065,5.872536,
6,0.397529,0.770558,0.538524,0.342522,0.257450,26.486784,26.486784,0.155949,0.251059,0.281438,0.288088,13.269800,31.015568,29.633630,0.549996,1.089540,
