Frame,integer_adm2,integer_adm_scale0,integer_adm_scale1,integer_adm_scale2,integer_adm_scale3,integer_motion2,integer_motion,integer_vif_scale0,integer_vif_scale1,integer_vif_scale2,integer_vif_scale3,psnr_y,psnr_cb,psnr_cr,float_ssim,vmaf,
0,0.459377,0.711599,0.510305,0.504050,0.335287,0.000000,0.000000,0.112785,0.171177,0.184345,0.185942,14.464838,30.471137,28.455448,0.546397,0.000000,
1,0.581026,0.672980,0.592373,0.653904,0.509145,21.994516,21.994516,0.100713,0.167226,0.179873,0.177944,13.865554,30.765250,28.495542,0.541493,19.001575,
2,0.432510,0.724606,0.467893,0.332540,0.385125,23.932884,23.932884,0.149382,0.235424,0.252738,0.255362,14.373195,33.798855,32.571112,0.589295,2.831785,
3,0.445119,0.770313,0.518488,0.354524,0.354488,21.735119,35.538799,0.117069,0.226004,0.262549,0.288283,11.661598,30.836812,29.929615,0.562134,2.597833,
4,0.454609,0.811795,0.583799,0.356391,0.346760,21.735119,21.735119,0.087386,0.197620,0.239117,0.268362,11.463855,29.031721,28.475179,0.570475,5.271933,
5,0.392692,0.687778,0.469644,0.292284,0.335635,26.486784,47.016842,0.133236,0.196833,0.217365,0.224133,14.357066,31.460414,30.024009,0.562771,4.570021,
6,0.368850,0.749103,0.512166,0.312738,0.226240,26.486784,26.486784,0.152832,0.232237,0.251947,0.253298,14.205642,31.753421,30.422968,0.570110,0.473941,
