Frame,integer_adm2,integer_adm_scale0,integer_adm_scale1,integer_adm_scale2,integer_adm_scale3,integer_motion2,integer_motion,integer_vif_scale0,integer_vif_scale1,integer_vif_scale2,integer_vif_scale3,psnr_y,psnr_cb,psnr_cr,float_ssim,vmaf,
0,0.500210,0.687616,0.491059,0.396704,0.506575,0.000000,0.000000,0.108098,0.163631,0.174852,0.173754,14.045106,29.953817,27.496083,0.570259,0.000000,
1,0.287132,0.664709,0.406744,0.329336,0.113483,21.994516,21.994516,0.089940,0.144335,0.157464,0.162405,13.025864,30.376384,27.589768,0.558321,0.000000,
2,0.459681,0.704853,0.489150,0.354523,0.432975,23.932884,23.932884,0.142687,0.229014,0.253177,0.265527,13.923171,33.664803,31.070204,0.631656,5.341847,
3,0.378414,0.758288,0.569745,0.328406,0.192068,21.735119,35.538799,0.110591,0.224432,0.267780,0.286066,11.077807,30.795592,29.039305,0.604623,0.000000,
4,0.349024,0.802605,0.591599,0.307317,0.140252,21.735119,21.735119,0.083720,0.195266,0.241290,0.264290,10.649565,29.089077,27.861388,0.601417,0.000000,
5,0.391399,0.688451,0.573665,0.367560,0.239484,26.486784,47.016842,0.131568,0.196907,0.217140,0.224034,13.956699,31.313085,28.997071,0.605410,4.496124,
6,0.383614,0.738516,0.534573,0.419231,0.189974,26.486784,26.486784,0.150178,0.238025,0.267415,0.271306,13.772366,31.533377,29.290495,0.616431,0.925491,
