Frame,integer_adm2,integer_adm_scale0,integer_adm_scale1,integer_adm_scale2,integer_adm_scale3,integer_motion2,integer_motion,integer_vif_scale0,integer_vif_scale1,integer_vif_scale2,integer_vif_scale3,psnr_y,psnr_cb,psnr_cr,float_ssim,vmaf,
0,0.466161,0.705136,0.453302,0.566182,0.338788,0.000000,0.000000,0.121873,0.186604,0.207941,0.221342,15.352541,31.058075,28.945671,0.599820,0.000000,
1,0.396353,0.664774,0.469512,0.353206,0.318866,21.994516,21.994516,0.102038,0.158912,0.171949,0.173683,14.030714,30.999291,28.722885,0.579717,4.672975,
2,0.411445,0.730674,0.504083,0.417492,0.267704,23.932884,23.932884,0.154448,0.237006,0.255241,0.258503,15.000830,33.835448,31.931526,0.646186,1.065368,
3,0.366111,0.758261,0.503084,0.324559,0.193081,21.735119,35.538799,0.130279,0.245845,0.290067,0.301075,12.099919,31.186156,29.790560,0.608957,0.000000,
4,0.348996,0.782962,0.556533,0.283969,0.171267,21.735119,21.735119,0.097753,0.212993,0.265409,0.282106,11.504239,29.392589,28.400820,0.605324,0.000000,
5,0.406889,0.716551,0.469974,0.448799,0.254216,26.486784,47.016842,0.135172,0.196670,0.216572,0.224312,14.988218,32.170751,30.623175,0.621679,5.561989,
6,0.375845,0.748485,0.512987,0.296764,0.252129,26.486784,26.486784,0.162457,0.240887,0.260634,0.268332,15.297330,32.816914,31.579842,0.638906,0.307833,
