Frame,integer_adm2,integer_adm_scale0,integer_adm_scale1,integer_adm_scale2,integer_adm_scale3,integer_motion2,integer_motion,integer_vif_scale0,integer_vif_scale1,integer_vif_scale2,integer_vif_scale3,psnr_y,psnr_cb,psnr_cr,float_ssim,vmaf,
0,0.458099,0.710983,0.511636,0.468732,0.352728,0.000000,0.000000,0.113304,0.176336,0.190506,0.191671,13.767949,29.740588,27.380742,0.532969,0.000000,
1,0.615099,0.666721,0.583183,0.658096,0.586902,21.994516,21.994516,0.103346,0.184855,0.204491,0.219443,14.212098,30.175251,27.489255,0.535627,21.258602,
2,0.426882,0.719811,0.483791,0.374770,0.341410,23.932884,23.932884,0.147129,0.235693,0.251949,0.252014,13.529797,33.270754,30.803839,0.576863,2.417085,
3,0.464734,0.773430,0.508610,0.362690,0.399880,21.735119,35.538799,0.117288,0.225746,0.256111,0.247144,11.136407,30.628064,28.891127,0.530347,4.296085,
4,0.481803,0.811314,0.585421,0.413864,0.375880,21.735119,21.735119,0.088670,0.199634,0.238676,0.243078,11.337203,28.989094,27.763587,0.548151,7.423679,
5,0.385147,0.690290,0.479323,0.285906,0.317169,26.486784,47.016842,0.131375,0.196067,0.215889,0.219407,13.123486,31.070948,28.835106,0.544354,4.163635,
6,0.405366,0.743471,0.505252,0.395056,0.264812,26.486784,26.486784,0.151942,0.236900,0.261273,0.267028,13.268148,31.259717,29.112287,0.551162,2.642352,
