Frame,integer_adm2,integer_adm_scale0,integer_adm_scale1,integer_adm_scale2,integer_adm_scale3,integer_motion2,integer_motion,integer_vif_scale0,integer_vif_scale1,integer_vif_scale2,integer_vif_scale3,psnr_y,psnr_cb,psnr_cr,float_ssim,vmaf,
0,0.264861,0.648154,0.376394,0.239424,0.117563,0.000000,0.000000,0.110024,0.159435,0.163206,0.146112,16.119982,30.179713,27.768787,0.658964,0.000000,
1,0.250197,0.636617,0.395279,0.194720,0.120989,21.994516,21.994516,0.088923,0.136194,0.139481,0.125466,15.411983,30.549047,27.830965,0.650065,0.000000,
2,0.285910,0.675556,0.417857,0.291512,0.104016,23.932884,23.932884,0.136347,0.207140,0.212771,0.197502,15.855435,33.851563,31.532607,0.724761,0.000000,
3,0.318824,0.753777,0.433899,0.297020,0.127119,21.735119,35.538799,0.093241,0.178465,0.200286,0.192235,12.580383,30.783584,29.230003,0.705547,0.000000,
4,0.283163,0.749451,0.481438,0.217075,0.099002,21.735119,21.735119,0.070274,0.160136,0.190542,0.192014,12.369521,29.029477,27.972580,0.692335,0.000000,
5,0.309319,0.652828,0.410147,0.219806,0.219817,26.486784,47.016842,0.132660,0.188165,0.200363,0.188133,15.262187,31.355894,29.266665,0.685875,0.609715,
6,0.368784,0.740578,0.470298,0.335897,0.230624,26.486784,26.486784,0.148711,0.220117,0.227794,0.210921,15.612360,31.593765,29.564655,0.728105,1.708456,
