Frame,integer_adm2,integer_adm_scale0,integer_adm_scale1,integer_adm_scale2,integer_adm_scale3,integer_motion2,integer_motion,integer_vif_scale0,integer_vif_scale1,integer_vif_scale2,integer_vif_scale3,psnr_y,psnr_cb,psnr_cr,float_ssim,vmaf,
0,0.440176,0.709272,0.494619,0.393279,0.363153,0.000000,0.000000,0.123307,0.190073,0.212051,0.229725,15.623885,31.253010,29.301659,0.614971,0.000000,
1,0.456498,0.661814,0.534390,0.379207,0.414901,21.994516,21.994516,0.110901,0.187721,0.216690,0.245582,15.301600,31.270816,29.118650,0.600068,6.297536,
2,0.377533,0.709324,0.519541,0.341756,0.235578,23.932884,23.932884,0.155698,0.242859,0.265546,0.267626,15.303278,34.020240,32.278327,0.643408,0.000000,
3,0.454051,0.758730,0.524821,0.354840,0.377401,21.735119,35.538799,0.129454,0.243933,0.279007,0.292818,12.149697,31.301953,30.006051,0.594642,2.194145,
4,0.447409,0.807611,0.592358,0.336552,0.339663,21.735119,21.735119,0.099557,0.212912,0.259724,0.284819,11.855373,29.446626,28.561221,0.601663,3.550708,
5,0.377201,0.677431,0.488120,0.293643,0.293431,26.486784,47.016842,0.136317,0.199415,0.220266,0.228292,14.865176,32.197473,30.773931,0.615412,3.318559,
6,0.401583,0.732304,0.514601,0.289893,0.320565,26.486784,26.486784,0.164894,0.248778,0.273427,0.285242,15.371898,32.868184,31.711892,0.635599,1.561738,
