Frame,integer_adm2,integer_adm_scale0,integer_adm_scale1,integer_adm_scale2,integer_adm_scale3,integer_motion2,integer_motion,integer_vif_scale0,integer_vif_scale1,integer_vif_scale2,integer_vif_scale3,psnr_y,psnr_cb,psnr_cr,float_ssim,vmaf,
0,0.454299,0.709502,0.510823,0.465288,0.346829,0.000000,0.000000,0.114199,0.177086,0.191056,0.193298,13.799065,29.876608,27.497984,0.540051,0.000000,
1,0.613044,0.665737,0.580033,0.662205,0.581400,21.994516,21.994516,0.103612,0.184470,0.203480,0.219279,14.275572,30.318067,27.609301,0.543453,21.076155,
2,0.422960,0.720797,0.473882,0.362097,0.343636,23.932884,23.932884,0.147597,0.236245,0.253334,0.254523,13.584452,33.461258,31.057098,0.583659,2.060377,
3,0.517328,0.775121,0.510410,0.351758,0.532865,21.735119,35.538799,0.116382,0.224097,0.254581,0.245509,11.167116,30.669512,29.009162,0.537528,9.010038,
4,0.492736,0.811733,0.592836,0.444902,0.380792,21.735119,21.735119,0.088093,0.198503,0.237774,0.242827,11.327038,29.006005,27.851928,0.553872,8.429961,
5,0.386228,0.691278,0.481996,0.291725,0.314426,26.486784,47.016842,0.132042,0.195814,0.214490,0.217655,13.117042,31.180667,28.991300,0.549513,4.280574,
6,0.373237,0.744435,0.489605,0.397012,0.194840,26.486784,26.486784,0.151520,0.235278,0.258678,0.262218,13.307038,31.375158,29.258399,0.557149,0.494542,
