Frame,integer_adm2,integer_adm_scale0,integer_adm_scale1,integer_adm_scale2,integer_adm_scale3,integer_motion2,integer_motion,integer_vif_scale0,integer_vif_scale1,integer_vif_scale2,integer_vif_scale3,psnr_y,psnr_cb,psnr_cr,float_ssim,vmaf,
0,0.474388,0.706155,0.493075,0.450195,0.409636,0.000000,0.000000,0.129689,0.199185,0.224019,0.241608,15.706549,31.383576,29.457761,0.633202,0.000000,
1,0.478702,0.672899,0.472195,0.547981,0.385907,21.994516,21.994516,0.112860,0.181767,0.202095,0.211282,15.129545,31.539801,29.422861,0.620721,8.699946,
2,0.451184,0.725167,0.518394,0.457951,0.331760,23.932884,23.932884,0.162004,0.251632,0.276019,0.281830,15.508422,34.481287,33.221860,0.665340,3.183096,
3,0.390385,0.762108,0.507393,0.327394,0.246858,21.735119,35.538799,0.129831,0.246398,0.284696,0.287202,12.482185,31.278755,30.265221,0.611362,0.000000,
4,0.365629,0.788364,0.568547,0.338473,0.173116,21.735119,21.735119,0.095247,0.208750,0.251084,0.251078,11.963337,29.380706,28.716143,0.606814,0.000000,
5,0.405244,0.695097,0.522886,0.319382,0.323651,26.486784,47.016842,0.141325,0.207746,0.234440,0.249945,14.782368,32.512595,31.227720,0.629364,4.483036,
6,0.371391,0.740720,0.508726,0.315534,0.234423,26.486784,26.486784,0.166998,0.250430,0.277353,0.285944,15.550889,32.967931,32.005779,0.642422,0.000000,
