Frame,integer_adm2,integer_adm_scale0,integer_adm_scale1,integer_adm_scale2,integer_adm_scale3,integer_motion2,integer_motion,integer_vif_scale0,integer_vif_scale1,integer_vif_scale2,integer_vif_scale3,psnr_y,psnr_cb,psnr_cr,float_ssim,vmaf,
0,0.431845,0.707818,0.494313,0.395368,0.343440,0.000000,0.000000,0.124099,0.192066,0.214364,0.231194,15.492332,31.099235,29.009611,0.599014,0.000000,
1,0.436536,0.663282,0.491373,0.358073,0.397526,21.994516,21.994516,0.108492,0.183905,0.210821,0.240559,15.134322,31.042147,28.789217,0.582301,5.060418,
2,0.385381,0.708166,0.510546,0.399640,0.222498,23.932884,23.932884,0.154313,0.238821,0.259480,0.264184,15.145654,33.826021,31.995261,0.629738,0.000000,
3,0.435930,0.754731,0.534181,0.376896,0.316919,21.735119,35.538799,0.129126,0.242129,0.275956,0.287672,12.043963,31.197311,29.845309,0.580998,0.815406,
4,0.440560,0.804455,0.622065,0.364835,0.300060,21.735119,21.735119,0.099889,0.211922,0.257731,0.281068,11.787787,29.402411,28.447503,0.588983,3.068119,
5,0.378617,0.675816,0.494274,0.309577,0.284064,26.486784,47.016842,0.136053,0.198465,0.218970,0.228170,14.815909,32.140403,30.643962,0.606269,3.483472,
6,0.406167,0.739208,0.487881,0.297251,0.334662,26.486784,26.486784,0.163934,0.246815,0.270477,0.283791,15.287393,32.762898,31.589782,0.625313,2.043055,
