Frame,integer_adm2,integer_adm_scale0,integer_adm_scale1,integer_adm_scale2,integer_adm_scale3,integer_motion2,integer_motion,integer_vif_scale0,integer_vif_scale1,integer_vif_scale2,integer_vif_scale3,psnr_y,psnr_cb,psnr_cr,float_ssim,vmaf,
0,0.292458,0.667486,0.404845,0.272997,0.143875,0.000000,0.000000,0.068207,0.103121,0.100070,0.088986,8.812146,30.920246,27.176308,0.453361,0.000000,
1,0.278144,0.633941,0.422931,0.272599,0.129236,21.994516,21.994516,0.055684,0.093577,0.092860,0.079185,9.647621,31.349146,27.405310,0.476450,5.640712,
2,0.290771,0.689871,0.448658,0.223519,0.139969,23.932884,23.932884,0.082225,0.135941,0.136745,0.121999,9.522530,32.097612,27.802253,0.490028,3.141068,
3,0.291894,0.741290,0.444330,0.226802,0.106662,21.735119,35.538799,0.082163,0.164733,0.185146,0.179121,12.144755,32.798617,29.171995,0.569556,0.000000,
4,0.299947,0.775974,0.477006,0.203336,0.136365,21.735119,21.735119,0.063405,0.151463,0.183282,0.186638,12.433790,32.059097,29.707095,0.561700,0.000000,
5,0.321507,0.654581,0.422009,0.269263,0.210189,26.486784,47.016842,0.095002,0.139667,0.141924,0.129424,8.187121,31.125816,27.582919,0.437186,5.948864,
6,0.404385,0.746075,0.504476,0.363969,0.281064,26.486784,26.486784,0.101922,0.151613,0.149206,0.133444,9.591954,31.952974,28.008171,0.498815,9.825153,
