Frame,integer_adm2,integer_adm_scale0,integer_adm_scale1,integer_adm_scale2,integer_adm_scale3,integer_motion2,integer_motion,integer_vif_scale0,integer_vif_scale1,integer_vif_scale2,integer_vif_scale3,psnr_y,psnr_cb,psnr_cr,float_ssim,vmaf,
0,0.417736,0.688334,0.469570,0.337099,0.361045,0.000000,0.000000,0.228976,0.318129,0.343387,0.368221,17.764730,34.647808,32.170879,0.761182,0.000000,
1,0.637608,0.679253,0.547212,0.769834,0.581633,21.994516,21.994516,0.219577,0.353860,0.393477,0.410012,15.731654,35.896638,33.492219,0.759182,17.374554,
2,0.694373,0.762567,0.672826,0.734448,0.656476,23.932884,23.932884,0.396167,0.511546,0.531504,0.540174,21.509683,44.472764,44.098345,0.887551,26.319225,
3,0.955588,0.946493,0.929316,0.953701,0.971241,21.735119,35.538799,0.923354,0.971511,0.980451,0.986567,43.262918,62.430476,60.996932,0.998140,100.000000,
4,0.735132,0.820634,0.717239,0.668238,0.749619,21.735119,21.735119,0.465583,0.655684,0.698315,0.725214,23.438507,41.482222,40.394697,0.915377,39.341006,
5,0.836147,0.810266,0.839422,0.817695,0.855614,26.486784,47.016842,0.395703,0.617717,0.658454,0.683125,19.275394,43.733389,42.253938,0.858941,58.523973,
6,0.976494,0.972841,0.966000,0.972097,0.984376,26.486784,26.486784,0.930466,0.976357,0.983956,0.989164,43.227842,65.127673,63.486492,0.998249,100.000000,
