Frame,integer_adm2,integer_adm_scale0,integer_adm_scale1,integer_adm_scale2,integer_adm_scale3,integer_motion2,integer_motion,integer_vif_scale0,integer_vif_scale1,integer_vif_scale2,integer_vif_scale3,psnr_y,psnr_cb,psnr_cr,float_ssim,vmaf,
0,0.996922,0.985683,0.988602,0.996605,1.003848,0.000000,0.000000,0.934760,0.985205,0.990770,0.993803,41.986755,65.370364,63.684194,0.998073,95.748385,
1,0.992032,0.983410,0.987282,0.991815,0.996273,21.994516,21.994516,0.934766,0.985111,0.990665,0.993503,42.456837,62.273353,59.748020,0.998238,100.000000,
2,0.978442,0.975900,0.964966,0.972517,0.988257,23.932884,23.932884,0.936627,0.976407,0.983055,0.987362,41.074960,63.333571,60.910159,0.997868,100.000000,
3,0.983590,0.972560,0.971327,0.985724,0.991420,21.735119,35.538799,0.945157,0.988874,0.992675,0.995589,46.176250,70.630860,67.257139,0.999078,100.000000,
4,0.976722,0.980306,0.977226,0.981517,0.972868,21.735119,21.735119,0.923784,0.971529,0.978808,0.983134,40.837678,65.024500,61.844131,0.997984,100.000000,
5,0.830067,0.807571,0.833743,0.815414,0.845716,26.486784,47.016842,0.395226,0.621136,0.663798,0.688247,19.331188,43.748330,42.070592,0.860123,57.786780,
6,0.981930,0.980342,0.974975,0.975962,0.988760,26.486784,26.486784,0.941510,0.981875,0.987982,0.992041,44.332932,63.638329,61.670193,0.998809,100.000000,
