Frame,integer_adm2,integer_adm_scale0,integer_adm_scale1,integer_adm_scale2,integer_adm_scale3,integer_motion2,integer_motion,integer_vif_scale0,integer_vif_scale1,integer_vif_scale2,integer_vif_scale3,psnr_y,psnr_cb,psnr_cr,float_ssim,vmaf,
0,0.418037,0.701648,0.464295,0.448390,0.294477,0.000000,0.000000,0.122331,0.192542,0.211403,0.218951,14.140817,30.088535,27.688030,0.538225,0.000000,
1,0.288782,0.644124,0.414225,0.320553,0.125414,21.994516,21.994516,0.104615,0.177480,0.195968,0.212599,14.118830,30.497353,27.777098,0.522539,0.000000,
2,0.400961,0.711029,0.522770,0.358629,0.278083,23.932884,23.932884,0.155292,0.253845,0.278402,0.278872,13.719882,33.837408,31.468301,0.585123,0.000000,
3,0.402268,0.781115,0.566528,0.352689,0.227535,21.735119,35.538799,0.116397,0.238260,0.272200,0.259630,10.890963,30.840942,29.253948,0.534411,0.000000,
4,0.345919,0.824005,0.545149,0.293719,0.150325,21.735119,21.735119,0.086104,0.201830,0.241673,0.236313,10.914959,29.109352,28.033769,0.544832,0.000000,
5,0.394627,0.675316,0.455760,0.364091,0.301130,26.486784,47.016842,0.136863,0.206205,0.227478,0.231989,13.253844,31.383861,29.240347,0.546845,4.025073,
6,0.394962,0.752826,0.516550,0.390613,0.236105,26.486784,26.486784,0.158340,0.252512,0.283742,0.287453,13.371334,31.616271,29.543636,0.559073,0.783190,
