Frame,integer_adm2,integer_adm_scale0,integer_adm_scale1,integer_adm_scale2,integer_adm_scale3,integer_motion2,integer_motion,integer_vif_scale0,integer_vif_scale1,integer_vif_scale2,integer_vif_scale3,psnr_y,psnr_cb,psnr_cr,float_ssim,vmaf,
0,0.353410,0.702346,0.462252,0.379613,0.187519,0.000000,0.000000,0.111826,0.167056,0.182260,0.190258,13.601495,32.137125,30.556879,0.626287,0.000000,
1,0.294355,0.647917,0.407311,0.273005,0.166218,21.994516,21.994516,0.093250,0.147858,0.159620,0.157752,13.665931,32.662163,31.086645,0.607400,0.069977,
2,0.350216,0.717821,0.483849,0.348739,0.179090,23.932884,23.932884,0.138588,0.223945,0.242472,0.245808,12.925967,32.454549,30.575118,0.642775,0.000000,
3,0.356454,0.755287,0.481930,0.326599,0.178459,21.735119,35.538799,0.102327,0.191393,0.217906,0.218641,10.886887,30.883901,29.351344,0.604024,0.000000,
4,0.327164,0.775443,0.463720,0.341173,0.128410,21.735119,21.735119,0.072182,0.162205,0.195269,0.198766,11.293629,29.087973,28.078492,0.603321,0.000000,
5,0.331236,0.658184,0.421373,0.264122,0.236125,26.486784,47.016842,0.121114,0.178496,0.198470,0.204725,12.362673,31.067614,29.419341,0.606737,2.216391,
6,0.402169,0.744504,0.496419,0.353512,0.285928,26.486784,26.486784,0.141173,0.212230,0.228103,0.225689,12.487168,32.007324,30.235703,0.634311,4.269579,
