Frame,integer_adm2,integer_adm_scale0,integer_adm_scale1,integer_adm_scale2,integer_adm_scale3,integer_motion2,integer_motion,integer_vif_scale0,integer_vif_scale1,integer_vif_scale2,integer_vif_scale3,psnr_y,psnr_cb,psnr_cr,float_ssim,vmaf,
0,0.437798,0.708643,0.500703,0.397573,0.353000,0.000000,0.000000,0.127362,0.195427,0.218738,0.239099,15.521361,31.057724,29.064415,0.597250,0.000000,
1,0.441859,0.662327,0.491385,0.374237,0.400297,21.994516,21.994516,0.115339,0.193674,0.224586,0.256997,15.325119,31.048661,28.839154,0.583905,4.669509,
2,0.378226,0.710232,0.507812,0.347991,0.237775,23.932884,23.932884,0.161664,0.250437,0.274351,0.279505,15.279328,33.905015,32.189816,0.626065,0.000000,
3,0.433349,0.755867,0.520104,0.347665,0.334861,21.735119,35.538799,0.132848,0.249345,0.285015,0.299412,12.211579,31.273356,29.965237,0.577826,0.139167,
4,0.429766,0.803196,0.615498,0.323291,0.300969,21.735119,21.735119,0.100336,0.214812,0.262714,0.288262,11.815181,29.442940,28.541229,0.582227,2.000432,
5,0.376536,0.678871,0.500027,0.294511,0.286005,26.486784,47.016842,0.138592,0.202191,0.224340,0.234301,14.562373,32.149827,30.844016,0.597460,3.023086,
6,0.413191,0.735455,0.498146,0.308329,0.341429,26.486784,26.486784,0.169857,0.255564,0.281849,0.296668,15.333238,32.746986,31.753127,0.621725,2.000861,
