Frame,integer_adm2,integer_adm_scale0,integer_adm_scale1,integer_adm_scale2,integer_adm_scale3,integer_motion2,integer_motion,integer_vif_scale0,integer_vif_scale1,integer_vif_scale2,integer_vif_scale3,psnr_y,psnr_cb,psnr_cr,float_ssim,vmaf,
0,0.366422,0.701066,0.456562,0.376634,0.221665,0.000000,0.000000,0.112252,0.166782,0.182227,0.192240,13.597256,32.157730,30.611680,0.626983,0.000000,
1,0.305130,0.643236,0.405395,0.271556,0.192820,21.994516,21.994516,0.093655,0.146779,0.158451,0.158328,13.680213,32.748905,31.164095,0.608774,0.655366,
2,0.372894,0.714121,0.502964,0.384283,0.203849,23.932884,23.932884,0.137540,0.220866,0.238394,0.242563,12.910597,32.569920,30.712583,0.640406,0.000000,
3,0.368964,0.762156,0.496316,0.339863,0.191722,21.735119,35.538799,0.102158,0.191024,0.217496,0.218126,10.873074,30.915173,29.413559,0.603302,0.000000,
4,0.364604,0.771167,0.484688,0.364366,0.192522,21.735119,21.735119,0.072084,0.162234,0.195384,0.199092,11.261439,29.104855,28.122475,0.602324,1.832733,
5,0.368074,0.659855,0.427387,0.319925,0.283712,26.486784,47.016842,0.121758,0.178837,0.197493,0.207422,12.295845,31.149126,29.517714,0.604531,4.376846,
6,0.387923,0.742557,0.485874,0.316569,0.280235,26.486784,26.486784,0.142129,0.214076,0.229423,0.226309,12.453886,32.077560,30.317680,0.632968,3.168814,
