Frame,integer_adm2,integer_adm_scale0,integer_adm_scale1,integer_adm_scale2,integer_adm_scale3,integer_motion2,integer_motion,integer_vif_scale0,integer_vif_scale1,integer_vif_scale2,integer_vif_scale3,psnr_y,psnr_cb,psnr_cr,float_ssim,vmaf,
0,0.413218,0.676023,0.444042,0.361013,0.350526,0.000000,0.000000,0.105002,0.159418,0.170126,0.181730,13.760732,32.230031,30.511496,0.538817,0.000000,
1,0.355877,0.638426,0.419940,0.241736,0.318114,21.994516,21.994516,0.082370,0.132204,0.143798,0.175371,12.517216,32.740275,31.041906,0.510927,4.345848,
2,0.405237,0.697340,0.479545,0.331496,0.326297,23.932884,23.932884,0.125484,0.207096,0.225676,0.238317,13.131753,32.133212,30.080485,0.552916,2.771649,
3,0.428668,0.743322,0.507407,0.374228,0.316524,21.735119,35.538799,0.105644,0.214154,0.260509,0.288031,10.618817,30.738638,29.022019,0.533596,1.935813,
4,0.410110,0.828438,0.557425,0.359416,0.251236,21.735119,21.735119,0.080677,0.192078,0.246620,0.283126,10.496195,29.063455,27.846236,0.542111,1.995540,
5,0.362625,0.663970,0.418210,0.299864,0.286616,26.486784,47.016842,0.116273,0.176738,0.192434,0.197199,13.716541,30.914970,29.047888,0.539076,4.366332,
6,0.419861,0.741701,0.502190,0.339260,0.334358,26.486784,26.486784,0.132396,0.203596,0.218128,0.224644,12.995337,31.863354,29.841455,0.554042,6.175346,
