Frame,integer_adm2,integer_adm_scale0,integer_adm_scale1,integer_adm_scale2,integer_adm_scale3,integer_motion2,integer_motion,integer_vif_scale0,integer_vif_scale1,integer_vif_scale2,integer_vif_scale3,psnr_y,psnr_cb,psnr_cr,float_ssim,vmaf,
0,0.295767,0.665490,0.396593,0.273089,0.155251,0.000000,0.000000,0.073347,0.111221,0.108978,0.094451,10.408749,31.328536,29.825373,0.521898,0.000000,
1,0.269719,0.636870,0.417327,0.254491,0.122121,21.994516,21.994516,0.061112,0.101268,0.100743,0.084811,11.369570,31.808501,30.214259,0.541232,4.524800,
2,0.318264,0.682633,0.438102,0.235505,0.203330,23.932884,23.932884,0.088236,0.150588,0.155144,0.145739,11.208899,32.480085,31.063006,0.563671,2.842153,
3,0.299877,0.741028,0.435940,0.216123,0.136463,21.735119,35.538799,0.082671,0.166405,0.187476,0.183132,13.604325,32.965696,30.954362,0.607542,0.000000,
4,0.298667,0.766466,0.435080,0.218286,0.143609,21.735119,21.735119,0.064611,0.152988,0.183874,0.186906,13.691159,31.820859,30.060215,0.600257,0.000000,
5,0.326572,0.649138,0.413447,0.277003,0.222269,26.486784,47.016842,0.098867,0.147112,0.151126,0.140447,9.583015,31.380285,30.086148,0.505092,5.437484,
6,0.415008,0.741830,0.486871,0.383799,0.301609,26.486784,26.486784,0.105820,0.159386,0.158072,0.143910,11.236927,32.299319,30.920292,0.567078,9.820295,
