Frame,integer_adm2,integer_adm_scale0,integer_adm_scale1,integer_adm_scale2,integer_adm_scale3,integer_motion2,integer_motion,integer_vif_scale0,integer_vif_scale1,integer_vif_scale2,integer_vif_scale3,psnr_y,psnr_cb,psnr_cr,float_ssim,vmaf,
0,0.996615,0.986510,0.989079,0.996362,1.002844,0.000000,0.000000,0.944094,0.987674,0.991905,0.994702,42.679853,63.014918,60.809519,0.998575,95.818295,
1,0.992792,0.983846,0.989268,0.993057,0.996424,21.994516,21.994516,0.948761,0.991264,0.995332,0.996916,44.734256,65.757824,63.384943,0.999222,100.000000,
2,0.855201,0.823052,0.791673,0.863760,0.885705,23.932884,23.932884,0.486707,0.700727,0.732762,0.748008,21.510776,47.557883,46.407040,0.894011,64.837852,
3,0.984965,0.978808,0.972340,0.985526,0.992194,21.735119,35.538799,0.963956,0.990392,0.994066,0.996547,48.678718,66.434532,64.041446,0.999509,100.000000,
4,0.729616,0.824897,0.725713,0.660177,0.737352,21.735119,21.735119,0.465547,0.656693,0.699621,0.727029,23.450354,41.611031,40.505466,0.914832,38.498155,
5,0.975632,0.979488,0.968434,0.974713,0.977914,26.486784,47.016842,0.940235,0.975444,0.982105,0.986563,41.260924,61.961027,59.138451,0.997503,100.000000,
6,0.792190,0.828536,0.779654,0.789346,0.787039,26.486784,26.486784,0.431606,0.670709,0.711013,0.730652,22.600748,41.325042,40.323609,0.904311,53.957844,
