Frame,integer_adm2,integer_adm_scale0,integer_adm_scale1,integer_adm_scale2,integer_adm_scale3,integer_motion2,integer_motion,integer_vif_scale0,integer_vif_scale1,integer_vif_scale2,integer_vif_scale3,psnr_y,psnr_cb,psnr_cr,float_ssim,vmaf,
0,0.470358,0.708617,0.450884,0.565998,0.348371,0.000000,0.000000,0.118187,0.181050,0.201216,0.214521,15.439525,31.189738,29.157177,0.609816,0.000000,
1,0.414460,0.664058,0.503063,0.368274,0.338702,21.994516,21.994516,0.100104,0.156337,0.169335,0.171403,14.164017,31.181270,28.923253,0.591273,6.098920,
2,0.402334,0.729598,0.505475,0.408479,0.251746,23.932884,23.932884,0.150607,0.233411,0.251589,0.255061,15.120133,34.082425,32.248908,0.653533,0.652134,
3,0.389907,0.754566,0.508867,0.332197,0.244729,21.735119,35.538799,0.129525,0.245906,0.290327,0.303528,12.195507,31.257352,29.935776,0.616542,0.000000,
4,0.367263,0.785206,0.542858,0.287419,0.213837,21.735119,21.735119,0.096270,0.209913,0.261210,0.276522,11.484104,29.410309,28.497701,0.610203,0.000000,
5,0.414183,0.717971,0.481257,0.447885,0.267349,26.486784,47.016842,0.133856,0.194983,0.214092,0.220080,14.811450,32.227161,30.872946,0.623984,6.230103,
6,0.364231,0.742784,0.507140,0.285478,0.236210,26.486784,26.486784,0.158864,0.235854,0.254637,0.262187,15.320249,32.878417,31.793314,0.643764,0.000000,
