Frame,integer_adm2,integer_adm_scale0,integer_adm_scale1,integer_adm_scale2,integer_adm_scale3,integer_motion2,integer_motion,integer_vif_scale0,integer_vif_scale1,integer_vif_scale2,integer_vif_scale3,psnr_y,psnr_cb,psnr_cr,float_ssim,vmaf,
0,0.355456,0.704317,0.465929,0.382225,0.188616,0.000000,0.000000,0.112406,0.167685,0.183125,0.190459,13.643740,32.068826,30.640414,0.635730,0.000000,
1,0.301926,0.649204,0.418768,0.283471,0.172574,21.994516,21.994516,0.093167,0.147967,0.160134,0.158993,13.687617,32.628988,31.189258,0.615536,0.393931,
2,0.339538,0.718894,0.507173,0.350317,0.143565,23.932884,23.932884,0.138029,0.222706,0.240985,0.245817,12.958497,32.497818,30.877092,0.650934,0.000000,
3,0.347770,0.744671,0.477672,0.300084,0.179943,21.735119,35.538799,0.101627,0.190854,0.217800,0.218517,10.911960,30.859921,29.508259,0.612789,0.000000,
4,0.328351,0.770680,0.491087,0.331043,0.128144,21.735119,21.735119,0.071809,0.161504,0.194431,0.198136,11.354332,29.056423,28.179738,0.612702,0.000000,
5,0.344729,0.659048,0.438948,0.293943,0.240937,26.486784,47.016842,0.120997,0.177644,0.197328,0.202090,12.467817,31.074468,29.599690,0.616592,3.073208,
6,0.401518,0.749605,0.490332,0.327197,0.301245,26.486784,26.486784,0.140023,0.209197,0.224517,0.220428,12.529889,32.016522,30.446492,0.642160,4.457944,
