Frame,integer_adm2,integer_adm_scale0,integer_adm_scale1,integer_adm_scale2,integer_adm_scale3,integer_motion2,integer_motion,integer_vif_scale0,integer_vif_scale1,integer_vif_scale2,integer_vif_scale3,psnr_y,psnr_cb,psnr_cr,float_ssim,vmaf,
0,0.452009,0.709334,0.512026,0.466403,0.340516,0.000000,0.000000,0.111724,0.169626,0.181635,0.181232,14.194971,29.884879,27.501198,0.551764,0.000000,
1,0.581426,0.668245,0.580000,0.662140,0.510986,21.994516,21.994516,0.097020,0.161554,0.172706,0.169796,13.701166,30.326701,27.612424,0.546612,19.454184,
2,0.427887,0.724462,0.471457,0.343429,0.366315,23.932884,23.932884,0.145383,0.230925,0.246560,0.248452,14.178702,33.481661,31.064742,0.600486,2.818141,
3,0.498366,0.771532,0.511021,0.348809,0.489845,21.735119,35.538799,0.117132,0.225630,0.261691,0.286507,11.571947,30.680481,29.013977,0.573212,7.215908,
4,0.458341,0.810902,0.599014,0.380913,0.336892,21.735119,21.735119,0.088592,0.199170,0.240036,0.268765,11.318032,28.991193,27.838315,0.579477,5.479618,
5,0.381336,0.690872,0.482835,0.289412,0.304050,26.486784,47.016842,0.131694,0.194423,0.212620,0.216663,13.976768,31.192673,28.996092,0.569541,4.066530,
6,0.394891,0.746365,0.479290,0.408524,0.241272,26.486784,26.486784,0.150206,0.230981,0.250550,0.248355,13.964300,31.389126,29.263978,0.577851,2.374782,
