Frame,integer_adm2,integer_adm_scale0,integer_adm_scale1,integer_adm_scale2,integer_adm_scale3,integer_motion2,integer_motion,integer_vif_scale0,integer_vif_scale1,integer_vif_scale2,integer_vif_scale3,psnr_y,psnr_cb,psnr_cr,float_ssim,vmaf,
0,0.423086,0.699703,0.482795,0.388208,0.334629,0.000000,0.000000,0.123281,0.189118,0.210289,0.223604,15.898304,31.058043,29.010582,0.627146,0.000000,
1,0.410104,0.665701,0.490140,0.373318,0.330244,21.994516,21.994516,0.105700,0.169102,0.188962,0.204718,15.098300,31.041433,28.809392,0.611481,4.464365,
2,0.369460,0.712199,0.518573,0.338426,0.218238,23.932884,23.932884,0.152892,0.235284,0.255233,0.255919,15.407927,33.903668,32.153130,0.656215,0.000000,
3,0.402909,0.759223,0.503386,0.382230,0.245017,21.735119,35.538799,0.129966,0.240658,0.278412,0.287167,12.448383,31.191067,29.875935,0.614574,0.000000,
4,0.387059,0.784272,0.592049,0.360757,0.201483,21.735119,21.735119,0.097233,0.206664,0.250240,0.261371,11.995293,29.377259,28.452262,0.611922,0.000000,
5,0.386592,0.679750,0.475432,0.307782,0.310726,26.486784,47.016842,0.136156,0.198750,0.219871,0.228170,14.908167,32.112381,30.711124,0.631319,3.981797,
6,0.368582,0.749372,0.499641,0.296681,0.240167,26.486784,26.486784,0.162853,0.242444,0.263976,0.267334,15.610971,32.750711,31.640511,0.651381,0.000000,
