Frame,integer_adm2,integer_adm_scale0,integer_adm_scale1,integer_adm_scale2,integer_adm_scale3,integer_motion2,integer_motion,integer_vif_scale0,integer_vif_scale1,integer_vif_scale2,integer_vif_scale3,psnr_y,psnr_cb,psnr_cr,float_ssim,vmaf,
0,0.358247,0.702853,0.467751,0.381459,0.195187,0.000000,0.000000,0.111957,0.166160,0.181532,0.189985,13.630837,32.184067,30.591425,0.628803,0.000000,
1,0.293863,0.639872,0.388262,0.274778,0.173057,21.994516,21.994516,0.093097,0.146545,0.158430,0.157260,13.689394,32.719923,31.140772,0.610034,0.151278,
2,0.359895,0.717244,0.485917,0.379792,0.182064,23.932884,23.932884,0.138661,0.222979,0.241702,0.244888,12.948820,32.526857,30.639331,0.645009,0.000000,
3,0.352579,0.745937,0.494542,0.302109,0.182672,21.735119,35.538799,0.102375,0.191081,0.217533,0.218588,10.906604,30.913545,29.383115,0.606900,0.000000,
4,0.329897,0.783425,0.490173,0.333060,0.126754,21.735119,21.735119,0.072434,0.162456,0.195518,0.199395,11.329191,29.105764,28.101956,0.606644,0.000000,
5,0.328556,0.662945,0.428466,0.260757,0.227606,26.486784,47.016842,0.121395,0.177696,0.197817,0.204127,12.418732,31.095491,29.438225,0.610727,2.121523,
6,0.399178,0.743873,0.490665,0.339980,0.289700,26.486784,26.486784,0.141389,0.211199,0.227739,0.225576,12.528629,32.056573,30.273879,0.636849,4.111243,
