Frame,integer_adm2,integer_adm_scale0,integer_adm_scale1,integer_adm_scale2,integer_adm_scale3,integer_motion2,integer_motion,integer_vif_scale0,integer_vif_scale1,integer_vif_scale2,integer_vif_scale3,psnr_y,psnr_cb,psnr_cr,float_ssim,vmaf,
0,0.907637,0.847993,0.855836,0.913429,0.943014,0.000000,0.000000,0.473646,0.768927,0.815654,0.836482,24.758908,42.122535,39.389873,0.929265,58.964971,
1,0.991039,0.985554,0.983446,0.988604,0.996644,21.994516,21.994516,0.927551,0.975210,0.983358,0.987888,41.290261,58.453875,56.315464,0.997426,100.000000,
2,0.981867,0.980392,0.970637,0.978521,0.988869,23.932884,23.932884,0.942879,0.979023,0.985572,0.989585,41.586158,62.985878,60.949517,0.998150,100.000000,
3,0.892560,0.831674,0.828542,0.884175,0.947057,21.735119,35.538799,0.624074,0.850748,0.871292,0.874810,27.428398,47.355156,46.602976,0.961649,82.857847,
4,0.972706,0.976472,0.969135,0.978277,0.969836,21.735119,21.735119,0.918876,0.968030,0.976494,0.981756,40.975034,64.045650,61.176237,0.997905,100.000000,
5,0.494160,0.710511,0.543141,0.431617,0.447804,26.486784,47.016842,0.133353,0.215120,0.236920,0.252279,14.308776,29.918147,27.803136,0.580039,11.239824,
6,0.473677,0.794352,0.623774,0.459943,0.321639,26.486784,26.486784,0.183233,0.299779,0.333828,0.358560,16.642428,32.323964,31.019833,0.673334,4.934300,
