Frame,integer_adm2,integer_adm_scale0,integer_adm_scale1,integer_adm_scale2,integer_adm_scale3,integer_motion2,integer_motion,integer_vif_scale0,integer_vif_scale1,integer_vif_scale2,integer_vif_scale3,psnr_y,psnr_cb,psnr_cr,float_ssim,vmaf,
0,0.418223,0.702472,0.464553,0.442454,0.298027,0.000000,0.000000,0.114907,0.182687,0.198707,0.205333,14.032957,29.662654,27.255520,0.536983,0.000000,
1,0.292439,0.652279,0.422161,0.318004,0.129841,21.994516,21.994516,0.096919,0.166307,0.182009,0.198158,13.887908,30.056465,27.335968,0.519106,0.000000,
2,0.416795,0.722441,0.478706,0.388850,0.310462,23.932884,23.932884,0.152078,0.252054,0.276664,0.280577,13.533054,33.374727,30.696664,0.587911,0.455870,
3,0.386960,0.762868,0.516255,0.337215,0.228264,21.735119,35.538799,0.115049,0.233809,0.266433,0.253785,10.716045,30.806825,28.910086,0.533839,0.000000,
4,0.387114,0.818720,0.534443,0.331887,0.226404,21.735119,21.735119,0.086082,0.199958,0.239170,0.234183,10.834708,29.129918,27.786252,0.545173,0.205100,
5,0.403304,0.674166,0.465205,0.386921,0.303038,26.486784,47.016842,0.133859,0.203848,0.224254,0.226451,13.228449,31.144760,28.771168,0.550829,4.839967,
6,0.421270,0.752694,0.541885,0.394089,0.285289,26.486784,26.486784,0.155007,0.247403,0.276700,0.279667,13.188316,31.371287,29.085269,0.560341,3.119551,
