Frame,integer_adm2,integer_adm_scale0,integer_adm_scale1,integer_adm_scale2,integer_adm_scale3,integer_motion2,integer_motion,integer_vif_scale0,integer_vif_scale1,integer_vif_scale2,integer_vif_scale3,psnr_y,psnr_cb,psnr_cr,float_ssim,vmaf,
0,0.354841,0.702846,0.459610,0.380786,0.190990,0.000000,0.000000,0.112304,0.166843,0.181540,0.189254,13.617579,32.120401,30.516219,0.629318,0.000000,
1,0.296563,0.638017,0.391400,0.286116,0.171966,21.994516,21.994516,0.093708,0.148685,0.160268,0.159413,13.688435,32.673993,31.057291,0.610902,0.089396,
2,0.356754,0.711673,0.481796,0.350163,0.196277,23.932884,23.932884,0.139007,0.224678,0.242080,0.243756,12.938554,32.445157,30.518581,0.645565,0.000000,
3,0.348034,0.741292,0.472120,0.303733,0.181839,21.735119,35.538799,0.102269,0.191270,0.217755,0.218773,10.901915,30.892458,29.328825,0.608110,0.000000,
4,0.329951,0.777621,0.485113,0.331754,0.131211,21.735119,21.735119,0.071932,0.161601,0.194781,0.198674,11.320659,29.094831,28.063973,0.607569,0.000000,
5,0.336573,0.664912,0.447350,0.275368,0.228719,26.486784,47.016842,0.121970,0.179023,0.197329,0.200695,12.410253,31.045739,29.368907,0.611621,2.546049,
6,0.394042,0.743899,0.485261,0.332121,0.284676,26.486784,26.486784,0.142209,0.213769,0.228299,0.222864,12.522907,32.008884,30.184487,0.637864,3.637905,
