Frame,integer_adm2,integer_adm_scale0,integer_adm_scale1,integer_adm_scale2,integer_adm_scale3,integer_motion2,integer_motion,integer_vif_scale0,integer_vif_scale1,integer_vif_scale2,integer_vif_scale3,psnr_y,psnr_cb,psnr_cr,float_ssim,vmaf,
0,0.436024,0.708385,0.497572,0.395797,0.351293,0.000000,0.000000,0.127834,0.196030,0.219317,0.239736,15.638633,31.144450,29.165442,0.607892,0.000000,
1,0.442070,0.663019,0.490605,0.375720,0.399988,21.994516,21.994516,0.115825,0.194378,0.225059,0.257704,15.444834,31.155584,28.950577,0.594154,4.640521,
2,0.380492,0.708821,0.507645,0.368878,0.230826,23.932884,23.932884,0.160833,0.249304,0.273562,0.279131,15.384504,34.029592,32.361516,0.636785,0.000000,
3,0.427426,0.753561,0.531292,0.346974,0.317025,21.735119,35.538799,0.132126,0.248564,0.284258,0.298658,12.244401,31.273848,30.020089,0.588121,0.000000,
4,0.435535,0.804310,0.620558,0.313604,0.316635,21.735119,21.735119,0.100641,0.216081,0.264097,0.290004,11.859371,29.414404,28.562457,0.593233,2.376674,
5,0.388412,0.678127,0.498182,0.306658,0.307239,26.486784,47.016842,0.138696,0.202710,0.226012,0.236989,14.661745,32.191188,30.931608,0.605956,3.749912,
6,0.409285,0.734712,0.506957,0.294399,0.337794,26.486784,26.486784,0.168998,0.254510,0.281658,0.296881,15.401493,32.818320,31.854866,0.628631,1.753179,
