Frame,integer_adm2,integer_adm_scale0,integer_adm_scale1,integer_adm_scale2,integer_adm_scale3,integer_motion2,integer_motion,integer_vif_scale0,integer_vif_scale1,integer_vif_scale2,integer_vif_scale3,psnr_y,psnr_cb,psnr_cr,float_ssim,vmaf,
0,0.357052,0.701483,0.457548,0.387688,0.193234,0.000000,0.000000,0.111816,0.167258,0.182433,0.190712,13.612377,32.115175,30.548649,0.626348,0.000000,
1,0.300590,0.639771,0.399676,0.280172,0.180863,21.994516,21.994516,0.092859,0.147641,0.159612,0.158473,13.667552,32.665186,31.077057,0.607096,0.369709,
2,0.352381,0.718052,0.490995,0.349064,0.181015,23.932884,23.932884,0.138435,0.225155,0.244242,0.248248,12.931947,32.440829,30.554500,0.642309,0.000000,
3,0.370161,0.744761,0.497621,0.301569,0.224716,21.735119,35.538799,0.102219,0.191136,0.217619,0.218703,10.893266,30.889082,29.349360,0.603690,0.000000,
4,0.337413,0.769993,0.499341,0.332673,0.144525,21.735119,21.735119,0.072040,0.162262,0.195434,0.198994,11.312213,29.092816,28.077146,0.603127,0.236571,
5,0.333005,0.657778,0.445463,0.265762,0.229710,26.486784,47.016842,0.121717,0.179572,0.199600,0.207742,12.406295,31.055971,29.404703,0.607975,2.211412,
6,0.397570,0.746155,0.487669,0.338127,0.287522,26.486784,26.486784,0.141469,0.213782,0.230371,0.229078,12.515675,32.014614,30.227406,0.634844,3.819568,
