Frame,integer_adm2,integer_adm_scale0,integer_adm_scale1,integer_adm_scale2,integer_adm_scale3,integer_motion2,integer_motion,integer_vif_scale0,integer_vif_scale1,integer_vif_scale2,integer_vif_scale3,psnr_y,psnr_cb,psnr_cr,float_ssim,vmaf,
0,0.504910,0.686155,0.490987,0.415422,0.506837,0.000000,0.000000,0.108314,0.164207,0.175320,0.173928,14.048846,29.964466,27.502762,0.570899,0.000000,
1,0.285145,0.663606,0.405418,0.328430,0.110394,21.994516,21.994516,0.089619,0.143969,0.157159,0.161968,13.024556,30.382383,27.593992,0.558504,0.000000,
2,0.456992,0.703425,0.488940,0.345315,0.432872,23.932884,23.932884,0.142567,0.228944,0.253328,0.266001,13.923272,33.663704,31.072535,0.632228,5.120650,
3,0.374258,0.758149,0.572975,0.310553,0.192048,21.735119,35.538799,0.110692,0.224620,0.267944,0.286069,11.075527,30.785241,29.033360,0.605088,0.000000,
4,0.365583,0.804847,0.607132,0.307319,0.170480,21.735119,21.735119,0.083837,0.195420,0.241309,0.264291,10.650074,29.081274,27.856758,0.601937,0.000000,
5,0.386591,0.688725,0.555577,0.367259,0.235329,26.486784,47.016842,0.131510,0.196842,0.217181,0.224177,13.963126,31.306905,28.996999,0.605707,4.174050,
6,0.381434,0.738871,0.534194,0.397940,0.198014,26.486784,26.486784,0.150175,0.238316,0.267619,0.271426,13.772591,31.528994,29.291102,0.617001,0.756560,
