{"coverage_estimated_first_order": [0.8324764574299272, 0.2544104685143288, 0.8347785770959024, 0.9696834199424965, 1.0623917238169307, 0.5184687264328809, 1.027948138590372, 0.4796433214712167, 0.9083825689731022], "coverage_estimated_second_order": [0.6646104600694442, 0.9939366319444445, 0.6749750434027778, 0.6178504774305557, 0.6964778645833334, 0.9939366319444446, 0.7048621961805556, 0.9939366319444446, 0.5877821180555556], "sol": [0.0, 1.0, 0.0, 0.0, 0.0, 1.0, 0.0, 1.0, 0.0], "coverage": [0.6658029513888889, 1.0, 0.67828125, 0.6216232638888889, 0.7002473958333333, 1.0, 0.7083072916666666, 1.0, 0.588515625], "coverage_estimated_first_order_diff": [0.16667350604103826, -0.7455895314856712, 0.15649732709590247, 0.34806015605360763, 0.3621443279835974, -0.4815312735671191, 0.3196408469237053, -0.5203566785287833, 0.3198669439731022], "coverage_estimated_second_order_diff": [-0.0011924913194446551, -0.006063368055555518, -0.003306206597222139, -0.0037727864583332327, -0.0037695312499999023, -0.006063368055555407, -0.0034450954861110494, -0.006063368055555407, -0.0007335069444444065]}