{"coverage_estimated_first_order": [0.8313317729936527, 0.8451262853899574, 1.2432231177727502, 1.0747010805524133, 1.1930370553670187, 0.7245861957563475, 1.2108968270801912, 1.1160023292169434, 0.6052454417263702], "coverage_estimated_second_order": [0.9622482638888887, 0.9618109809027777, 0.6548111979166666, 0.5344075520833335, 0.6259266493055557, 0.9657910156249998, 0.6737499999999997, 0.5835687934027777, 0.9854069010416665], "sol": [1.0, 1.0, 0.0, 0.0, 0.0, 1.0, 0.0, 0.0, 1.0], "coverage": [1.0, 1.0, 0.6860590277777778, 0.5506467013888889, 0.6473133680555555, 1.0, 0.7050217013888889, 0.5951822916666667, 1.0], "coverage_estimated_first_order_diff": [-0.16866822700634732, -0.15487371461004262, 0.5571640899949724, 0.5240543791635244, 0.5457236873114631, -0.27541380424365247, 0.5058751256913023, 0.5208200375502767, -0.3947545582736298], "coverage_estimated_second_order_diff": [-0.03775173611111127, -0.038189019097222276, -0.031247829861111187, -0.016239149305555478, -0.021386718749999756, -0.034208984375000195, -0.03127170138888913, -0.011613498263889022, -0.014593098958333495]}