{"coverage_estimated_first_order": [0.2804543740573153, 0.8485732318768855, 0.6457398209684516, 0.44033620459401723, 1.1129408966110483, 1.122261594040661, 0.4683728671757164, 0.9311128835548643, 0.789450149651207], "coverage_estimated_second_order": [0.9884559461805554, 0.6433919270833333, 0.4396961805555556, 0.9884559461805553, 0.7749924045138888, 0.7619422743055555, 0.9884559461805553, 0.618060980902778, 0.5019270833333334], "sol": [1.0, 0.0, 0.0, 1.0, 0.0, 0.0, 1.0, 0.0, 0.0], "coverage": [1.0, 0.6502039930555555, 0.4477734375, 1.0, 0.7839626736111112, 0.7717491319444445, 1.0, 0.6208506944444444, 0.5036805555555556], "coverage_estimated_first_order_diff": [-0.7195456259426847, 0.19836923882132995, 0.19796638346845163, -0.5596637954059828, 0.3289782229999372, 0.35051246209621656, -0.5316271328242836, 0.3102621891104199, 0.2857695940956514], "coverage_estimated_second_order_diff": [-0.011544053819444566, -0.006812065972222281, -0.008077256944444389, -0.011544053819444677, -0.008970269097222316, -0.009806857638889, -0.011544053819444677, -0.002789713541666461, -0.0017534722222222188]}