Frame,integer_adm2,integer_adm_scale0,integer_adm_scale1,integer_adm_scale2,integer_adm_scale3,integer_motion2,integer_motion,integer_vif_scale0,integer_vif_scale1,integer_vif_scale2,integer_vif_scale3,psnr_y,psnr_cb,psnr_cr,float_ssim,vmaf,
0,0.977611,0.960918,0.959699,0.973323,0.991128,0.000000,0.000000,0.885786,0.974935,0.982883,0.986607,39.703563,63.555861,61.562942,0.996798,90.581218,
1,0.989306,0.975657,0.984711,0.989253,0.995258,28.305254,29.954386,0.922553,0.987604,0.992818,0.995509,43.930501,66.435166,62.834239,0.998182,100.000000,
2,0.847067,0.806416,0.825624,0.879888,0.848274,28.305254,28.305254,0.423613,0.719613,0.744324,0.748223,21.028809,43.400510,41.718269,0.890415,66.707613,
3,0.892734,0.833394,0.854101,0.902059,0.917738,34.227451,34.227451,0.337322,0.569359,0.616248,0.649666,18.155935,39.007558,37.109361,0.824369,71.567840,
4,0.985571,0.988404,0.980681,0.984554,0.987188,31.030752,36.579582,0.902694,0.951328,0.961053,0.966565,38.534540,54.124061,51.960620,0.991916,100.000000,
5,0.856787,0.836873,0.816701,0.832099,0.891922,31.030752,31.030752,0.369435,0.608698,0.658156,0.693504,20.935023,35.289286,33.541607,0.836849,66.096251,
6,0.748826,0.835615,0.762577,0.731377,0.722886,26.740717,37.034451,0.323095,0.521546,0.568148,0.600958,20.012127,34.950421,33.523125,0.832505,39.860320,
7,0.653268,0.829217,0.695689,0.641997,0.578702,15.901076,26.740717,0.264563,0.426523,0.484454,0.533726,18.120091,35.640703,34.383186,0.770550,15.104578,
8,0.516888,0.789534,0.603868,0.492453,0.407949,15.901076,15.901076,0.128798,0.225927,0.249550,0.241944,11.631740,27.821172,25.204800,0.561353,4.490786,
