Frame,integer_adm2,integer_adm_scale0,integer_adm_scale1,integer_adm_scale2,integer_adm_scale3,integer_motion2,integer_motion,integer_vif_scale0,integer_vif_scale1,integer_vif_scale2,integer_vif_scale3,psnr_y,psnr_cb,psnr_cr,float_ssim,vmaf,
0,0.453948,0.741521,0.533417,0.414624,0.369013,0.000000,0.000000,0.131765,0.202179,0.213080,0.207155,9.591955,29.869426,28.832575,0.469507,0.000000,
1,0.430269,0.691526,0.469893,0.408193,0.349541,28.305254,29.954386,0.103147,0.164566,0.174681,0.174709,13.512852,30.183765,29.513721,0.533871,11.436729,
2,0.391057,0.661341,0.416910,0.311744,0.344408,28.305254,28.305254,0.094598,0.154571,0.158166,0.152806,11.267514,25.354698,23.557506,0.524344,9.895511,
3,0.994107,0.982226,0.986762,0.995412,0.999296,34.227451,34.227451,0.935630,0.984956,0.989873,0.993091,41.884993,64.642873,62.843520,0.997716,100.000000,
4,0.992311,0.978874,0.985720,0.993817,0.997540,31.030752,36.579582,0.937920,0.990736,0.994657,0.996220,44.278289,66.792865,65.033904,0.998844,100.000000,
5,0.991203,0.982456,0.984128,0.988239,0.998182,31.030752,31.030752,0.947849,0.990015,0.994200,0.996300,44.344771,69.566343,68.368771,0.998679,100.000000,
6,0.873149,0.865150,0.856092,0.879205,0.879420,26.740717,37.034451,0.474183,0.724480,0.771109,0.792992,24.606084,44.790567,44.529522,0.906337,74.097735,
7,0.854665,0.842592,0.835740,0.861077,0.862924,15.901076,26.740717,0.458429,0.704962,0.755707,0.783101,26.374210,45.711759,44.665868,0.920678,60.272954,
8,0.975772,0.969578,0.965220,0.970375,0.985430,15.901076,15.901076,0.901732,0.963627,0.973961,0.980974,40.910238,58.416490,57.898305,0.996034,100.000000,
