Frame,integer_adm2,integer_adm_scale0,integer_adm_scale1,integer_adm_scale2,integer_adm_scale3,integer_motion2,integer_motion,integer_vif_scale0,integer_vif_scale1,integer_vif_scale2,integer_vif_scale3,psnr_y,psnr_cb,psnr_cr,float_ssim,vmaf,
0,0.961595,0.962505,0.944785,0.948536,0.975028,0.000000,0.000000,0.891958,0.955019,0.965711,0.971295,38.362012,59.334038,57.339128,0.994678,85.088784,
1,0.827833,0.809050,0.812838,0.872319,0.811738,28.305254,29.954386,0.408626,0.638268,0.661298,0.671979,20.509597,42.464014,41.242959,0.852750,57.729143,
2,0.702748,0.770883,0.725114,0.690043,0.680206,28.305254,28.305254,0.318672,0.518739,0.541155,0.543530,17.653610,38.107335,36.783772,0.786177,31.530185,
3,0.901197,0.829583,0.858252,0.913392,0.929466,34.227451,34.227451,0.355404,0.613340,0.662864,0.696816,18.473442,43.976528,42.956817,0.843330,76.059427,
4,0.995598,0.986817,0.989656,0.996114,0.999886,31.030752,36.579582,0.945925,0.988465,0.991957,0.993931,43.117207,65.502616,62.984875,0.998473,100.000000,
5,0.990586,0.978609,0.981473,0.988417,0.998855,31.030752,31.030752,0.936921,0.988054,0.992677,0.995808,43.782630,68.228059,67.573743,0.997850,100.000000,
6,0.986673,0.975828,0.979527,0.983659,0.995670,26.740717,37.034451,0.947417,0.986974,0.991836,0.995268,45.722599,67.604760,66.621737,0.998717,100.000000,
7,0.737428,0.823535,0.733983,0.726788,0.714772,15.901076,26.740717,0.385466,0.595442,0.645982,0.680225,22.096524,40.045763,38.174271,0.875873,31.754105,
8,0.661701,0.801737,0.686334,0.667357,0.602155,15.901076,15.901076,0.316771,0.489221,0.528662,0.553632,18.376588,34.591054,34.231220,0.790945,15.216348,
