Frame,integer_adm2,integer_adm_scale0,integer_adm_scale1,integer_adm_scale2,integer_adm_scale3,integer_motion2,integer_motion,integer_vif_scale0,integer_vif_scale1,integer_vif_scale2,integer_vif_scale3,psnr_y,psnr_cb,psnr_cr,float_ssim,vmaf,
0,0.980425,0.969985,0.968324,0.971253,0.993064,0.000000,0.000000,0.919037,0.979807,0.985229,0.988410,40.289828,64.140872,60.963975,0.997790,91.461209,
1,0.990397,0.979957,0.986812,0.990501,0.994889,28.305254,29.954386,0.936116,0.989496,0.993944,0.996306,44.686643,68.917696,64.947515,0.998504,100.000000,
2,0.844800,0.801620,0.818899,0.880965,0.846528,28.305254,28.305254,0.419108,0.713325,0.739047,0.743455,20.836528,42.717230,41.279485,0.888705,65.900537,
3,0.905963,0.834444,0.858902,0.920699,0.934256,34.227451,34.227451,0.355029,0.614158,0.659391,0.686701,18.654450,46.211013,44.685252,0.847441,76.269056,
4,0.994199,0.990608,0.988908,0.993451,0.997555,31.030752,36.579582,0.943281,0.984042,0.989077,0.991782,42.000135,59.744419,57.397811,0.997712,100.000000,
5,0.887989,0.838965,0.834469,0.878415,0.928367,31.030752,31.030752,0.409098,0.690574,0.742342,0.767620,22.422590,34.558908,32.616239,0.870436,77.384782,
6,0.838717,0.845607,0.823883,0.837856,0.843178,26.740717,37.034451,0.419244,0.674862,0.721427,0.741771,22.427657,35.275879,33.531529,0.891132,63.381621,
7,0.976829,0.978329,0.970191,0.970222,0.983542,15.901076,26.740717,0.938245,0.974749,0.980050,0.983379,42.122921,61.806291,59.288237,0.997387,100.000000,
8,0.780854,0.824713,0.762420,0.778414,0.775265,15.901076,15.901076,0.428210,0.660906,0.703822,0.733581,23.857567,38.403485,38.650150,0.876958,42.457463,
