Frame,integer_adm2,integer_adm_scale0,integer_adm_scale1,integer_adm_scale2,integer_adm_scale3,integer_motion2,integer_motion,integer_vif_scale0,integer_vif_scale1,integer_vif_scale2,integer_vif_scale3,psnr_y,psnr_cb,psnr_cr,float_ssim,vmaf,
0,0.973087,0.964703,0.955007,0.966427,0.985752,0.000000,0.000000,0.830037,0.947356,0.961871,0.968839,35.094133,57.040469,56.681589,0.990120,87.194157,
1,0.919672,0.827175,0.884906,0.938565,0.949468,28.305254,29.954386,0.496267,0.826338,0.859138,0.868898,27.136863,47.619623,45.664093,0.946047,91.752287,
2,0.983636,0.979427,0.976422,0.980277,0.989892,28.305254,28.305254,0.912527,0.974100,0.980609,0.983961,40.214953,60.540744,58.450748,0.995319,100.000000,
3,0.322473,0.624801,0.387659,0.303937,0.226973,34.227451,34.227451,0.052749,0.088713,0.092121,0.091853,15.194358,29.283782,28.161480,0.509622,16.515068,
4,0.373634,0.659846,0.415494,0.341236,0.298881,31.030752,36.579582,0.055669,0.099821,0.104260,0.106585,13.209689,27.891686,25.401406,0.468304,15.574134,
5,0.459454,0.721725,0.534976,0.413387,0.378375,31.030752,31.030752,0.086849,0.153104,0.162902,0.147686,13.234276,27.047613,24.493389,0.529029,16.686211,
6,0.551848,0.782715,0.595105,0.513750,0.474496,26.740717,37.034451,0.144165,0.276150,0.327847,0.354079,13.715312,28.837440,25.871963,0.602771,13.985118,
7,0.518371,0.813535,0.603280,0.472494,0.405320,15.901076,26.740717,0.113631,0.220393,0.249770,0.260809,12.196824,25.798978,22.566118,0.543096,5.046650,
8,0.504878,0.779458,0.553544,0.458471,0.424467,15.901076,15.901076,0.126062,0.215245,0.233677,0.238580,12.065276,24.919706,21.838691,0.568769,4.192866,
