Frame,integer_adm2,integer_adm_scale0,integer_adm_scale1,integer_adm_scale2,integer_adm_scale3,integer_motion2,integer_motion,integer_vif_scale0,integer_vif_scale1,integer_vif_scale2,integer_vif_scale3,psnr_y,psnr_cb,psnr_cr,float_ssim,vmaf,
0,0.969686,0.969223,0.956934,0.957418,0.981606,0.000000,0.000000,0.924194,0.969940,0.977647,0.982161,40.303243,61.133002,58.853096,0.997015,88.266519,
1,0.829470,0.809966,0.814070,0.876467,0.812190,28.305254,29.954386,0.411144,0.644464,0.668639,0.680897,20.533571,42.482378,41.249569,0.854209,58.582335,
2,0.701732,0.772326,0.720570,0.693212,0.677256,28.305254,28.305254,0.321246,0.523263,0.546030,0.548984,17.662474,37.990324,36.658853,0.786404,31.531642,
3,0.993795,0.984390,0.987599,0.993986,0.998531,34.227451,34.227451,0.938197,0.983437,0.988384,0.991487,41.628057,64.046747,61.096403,0.997324,100.000000,
4,0.992148,0.982978,0.987385,0.992768,0.996045,31.030752,36.579582,0.948223,0.990689,0.993933,0.995605,44.562550,61.603086,59.446481,0.998892,100.000000,
5,0.891385,0.841358,0.836538,0.887079,0.929581,31.030752,31.030752,0.416824,0.700825,0.753058,0.778418,22.390593,34.952971,32.897544,0.874650,78.928012,
6,0.847219,0.851508,0.833731,0.846263,0.852105,26.740717,37.034451,0.424575,0.685662,0.732659,0.756243,22.467026,35.429038,33.633795,0.892749,66.007292,
7,0.977638,0.979390,0.969904,0.973171,0.983309,15.901076,26.740717,0.939028,0.976765,0.982416,0.986147,42.285710,61.540490,59.690749,0.997506,100.000000,
8,0.774097,0.824734,0.758517,0.775359,0.762791,15.901076,15.901076,0.430361,0.665944,0.710019,0.738549,23.912491,38.292745,38.571130,0.891399,41.593906,
