Frame,integer_adm2,integer_adm_scale0,integer_adm_scale1,integer_adm_scale2,integer_adm_scale3,integer_motion2,integer_motion,integer_vif_scale0,integer_vif_scale1,integer_vif_scale2,integer_vif_scale3,psnr_y,psnr_cb,psnr_cr,float_ssim,vmaf,
0,0.974461,0.973152,0.962569,0.963236,0.985695,0.000000,0.000000,0.932099,0.974937,0.981536,0.985477,40.970859,62.284676,59.884410,0.997606,89.754800,
1,0.829135,0.810729,0.813592,0.871286,0.814590,28.305254,29.954386,0.411922,0.645767,0.669964,0.682705,20.533334,42.468259,41.258564,0.854864,58.635765,
2,0.705712,0.771088,0.721733,0.696269,0.684565,28.305254,28.305254,0.321807,0.524764,0.547508,0.550429,17.661284,37.990720,36.664513,0.786987,32.165069,
3,0.906141,0.834393,0.858486,0.921075,0.934600,34.227451,34.227451,0.355222,0.613844,0.658705,0.685725,18.646561,46.204222,44.671663,0.847409,76.237299,
4,0.996025,0.993089,0.993001,0.995442,0.998270,31.030752,36.579582,0.951803,0.987655,0.991704,0.993464,42.983690,60.238800,58.190803,0.998340,100.000000,
5,0.886577,0.843727,0.837595,0.875924,0.924000,31.030752,31.030752,0.408944,0.688079,0.738459,0.763319,22.377383,34.535179,32.587863,0.869913,76.780465,
6,0.835176,0.850826,0.824849,0.850324,0.823987,26.740717,37.034451,0.420453,0.673723,0.717360,0.734163,22.394567,35.257012,33.517762,0.890786,62.205003,
7,0.978737,0.980390,0.971696,0.971802,0.985788,15.901076,26.740717,0.941334,0.976460,0.981412,0.984482,42.516828,62.489376,60.183661,0.997680,100.000000,
8,0.775559,0.825012,0.759865,0.778971,0.763323,15.901076,15.901076,0.427840,0.660426,0.701883,0.731609,23.858941,38.351103,38.622241,0.877324,41.341115,
