Frame,integer_adm2,integer_adm_scale0,integer_adm_scale1,integer_adm_scale2,integer_adm_scale3,integer_motion2,integer_motion,integer_vif_scale0,integer_vif_scale1,integer_vif_scale2,integer_vif_scale3,psnr_y,psnr_cb,psnr_cr,float_ssim,vmaf,
0,0.970008,0.968062,0.954415,0.958164,0.983089,0.000000,0.000000,0.909342,0.966973,0.975781,0.980372,39.623173,60.890303,58.517113,0.996295,88.099433,
1,0.826422,0.809282,0.813139,0.872095,0.808425,28.305254,29.954386,0.409776,0.641071,0.664838,0.675353,20.504562,42.391104,41.043283,0.852882,57.703991,
2,0.702868,0.771150,0.726343,0.693030,0.678081,28.305254,28.305254,0.320433,0.522698,0.546096,0.549080,17.659519,38.068749,36.700639,0.786298,31.717835,
3,0.993949,0.993423,0.992412,0.992624,0.995429,34.227451,34.227451,0.952511,0.984045,0.988744,0.991650,41.772659,62.864927,60.378179,0.997537,100.000000,
4,0.858071,0.805846,0.832319,0.876838,0.871121,31.030752,36.579582,0.433221,0.771696,0.831081,0.867271,24.547113,43.503801,42.059840,0.912641,80.357381,
5,0.873582,0.819659,0.812309,0.851218,0.925614,31.030752,31.030752,0.445869,0.765000,0.816654,0.847125,23.137300,46.389024,45.170535,0.906360,81.605280,
6,0.988289,0.979482,0.981222,0.983767,0.997504,26.740717,37.034451,0.956449,0.989184,0.993541,0.996394,47.273858,66.691130,65.286085,0.999038,100.000000,
7,0.773565,0.830817,0.760791,0.757007,0.769331,15.901076,26.740717,0.410323,0.634179,0.685991,0.728352,23.101444,39.511675,36.695357,0.877331,40.827973,
8,0.663941,0.800499,0.688164,0.668280,0.606540,15.901076,15.901076,0.341290,0.533238,0.579969,0.606898,20.552101,36.047048,35.178810,0.839486,16.887534,
