Frame,integer_adm2,integer_adm_scale0,integer_adm_scale1,integer_adm_scale2,integer_adm_scale3,integer_motion2,integer_motion,integer_vif_scale0,integer_vif_scale1,integer_vif_scale2,integer_vif_scale3,psnr_y,psnr_cb,psnr_cr,float_ssim,vmaf,
0,0.743028,0.803887,0.712844,0.694668,0.765425,0.000000,0.000000,0.363923,0.558447,0.592625,0.609409,17.861834,37.262538,32.925911,0.810581,14.194597,
1,0.837308,0.810706,0.809547,0.817107,0.868727,28.305254,29.954386,0.396057,0.665047,0.699552,0.719141,18.622839,38.825691,34.757668,0.836965,62.500974,
2,0.980944,0.987287,0.972939,0.977498,0.984253,28.305254,28.305254,0.929929,0.965321,0.972445,0.977305,38.524163,58.144642,56.391067,0.993796,100.000000,
3,0.572424,0.702672,0.608915,0.591174,0.512665,34.227451,34.227451,0.202024,0.352837,0.379629,0.401547,17.851308,37.467604,36.395132,0.742254,20.116073,
4,0.604358,0.719544,0.642901,0.608059,0.556756,31.030752,36.579582,0.264889,0.462849,0.494087,0.512785,15.270888,41.327736,40.191464,0.786213,20.331338,
5,0.759850,0.765669,0.705953,0.768510,0.773600,31.030752,31.030752,0.383930,0.636590,0.672035,0.699738,20.449131,44.626634,44.530603,0.862613,49.810047,
6,0.965731,0.953166,0.951933,0.960820,0.979467,26.740717,37.034451,0.908872,0.967973,0.976944,0.982347,41.049801,62.487715,60.297965,0.996992,100.000000,
7,0.851913,0.834853,0.816920,0.863245,0.865626,15.901076,26.740717,0.448902,0.698806,0.740431,0.764621,26.978517,42.278342,42.369202,0.906992,58.184155,
8,0.980841,0.970713,0.970639,0.976082,0.991254,15.901076,15.901076,0.921139,0.974989,0.982849,0.987490,42.232635,60.639199,59.262566,0.997737,100.000000,
