Frame,integer_adm2,integer_adm_scale0,integer_adm_scale1,integer_adm_scale2,integer_adm_scale3,integer_motion2,integer_motion,integer_vif_scale0,integer_vif_scale1,integer_vif_scale2,integer_vif_scale3,psnr_y,psnr_cb,psnr_cr,float_ssim,vmaf,
0,0.736820,0.810753,0.715311,0.678488,0.758457,0.000000,0.000000,0.335376,0.517928,0.548368,0.577564,16.969680,36.555754,32.611805,0.743229,12.598726,
1,0.831569,0.809802,0.809682,0.812868,0.858304,28.305254,29.954386,0.390522,0.653368,0.686401,0.705711,18.801600,38.966613,34.782403,0.818556,60.522890,
2,0.978915,0.986592,0.970669,0.973357,0.983194,28.305254,28.305254,0.932919,0.967514,0.974230,0.978365,38.974308,56.857271,54.916071,0.994955,100.000000,
3,0.995009,0.993404,0.992786,0.994256,0.996703,34.227451,34.227451,0.955363,0.986779,0.990573,0.992929,43.162858,63.406516,61.514988,0.998307,100.000000,
4,0.866389,0.808159,0.834462,0.881245,0.885569,31.030752,36.579582,0.404000,0.731273,0.792097,0.824910,23.612299,39.898865,38.997627,0.899607,78.034823,
5,0.839432,0.815729,0.784641,0.813310,0.882083,31.030752,31.030752,0.331942,0.600213,0.653510,0.677718,20.270335,33.015384,31.194767,0.826692,62.110230,
6,0.807779,0.820183,0.776841,0.795927,0.824408,26.740717,37.034451,0.360290,0.590600,0.637358,0.661187,20.485998,32.251715,30.465975,0.845536,52.461556,
7,0.973375,0.968758,0.959953,0.974887,0.979824,15.901076,26.740717,0.931299,0.981272,0.987039,0.990472,43.585582,64.779294,62.687182,0.998130,100.000000,
8,0.982099,0.971783,0.969473,0.978443,0.992837,15.901076,15.901076,0.920656,0.976220,0.984143,0.989124,42.772360,59.484319,58.738010,0.997686,100.000000,
