Frame,integer_adm2,integer_adm_scale0,integer_adm_scale1,integer_adm_scale2,integer_adm_scale3,integer_motion2,integer_motion,integer_vif_scale0,integer_vif_scale1,integer_vif_scale2,integer_vif_scale3,psnr_y,psnr_cb,psnr_cr,float_ssim,vmaf,
0,0.980437,0.969534,0.969514,0.971698,0.992533,0.000000,0.000000,0.918529,0.979815,0.985251,0.988402,40.279364,64.259885,61.108197,0.997779,91.464067,
1,0.989732,0.979245,0.985484,0.989237,0.994867,28.305254,29.954386,0.933382,0.988387,0.993187,0.995838,44.264593,65.818741,62.988745,0.998350,100.000000,
2,0.844082,0.801334,0.819912,0.880891,0.844590,28.305254,28.305254,0.419706,0.714683,0.740765,0.745048,20.858557,42.786162,41.302773,0.889468,65.899582,
3,0.993451,0.993078,0.991793,0.991754,0.995149,34.227451,34.227451,0.950184,0.982525,0.987537,0.990705,41.375644,61.866108,59.149750,0.997259,100.000000,
4,0.857761,0.805018,0.830536,0.876357,0.871592,31.030752,36.579582,0.432096,0.769513,0.829223,0.866011,24.572441,43.611169,42.055941,0.912772,80.160298,
5,0.869916,0.816534,0.808824,0.845569,0.922841,31.030752,31.030752,0.444144,0.762165,0.814109,0.845496,23.124694,46.324656,45.071915,0.905757,80.733981,
6,0.982626,0.971364,0.972971,0.976600,0.994837,26.740717,37.034451,0.944683,0.984832,0.990540,0.994204,44.678720,65.167981,62.506664,0.998542,100.000000,
7,0.775004,0.830523,0.760382,0.754455,0.774851,15.901076,26.740717,0.409839,0.632756,0.684837,0.727957,23.128227,39.519646,36.697266,0.877455,41.060446,
8,0.665394,0.799978,0.688303,0.666897,0.610967,15.901076,15.901076,0.341897,0.534018,0.581964,0.610978,20.583936,36.061769,35.220419,0.840033,17.283372,
