Frame,integer_adm2,integer_adm_scale0,integer_adm_scale1,integer_adm_scale2,integer_adm_scale3,integer_motion2,integer_motion,integer_vif_scale0,integer_vif_scale1,integer_vif_scale2,integer_vif_scale3,psnr_y,psnr_cb,psnr_cr,float_ssim,vmaf,
0,0.966440,0.962188,0.948256,0.954006,0.981428,0.000000,0.000000,0.903107,0.964404,0.973866,0.979023,39.351690,60.516171,57.905148,0.996063,87.128417,
1,0.824785,0.808134,0.812228,0.868329,0.807679,28.305254,29.954386,0.409376,0.640527,0.664340,0.675174,20.509038,42.354063,41.080134,0.852558,57.400672,
2,0.701070,0.770843,0.723612,0.693355,0.674885,28.305254,28.305254,0.320004,0.522561,0.545859,0.549188,17.653115,37.977679,36.668735,0.785469,31.453387,
3,0.992565,0.991120,0.989982,0.990867,0.994898,34.227451,34.227451,0.944217,0.982067,0.987370,0.990988,41.933854,62.308762,59.823801,0.997438,100.000000,
4,0.868225,0.805646,0.833633,0.884257,0.888903,31.030752,36.579582,0.434934,0.780219,0.841845,0.879083,24.663968,43.792943,42.912701,0.916515,83.368615,
5,0.879285,0.819321,0.813410,0.866759,0.929293,31.030752,31.030752,0.446430,0.771556,0.825384,0.856850,23.258347,46.627788,45.876314,0.909109,83.564721,
6,0.983129,0.974166,0.977316,0.979616,0.991196,26.740717,37.034451,0.950441,0.987213,0.992154,0.995141,46.549965,66.157019,64.315769,0.998938,100.000000,
7,0.858297,0.840868,0.830505,0.863634,0.873032,15.901076,26.740717,0.489279,0.740911,0.781888,0.804165,27.433807,46.872862,45.669063,0.931195,62.858244,
8,0.979945,0.972090,0.968746,0.975594,0.989745,15.901076,15.901076,0.915699,0.972890,0.981833,0.987899,42.486361,59.246667,58.483296,0.997252,100.000000,
