Frame,integer_adm2,integer_adm_scale0,integer_adm_scale1,integer_adm_scale2,integer_adm_scale3,integer_motion2,integer_motion,integer_vif_scale0,integer_vif_scale1,integer_vif_scale2,integer_vif_scale3,psnr_y,psnr_cb,psnr_cr,float_ssim,vmaf,
0,0.964640,0.952284,0.938442,0.954882,0.983115,0.000000,0.000000,0.913810,0.967003,0.976321,0.982434,40.271081,59.462748,56.126290,0.997018,87.126669,
1,0.833054,0.807456,0.816221,0.871481,0.823499,28.305254,29.954386,0.417931,0.658868,0.684066,0.695914,20.580766,42.460938,41.241179,0.858518,60.234859,
2,0.711575,0.771424,0.722063,0.701278,0.694893,28.305254,28.305254,0.325024,0.533406,0.557650,0.561120,17.666415,38.013380,36.635283,0.790718,33.387002,
3,0.531702,0.699334,0.589433,0.532154,0.464543,34.227451,34.227451,0.162940,0.273771,0.297006,0.318077,17.144834,35.516798,34.935871,0.687127,18.244684,
4,0.540304,0.710815,0.599686,0.540483,0.471984,31.030752,36.579582,0.169303,0.296960,0.325353,0.348711,14.369696,34.790806,34.831473,0.671451,15.510870,
5,0.684300,0.751219,0.651369,0.664670,0.687836,31.030752,31.030752,0.215166,0.370467,0.405943,0.433528,17.697264,32.214850,30.747410,0.731059,30.956483,
6,0.775253,0.833574,0.758532,0.771852,0.763538,26.740717,37.034451,0.301654,0.510714,0.565811,0.604470,20.186631,32.749691,31.452957,0.821242,44.434452,
7,0.833317,0.838576,0.808238,0.811637,0.856646,15.901076,26.740717,0.415360,0.657082,0.714469,0.755644,27.240263,41.750530,41.431261,0.898865,53.835406,
8,0.968704,0.959813,0.953469,0.956588,0.985378,15.901076,15.901076,0.910005,0.963224,0.973562,0.980033,40.966350,56.802412,54.765846,0.996900,100.000000,
