Frame,integer_adm2,integer_adm_scale0,integer_adm_scale1,integer_adm_scale2,integer_adm_scale3,integer_motion2,integer_motion,integer_vif_scale0,integer_vif_scale1,integer_vif_scale2,integer_vif_scale3,psnr_y,psnr_cb,psnr_cr,float_ssim,vmaf,
0,0.746431,0.808711,0.712050,0.702215,0.767436,0.000000,0.000000,0.334930,0.516571,0.547694,0.571170,16.704551,35.357481,30.643493,0.776314,13.892781,
1,0.840387,0.809927,0.811239,0.820754,0.873162,28.305254,29.954386,0.393430,0.653511,0.683545,0.701663,18.840187,37.774622,33.150217,0.832081,61.817816,
2,0.992648,0.996025,0.991704,0.988002,0.994810,28.305254,28.305254,0.975883,0.987764,0.990061,0.992192,42.849580,64.841012,62.946653,0.997661,100.000000,
3,0.316970,0.621897,0.389929,0.295010,0.219875,34.227451,34.227451,0.051821,0.078704,0.076953,0.076797,12.647043,28.316946,26.380302,0.514593,17.371546,
4,0.349558,0.652530,0.409833,0.301160,0.272521,31.030752,36.579582,0.066669,0.114828,0.120723,0.123715,12.973698,27.745553,25.659944,0.502404,12.878178,
5,0.415781,0.718103,0.502756,0.382127,0.311327,31.030752,31.030752,0.087306,0.145589,0.151835,0.139165,12.857395,27.361510,25.265248,0.506608,14.329787,
6,0.534038,0.774335,0.590082,0.527850,0.426767,26.740717,37.034451,0.121410,0.243081,0.275189,0.290597,13.384009,29.075058,26.800198,0.577372,13.605957,
7,0.482810,0.786536,0.581143,0.433912,0.362886,15.901076,26.740717,0.112109,0.208802,0.227716,0.235784,10.916733,30.197534,28.031890,0.541862,2.819106,
8,0.489159,0.783317,0.585654,0.464548,0.369458,15.901076,15.901076,0.131549,0.220623,0.231995,0.212244,10.151757,29.388827,27.533767,0.545297,2.587953,
