Frame,integer_adm2,integer_adm_scale0,integer_adm_scale1,integer_adm_scale2,integer_adm_scale3,integer_motion2,integer_motion,integer_vif_scale0,integer_vif_scale1,integer_vif_scale2,integer_vif_scale3,psnr_y,psnr_cb,psnr_cr,float_ssim,vmaf,
0,0.832723,0.823646,0.778212,0.778473,0.886745,0.000000,0.000000,0.467136,0.716027,0.756377,0.784219,22.693276,42.219868,36.863908,0.909923,39.477883,
1,0.976621,0.978002,0.967560,0.973101,0.981925,28.305254,29.954386,0.919274,0.966764,0.975623,0.982168,39.468348,60.296808,57.754999,0.995682,100.000000,
2,0.832911,0.801504,0.817982,0.872724,0.824330,28.305254,28.305254,0.419873,0.712979,0.738287,0.742022,21.087625,43.243169,41.544306,0.886144,63.627375,
3,0.906722,0.833589,0.858474,0.921632,0.935790,34.227451,34.227451,0.355322,0.621481,0.669550,0.699048,18.696534,47.747860,46.562516,0.849855,77.224062,
4,0.995537,0.991693,0.990594,0.994867,0.998787,31.030752,36.579582,0.948252,0.986550,0.990550,0.992887,42.457084,62.866321,60.289486,0.998132,100.000000,
5,0.911667,0.832104,0.846464,0.904766,0.964105,31.030752,31.030752,0.472283,0.799019,0.853923,0.881293,25.132279,48.789198,47.718159,0.929121,92.383007,
6,0.982760,0.974180,0.974308,0.983297,0.989164,26.740717,37.034451,0.945543,0.983583,0.988919,0.992982,43.961113,66.467945,63.758875,0.998389,100.000000,
7,0.971427,0.971826,0.962653,0.967478,0.977691,15.901076,26.740717,0.926264,0.969913,0.976779,0.980756,41.425489,61.318430,59.151883,0.996931,100.000000,
8,0.777453,0.824387,0.759220,0.783192,0.765580,15.901076,15.901076,0.449497,0.681018,0.723482,0.752836,23.570556,38.459669,38.633993,0.886053,43.167842,
