Frame,integer_adm2,integer_adm_scale0,integer_adm_scale1,integer_adm_scale2,integer_adm_scale3,integer_motion2,integer_motion,integer_vif_scale0,integer_vif_scale1,integer_vif_scale2,integer_vif_scale3,psnr_y,psnr_cb,psnr_cr,float_ssim,vmaf,
0,0.968776,0.965688,0.954323,0.955579,0.982583,0.000000,0.000000,0.927648,0.973420,0.980473,0.984599,40.790416,61.164917,58.339082,0.997635,88.401441,
1,0.828017,0.808778,0.813545,0.870057,0.813374,28.305254,29.954386,0.413642,0.649736,0.674516,0.686141,20.541006,42.426224,41.139922,0.855419,58.682109,
2,0.701386,0.769901,0.718945,0.691062,0.679181,28.305254,28.305254,0.322681,0.527422,0.551275,0.554416,17.665153,37.956214,36.575244,0.787932,31.648838,
3,0.994001,0.992914,0.991970,0.992274,0.996050,34.227451,34.227451,0.952613,0.985755,0.989960,0.992433,42.809752,61.548716,59.812608,0.998143,100.000000,
4,0.862937,0.808171,0.831475,0.881306,0.879013,31.030752,36.579582,0.399325,0.721621,0.780769,0.812417,23.442237,39.729724,38.860514,0.894658,76.316709,
5,0.840703,0.816438,0.787419,0.814778,0.882840,31.030752,31.030752,0.336189,0.606082,0.659832,0.682958,20.513990,33.381489,31.541708,0.831278,62.676806,
6,0.828515,0.835824,0.802311,0.822836,0.840893,26.740717,37.034451,0.390597,0.633330,0.680147,0.709372,21.803868,33.701136,32.105818,0.876103,59.059679,
7,0.972872,0.967497,0.959883,0.972096,0.980931,15.901076,26.740717,0.928109,0.980981,0.987343,0.990903,43.514516,64.146296,61.820620,0.998087,100.000000,
8,0.981687,0.972294,0.969258,0.977694,0.992255,15.901076,15.901076,0.919859,0.976166,0.984144,0.989072,42.895654,59.449272,58.684570,0.997743,100.000000,
