Frame,integer_adm2,integer_adm_scale0,integer_adm_scale1,integer_adm_scale2,integer_adm_scale3,integer_motion2,integer_motion,integer_vif_scale0,integer_vif_scale1,integer_vif_scale2,integer_vif_scale3,psnr_y,psnr_cb,psnr_cr,float_ssim,vmaf,
0,0.968464,0.965315,0.950769,0.957444,0.982127,0.000000,0.000000,0.910161,0.965880,0.974704,0.979509,39.899333,61.063054,59.219133,0.996308,87.646432,
1,0.828247,0.809205,0.812465,0.869239,0.814707,28.305254,29.954386,0.409742,0.640894,0.664239,0.675752,20.514775,42.447716,41.290509,0.853312,58.035746,
2,0.704247,0.771649,0.725455,0.691424,0.682468,28.305254,28.305254,0.319619,0.522497,0.545428,0.548263,17.650153,37.974059,36.719749,0.786045,31.890791,
3,0.907207,0.831349,0.861206,0.922233,0.936118,34.227451,34.227451,0.363050,0.628167,0.675398,0.704169,18.811428,44.847674,44.012389,0.854394,77.703887,
4,0.995845,0.986886,0.990147,0.996917,0.999774,31.030752,36.579582,0.949421,0.989849,0.993295,0.994848,43.752321,66.653960,64.294607,0.998698,100.000000,
5,0.992594,0.983799,0.985422,0.990612,0.999069,31.030752,31.030752,0.949780,0.990204,0.994095,0.996211,44.433655,68.819424,67.460669,0.998441,100.000000,
6,0.875153,0.861143,0.853275,0.872553,0.891376,26.740717,37.034451,0.483563,0.743890,0.788773,0.808344,25.076031,45.125602,45.284740,0.917904,75.908528,
7,0.839632,0.838013,0.820555,0.834868,0.851608,15.901076,26.740717,0.429767,0.668139,0.718620,0.745478,25.603278,44.614171,43.904422,0.906874,54.389309,
8,0.975906,0.969350,0.966342,0.969045,0.986222,15.901076,15.901076,0.906753,0.965028,0.974538,0.980190,41.180027,59.518877,58.543925,0.996375,100.000000,
