Frame,integer_adm2,integer_adm_scale0,integer_adm_scale1,integer_adm_scale2,integer_adm_scale3,integer_motion2,integer_motion,integer_vif_scale0,integer_vif_scale1,integer_vif_scale2,integer_vif_scale3,psnr_y,psnr_cb,psnr_cr,float_ssim,vmaf,
0,0.829524,0.821009,0.769278,0.777128,0.884298,0.000000,0.000000,0.463946,0.711122,0.751480,0.780376,21.688255,41.816530,37.116393,0.903568,38.564907,
1,0.970303,0.974187,0.958630,0.966464,0.976068,28.305254,29.954386,0.896120,0.952663,0.964481,0.972710,37.854722,57.784703,55.500341,0.993016,100.000000,
2,0.832229,0.801472,0.821677,0.868276,0.824008,28.305254,28.305254,0.417712,0.709916,0.735172,0.739200,21.082173,43.430778,41.766818,0.886503,63.275079,
3,0.707859,0.764786,0.729038,0.682036,0.699534,34.227451,34.227451,0.250924,0.441786,0.481936,0.511569,15.654887,42.327849,41.529224,0.751125,37.316001,
4,0.793370,0.807663,0.778050,0.790045,0.797044,31.030752,36.579582,0.352145,0.607666,0.650596,0.674654,17.846658,42.555288,41.063692,0.840048,54.012045,
5,0.986740,0.976287,0.976746,0.982529,0.996043,31.030752,31.030752,0.919056,0.983314,0.989935,0.993567,42.550606,64.439943,62.145502,0.997215,100.000000,
6,0.976761,0.961954,0.966299,0.971130,0.990345,26.740717,37.034451,0.913872,0.980049,0.987113,0.991833,43.064864,64.587410,63.045752,0.997673,100.000000,
7,0.723564,0.823567,0.728029,0.711551,0.693379,15.901076,26.740717,0.339892,0.538326,0.583707,0.618004,20.061176,35.445092,33.589075,0.822937,26.723173,
8,0.633777,0.794781,0.670629,0.641876,0.560913,15.901076,15.901076,0.285715,0.432027,0.464475,0.497499,17.952514,34.397793,33.498919,0.770246,10.915739,
