Frame,integer_adm2,integer_adm_scale0,integer_adm_scale1,integer_adm_scale2,integer_adm_scale3,integer_motion2,integer_motion,integer_vif_scale0,integer_vif_scale1,integer_vif_scale2,integer_vif_scale3,psnr_y,psnr_cb,psnr_cr,float_ssim,vmaf,
0,0.438861,0.737434,0.499090,0.381757,0.368203,0.000000,0.000000,0.151024,0.213483,0.221073,0.211617,10.059141,30.097934,28.673833,0.538965,0.000000,
1,0.386141,0.681833,0.449190,0.369687,0.282372,28.305254,29.954386,0.110004,0.172411,0.183052,0.184600,13.561828,29.292625,28.716713,0.551551,7.835431,
2,0.409976,0.660543,0.429855,0.406462,0.325445,28.305254,28.305254,0.094982,0.149940,0.152339,0.150438,11.041933,24.686296,23.000648,0.518655,11.465096,
3,0.901532,0.833726,0.858261,0.913024,0.929294,34.227451,34.227451,0.354881,0.609180,0.657440,0.690944,18.507628,42.148361,40.751844,0.843780,75.722236,
4,0.996987,0.993415,0.993484,0.996337,0.999621,31.030752,36.579582,0.950370,0.989288,0.992780,0.994086,43.704509,65.342418,63.927483,0.998648,100.000000,
5,0.904895,0.833685,0.845798,0.888570,0.957860,31.030752,31.030752,0.469713,0.791456,0.842007,0.864381,24.814069,46.781588,45.674568,0.926641,89.555993,
6,0.989864,0.983975,0.986806,0.990718,0.992756,26.740717,37.034451,0.959567,0.987670,0.991596,0.994785,46.260995,66.985744,67.368115,0.998835,100.000000,
7,0.733287,0.819877,0.734871,0.733794,0.700870,15.901076,26.740717,0.374530,0.582897,0.635271,0.668607,21.724897,38.786285,37.153363,0.868446,30.527798,
8,0.619143,0.796176,0.663585,0.640986,0.529256,15.901076,15.901076,0.308399,0.476355,0.513994,0.534193,18.447574,33.975454,33.299014,0.786846,8.759104,
