Frame,integer_adm2,integer_adm_scale0,integer_adm_scale1,integer_adm_scale2,integer_adm_scale3,integer_motion2,integer_motion,integer_vif_scale0,integer_vif_scale1,integer_vif_scale2,integer_vif_scale3,psnr_y,psnr_cb,psnr_cr,float_ssim,vmaf,
0,0.840044,0.827506,0.788726,0.793218,0.889487,0.000000,0.000000,0.456668,0.702675,0.743004,0.772513,22.851582,41.958570,36.595488,0.912729,39.970146,
1,0.997829,0.997306,0.997731,0.996887,0.998610,28.305254,29.954386,0.977849,0.994624,0.996829,0.998001,47.628608,72.000000,70.398111,0.999165,100.000000,
2,0.842205,0.801810,0.816647,0.878550,0.842810,28.305254,28.305254,0.424330,0.718241,0.743012,0.747634,21.057407,43.222577,41.742046,0.890480,65.757043,
3,0.322085,0.630536,0.377749,0.293943,0.234015,34.227451,34.227451,0.056845,0.091836,0.093064,0.087521,14.859115,29.103444,27.861897,0.533759,16.372901,
4,0.328581,0.641297,0.399618,0.288080,0.240441,31.030752,36.579582,0.066146,0.112633,0.111699,0.110111,13.280562,26.008758,23.986413,0.495703,12.342468,
5,0.434381,0.717152,0.517416,0.385735,0.345776,31.030752,31.030752,0.091134,0.153933,0.157063,0.147215,14.463009,27.772085,25.712013,0.524647,14.995195,
6,0.511621,0.770555,0.577836,0.481708,0.408806,26.740717,37.034451,0.119568,0.244651,0.289780,0.310253,13.817789,28.476112,26.019156,0.590067,11.354697,
7,0.536413,0.777200,0.645757,0.519428,0.413320,15.901076,26.740717,0.112751,0.210721,0.240746,0.259451,11.906900,28.174735,25.384702,0.572550,7.332029,
8,0.531893,0.775491,0.611919,0.448675,0.472601,15.901076,15.901076,0.136383,0.232133,0.244808,0.235808,11.489545,28.061654,25.686285,0.577013,5.622298,
