Frame,integer_adm2,integer_adm_scale0,integer_adm_scale1,integer_adm_scale2,integer_adm_scale3,integer_motion2,integer_motion,integer_vif_scale0,integer_vif_scale1,integer_vif_scale2,integer_vif_scale3,psnr_y,psnr_cb,psnr_cr,float_ssim,vmaf,
0,0.828615,0.821941,0.773813,0.767143,0.886371,0.000000,0.000000,0.466792,0.715646,0.756305,0.784666,22.675680,42.118230,36.810313,0.909843,38.730581,
1,0.976024,0.978463,0.967130,0.972059,0.981221,28.305254,29.954386,0.914296,0.964023,0.973884,0.980849,39.234438,60.076247,57.661365,0.994967,100.000000,
2,0.832397,0.801533,0.820485,0.871064,0.823146,28.305254,28.305254,0.419295,0.711657,0.736981,0.740939,21.073596,43.302306,41.592959,0.886151,63.445333,
3,0.994061,0.984877,0.988209,0.994280,0.998594,34.227451,34.227451,0.939321,0.983586,0.988737,0.991647,41.198155,64.140498,61.863120,0.997243,100.000000,
4,0.990455,0.979985,0.983098,0.991342,0.995514,31.030752,36.579582,0.935241,0.986463,0.991060,0.993606,43.022135,62.474066,59.951573,0.998142,100.000000,
5,0.907599,0.832832,0.848726,0.896454,0.958610,31.030752,31.030752,0.478210,0.801599,0.854868,0.882425,25.122152,48.244932,47.266274,0.930689,91.739498,
6,0.983474,0.975355,0.975159,0.981052,0.991597,26.740717,37.034451,0.947510,0.984119,0.989598,0.993398,44.413113,65.457577,63.404780,0.998483,100.000000,
7,0.771456,0.829645,0.758404,0.747007,0.772257,15.901076,26.740717,0.408666,0.630510,0.684786,0.722044,22.963047,39.890119,37.279364,0.879949,40.125557,
8,0.657384,0.804291,0.686738,0.676760,0.584991,15.901076,15.901076,0.342171,0.534069,0.578594,0.604231,20.309695,36.245656,35.280154,0.838914,15.737914,
