Frame,integer_adm2,integer_adm_scale0,integer_adm_scale1,integer_adm_scale2,integer_adm_scale3,integer_motion2,integer_motion,integer_vif_scale0,integer_vif_scale1,integer_vif_scale2,integer_vif_scale3,psnr_y,psnr_cb,psnr_cr,float_ssim,vmaf,
0,0.965847,0.961729,0.948810,0.953950,0.980074,0.000000,0.000000,0.907848,0.966443,0.975405,0.980362,39.640597,60.367267,57.471121,0.996521,87.181085,
1,0.825549,0.807693,0.810344,0.866656,0.811354,28.305254,29.954386,0.409510,0.639456,0.663070,0.674386,20.509641,42.363496,41.080269,0.852593,57.479866,
2,0.703013,0.770208,0.721110,0.691956,0.681457,28.305254,28.305254,0.320403,0.523372,0.546658,0.549791,17.661433,37.963983,36.674361,0.785455,31.757151,
3,0.571734,0.702302,0.611585,0.590211,0.510805,34.227451,34.227451,0.228737,0.389571,0.417435,0.439176,17.916616,44.522879,44.365779,0.760860,19.474171,
4,0.599399,0.717152,0.634375,0.608226,0.549515,31.030752,36.579582,0.275355,0.479317,0.511242,0.527831,17.591196,43.114092,43.071768,0.810295,19.784762,
5,0.766917,0.769448,0.717148,0.783864,0.775393,31.030752,31.030752,0.384590,0.644758,0.681726,0.710210,20.541019,45.429979,45.021096,0.867096,51.634000,
6,0.969966,0.957158,0.958188,0.966588,0.981911,26.740717,37.034451,0.908654,0.974405,0.984067,0.989114,43.669886,61.512232,59.925504,0.997633,100.000000,
7,0.975243,0.970556,0.963494,0.972904,0.983560,15.901076,26.740717,0.936133,0.983549,0.989152,0.991968,43.820901,66.365969,63.271461,0.998452,100.000000,
8,0.984730,0.975735,0.975072,0.980436,0.994257,15.901076,15.901076,0.929699,0.980627,0.987641,0.991453,43.297913,60.375586,58.865618,0.998398,100.000000,
