Frame,integer_adm2,integer_adm_scale0,integer_adm_scale1,integer_adm_scale2,integer_adm_scale3,integer_motion2,integer_motion,integer_vif_scale0,integer_vif_scale1,integer_vif_scale2,integer_vif_scale3,psnr_y,psnr_cb,psnr_cr,float_ssim,vmaf,
0,0.985844,0.981721,0.975767,0.979929,0.994062,0.000000,0.000000,0.932096,0.981824,0.986899,0.990523,41.641472,65.900102,64.529579,0.998011,92.890463,
1,0.906091,0.824201,0.872501,0.926343,0.931378,28.305254,29.954386,0.485817,0.808224,0.840412,0.848456,26.649007,46.792590,44.669319,0.940919,87.038144,
2,0.984725,0.984293,0.978122,0.981814,0.989275,28.305254,28.305254,0.933206,0.977215,0.982773,0.985939,40.746916,61.931816,59.535872,0.996006,100.000000,
3,0.993414,0.992042,0.991217,0.991618,0.995641,34.227451,34.227451,0.949806,0.984486,0.988985,0.991912,42.617351,60.660201,58.230551,0.997956,100.000000,
4,0.861346,0.806814,0.830103,0.878193,0.878140,31.030752,36.579582,0.389669,0.703350,0.764482,0.802867,23.452626,39.039569,38.146984,0.880494,75.039862,
5,0.834542,0.817497,0.786781,0.808241,0.872638,31.030752,31.030752,0.322774,0.581060,0.634335,0.665420,20.304573,33.109665,31.362893,0.816169,60.476585,
6,0.800574,0.831107,0.790916,0.791521,0.799612,26.740717,37.034451,0.339676,0.572889,0.627559,0.658391,21.202286,33.665389,32.091900,0.852067,51.129683,
7,0.849122,0.840847,0.831625,0.843801,0.863200,15.901076,26.740717,0.451864,0.697030,0.747085,0.776204,27.883666,45.143594,43.781429,0.919150,58.582811,
8,0.981905,0.974499,0.972081,0.977534,0.991024,15.901076,15.901076,0.924269,0.975506,0.983650,0.989074,42.802280,59.448637,58.481111,0.997554,100.000000,
