Frame,integer_adm2,integer_adm_scale0,integer_adm_scale1,integer_adm_scale2,integer_adm_scale3,integer_motion2,integer_motion,integer_vif_scale0,integer_vif_scale1,integer_vif_scale2,integer_vif_scale3,psnr_y,psnr_cb,psnr_cr,float_ssim,vmaf,
0,0.964201,0.964090,0.947111,0.949617,0.978928,0.000000,0.000000,0.896216,0.958347,0.968635,0.974045,38.733036,59.772769,57.661281,0.995136,86.004058,
1,0.825366,0.808894,0.812140,0.870794,0.807296,28.305254,29.954386,0.408590,0.638585,0.662450,0.673275,20.507779,42.391914,41.133415,0.852418,57.383549,
2,0.702032,0.770242,0.724811,0.692058,0.677628,28.305254,28.305254,0.318611,0.519138,0.541948,0.544771,17.646770,38.099582,36.738457,0.785357,31.468218,
3,0.992627,0.987543,0.987483,0.991905,0.996328,34.227451,34.227451,0.939033,0.981250,0.986828,0.990128,41.110094,62.156616,59.634884,0.996973,100.000000,
4,0.883281,0.812411,0.842074,0.900183,0.908162,31.030752,36.579582,0.460065,0.810734,0.869687,0.903088,27.219734,44.932473,43.368411,0.937355,88.837722,
5,0.990913,0.983165,0.984488,0.988590,0.996984,31.030752,31.030752,0.947409,0.989102,0.993088,0.995883,44.017053,67.257905,65.754570,0.997979,100.000000,
6,0.987867,0.977251,0.980285,0.984307,0.997328,26.740717,37.034451,0.950575,0.987714,0.992417,0.995519,45.959497,68.307837,67.023700,0.998792,100.000000,
7,0.772926,0.832387,0.758429,0.753544,0.770514,15.901076,26.740717,0.420262,0.645899,0.698544,0.742180,23.536845,41.103339,38.313623,0.889477,41.609625,
8,0.667922,0.802921,0.701090,0.669506,0.609231,15.901076,15.901076,0.346135,0.538267,0.586424,0.613689,20.445861,36.417554,35.555387,0.840710,17.722082,
