Frame,integer_adm2,integer_adm_scale0,integer_adm_scale1,integer_adm_scale2,integer_adm_scale3,integer_motion2,integer_motion,integer_vif_scale0,integer_vif_scale1,integer_vif_scale2,integer_vif_scale3,psnr_y,psnr_cb,psnr_cr,float_ssim,vmaf,
0,0.438666,0.736933,0.521788,0.389595,0.355265,0.000000,0.000000,0.130434,0.203253,0.215620,0.201763,9.467950,29.222617,27.991266,0.443172,0.000000,
1,0.426830,0.735193,0.456021,0.380319,0.351108,28.305254,29.954386,0.100641,0.161266,0.171663,0.168922,12.608252,29.859581,29.087271,0.505953,11.464846,
2,0.385861,0.674660,0.425715,0.287678,0.339379,28.305254,28.305254,0.091290,0.154340,0.160690,0.158081,11.435459,25.365868,23.734141,0.508087,9.497279,
3,0.906910,0.835334,0.860119,0.921544,0.935176,34.227451,34.227451,0.351964,0.604756,0.648777,0.677034,18.781313,42.962983,42.066329,0.848083,75.767632,
4,0.996110,0.991974,0.993764,0.995836,0.998256,31.030752,36.579582,0.947959,0.987201,0.991618,0.993881,43.593236,61.792226,60.740536,0.998338,100.000000,
5,0.865489,0.838622,0.821658,0.857816,0.894482,31.030752,31.030752,0.388819,0.637982,0.683485,0.707127,21.090940,33.560413,31.763947,0.848630,68.706629,
6,0.768780,0.840114,0.789724,0.772397,0.731492,26.740717,37.034451,0.358355,0.559459,0.599232,0.609550,19.673039,32.588024,30.775259,0.819617,43.242580,
7,0.838962,0.834942,0.819477,0.830890,0.854185,15.901076,26.740717,0.417225,0.647943,0.695347,0.719919,25.755278,44.227674,43.080669,0.901435,52.398045,
8,0.983989,0.979514,0.977792,0.978574,0.991363,15.901076,15.901076,0.931848,0.975847,0.982725,0.986739,42.553042,60.580748,59.545789,0.997672,100.000000,
