Frame,integer_adm2,integer_adm_scale0,integer_adm_scale1,integer_adm_scale2,integer_adm_scale3,integer_motion2,integer_motion,integer_vif_scale0,integer_vif_scale1,integer_vif_scale2,integer_vif_scale3,psnr_y,psnr_cb,psnr_cr,float_ssim,vmaf,
0,0.969469,0.967439,0.955721,0.957710,0.981874,0.000000,0.000000,0.914671,0.969289,0.977427,0.981946,39.985100,60.894551,58.100083,0.996863,88.188829,
1,0.825948,0.808351,0.810959,0.869329,0.810178,28.305254,29.954386,0.409814,0.639757,0.663333,0.674940,20.504870,42.388381,41.056291,0.852833,57.582190,
2,0.705628,0.770971,0.721686,0.694916,0.685255,28.305254,28.305254,0.321144,0.523986,0.547320,0.550568,17.663907,38.006663,36.708734,0.786065,32.172252,
3,0.498670,0.640994,0.516595,0.534502,0.432591,34.227451,34.227451,0.220586,0.364340,0.385681,0.400984,17.360196,44.756690,44.549073,0.761164,12.010360,
4,0.556567,0.675996,0.554902,0.565594,0.519664,31.030752,36.579582,0.267004,0.457344,0.484807,0.497142,17.464556,42.855516,42.799340,0.804400,14.120043,
5,0.729002,0.770772,0.716710,0.779517,0.692504,31.030752,31.030752,0.381139,0.627706,0.656285,0.672424,20.678587,45.115551,44.545508,0.873995,43.198477,
6,0.974857,0.962031,0.965933,0.971294,0.985700,26.740717,37.034451,0.924477,0.979740,0.987760,0.991995,44.615461,63.277279,61.530230,0.998219,100.000000,
7,0.976035,0.972784,0.964582,0.970540,0.985804,15.901076,26.740717,0.938681,0.980385,0.985454,0.988360,43.142269,63.114278,60.881998,0.998172,100.000000,
8,0.777112,0.822325,0.759118,0.775824,0.770172,15.901076,15.901076,0.442265,0.658808,0.695612,0.717397,24.203054,37.667315,38.057388,0.894593,40.675802,
