Frame,integer_adm2,integer_adm_scale0,integer_adm_scale1,integer_adm_scale2,integer_adm_scale3,integer_motion2,integer_motion,integer_vif_scale0,integer_vif_scale1,integer_vif_scale2,integer_vif_scale3,psnr_y,psnr_cb,psnr_cr,float_ssim,vmaf,
0,0.836245,0.824896,0.780576,0.784245,0.889968,0.000000,0.000000,0.455935,0.701950,0.741524,0.770808,21.640551,41.238032,36.840603,0.900263,39.115993,
1,0.983758,0.983214,0.977164,0.982326,0.987386,28.305254,29.954386,0.940316,0.979314,0.985665,0.989987,41.935292,62.894991,60.587424,0.997690,100.000000,
2,0.836967,0.802333,0.820008,0.880716,0.827796,28.305254,28.305254,0.421147,0.715888,0.741295,0.745229,21.101303,43.272641,41.559249,0.887683,64.616042,
3,0.723529,0.766767,0.738518,0.711992,0.712928,34.227451,34.227451,0.275897,0.483399,0.519158,0.542035,15.719590,46.617162,45.665237,0.772770,39.955576,
4,0.810071,0.807904,0.785850,0.810166,0.819562,31.030752,36.579582,0.363673,0.626798,0.665030,0.680864,17.705411,41.476453,40.274611,0.848195,57.243125,
5,0.987424,0.981294,0.978414,0.982595,0.995409,31.030752,31.030752,0.937507,0.983263,0.989362,0.993064,42.825892,62.172151,60.354584,0.997660,100.000000,
6,0.886114,0.853174,0.847632,0.885803,0.914856,26.740717,37.034451,0.501701,0.777540,0.824803,0.850776,27.157470,46.076018,45.167448,0.937589,81.873324,
7,0.975648,0.974880,0.965771,0.971488,0.982949,15.901076,26.740717,0.940270,0.979008,0.984099,0.986764,43.078300,63.821643,61.553968,0.997988,100.000000,
8,0.775198,0.824101,0.759744,0.781817,0.761013,15.901076,15.901076,0.432915,0.656364,0.697286,0.725950,23.866835,38.205033,38.516233,0.888198,40.896413,
