Frame,integer_adm2,integer_adm_scale0,integer_adm_scale1,integer_adm_scale2,integer_adm_scale3,integer_motion2,integer_motion,integer_vif_scale0,integer_vif_scale1,integer_vif_scale2,integer_vif_scale3,psnr_y,psnr_cb,psnr_cr,float_ssim,vmaf,
0,0.832365,0.826954,0.776160,0.772326,0.889407,0.000000,0.000000,0.468808,0.718864,0.759313,0.787503,22.703767,42.136692,36.806131,0.910266,39.660555,
1,0.979430,0.980861,0.971449,0.975394,0.984618,28.305254,29.954386,0.922315,0.969282,0.978283,0.984692,39.971207,61.250930,58.558117,0.995832,100.000000,
2,0.833910,0.801800,0.823973,0.872163,0.824517,28.305254,28.305254,0.420454,0.714105,0.739537,0.743935,21.084459,43.302235,41.579486,0.886999,63.946995,
3,0.994468,0.993414,0.992720,0.993055,0.996221,34.227451,34.227451,0.954801,0.985395,0.989835,0.992602,42.063685,64.106796,62.153184,0.997843,100.000000,
4,0.858797,0.805359,0.832289,0.877470,0.872509,31.030752,36.579582,0.434462,0.773113,0.832538,0.869063,24.609739,43.849938,42.243111,0.914226,80.658105,
5,0.872136,0.817111,0.812591,0.849117,0.924216,31.030752,31.030752,0.446379,0.765525,0.816902,0.847314,23.132184,46.442671,45.115658,0.906936,81.354044,
6,0.983558,0.975087,0.976112,0.979518,0.992499,26.740717,37.034451,0.951304,0.985162,0.990464,0.994113,44.758638,65.614020,62.536923,0.998580,100.000000,
7,0.773294,0.830710,0.761582,0.755105,0.769630,15.901076,26.740717,0.411234,0.634151,0.685535,0.727895,23.040597,39.491182,36.676471,0.877810,40.742390,
8,0.653241,0.801977,0.686549,0.668649,0.581192,15.901076,15.901076,0.343646,0.535953,0.583055,0.610408,20.554328,36.029849,35.134726,0.841122,15.363927,
