Frame,integer_adm2,integer_adm_scale0,integer_adm_scale1,integer_adm_scale2,integer_adm_scale3,integer_motion2,integer_motion,integer_vif_scale0,integer_vif_scale1,integer_vif_scale2,integer_vif_scale3,psnr_y,psnr_cb,psnr_cr,float_ssim,vmaf,
0,0.980141,0.969040,0.968049,0.971280,0.992777,0.000000,0.000000,0.917603,0.979636,0.985158,0.988199,40.150870,64.249522,60.897650,0.997734,91.378833,
1,0.989129,0.978342,0.984632,0.989115,0.994153,28.305254,29.954386,0.931630,0.987441,0.992373,0.995057,43.964501,61.209614,59.606298,0.998247,100.000000,
2,0.844300,0.801402,0.819323,0.881123,0.845167,28.305254,28.305254,0.419395,0.714872,0.740971,0.745223,20.866575,42.804551,41.250175,0.889229,65.952518,
3,0.562791,0.701980,0.601231,0.575700,0.503271,34.227451,34.227451,0.198740,0.346894,0.373616,0.396091,17.802774,37.551902,36.393515,0.737459,19.201409,
4,0.597319,0.715396,0.626767,0.599518,0.553149,31.030752,36.579582,0.260553,0.453886,0.485137,0.504535,15.264029,40.934965,40.031261,0.784400,19.413670,
5,0.753667,0.757410,0.698233,0.767081,0.765926,31.030752,31.030752,0.378947,0.629021,0.665251,0.694285,20.429360,44.542076,44.376395,0.860061,48.454757,
6,0.961538,0.944141,0.942743,0.955819,0.979712,26.740717,37.034451,0.896094,0.966082,0.977378,0.983822,42.243103,60.638198,58.282537,0.997020,100.000000,
7,0.847458,0.834412,0.813439,0.854738,0.861993,15.901076,26.740717,0.448877,0.698767,0.740961,0.767160,27.142030,42.307321,42.315117,0.906049,57.498382,
8,0.977903,0.968246,0.966107,0.972519,0.989189,15.901076,15.901076,0.915251,0.972409,0.981219,0.986366,41.912680,60.167008,58.582897,0.997494,100.000000,
