Frame,integer_adm2,integer_adm_scale0,integer_adm_scale1,integer_adm_scale2,integer_adm_scale3,integer_motion2,integer_motion,integer_vif_scale0,integer_vif_scale1,integer_vif_scale2,integer_vif_scale3,psnr_y,psnr_cb,psnr_cr,float_ssim,vmaf,
0,0.454092,0.744560,0.545538,0.401105,0.372285,0.000000,0.000000,0.128358,0.196435,0.210952,0.203306,9.916894,29.812006,28.797710,0.473087,0.000000,
1,0.425343,0.718888,0.455723,0.392899,0.344901,28.305254,29.954386,0.099164,0.160649,0.174170,0.175883,13.752501,30.568993,29.729353,0.527429,11.295185,
2,0.391512,0.666319,0.429709,0.299407,0.346361,28.305254,28.305254,0.091250,0.153497,0.161995,0.152972,11.380865,23.053302,21.326018,0.503272,9.903435,
3,0.737338,0.773796,0.757938,0.733341,0.722131,34.227451,34.227451,0.279749,0.499614,0.537575,0.559491,15.884053,45.319988,44.748067,0.782414,42.465041,
4,0.814239,0.813474,0.799399,0.807672,0.823660,31.030752,36.579582,0.368415,0.639026,0.677141,0.689634,17.794859,41.012389,39.671560,0.855312,58.541648,
5,0.988683,0.984300,0.982357,0.983462,0.995350,31.030752,31.030752,0.927012,0.981353,0.988428,0.992415,42.392081,60.007071,58.570023,0.997135,100.000000,
6,0.883551,0.865978,0.860669,0.892511,0.893898,26.740717,37.034451,0.506219,0.764411,0.806303,0.827401,26.685045,45.736075,44.765097,0.935043,79.308609,
7,0.978106,0.973830,0.966787,0.978713,0.984127,15.901076,26.740717,0.942975,0.986814,0.991289,0.993281,45.162402,67.709779,65.032756,0.998837,100.000000,
8,0.984437,0.973923,0.973996,0.981315,0.994032,15.901076,15.901076,0.925495,0.980265,0.987171,0.991332,43.487371,60.520554,59.469374,0.998255,100.000000,
