Frame,integer_adm2,integer_adm_scale0,integer_adm_scale1,integer_adm_scale2,integer_adm_scale3,integer_motion2,integer_motion,integer_vif_scale0,integer_vif_scale1,integer_vif_scale2,integer_vif_scale3,psnr_y,psnr_cb,psnr_cr,float_ssim,vmaf,
0,0.852432,0.834890,0.787169,0.813775,0.903303,0.000000,0.000000,0.460294,0.708638,0.749880,0.778565,22.813419,42.211239,36.692537,0.915747,42.817204,
1,0.990407,0.981165,0.985498,0.990832,0.994851,28.305254,29.954386,0.933471,0.985145,0.990348,0.993864,41.877448,66.564854,64.115894,0.997802,100.000000,
2,0.981683,0.976663,0.973746,0.980460,0.987173,28.305254,28.305254,0.924218,0.975641,0.982090,0.986050,40.188151,63.225795,60.616305,0.996022,100.000000,
3,0.499200,0.641727,0.517104,0.530400,0.435760,34.227451,34.227451,0.221030,0.365036,0.385966,0.400499,17.372336,44.719936,44.471727,0.762089,12.030189,
4,0.556039,0.673281,0.546384,0.565848,0.522241,31.030752,36.579582,0.266739,0.457319,0.486180,0.500312,17.476475,42.969145,42.820539,0.804908,14.143507,
5,0.725066,0.764892,0.709046,0.771647,0.692791,31.030752,31.030752,0.380827,0.627272,0.656806,0.673872,20.686141,45.137452,44.510528,0.874777,42.648924,
6,0.959447,0.943820,0.943029,0.951179,0.977632,26.740717,37.034451,0.901955,0.964580,0.975003,0.981670,40.216529,62.008819,59.366918,0.996533,100.000000,
7,0.973151,0.969887,0.960475,0.968092,0.983161,15.901076,26.740717,0.932881,0.976854,0.982648,0.986114,42.303566,62.352999,59.846344,0.997660,100.000000,
8,0.773085,0.822939,0.760262,0.777379,0.759017,15.901076,15.901076,0.443955,0.661252,0.698735,0.719362,24.161084,37.669521,38.071574,0.895437,40.095034,
