Frame,integer_adm2,integer_adm_scale0,integer_adm_scale1,integer_adm_scale2,integer_adm_scale3,integer_motion2,integer_motion,integer_vif_scale0,integer_vif_scale1,integer_vif_scale2,integer_vif_scale3,psnr_y,psnr_cb,psnr_cr,float_ssim,vmaf,
0,0.434739,0.734846,0.504279,0.386518,0.355087,0.000000,0.000000,0.151121,0.215897,0.223193,0.218725,10.019773,29.964118,28.614891,0.532789,0.000000,
1,0.384730,0.678322,0.430720,0.354859,0.296585,28.305254,29.954386,0.108903,0.171713,0.179484,0.186095,13.156800,29.636201,28.740240,0.557107,7.854037,
2,0.383369,0.661649,0.428431,0.316435,0.318965,28.305254,28.305254,0.097301,0.155877,0.160814,0.154532,11.190506,23.246931,21.424614,0.526545,9.263033,
3,0.710991,0.765511,0.732592,0.688094,0.701469,34.227451,34.227451,0.254092,0.446245,0.485168,0.513061,15.687494,41.018235,40.029794,0.756730,37.720610,
4,0.793753,0.807571,0.781019,0.789508,0.797120,31.030752,36.579582,0.354043,0.609547,0.651303,0.673804,17.839636,43.062305,41.550947,0.840797,54.028344,
5,0.989157,0.979202,0.980927,0.986454,0.996788,31.030752,31.030752,0.925204,0.986328,0.991998,0.994744,43.349055,66.251415,64.269887,0.997693,100.000000,
6,0.983673,0.969249,0.976328,0.982043,0.993144,26.740717,37.034451,0.923740,0.984348,0.990122,0.993899,44.761356,65.711952,65.612708,0.998160,100.000000,
7,0.713850,0.818032,0.729329,0.702829,0.676746,15.901076,26.740717,0.347856,0.541729,0.585503,0.618247,19.926723,35.294503,33.937628,0.833437,25.081558,
8,0.618443,0.798431,0.668905,0.623419,0.535897,15.901076,15.901076,0.289660,0.436825,0.466353,0.494047,18.252041,33.520300,32.732791,0.781556,8.570169,
