Frame,integer_adm2,integer_adm_scale0,integer_adm_scale1,integer_adm_scale2,integer_adm_scale3,integer_motion2,integer_motion,integer_vif_scale0,integer_vif_scale1,integer_vif_scale2,integer_vif_scale3,psnr_y,psnr_cb,psnr_cr,float_ssim,vmaf,
0,0.968131,0.965344,0.954193,0.955276,0.981468,0.000000,0.000000,0.925536,0.972413,0.979815,0.984269,41.044670,59.809297,56.974243,0.997713,88.202234,
1,0.830064,0.809358,0.811316,0.870657,0.818432,28.305254,29.954386,0.415931,0.654445,0.679985,0.693067,20.558611,42.410454,41.130301,0.857300,59.495902,
2,0.710389,0.774405,0.728514,0.699225,0.689887,28.305254,28.305254,0.324336,0.529896,0.554016,0.557082,17.640746,37.948218,36.623073,0.789045,33.084581,
3,0.471025,0.648938,0.481512,0.488637,0.408597,34.227451,34.227451,0.206869,0.334128,0.356136,0.370993,17.128083,41.313037,40.534509,0.742062,10.282796,
4,0.508235,0.672333,0.512687,0.526024,0.451984,31.030752,36.579582,0.201961,0.347482,0.373243,0.386246,16.623379,36.971905,36.332508,0.744346,10.486058,
5,0.645537,0.756896,0.670437,0.674874,0.586107,31.030752,31.030752,0.232968,0.403916,0.432083,0.445172,18.145225,31.732985,29.073903,0.742555,25.274134,
6,0.795377,0.830360,0.787412,0.791219,0.788853,26.740717,37.034451,0.330082,0.559256,0.610034,0.642845,20.393232,33.081831,31.283542,0.832252,49.374114,
7,0.969688,0.971138,0.957487,0.958670,0.981753,15.901076,26.740717,0.932643,0.972601,0.980579,0.985045,43.187755,57.869492,55.470710,0.997708,100.000000,
8,0.765506,0.819783,0.758616,0.765484,0.750360,15.901076,15.901076,0.417346,0.630300,0.669554,0.691926,24.543995,37.066151,37.155898,0.885167,37.068303,
