Frame,integer_adm2,integer_adm_scale0,integer_adm_scale1,integer_adm_scale2,integer_adm_scale3,integer_motion2,integer_motion,integer_vif_scale0,integer_vif_scale1,integer_vif_scale2,integer_vif_scale3,psnr_y,psnr_cb,psnr_cr,float_ssim,vmaf,
0,0.747039,0.806358,0.704213,0.700713,0.773096,0.000000,0.000000,0.362592,0.554195,0.587908,0.607064,17.881122,36.984824,32.564930,0.816616,14.792879,
1,0.835718,0.808510,0.806563,0.815515,0.867866,28.305254,29.954386,0.398360,0.668102,0.702796,0.723920,18.746804,37.917211,33.236114,0.849482,62.538698,
2,0.979154,0.986390,0.970305,0.972715,0.984352,28.305254,28.305254,0.921755,0.961948,0.970475,0.976322,38.302145,57.566867,56.460126,0.993199,100.000000,
3,0.461109,0.635759,0.479767,0.478878,0.396452,34.227451,34.227451,0.181954,0.300005,0.321228,0.330178,17.839285,38.765244,37.707807,0.726360,10.672431,
4,0.524220,0.675697,0.535550,0.529567,0.475904,31.030752,36.579582,0.246254,0.412916,0.435794,0.444286,18.152647,38.901518,37.415760,0.782638,10.578529,
5,0.706082,0.765200,0.686796,0.740407,0.676209,31.030752,31.030752,0.374814,0.605053,0.631226,0.641925,21.332393,42.138703,41.059007,0.868605,38.036585,
6,0.966530,0.957314,0.948022,0.959618,0.982396,26.740717,37.034451,0.912492,0.959925,0.969555,0.976330,39.859164,60.543601,57.876688,0.996039,100.000000,
7,0.719685,0.813889,0.720100,0.724530,0.682123,15.901076,26.740717,0.326391,0.518139,0.560954,0.593098,19.640806,33.855757,31.701214,0.805403,25.229100,
8,0.594296,0.795045,0.655634,0.588742,0.507266,15.901076,15.901076,0.274864,0.417373,0.452523,0.471690,18.191623,34.290196,33.531658,0.772798,5.503782,
