Frame,integer_adm2,integer_adm_scale0,integer_adm_scale1,integer_adm_scale2,integer_adm_scale3,integer_motion2,integer_motion,integer_vif_scale0,integer_vif_scale1,integer_vif_scale2,integer_vif_scale3,psnr_y,psnr_cb,psnr_cr,float_ssim,vmaf,
0,0.982840,0.980300,0.973507,0.973156,0.992601,0.000000,0.000000,0.930360,0.980375,0.985636,0.989217,41.201475,65.108710,63.997273,0.997903,92.071757,
1,0.908093,0.824925,0.872588,0.929564,0.933755,28.305254,29.954386,0.484836,0.806751,0.839388,0.848142,26.677250,46.938075,45.050302,0.940794,87.371438,
2,0.983841,0.984168,0.975840,0.981826,0.988161,28.305254,28.305254,0.932865,0.976756,0.982778,0.986210,40.125692,62.110809,60.038213,0.995825,100.000000,
3,0.722421,0.766347,0.737790,0.708635,0.712798,34.227451,34.227451,0.274812,0.481509,0.517732,0.541303,15.710540,46.110085,44.656396,0.771976,39.795077,
4,0.810672,0.808018,0.785145,0.813252,0.819369,31.030752,36.579582,0.363107,0.626713,0.665331,0.681341,17.704666,41.464289,40.257401,0.847943,57.375938,
5,0.986605,0.980447,0.977944,0.981209,0.994789,31.030752,31.030752,0.930586,0.981442,0.988325,0.992297,42.687734,61.398315,59.459248,0.997319,100.000000,
6,0.881043,0.844610,0.837106,0.857010,0.929006,26.740717,37.034451,0.506207,0.777323,0.821346,0.842380,25.964319,45.568139,45.201351,0.930890,80.238364,
7,0.973408,0.973728,0.962331,0.966471,0.982682,15.901076,26.740717,0.937830,0.976965,0.982412,0.985349,42.666463,63.226855,60.842108,0.997818,100.000000,
8,0.777652,0.822814,0.761189,0.780196,0.767689,15.901076,15.901076,0.430767,0.656523,0.698711,0.725236,23.911244,38.185551,38.525370,0.885754,41.333772,
