Frame,integer_adm2,integer_adm_scale0,integer_adm_scale1,integer_adm_scale2,integer_adm_scale3,integer_motion2,integer_motion,integer_vif_scale0,integer_vif_scale1,integer_vif_scale2,integer_vif_scale3,psnr_y,psnr_cb,psnr_cr,float_ssim,vmaf,
0,0.827707,0.819504,0.771672,0.775217,0.880971,0.000000,0.000000,0.453098,0.699659,0.741113,0.771016,22.798769,41.897782,36.524932,0.912056,37.550148,
1,0.979705,0.979701,0.970996,0.978101,0.984101,28.305254,29.954386,0.932163,0.975258,0.982721,0.987392,41.261856,60.897030,57.694033,0.997313,100.000000,
2,0.834680,0.801555,0.816780,0.874202,0.828000,28.305254,28.305254,0.422900,0.719619,0.746010,0.751265,21.124462,43.240421,41.427499,0.888685,64.655012,
3,0.994485,0.992854,0.992222,0.992882,0.996694,34.227451,34.227451,0.954041,0.986096,0.990165,0.992653,42.867962,62.804042,61.338092,0.998215,100.000000,
4,0.866256,0.807422,0.832242,0.882732,0.885453,31.030752,36.579582,0.402877,0.729141,0.790051,0.823399,23.605370,39.852042,38.997679,0.898573,77.860564,
5,0.841151,0.815057,0.791797,0.815049,0.882450,31.030752,31.030752,0.333469,0.603789,0.657001,0.682020,20.357685,33.021894,31.228331,0.827374,62.663574,
6,0.822451,0.829450,0.796816,0.804277,0.842914,26.740717,37.034451,0.367206,0.607245,0.654611,0.680023,20.696527,32.251865,30.499865,0.850210,56.117470,
7,0.972451,0.966710,0.958917,0.973480,0.979677,15.901076,26.740717,0.927970,0.981136,0.987506,0.991102,43.436488,64.161296,61.841267,0.998029,100.000000,
8,0.981842,0.972324,0.969243,0.978231,0.992276,15.901076,15.901076,0.918624,0.975927,0.983891,0.989059,42.778526,59.489377,58.807637,0.997674,100.000000,
