Frame,integer_adm2,integer_adm_scale0,integer_adm_scale1,integer_adm_scale2,integer_adm_scale3,integer_motion2,integer_motion,integer_vif_scale0,integer_vif_scale1,integer_vif_scale2,integer_vif_scale3,psnr_y,psnr_cb,psnr_cr,float_ssim,vmaf,
0,0.853768,0.832399,0.789126,0.816381,0.904735,0.000000,0.000000,0.461521,0.709271,0.749000,0.777040,21.711393,41.418878,36.892445,0.903076,42.938737,
1,0.991652,0.981859,0.987305,0.992638,0.995696,28.305254,29.954386,0.935813,0.986731,0.991808,0.994852,42.824046,67.074093,64.559119,0.998138,100.000000,
2,0.983068,0.977484,0.974006,0.981404,0.989455,28.305254,28.305254,0.924866,0.975665,0.981883,0.985888,40.055166,63.484080,61.271060,0.995845,100.000000,
3,0.730629,0.774199,0.753738,0.720356,0.716201,34.227451,34.227451,0.259709,0.465243,0.501831,0.526252,15.849268,42.860552,42.274898,0.770032,40.641849,
4,0.813134,0.813842,0.791650,0.804622,0.825715,31.030752,36.579582,0.358528,0.619835,0.657644,0.673125,17.817521,40.468683,38.890136,0.846056,57.287683,
5,0.981921,0.975621,0.971385,0.974449,0.992034,31.030752,31.030752,0.916984,0.974458,0.983312,0.988831,41.670120,60.470006,58.576092,0.996684,100.000000,
6,0.841982,0.840503,0.816256,0.826248,0.863954,26.740717,37.034451,0.468224,0.716436,0.760760,0.780031,24.483872,44.772236,44.383488,0.904412,67.149654,
7,0.842302,0.838317,0.818415,0.843979,0.852919,15.901076,26.740717,0.419999,0.665220,0.718805,0.748780,26.499229,42.770645,42.590782,0.899901,55.137518,
8,0.979034,0.970677,0.968805,0.974960,0.988438,15.901076,15.901076,0.918673,0.972557,0.980659,0.985603,42.089886,60.491574,59.433118,0.997231,100.000000,
