Frame,integer_adm2,integer_adm_scale0,integer_adm_scale1,integer_adm_scale2,integer_adm_scale3,integer_motion2,integer_motion,integer_vif_scale0,integer_vif_scale1,integer_vif_scale2,integer_vif_scale3,psnr_y,psnr_cb,psnr_cr,float_ssim,vmaf,
0,0.996577,0.985879,0.988321,0.996759,1.003018,0.000000,0.000000,0.942921,0.987637,0.991932,0.994426,42.546463,64.953822,62.616467,0.998501,95.788843,
1,0.992812,0.983876,0.988898,0.992955,0.996648,21.994516,21.994516,0.939417,0.987537,0.992765,0.995138,43.169764,63.505829,60.890038,0.998577,100.000000,
2,0.986540,0.979604,0.974046,0.986147,0.994004,23.932884,23.932884,0.940028,0.986827,0.991537,0.994058,43.702189,66.845163,64.266422,0.999193,100.000000,
3,0.782960,0.796689,0.729971,0.756435,0.817445,21.735119,35.538799,0.459295,0.672622,0.727088,0.760185,27.230487,43.146792,40.230401,0.926390,50.307346,
4,0.671011,0.804461,0.670231,0.601831,0.665345,21.735119,21.735119,0.306837,0.491359,0.547763,0.581500,20.588241,35.606605,35.318887,0.844500,23.109568,
5,0.974889,0.978429,0.966163,0.973883,0.977945,26.486784,47.016842,0.939169,0.974670,0.981547,0.986030,41.075208,61.955373,59.088694,0.997426,100.000000,
6,0.783511,0.829227,0.777925,0.780672,0.772688,26.486784,26.486784,0.430759,0.669091,0.709841,0.730163,22.491660,41.261220,40.231614,0.903164,52.377992,
