Frame,integer_adm2,integer_adm_scale0,integer_adm_scale1,integer_adm_scale2,integer_adm_scale3,integer_motion2,integer_motion,integer_vif_scale0,integer_vif_scale1,integer_vif_scale2,integer_vif_scale3,psnr_y,psnr_cb,psnr_cr,float_ssim,vmaf,
0,0.997034,0.994126,0.992451,0.994373,1.001293,0.000000,0.000000,0.942772,0.981038,0.987340,0.991430,41.924422,62.373110,59.490530,0.997736,95.413108,
1,0.888018,0.816495,0.810535,0.889175,0.934794,21.994516,21.994516,0.450541,0.736442,0.794895,0.834913,25.262500,43.014194,40.946738,0.924198,76.568219,
2,0.978807,0.977588,0.966320,0.972611,0.987967,23.932884,23.932884,0.939119,0.976484,0.982977,0.987279,41.031177,63.454612,61.023570,0.997877,100.000000,
3,0.983738,0.972929,0.971718,0.985874,0.991384,21.735119,35.538799,0.945535,0.988896,0.992676,0.995547,46.160848,70.600972,67.212545,0.999075,100.000000,
4,0.976873,0.980365,0.977635,0.981815,0.972880,21.735119,21.735119,0.924726,0.972126,0.979318,0.983524,40.932235,65.238409,62.074764,0.998018,100.000000,
5,0.836061,0.810293,0.837084,0.815285,0.857972,26.486784,47.016842,0.393963,0.616819,0.658542,0.682356,19.236989,43.797202,42.153321,0.857858,58.476622,
6,0.986464,0.983320,0.979132,0.983988,0.991796,26.486784,26.486784,0.950528,0.985873,0.990909,0.994161,44.885983,64.557267,62.798138,0.999155,100.000000,
