Frame,integer_adm2,integer_adm_scale0,integer_adm_scale1,integer_adm_scale2,integer_adm_scale3,integer_motion2,integer_motion,integer_vif_scale0,integer_vif_scale1,integer_vif_scale2,integer_vif_scale3,psnr_y,psnr_cb,psnr_cr,float_ssim,vmaf,
0,0.716454,0.766056,0.667907,0.666145,0.749684,0.000000,0.000000,0.282170,0.458260,0.500317,0.536484,17.658940,35.740606,33.041738,0.760508,9.746515,
1,0.775494,0.794738,0.682565,0.795609,0.790894,21.994516,21.994516,0.283680,0.480022,0.534256,0.571382,18.369437,36.785263,34.313780,0.795708,39.381420,
2,0.981499,0.980950,0.970798,0.975231,0.989773,23.932884,23.932884,0.943386,0.978047,0.984402,0.988585,41.646045,63.861951,61.675594,0.998044,100.000000,
3,0.983573,0.973008,0.971407,0.985799,0.991134,21.735119,35.538799,0.945294,0.988630,0.992588,0.995410,45.974327,70.590229,67.142581,0.999049,100.000000,
4,0.976775,0.980375,0.977637,0.981754,0.972691,21.735119,21.735119,0.924627,0.971952,0.979001,0.983195,40.924186,65.654888,62.504740,0.998007,100.000000,
5,0.833749,0.810887,0.840621,0.819334,0.848068,26.486784,47.016842,0.395307,0.618049,0.660170,0.684954,19.251484,43.762544,42.054065,0.858374,58.226658,
6,0.975353,0.968091,0.961834,0.970443,0.985865,26.486784,26.486784,0.930078,0.978392,0.985754,0.990569,43.688844,64.844528,62.859356,0.998558,100.000000,
