Frame,integer_adm2,integer_adm_scale0,integer_adm_scale1,integer_adm_scale2,integer_adm_scale3,integer_motion2,integer_motion,integer_vif_scale0,integer_vif_scale1,integer_vif_scale2,integer_vif_scale3,psnr_y,psnr_cb,psnr_cr,float_ssim,vmaf,
0,0.921594,0.847648,0.853769,0.916279,0.974193,0.000000,0.000000,0.481521,0.787526,0.841968,0.870658,27.221167,48.380947,46.287196,0.942517,64.981369,
1,0.989814,0.986776,0.978744,0.989920,0.994479,21.994516,21.994516,0.932143,0.978872,0.986435,0.990769,41.912007,60.086083,57.618811,0.997687,100.000000,
2,0.979814,0.978817,0.969024,0.973635,0.988215,23.932884,23.932884,0.939725,0.976583,0.983149,0.987550,41.224533,63.529961,61.156540,0.997919,100.000000,
3,0.983613,0.972689,0.971348,0.985829,0.991354,21.735119,35.538799,0.945170,0.988792,0.992682,0.995552,46.112724,70.723482,67.310333,0.999069,100.000000,
4,0.976629,0.980311,0.977210,0.981459,0.972698,21.735119,21.735119,0.923615,0.971297,0.978635,0.982675,40.778124,65.333060,62.086396,0.997971,100.000000,
5,0.834503,0.808603,0.839395,0.819081,0.851273,26.486784,47.016842,0.396527,0.622890,0.665693,0.690495,19.339909,43.771023,42.110032,0.860573,58.721912,
6,0.984674,0.982956,0.978315,0.977960,0.991773,26.486784,26.486784,0.946987,0.984243,0.989505,0.993390,44.651058,65.118064,63.088087,0.998968,100.000000,
