Frame,integer_adm2,integer_adm_scale0,integer_adm_scale1,integer_adm_scale2,integer_adm_scale3,integer_motion2,integer_motion,integer_vif_scale0,integer_vif_scale1,integer_vif_scale2,integer_vif_scale3,psnr_y,psnr_cb,psnr_cr,float_ssim,vmaf,
0,0.996265,0.993358,0.991033,0.992506,1.001421,0.000000,0.000000,0.936463,0.977392,0.984368,0.989036,40.864807,60.631693,57.408826,0.997057,94.905083,
1,0.884349,0.815059,0.809202,0.885194,0.929850,21.994516,21.994516,0.447291,0.730893,0.789504,0.828246,24.938509,42.721194,40.755958,0.922107,75.256040,
2,0.978652,0.977033,0.965894,0.972352,0.988114,23.932884,23.932884,0.938171,0.976399,0.983019,0.987347,41.089294,63.565020,61.153250,0.997887,100.000000,
3,0.982255,0.971841,0.969990,0.984772,0.989621,21.735119,35.538799,0.944525,0.987808,0.991720,0.994771,45.680530,69.865929,66.625048,0.999014,100.000000,
4,0.976312,0.979631,0.976187,0.981164,0.972737,21.735119,21.735119,0.922517,0.971727,0.979170,0.983413,40.814252,64.886495,61.761746,0.997995,100.000000,
5,0.984631,0.973544,0.974919,0.984876,0.991908,26.486784,47.016842,0.929902,0.982026,0.987962,0.991035,42.143988,66.138028,63.905647,0.998078,100.000000,
6,0.986206,0.980522,0.981542,0.983590,0.991420,26.486784,26.486784,0.936885,0.986189,0.991237,0.993654,44.692552,64.929993,62.657854,0.998740,100.000000,
