Frame,integer_adm2,integer_adm_scale0,integer_adm_scale1,integer_adm_scale2,integer_adm_scale3,integer_motion2,integer_motion,integer_vif_scale0,integer_vif_scale1,integer_vif_scale2,integer_vif_scale3,psnr_y,psnr_cb,psnr_cr,float_ssim,vmaf,
0,0.998480,0.996457,0.995249,0.995381,1.002191,0.000000,0.000000,0.954239,0.985228,0.990113,0.993517,42.518726,64.210785,60.635528,0.998273,96.040968,
1,0.890351,0.817854,0.813946,0.903945,0.929917,21.994516,21.994516,0.449787,0.726139,0.778868,0.812587,23.468604,41.676343,38.452817,0.922029,75.104794,
2,0.753473,0.806739,0.732238,0.661913,0.800664,23.932884,23.932884,0.316450,0.518216,0.561453,0.568568,17.775059,31.948597,30.216085,0.771640,36.831982,
3,0.658543,0.815049,0.684582,0.580212,0.640984,21.735119,35.538799,0.285523,0.445811,0.505751,0.545045,19.176706,35.179251,33.570917,0.816042,20.876528,
4,0.533711,0.801641,0.584851,0.383175,0.509713,21.735119,21.735119,0.195163,0.354035,0.421754,0.471407,18.377247,34.997909,33.568641,0.812120,6.000388,
5,0.820940,0.803155,0.823554,0.801316,0.838882,26.486784,47.016842,0.389856,0.604529,0.643148,0.666006,19.287961,42.819779,41.853468,0.856381,54.775767,
6,0.986614,0.985360,0.981442,0.985242,0.989835,26.486784,26.486784,0.951012,0.985501,0.990346,0.993400,44.824354,62.117373,60.462947,0.999152,100.000000,
