Frame,integer_adm2,integer_adm_scale0,integer_adm_scale1,integer_adm_scale2,integer_adm_scale3,integer_motion2,integer_motion,integer_vif_scale0,integer_vif_scale1,integer_vif_scale2,integer_vif_scale3,psnr_y,psnr_cb,psnr_cr,float_ssim,vmaf,
0,0.997094,0.985618,0.988514,0.996601,1.004299,0.000000,0.000000,0.933412,0.984071,0.989710,0.992862,41.152080,64.859060,62.883920,0.997728,95.657918,
1,0.991168,0.981904,0.986236,0.990242,0.996063,21.994516,21.994516,0.930939,0.983793,0.990033,0.993363,42.138298,62.123830,59.465613,0.998054,100.000000,
2,0.978243,0.975384,0.964551,0.972106,0.988376,23.932884,23.932884,0.935654,0.976295,0.983085,0.987444,41.120083,63.417580,60.992221,0.997873,100.000000,
3,0.982103,0.971445,0.969625,0.984606,0.989656,21.735119,35.538799,0.944124,0.987785,0.991720,0.994838,45.690764,69.856160,66.645300,0.999015,100.000000,
4,0.976129,0.979568,0.975753,0.980815,0.972694,21.735119,21.735119,0.921894,0.971225,0.978717,0.983089,40.748009,64.743067,61.640975,0.997961,100.000000,
5,0.982404,0.972442,0.972439,0.981353,0.990301,26.486784,47.016842,0.927358,0.980402,0.986607,0.990014,41.738224,64.917010,62.597688,0.997831,100.000000,
6,0.985304,0.979217,0.980240,0.981763,0.991368,26.486784,26.486784,0.936244,0.985732,0.990986,0.993668,44.642226,64.918574,62.682369,0.998715,100.000000,
