Frame,integer_adm2,integer_adm_scale0,integer_adm_scale1,integer_adm_scale2,integer_adm_scale3,integer_motion2,integer_motion,integer_vif_scale0,integer_vif_scale1,integer_vif_scale2,integer_vif_scale3,psnr_y,psnr_cb,psnr_cr,float_ssim,vmaf,
0,0.995866,0.985893,0.988326,0.996718,1.001410,0.000000,0.000000,0.947457,0.990689,0.994497,0.996450,44.609436,65.785036,63.618559,0.999080,95.926502,
1,0.994017,0.985810,0.990255,0.994848,0.997196,21.994516,21.994516,0.943350,0.988264,0.992849,0.994921,43.260228,63.430894,61.056617,0.998645,100.000000,
2,0.984355,0.981983,0.973342,0.980513,0.991861,23.932884,23.932884,0.946493,0.982944,0.988301,0.991015,42.743414,65.095182,62.672360,0.998694,100.000000,
3,0.979221,0.969230,0.961072,0.982740,0.988299,21.735119,35.538799,0.937616,0.985119,0.991211,0.994714,46.624193,68.841438,67.098034,0.999088,100.000000,
4,0.754978,0.819380,0.740083,0.691504,0.773309,21.735119,21.735119,0.480741,0.679700,0.725432,0.754339,23.585187,42.350523,41.351099,0.922845,44.823205,
5,0.512402,0.701057,0.567284,0.445921,0.475193,26.486784,47.016842,0.141078,0.230930,0.256777,0.278318,14.181672,30.109356,27.926363,0.587223,11.934898,
6,0.515099,0.798699,0.655672,0.466255,0.400154,26.486784,26.486784,0.183540,0.296506,0.331295,0.365505,16.769393,31.971190,30.705707,0.686614,9.153200,
