Frame,integer_adm2,integer_adm_scale0,integer_adm_scale1,integer_adm_scale2,integer_adm_scale3,integer_motion2,integer_motion,integer_vif_scale0,integer_vif_scale1,integer_vif_scale2,integer_vif_scale3,psnr_y,psnr_cb,psnr_cr,float_ssim,vmaf,
0,0.447048,0.671368,0.434219,0.349014,0.440248,0.000000,0.000000,0.225024,0.320566,0.347376,0.371549,18.231501,35.741589,33.134058,0.766499,0.000000,
1,0.633099,0.692359,0.552380,0.827678,0.533073,21.994516,21.994516,0.220248,0.366701,0.416416,0.433142,15.959386,36.658031,34.415215,0.765416,16.835389,
2,0.685617,0.763342,0.663662,0.719402,0.648647,23.932884,23.932884,0.379445,0.493745,0.509784,0.511840,21.301762,44.576824,44.025515,0.882337,24.271255,
3,0.984419,0.976346,0.974137,0.986055,0.990659,21.735119,35.538799,0.950962,0.989103,0.992550,0.995284,45.987073,69.947015,66.591394,0.999088,100.000000,
4,0.980084,0.982112,0.979185,0.981777,0.978863,21.735119,21.735119,0.929605,0.975093,0.981761,0.986449,41.577898,66.530365,63.923570,0.998333,100.000000,
5,0.987782,0.977475,0.981465,0.988164,0.993353,26.486784,47.016842,0.938941,0.986513,0.991393,0.993826,43.982016,67.325096,65.971318,0.998636,100.000000,
6,0.986436,0.981348,0.982182,0.983034,0.991785,26.486784,26.486784,0.937382,0.985845,0.990993,0.993679,44.553385,65.237447,62.791008,0.998753,100.000000,
