Frame,integer_adm2,integer_adm_scale0,integer_adm_scale1,integer_adm_scale2,integer_adm_scale3,integer_motion2,integer_motion,integer_vif_scale0,integer_vif_scale1,integer_vif_scale2,integer_vif_scale3,psnr_y,psnr_cb,psnr_cr,float_ssim,vmaf,
0,0.919223,0.846352,0.851546,0.910187,0.973612,0.000000,0.000000,0.478717,0.783070,0.835847,0.862259,26.977864,48.238194,46.642638,0.941364,63.714520,
1,0.990393,0.987292,0.979313,0.990749,0.994938,21.994516,21.994516,0.934168,0.980035,0.987240,0.991656,42.149602,60.405856,57.902792,0.997848,100.000000,
2,0.981205,0.979326,0.970047,0.977087,0.988779,23.932884,23.932884,0.941977,0.978933,0.985586,0.989645,41.658299,63.469321,61.417244,0.998173,100.000000,
3,0.899081,0.831713,0.832164,0.894397,0.954790,21.735119,35.538799,0.625834,0.857348,0.878821,0.881629,27.518246,48.701179,47.959846,0.963187,84.946947,
4,0.972398,0.975903,0.968297,0.978292,0.969629,21.735119,21.735119,0.917463,0.967410,0.976084,0.981572,40.875533,64.023577,61.198871,0.997888,100.000000,
5,0.833146,0.810367,0.835807,0.816726,0.850490,26.486784,47.016842,0.396399,0.621874,0.664385,0.689167,19.346023,43.708457,42.061228,0.860291,58.391497,
6,0.985164,0.984092,0.979397,0.977994,0.992111,26.486784,26.486784,0.947976,0.984314,0.989522,0.993418,44.662844,65.200546,63.068912,0.998994,100.000000,
