Frame,integer_adm2,integer_adm_scale0,integer_adm_scale1,integer_adm_scale2,integer_adm_scale3,integer_motion2,integer_motion,integer_vif_scale0,integer_vif_scale1,integer_vif_scale2,integer_vif_scale3,psnr_y,psnr_cb,psnr_cr,float_ssim,vmaf,
0,0.996636,0.986425,0.988881,0.996324,1.003019,0.000000,0.000000,0.944211,0.987824,0.992086,0.994667,42.708564,62.787721,60.653580,0.998598,95.828977,
1,0.992347,0.982757,0.988181,0.992838,0.996257,21.994516,21.994516,0.946918,0.990951,0.995119,0.996701,44.811904,65.840805,63.422647,0.999179,100.000000,
2,0.750522,0.809143,0.728448,0.667587,0.791052,23.932884,23.932884,0.324870,0.532216,0.574694,0.582245,17.891753,32.331815,30.604412,0.777319,36.809207,
3,0.635808,0.816603,0.674335,0.548624,0.609828,21.735119,35.538799,0.269559,0.424322,0.485482,0.538768,19.591026,31.694462,29.725851,0.798561,18.032254,
4,0.553049,0.795580,0.635202,0.445255,0.503515,21.735119,21.735119,0.188094,0.337796,0.398505,0.445129,18.683682,32.313049,30.606560,0.794747,8.369454,
5,0.961282,0.972963,0.953034,0.960567,0.961350,26.486784,47.016842,0.907471,0.954894,0.964790,0.970642,38.479206,57.143476,54.577270,0.994426,100.000000,
6,0.783670,0.826056,0.770647,0.764107,0.787018,26.486784,26.486784,0.421246,0.649231,0.686561,0.702895,21.794074,40.529167,39.669594,0.900386,50.592000,
