Frame,integer_adm2,integer_adm_scale0,integer_adm_scale1,integer_adm_scale2,integer_adm_scale3,integer_motion2,integer_motion,integer_vif_scale0,integer_vif_scale1,integer_vif_scale2,integer_vif_scale3,psnr_y,psnr_cb,psnr_cr,float_ssim,vmaf,
0,0.696005,0.766794,0.648344,0.680673,0.701847,0.000000,0.000000,0.274626,0.427858,0.464591,0.498554,17.080723,33.545020,30.746973,0.739649,6.440259,
1,0.687535,0.864820,0.670571,0.651633,0.663348,21.994516,21.994516,0.260170,0.421837,0.466558,0.493302,17.562766,34.833658,32.035972,0.764004,24.097147,
2,0.986385,0.985448,0.976730,0.982057,0.993182,23.932884,23.932884,0.949172,0.982979,0.988301,0.991629,43.064447,65.556666,63.474289,0.998682,100.000000,
3,0.973968,0.962435,0.952044,0.979027,0.984227,21.735119,35.538799,0.918995,0.978539,0.986863,0.991588,44.964117,67.640182,66.305544,0.998531,100.000000,
4,0.744889,0.817893,0.725351,0.690847,0.757152,21.735119,21.735119,0.476637,0.669466,0.711956,0.738273,23.376404,41.507196,40.232271,0.921282,41.913286,
5,0.476216,0.700824,0.562349,0.427451,0.402956,26.486784,47.016842,0.112797,0.178108,0.195177,0.219302,12.953176,28.593611,27.706580,0.584769,12.206949,
6,0.522983,0.773942,0.574262,0.486541,0.445052,26.486784,26.486784,0.125494,0.222209,0.232986,0.223967,10.448889,29.627232,26.783461,0.543524,13.582423,
