Frame,integer_adm2,integer_adm_scale0,integer_adm_scale1,integer_adm_scale2,integer_adm_scale3,integer_motion2,integer_motion,integer_vif_scale0,integer_vif_scale1,integer_vif_scale2,integer_vif_scale3,psnr_y,psnr_cb,psnr_cr,float_ssim,vmaf,
0,0.883445,0.846634,0.848375,0.900691,0.898487,0.000000,0.000000,0.446866,0.702844,0.745752,0.769307,21.763070,42.961223,41.752707,0.900818,48.231291,
1,0.999567,0.998967,0.998818,1.000411,0.999517,21.994516,21.994516,0.981414,0.996648,0.998121,0.998537,47.067689,72.000000,72.000000,0.999857,100.000000,
2,0.644240,0.789107,0.678787,0.552484,0.639713,23.932884,23.932884,0.274916,0.442623,0.484153,0.505357,16.320890,32.889224,30.650485,0.717780,19.538973,
3,0.548453,0.786593,0.566502,0.446029,0.520237,21.735119,35.538799,0.257451,0.418461,0.478882,0.528031,18.692802,31.933541,29.420827,0.790819,6.559458,
4,0.477852,0.797898,0.542502,0.376920,0.406248,21.735119,21.735119,0.159181,0.294933,0.348259,0.382985,15.842348,31.626569,29.503537,0.737946,1.706140,
5,0.463665,0.696679,0.538863,0.375470,0.418855,26.486784,47.016842,0.145367,0.236049,0.264838,0.277104,13.609733,29.825568,27.575146,0.586421,7.274699,
6,0.465041,0.790135,0.608160,0.409010,0.340191,26.486784,26.486784,0.180996,0.292946,0.328141,0.353447,16.744534,29.050133,26.872915,0.667555,4.437166,
