Frame,integer_adm2,integer_adm_scale0,integer_adm_scale1,integer_adm_scale2,integer_adm_scale3,integer_motion2,integer_motion,integer_vif_scale0,integer_vif_scale1,integer_vif_scale2,integer_vif_scale3,psnr_y,psnr_cb,psnr_cr,float_ssim,vmaf,
0,0.898543,0.847967,0.851445,0.909132,0.926462,0.000000,0.000000,0.459257,0.728508,0.773819,0.799001,22.392391,47.889455,45.869222,0.912406,53.636492,
1,0.986797,0.985160,0.973792,0.985959,0.992278,21.994516,21.994516,0.931403,0.978845,0.986866,0.991278,42.430861,60.506850,57.720124,0.997987,100.000000,
2,0.804016,0.810567,0.763098,0.803924,0.818285,23.932884,23.932884,0.445829,0.624270,0.648202,0.654849,19.733695,47.863466,46.731966,0.866138,49.027328,
3,0.984126,0.975926,0.973270,0.985942,0.990541,21.735119,35.538799,0.950785,0.989080,0.992564,0.995306,45.996040,70.048546,66.838200,0.999093,100.000000,
4,0.979946,0.982061,0.978944,0.981504,0.978806,21.735119,21.735119,0.928874,0.974722,0.981631,0.985966,41.461286,66.052131,63.332019,0.998316,100.000000,
5,0.985945,0.975862,0.978716,0.985871,0.992118,26.486784,47.016842,0.933499,0.984337,0.989910,0.993023,43.192493,65.718399,64.010315,0.998324,100.000000,
6,0.986045,0.980482,0.981524,0.982155,0.991946,26.486784,26.486784,0.938675,0.986135,0.991225,0.993890,44.729825,65.270539,62.792652,0.998780,100.000000,
