Frame,integer_adm2,integer_adm_scale0,integer_adm_scale1,integer_adm_scale2,integer_adm_scale3,integer_motion2,integer_motion,integer_vif_scale0,integer_vif_scale1,integer_vif_scale2,integer_vif_scale3,psnr_y,psnr_cb,psnr_cr,float_ssim,vmaf,
0,0.904661,0.837797,0.847032,0.908329,0.945804,0.000000,0.000000,0.468090,0.765456,0.814370,0.844803,25.032963,43.589902,41.813937,0.917261,58.945923,
1,0.974189,0.964057,0.956854,0.973122,0.983735,21.994516,21.994516,0.847208,0.944251,0.960398,0.969774,37.522452,56.140961,53.518802,0.992223,100.000000,
2,0.988742,0.987523,0.980148,0.987487,0.993332,23.932884,23.932884,0.952347,0.986998,0.991061,0.993105,43.845773,65.260609,61.950629,0.999098,100.000000,
3,0.752146,0.790989,0.718786,0.733944,0.763939,21.735119,35.538799,0.446868,0.650339,0.701075,0.732073,25.771550,40.906420,38.370979,0.924113,42.815581,
4,0.663885,0.790159,0.640965,0.570779,0.681026,21.735119,21.735119,0.295156,0.469581,0.522433,0.551120,20.056331,35.099371,34.480833,0.841556,21.302377,
5,0.485971,0.704331,0.516550,0.378808,0.476628,26.486784,47.016842,0.140621,0.231451,0.258213,0.275883,14.177123,30.257881,28.190335,0.588237,9.512044,
6,0.480477,0.791449,0.596273,0.472734,0.340992,26.486784,26.486784,0.179074,0.296391,0.335624,0.368734,16.791864,32.112673,30.867252,0.677296,5.806429,
