Frame,integer_adm2,integer_adm_scale0,integer_adm_scale1,integer_adm_scale2,integer_adm_scale3,integer_motion2,integer_motion,integer_vif_scale0,integer_vif_scale1,integer_vif_scale2,integer_vif_scale3,psnr_y,psnr_cb,psnr_cr,float_ssim,vmaf,
0,0.419843,0.679095,0.458663,0.330154,0.377074,0.000000,0.000000,0.198858,0.290591,0.316189,0.341314,17.412669,35.207178,32.797319,0.753374,0.000000,
1,0.634689,0.680876,0.558862,0.769419,0.570907,21.994516,21.994516,0.193549,0.331840,0.376692,0.400558,15.564569,36.098672,33.793248,0.751400,17.737215,
2,0.624704,0.757525,0.631035,0.657915,0.559006,23.932884,23.932884,0.300629,0.400108,0.399313,0.381060,17.074068,36.355707,32.559620,0.806176,15.021611,
3,0.857066,0.841539,0.828653,0.858751,0.873671,21.735119,35.538799,0.556237,0.763654,0.783901,0.780055,23.805364,43.144448,42.737212,0.918722,66.524709,
4,0.968631,0.977097,0.963065,0.980575,0.961610,21.735119,21.735119,0.914520,0.959551,0.969965,0.976925,39.592553,60.921813,58.292396,0.997279,100.000000,
5,0.834625,0.814228,0.840591,0.812859,0.853507,26.486784,47.016842,0.396272,0.619280,0.660587,0.684499,19.295528,43.588715,41.990646,0.858670,58.354282,
6,0.982376,0.979201,0.975962,0.977313,0.988953,26.486784,26.486784,0.936614,0.979501,0.986099,0.990013,43.789524,63.150289,61.506724,0.998528,100.000000,
