Frame,integer_adm2,integer_adm_scale0,integer_adm_scale1,integer_adm_scale2,integer_adm_scale3,integer_motion2,integer_motion,integer_vif_scale0,integer_vif_scale1,integer_vif_scale2,integer_vif_scale3,psnr_y,psnr_cb,psnr_cr,float_ssim,vmaf,
0,0.391177,0.663504,0.432342,0.292529,0.348699,0.000000,0.000000,0.119159,0.209172,0.235379,0.234842,15.403723,29.178658,26.635249,0.620191,0.000000,
1,0.618793,0.682398,0.537949,0.735369,0.562164,21.994516,21.994516,0.140919,0.262962,0.291395,0.290558,14.467574,33.654168,31.345544,0.594463,17.622660,
2,0.403219,0.727115,0.515359,0.354225,0.283804,23.932884,23.932884,0.101670,0.181064,0.191591,0.167449,11.202828,26.005723,23.619619,0.629642,5.144909,
3,0.523248,0.780421,0.607297,0.500366,0.409451,21.735119,35.538799,0.119083,0.250213,0.297740,0.318269,12.708779,33.298408,27.969152,0.644667,8.184521,
4,0.451361,0.802632,0.568136,0.345002,0.354118,21.735119,21.735119,0.098816,0.232712,0.283834,0.292632,13.342905,33.631447,28.429769,0.642779,2.628583,
5,0.811371,0.804374,0.828951,0.794736,0.817830,26.486784,47.016842,0.388476,0.600716,0.638330,0.659817,19.232923,42.767888,41.689015,0.855111,52.742011,
6,0.992225,0.994592,0.990800,0.987741,0.994759,26.486784,26.486784,0.966950,0.988870,0.992149,0.994906,44.560124,68.589556,63.923747,0.999269,100.000000,
