Frame,integer_adm2,integer_adm_scale0,integer_adm_scale1,integer_adm_scale2,integer_adm_scale3,integer_motion2,integer_motion,integer_vif_scale0,integer_vif_scale1,integer_vif_scale2,integer_vif_scale3,psnr_y,psnr_cb,psnr_cr,float_ssim,vmaf,
0,0.997808,0.994715,0.993478,0.995419,1.001865,0.000000,0.000000,0.953008,0.985350,0.990318,0.993641,42.651260,64.804050,61.209328,0.998278,95.913888,
1,0.890346,0.816820,0.812954,0.893424,0.936564,21.994516,21.994516,0.451900,0.737631,0.795533,0.833470,24.980908,42.671207,40.138020,0.923970,76.948238,
2,0.985174,0.983001,0.974753,0.982151,0.991881,23.932884,23.932884,0.948558,0.983050,0.988391,0.991038,42.837764,66.051551,63.941030,0.998742,100.000000,
3,0.979234,0.968864,0.961203,0.983243,0.988085,21.735119,35.538799,0.940132,0.985803,0.991624,0.995034,46.674552,68.951520,67.810867,0.999119,100.000000,
4,0.768292,0.822464,0.741710,0.704337,0.794296,21.735119,21.735119,0.485643,0.696693,0.747071,0.779531,23.878979,42.835935,42.083203,0.924680,49.079021,
5,0.836137,0.810761,0.835468,0.813715,0.859720,26.486784,47.016842,0.392889,0.613526,0.653966,0.677290,19.226128,43.799700,42.257484,0.857168,58.161801,
6,0.987192,0.984775,0.980700,0.984460,0.992127,26.486784,26.486784,0.953365,0.986677,0.991380,0.994371,45.044307,64.262960,62.407965,0.999207,100.000000,
