Frame,integer_adm2,integer_adm_scale0,integer_adm_scale1,integer_adm_scale2,integer_adm_scale3,integer_motion2,integer_motion,integer_vif_scale0,integer_vif_scale1,integer_vif_scale2,integer_vif_scale3,psnr_y,psnr_cb,psnr_cr,float_ssim,vmaf,
0,0.997002,0.985751,0.988663,0.996696,1.003933,0.000000,0.000000,0.935060,0.985362,0.990937,0.993842,41.988577,65.435609,63.716116,0.998072,95.777201,
1,0.992008,0.983530,0.987338,0.992002,0.996061,21.994516,21.994516,0.935469,0.985415,0.991009,0.993516,42.570166,62.366893,59.767849,0.998295,100.000000,
2,0.979781,0.975225,0.965362,0.976326,0.989117,23.932884,23.932884,0.936736,0.978394,0.985263,0.989549,41.579324,63.299400,61.189765,0.998141,100.000000,
3,0.898277,0.831007,0.830991,0.894287,0.953665,21.735119,35.538799,0.627295,0.858657,0.880193,0.883853,27.597337,48.749566,47.996963,0.963884,84.997180,
4,0.972433,0.975659,0.968142,0.978309,0.969830,21.735119,21.735119,0.916395,0.967191,0.976046,0.981788,40.938757,63.174614,60.512521,0.997886,100.000000,
5,0.828695,0.809314,0.830332,0.813256,0.844701,26.486784,47.016842,0.394995,0.620004,0.662418,0.686877,19.336690,43.688086,42.024917,0.859814,57.453031,
6,0.982528,0.981484,0.975912,0.976214,0.989263,26.486784,26.486784,0.942440,0.982043,0.988061,0.992095,44.361052,63.670417,61.691199,0.998838,100.000000,
