Frame,integer_adm2,integer_adm_scale0,integer_adm_scale1,integer_adm_scale2,integer_adm_scale3,integer_motion2,integer_motion,integer_vif_scale0,integer_vif_scale1,integer_vif_scale2,integer_vif_scale3,psnr_y,psnr_cb,psnr_cr,float_ssim,vmaf,
0,0.882541,0.847877,0.851439,0.904335,0.892696,0.000000,0.000000,0.461361,0.721131,0.763862,0.788183,21.747866,44.018289,40.404873,0.905805,49.536326,
1,0.990505,0.989080,0.981507,0.989828,0.994435,21.994516,21.994516,0.946903,0.984927,0.990846,0.993868,43.817982,62.141961,59.574958,0.998715,100.000000,
2,0.808094,0.810437,0.761355,0.809692,0.825012,23.932884,23.932884,0.462051,0.641335,0.670529,0.684196,19.944969,47.516899,46.467358,0.871541,51.571197,
3,0.985429,0.979872,0.973126,0.985458,0.992646,21.735119,35.538799,0.966260,0.991369,0.994773,0.996971,48.779481,66.712706,64.371198,0.999546,100.000000,
4,0.726776,0.825096,0.722035,0.666512,0.728996,21.735119,21.735119,0.464439,0.654706,0.697135,0.725526,23.430012,41.599835,40.516973,0.914534,37.896835,
5,0.984237,0.983611,0.978700,0.982363,0.987932,26.486784,47.016842,0.949501,0.981968,0.987418,0.990893,42.867295,64.218962,61.766397,0.998314,100.000000,
6,0.789363,0.829255,0.778151,0.789586,0.780686,26.486784,26.486784,0.431406,0.669849,0.709650,0.728806,22.533562,41.251329,40.260489,0.901765,53.328124,
